{
	"credit": "Made with Blockbench",
	"textures": {
		"0": "block/cracked_deepslate_tiles",
		"1": "block/stonecutter_bottom",
		"2": "block/chiseled_deepslate",
		"4": "block/reinforced_deepslate_side",
		"5": "custom/black_flag",
		"particle": "block/cracked_deepslate_tiles"
	},
	"elements": [
		{
			"from": [13, 0, -4],
			"to": [19, 5, 2],
			"faces": {
				"north": {"uv": [1, 3, 7, 8], "texture": "#1"},
				"east": {"uv": [1, 3, 7, 8], "texture": "#1"},
				"south": {"uv": [1, 3, 7, 8], "texture": "#1"},
				"west": {"uv": [1, 3, 7, 8], "texture": "#1"},
				"up": {"uv": [1, 3, 7, 9], "texture": "#1"},
				"down": {"uv": [1, 3, 7, 9], "texture": "#1"}
			}
		},
		{
			"from": [0, 0, -3],
			"to": [13, 4, 2],
			"faces": {
				"north": {"uv": [1, 3, 14, 7], "texture": "#1"},
				"east": {"uv": [1, 3, 6, 7], "texture": "#1"},
				"south": {"uv": [1, 3, 14, 7], "texture": "#1"},
				"west": {"uv": [1, 3, 6, 7], "texture": "#1"},
				"up": {"uv": [1, 3, 14, 8], "texture": "#1"},
				"down": {"uv": [1, 3, 14, 8], "texture": "#1"}
			}
		},
		{
			"from": [13, 0, 2],
			"to": [18, 4, 10],
			"faces": {
				"north": {"uv": [1, 3, 6, 7], "texture": "#1"},
				"east": {"uv": [1, 3, 9, 7], "texture": "#1"},
				"south": {"uv": [1, 3, 6, 7], "texture": "#1"},
				"west": {"uv": [1, 3, 9, 7], "texture": "#1"},
				"up": {"uv": [1, 3, 6, 11], "texture": "#1"},
				"down": {"uv": [1, 3, 6, 11], "texture": "#1"}
			}
		},
		{
			"from": [-5, 0, 2],
			"to": [0, 4, 10],
			"faces": {
				"north": {"uv": [1, 3, 6, 7], "texture": "#1"},
				"east": {"uv": [1, 3, 9, 7], "texture": "#1"},
				"south": {"uv": [1, 3, 6, 7], "texture": "#1"},
				"west": {"uv": [1, 3, 9, 7], "texture": "#1"},
				"up": {"uv": [1, 3, 6, 11], "texture": "#1"},
				"down": {"uv": [1, 3, 6, 11], "texture": "#1"}
			}
		},
		{
			"from": [13, 5, -3],
			"to": [18, 14, 2],
			"faces": {
				"north": {"uv": [9, 5, 14, 14], "texture": "#0"},
				"east": {"uv": [9, 5, 14, 14], "texture": "#0"},
				"south": {"uv": [9, 5, 14, 14], "texture": "#0"},
				"west": {"uv": [9, 5, 14, 14], "texture": "#0"},
				"up": {"uv": [9, 5, 14, 10], "texture": "#0"},
				"down": {"uv": [9, 5, 14, 10], "texture": "#0"}
			}
		},
		{
			"from": [-6, 14, -4],
			"to": [19, 19, 16],
			"faces": {
				"north": {"uv": [0, 0, 16, 5], "texture": "#0"},
				"east": {"uv": [0, 0, 16, 5], "texture": "#0"},
				"south": {"uv": [0, 0, 16, 5], "texture": "#0"},
				"west": {"uv": [0, 0, 16, 5], "texture": "#0"},
				"up": {"uv": [0, 0, 16, 16], "texture": "#0"},
				"down": {"uv": [0, 0, 16, 16], "rotation": 180, "texture": "#0"}
			}
		},
		{
			"from": [-5, 19, -3],
			"to": [18, 20, 15],
			"faces": {
				"north": {"uv": [0, 0, 16, 1], "texture": "#4"},
				"east": {"uv": [0, 0, 16, 1], "texture": "#4"},
				"south": {"uv": [0, 0, 16, 1], "texture": "#4"},
				"west": {"uv": [0, 0, 16, 1], "texture": "#4"},
				"up": {"uv": [0, 0, 16, 16], "texture": "#4"},
				"down": {"uv": [0, 0, 16, 16], "rotation": 180, "texture": "#4"}
			}
		},
		{
			"from": [14, 20, 11],
			"to": [18, 21, 15],
			"faces": {
				"north": {"uv": [12, 2, 16, 3], "texture": "#4"},
				"east": {"uv": [12, 2, 16, 3], "texture": "#4"},
				"south": {"uv": [12, 2, 16, 3], "texture": "#4"},
				"west": {"uv": [12, 2, 16, 3], "texture": "#4"},
				"up": {"uv": [13, 2, 16, 5], "texture": "#4"},
				"down": {"uv": [12, 2, 16, 6], "rotation": 180, "texture": "#4"}
			}
		},
		{
			"from": [14, 20, -3],
			"to": [18, 21, 1],
			"faces": {
				"north": {"uv": [12, 2, 16, 3], "texture": "#4"},
				"east": {"uv": [12, 2, 16, 3], "texture": "#4"},
				"south": {"uv": [12, 2, 16, 3], "texture": "#4"},
				"west": {"uv": [12, 2, 16, 3], "texture": "#4"},
				"up": {"uv": [13, 2, 16, 5], "texture": "#4"},
				"down": {"uv": [12, 2, 16, 6], "rotation": 180, "texture": "#4"}
			}
		},
		{
			"from": [-5, 20, -3],
			"to": [-1, 21, 1],
			"faces": {
				"north": {"uv": [12, 2, 16, 3], "texture": "#4"},
				"east": {"uv": [12, 2, 16, 3], "texture": "#4"},
				"south": {"uv": [12, 2, 16, 3], "texture": "#4"},
				"west": {"uv": [12, 2, 16, 3], "texture": "#4"},
				"up": {"uv": [13, 2, 16, 5], "texture": "#4"},
				"down": {"uv": [12, 2, 16, 6], "rotation": 180, "texture": "#4"}
			}
		},
		{
			"from": [-5, 20, 11],
			"to": [-1, 21, 15],
			"faces": {
				"north": {"uv": [12, 2, 16, 3], "texture": "#4"},
				"east": {"uv": [12, 2, 16, 3], "texture": "#4"},
				"south": {"uv": [12, 2, 16, 3], "texture": "#4"},
				"west": {"uv": [12, 2, 16, 3], "texture": "#4"},
				"up": {"uv": [13, 2, 16, 5], "texture": "#4"},
				"down": {"uv": [12, 2, 16, 6], "rotation": 180, "texture": "#4"}
			}
		},
		{
			"from": [-5, 5, -3],
			"to": [0, 14, 2],
			"faces": {
				"north": {"uv": [9, 5, 14, 14], "texture": "#0"},
				"east": {"uv": [9, 5, 14, 14], "texture": "#0"},
				"south": {"uv": [9, 5, 14, 14], "texture": "#0"},
				"west": {"uv": [9, 5, 14, 14], "texture": "#0"},
				"up": {"uv": [9, 5, 14, 10], "texture": "#0"},
				"down": {"uv": [9, 5, 14, 10], "texture": "#0"}
			}
		},
		{
			"from": [-6, 0, -4],
			"to": [0, 5, 2],
			"faces": {
				"north": {"uv": [1, 3, 7, 8], "texture": "#1"},
				"east": {"uv": [1, 3, 7, 8], "texture": "#1"},
				"south": {"uv": [1, 3, 7, 8], "texture": "#1"},
				"west": {"uv": [1, 3, 7, 8], "texture": "#1"},
				"up": {"uv": [1, 3, 7, 9], "texture": "#1"},
				"down": {"uv": [1, 3, 7, 9], "texture": "#1"}
			}
		},
		{
			"from": [13, 0, 10],
			"to": [19, 5, 16],
			"faces": {
				"north": {"uv": [1, 3, 7, 8], "texture": "#1"},
				"east": {"uv": [1, 3, 7, 8], "texture": "#1"},
				"south": {"uv": [1, 3, 7, 8], "texture": "#1"},
				"west": {"uv": [1, 3, 7, 8], "texture": "#1"},
				"up": {"uv": [1, 3, 7, 9], "texture": "#1"},
				"down": {"uv": [1, 3, 7, 9], "texture": "#1"}
			}
		},
		{
			"from": [0, 0, 10],
			"to": [13, 4, 16],
			"faces": {
				"north": {"uv": [1, 3, 14, 7], "texture": "#1"},
				"east": {"uv": [1, 3, 7, 7], "texture": "#1"},
				"south": {"uv": [1, 3, 14, 7], "texture": "#1"},
				"west": {"uv": [1, 3, 7, 7], "texture": "#1"},
				"up": {"uv": [1, 3, 14, 9], "texture": "#1"},
				"down": {"uv": [1, 3, 14, 9], "texture": "#1"}
			}
		},
		{
			"from": [0, 0, 2],
			"to": [13, 4, 10],
			"faces": {
				"north": {"uv": [2, 4, 15, 8], "texture": "#1"},
				"east": {"uv": [2, 4, 10, 8], "texture": "#1"},
				"south": {"uv": [2, 4, 15, 8], "texture": "#1"},
				"west": {"uv": [2, 4, 10, 8], "texture": "#1"},
				"up": {"uv": [2, 4, 15, 12], "texture": "#1"},
				"down": {"uv": [2, 4, 15, 12], "texture": "#1"}
			}
		},
		{
			"from": [-6, 0, 10],
			"to": [0, 5, 16],
			"faces": {
				"north": {"uv": [1, 3, 7, 8], "texture": "#1"},
				"east": {"uv": [1, 3, 7, 8], "texture": "#1"},
				"south": {"uv": [1, 3, 7, 8], "texture": "#1"},
				"west": {"uv": [1, 3, 7, 8], "texture": "#1"},
				"up": {"uv": [1, 3, 7, 9], "texture": "#1"},
				"down": {"uv": [1, 3, 7, 9], "texture": "#1"}
			}
		},
		{
			"from": [-5, 5, 10],
			"to": [0, 14, 15],
			"faces": {
				"north": {"uv": [9, 5, 14, 14], "texture": "#0"},
				"east": {"uv": [9, 5, 14, 14], "texture": "#0"},
				"south": {"uv": [9, 5, 14, 14], "texture": "#0"},
				"west": {"uv": [9, 5, 14, 14], "texture": "#0"},
				"up": {"uv": [9, 5, 14, 10], "texture": "#0"},
				"down": {"uv": [9, 5, 14, 10], "texture": "#0"}
			}
		},
		{
			"from": [13, 5, 10],
			"to": [18, 14, 15],
			"faces": {
				"north": {"uv": [9, 5, 14, 14], "texture": "#0"},
				"east": {"uv": [9, 5, 14, 14], "texture": "#0"},
				"south": {"uv": [9, 5, 14, 14], "texture": "#0"},
				"west": {"uv": [9, 5, 14, 14], "texture": "#0"},
				"up": {"uv": [9, 5, 14, 10], "texture": "#0"},
				"down": {"uv": [9, 5, 14, 10], "texture": "#0"}
			}
		},
		{
			"from": [0, 4, 12],
			"to": [13, 14, 14],
			"faces": {
				"north": {"uv": [2, 7, 14, 16], "texture": "#4"},
				"east": {"uv": [2, 7, 3, 16], "texture": "#4"},
				"south": {"uv": [2, 7, 14, 16], "texture": "#4"},
				"west": {"uv": [2, 7, 3, 16], "texture": "#4"},
				"up": {"uv": [2, 9, 14, 10], "texture": "#4"},
				"down": {"uv": [2, 9, 14, 10], "texture": "#4"}
			}
		},
		{
			"from": [0, 4, -2],
			"to": [13, 14, 0],
			"faces": {
				"north": {"uv": [2, 7, 14, 16], "texture": "#4"},
				"east": {"uv": [2, 7, 3, 16], "texture": "#4"},
				"south": {"uv": [2, 7, 14, 16], "texture": "#4"},
				"west": {"uv": [2, 7, 3, 16], "texture": "#4"},
				"up": {"uv": [2, 9, 14, 10], "texture": "#4"},
				"down": {"uv": [2, 9, 14, 10], "texture": "#4"}
			}
		},
		{
			"from": [15, 4, 2],
			"to": [17, 14, 10],
			"faces": {
				"north": {"uv": [4, 6, 5, 16], "texture": "#2"},
				"east": {"uv": [4, 6, 12, 16], "texture": "#2"},
				"south": {"uv": [4, 6, 5, 16], "texture": "#2"},
				"west": {"uv": [4, 6, 12, 16], "texture": "#2"},
				"up": {"uv": [3, 6, 5, 14], "texture": "#2"},
				"down": {"uv": [4, 6, 5, 14], "texture": "#2"}
			}
		},
		{
			"from": [-4, 4, 2],
			"to": [-2, 14, 10],
			"faces": {
				"north": {"uv": [4, 6, 5, 16], "texture": "#2"},
				"east": {"uv": [4, 6, 12, 16], "texture": "#2"},
				"south": {"uv": [4, 6, 5, 16], "texture": "#2"},
				"west": {"uv": [4, 6, 12, 16], "texture": "#2"},
				"up": {"uv": [3, 6, 5, 14], "texture": "#2"},
				"down": {"uv": [4, 6, 5, 14], "texture": "#2"}
			}
		},
		{
			"from": [8, 6, -3.5],
			"to": [9, 7, -1.5],
			"faces": {
				"north": {"uv": [1.525, 6.275, 1.975, 6.725], "texture": "#5"},
				"east": {"uv": [1.525, 6.275, 1.975, 6.725], "texture": "#5"},
				"south": {"uv": [1.525, 6.275, 1.975, 6.725], "texture": "#5"},
				"west": {"uv": [1.525, 6.275, 1.975, 6.725], "texture": "#5"},
				"up": {"uv": [1.525, 6.275, 1.975, 6.725], "texture": "#5"},
				"down": {"uv": [1.525, 6.275, 1.975, 6.725], "texture": "#5"}
			}
		},
		{
			"from": [6, 6, -3.5],
			"to": [7, 7, -1.5],
			"faces": {
				"north": {"uv": [2.525, 6.275, 2.975, 6.725], "texture": "#5"},
				"east": {"uv": [2.525, 6.275, 2.975, 6.725], "texture": "#5"},
				"south": {"uv": [2.525, 6.275, 2.975, 6.725], "texture": "#5"},
				"west": {"uv": [2.525, 6.275, 2.975, 6.725], "texture": "#5"},
				"up": {"uv": [2.525, 6.275, 2.975, 6.725], "texture": "#5"},
				"down": {"uv": [2.525, 6.275, 2.975, 6.725], "texture": "#5"}
			}
		},
		{
			"from": [4, 6, -3.5],
			"to": [5, 7, -1.5],
			"faces": {
				"north": {"uv": [3.525, 6.275, 3.975, 6.725], "texture": "#5"},
				"east": {"uv": [3.525, 6.275, 3.975, 6.725], "texture": "#5"},
				"south": {"uv": [3.525, 6.275, 3.975, 6.725], "texture": "#5"},
				"west": {"uv": [3.525, 6.275, 3.975, 6.725], "texture": "#5"},
				"up": {"uv": [3.525, 6.275, 3.975, 6.725], "texture": "#5"},
				"down": {"uv": [3.525, 6.275, 3.975, 6.725], "texture": "#5"}
			}
		},
		{
			"from": [4, 7, -3.5],
			"to": [5, 8, -1.5],
			"faces": {
				"north": {"uv": [3.525, 5.775, 3.975, 6.225], "texture": "#5"},
				"east": {"uv": [3.525, 5.775, 3.975, 6.225], "texture": "#5"},
				"south": {"uv": [3.525, 5.775, 3.975, 6.225], "texture": "#5"},
				"west": {"uv": [3.525, 5.775, 3.975, 6.225], "texture": "#5"},
				"up": {"uv": [3.525, 5.775, 3.975, 6.225], "texture": "#5"},
				"down": {"uv": [3.525, 5.775, 3.975, 6.225], "texture": "#5"}
			}
		},
		{
			"from": [5, 7, -3.5],
			"to": [6, 8, -1.5],
			"faces": {
				"north": {"uv": [3.025, 5.775, 3.475, 6.225], "texture": "#5"},
				"east": {"uv": [3.025, 5.775, 3.475, 6.225], "texture": "#5"},
				"south": {"uv": [3.025, 5.775, 3.475, 6.225], "texture": "#5"},
				"west": {"uv": [3.025, 5.775, 3.475, 6.225], "texture": "#5"},
				"up": {"uv": [3.025, 5.775, 3.475, 6.225], "texture": "#5"},
				"down": {"uv": [3.025, 5.775, 3.475, 6.225], "texture": "#5"}
			}
		},
		{
			"from": [6, 7, -3.5],
			"to": [7, 8, -1.5],
			"faces": {
				"north": {"uv": [2.525, 5.775, 2.975, 6.225], "texture": "#5"},
				"east": {"uv": [2.525, 5.775, 2.975, 6.225], "texture": "#5"},
				"south": {"uv": [2.525, 5.775, 2.975, 6.225], "texture": "#5"},
				"west": {"uv": [2.525, 5.775, 2.975, 6.225], "texture": "#5"},
				"up": {"uv": [2.525, 5.775, 2.975, 6.225], "texture": "#5"},
				"down": {"uv": [2.525, 5.775, 2.975, 6.225], "texture": "#5"}
			}
		},
		{
			"from": [7, 7, -3.5],
			"to": [8, 8, -1.5],
			"faces": {
				"north": {"uv": [2.025, 5.775, 2.475, 6.225], "texture": "#5"},
				"east": {"uv": [2.025, 5.775, 2.475, 6.225], "texture": "#5"},
				"south": {"uv": [2.025, 5.775, 2.475, 6.225], "texture": "#5"},
				"west": {"uv": [2.025, 5.775, 2.475, 6.225], "texture": "#5"},
				"up": {"uv": [2.025, 5.775, 2.475, 6.225], "texture": "#5"},
				"down": {"uv": [2.025, 5.775, 2.475, 6.225], "texture": "#5"}
			}
		},
		{
			"from": [8, 7, -3.5],
			"to": [9, 8, -1.5],
			"faces": {
				"north": {"uv": [1.525, 5.775, 1.975, 6.225], "texture": "#5"},
				"east": {"uv": [1.525, 5.775, 1.975, 6.225], "texture": "#5"},
				"south": {"uv": [1.525, 5.775, 1.975, 6.225], "texture": "#5"},
				"west": {"uv": [1.525, 5.775, 1.975, 6.225], "texture": "#5"},
				"up": {"uv": [1.525, 5.775, 1.975, 6.225], "texture": "#5"},
				"down": {"uv": [1.525, 5.775, 1.975, 6.225], "texture": "#5"}
			}
		},
		{
			"from": [8, 8, -3.5],
			"to": [9, 9, -1.5],
			"faces": {
				"north": {"uv": [1.525, 5.275, 1.975, 5.725], "texture": "#5"},
				"east": {"uv": [1.525, 5.275, 1.975, 5.725], "texture": "#5"},
				"south": {"uv": [1.525, 5.275, 1.975, 5.725], "texture": "#5"},
				"west": {"uv": [1.525, 5.275, 1.975, 5.725], "texture": "#5"},
				"up": {"uv": [1.525, 5.275, 1.975, 5.725], "texture": "#5"},
				"down": {"uv": [1.525, 5.275, 1.975, 5.725], "texture": "#5"}
			}
		},
		{
			"from": [9, 8, -3.5],
			"to": [10, 9, -1.5],
			"faces": {
				"north": {"uv": [1.025, 5.275, 1.475, 5.725], "texture": "#5"},
				"east": {"uv": [1.025, 5.275, 1.475, 5.725], "texture": "#5"},
				"south": {"uv": [1.025, 5.275, 1.475, 5.725], "texture": "#5"},
				"west": {"uv": [1.025, 5.275, 1.475, 5.725], "texture": "#5"},
				"up": {"uv": [1.025, 5.275, 1.475, 5.725], "texture": "#5"},
				"down": {"uv": [1.025, 5.275, 1.475, 5.725], "texture": "#5"}
			}
		},
		{
			"from": [7, 8, -3.5],
			"to": [8, 9, -1.5],
			"faces": {
				"north": {"uv": [2.025, 5.275, 2.475, 5.725], "texture": "#5"},
				"east": {"uv": [2.025, 5.275, 2.475, 5.725], "texture": "#5"},
				"south": {"uv": [2.025, 5.275, 2.475, 5.725], "texture": "#5"},
				"west": {"uv": [2.025, 5.275, 2.475, 5.725], "texture": "#5"},
				"up": {"uv": [2.025, 5.275, 2.475, 5.725], "texture": "#5"},
				"down": {"uv": [2.025, 5.275, 2.475, 5.725], "texture": "#5"}
			}
		},
		{
			"from": [5, 8, -3.5],
			"to": [6, 9, -1.5],
			"faces": {
				"north": {"uv": [3.025, 5.275, 3.475, 5.725], "texture": "#5"},
				"east": {"uv": [3.025, 5.275, 3.475, 5.725], "texture": "#5"},
				"south": {"uv": [3.025, 5.275, 3.475, 5.725], "texture": "#5"},
				"west": {"uv": [3.025, 5.275, 3.475, 5.725], "texture": "#5"},
				"up": {"uv": [3.025, 5.275, 3.475, 5.725], "texture": "#5"},
				"down": {"uv": [3.025, 5.275, 3.475, 5.725], "texture": "#5"}
			}
		},
		{
			"from": [5, 9, -3],
			"to": [6, 10, -2],
			"faces": {
				"north": {"uv": [3.025, 4.775, 3.475, 5.225], "texture": "#5"},
				"east": {"uv": [3.025, 4.775, 3.475, 5.225], "texture": "#5"},
				"south": {"uv": [3.025, 4.775, 3.475, 5.225], "texture": "#5"},
				"west": {"uv": [3.025, 4.775, 3.475, 5.225], "texture": "#5"},
				"up": {"uv": [3.025, 4.775, 3.475, 5.225], "texture": "#5"},
				"down": {"uv": [3.025, 4.775, 3.475, 5.225], "texture": "#5"}
			}
		},
		{
			"from": [5, 10, -3],
			"to": [6, 11, -2],
			"faces": {
				"north": {"uv": [3.025, 4.275, 3.475, 4.725], "texture": "#5"},
				"east": {"uv": [3.025, 4.275, 3.475, 4.725], "texture": "#5"},
				"south": {"uv": [3.025, 4.275, 3.475, 4.725], "texture": "#5"},
				"west": {"uv": [3.025, 4.275, 3.475, 4.725], "texture": "#5"},
				"up": {"uv": [3.025, 4.275, 3.475, 4.725], "texture": "#5"},
				"down": {"uv": [3.025, 4.275, 3.475, 4.725], "texture": "#5"}
			}
		},
		{
			"from": [4, 10, -3],
			"to": [5, 11, -2],
			"faces": {
				"north": {"uv": [3.525, 4.275, 3.975, 4.725], "texture": "#5"},
				"east": {"uv": [3.525, 4.275, 3.975, 4.725], "texture": "#5"},
				"south": {"uv": [3.525, 4.275, 3.975, 4.725], "texture": "#5"},
				"west": {"uv": [3.525, 4.275, 3.975, 4.725], "texture": "#5"},
				"up": {"uv": [3.525, 4.275, 3.975, 4.725], "texture": "#5"},
				"down": {"uv": [3.525, 4.275, 3.975, 4.725], "texture": "#5"}
			}
		},
		{
			"from": [4, 9, -3],
			"to": [5, 10, -2],
			"faces": {
				"north": {"uv": [3.525, 4.775, 3.975, 5.225], "texture": "#5"},
				"east": {"uv": [3.525, 4.775, 3.975, 5.225], "texture": "#5"},
				"south": {"uv": [3.525, 4.775, 3.975, 5.225], "texture": "#5"},
				"west": {"uv": [3.525, 4.775, 3.975, 5.225], "texture": "#5"},
				"up": {"uv": [3.525, 4.775, 3.975, 5.225], "texture": "#5"},
				"down": {"uv": [3.525, 4.775, 3.975, 5.225], "texture": "#5"}
			}
		},
		{
			"from": [8, 9, -3],
			"to": [9, 10, -2],
			"faces": {
				"north": {"uv": [1.525, 4.775, 1.975, 5.225], "texture": "#5"},
				"east": {"uv": [1.525, 4.775, 1.975, 5.225], "texture": "#5"},
				"south": {"uv": [1.525, 4.775, 1.975, 5.225], "texture": "#5"},
				"west": {"uv": [1.525, 4.775, 1.975, 5.225], "texture": "#5"},
				"up": {"uv": [1.525, 4.775, 1.975, 5.225], "texture": "#5"},
				"down": {"uv": [1.525, 4.775, 1.975, 5.225], "texture": "#5"}
			}
		},
		{
			"from": [7, 9, -3],
			"to": [8, 10, -2],
			"faces": {
				"north": {"uv": [2.025, 4.775, 2.475, 5.225], "texture": "#5"},
				"east": {"uv": [2.025, 4.775, 2.475, 5.225], "texture": "#5"},
				"south": {"uv": [2.025, 4.775, 2.475, 5.225], "texture": "#5"},
				"west": {"uv": [2.025, 4.775, 2.475, 5.225], "texture": "#5"},
				"up": {"uv": [2.025, 4.775, 2.475, 5.225], "texture": "#5"},
				"down": {"uv": [2.025, 4.775, 2.475, 5.225], "texture": "#5"}
			}
		},
		{
			"from": [6, 8, -3],
			"to": [7, 9, -2],
			"faces": {
				"north": {"uv": [2.525, 5.275, 2.975, 5.725], "texture": "#5"},
				"east": {"uv": [2.525, 5.275, 2.975, 5.725], "texture": "#5"},
				"south": {"uv": [2.525, 5.275, 2.975, 5.725], "texture": "#5"},
				"west": {"uv": [2.525, 5.275, 2.975, 5.725], "texture": "#5"},
				"up": {"uv": [2.525, 5.275, 2.975, 5.725], "texture": "#5"},
				"down": {"uv": [2.525, 5.275, 2.975, 5.725], "texture": "#5"}
			}
		},
		{
			"from": [7, 10, -3],
			"to": [8, 11, -2],
			"faces": {
				"north": {"uv": [2.025, 4.275, 2.475, 4.725], "texture": "#5"},
				"east": {"uv": [2.025, 4.275, 2.475, 4.725], "texture": "#5"},
				"south": {"uv": [2.025, 4.275, 2.475, 4.725], "texture": "#5"},
				"west": {"uv": [2.025, 4.275, 2.475, 4.725], "texture": "#5"},
				"up": {"uv": [2.025, 4.275, 2.475, 4.725], "texture": "#5"},
				"down": {"uv": [2.025, 4.275, 2.475, 4.725], "texture": "#5"}
			}
		},
		{
			"from": [8, 10, -3],
			"to": [9, 11, -2],
			"faces": {
				"north": {"uv": [1.525, 4.275, 1.975, 4.725], "texture": "#5"},
				"east": {"uv": [1.525, 4.275, 1.975, 4.725], "texture": "#5"},
				"south": {"uv": [1.525, 4.275, 1.975, 4.725], "texture": "#5"},
				"west": {"uv": [1.525, 4.275, 1.975, 4.725], "texture": "#5"},
				"up": {"uv": [1.525, 4.275, 1.975, 4.725], "texture": "#5"},
				"down": {"uv": [1.525, 4.275, 1.975, 4.725], "texture": "#5"}
			}
		},
		{
			"from": [6, 9, -3.5],
			"to": [7, 10, -1.5],
			"faces": {
				"north": {"uv": [2.525, 4.775, 2.975, 5.225], "texture": "#5"},
				"east": {"uv": [2.525, 4.775, 2.975, 5.225], "texture": "#5"},
				"south": {"uv": [2.525, 4.775, 2.975, 5.225], "texture": "#5"},
				"west": {"uv": [2.525, 4.775, 2.975, 5.225], "texture": "#5"},
				"up": {"uv": [2.525, 4.775, 2.975, 5.225], "texture": "#5"},
				"down": {"uv": [2.525, 4.775, 2.975, 5.225], "texture": "#5"}
			}
		},
		{
			"from": [6, 10, -3.5],
			"to": [7, 11, -1.5],
			"faces": {
				"north": {"uv": [2.525, 4.275, 2.975, 4.725], "texture": "#5"},
				"east": {"uv": [2.525, 4.275, 2.975, 4.725], "texture": "#5"},
				"south": {"uv": [2.525, 4.275, 2.975, 4.725], "texture": "#5"},
				"west": {"uv": [2.525, 4.275, 2.975, 4.725], "texture": "#5"},
				"up": {"uv": [2.525, 4.275, 2.975, 4.725], "texture": "#5"},
				"down": {"uv": [2.525, 4.275, 2.975, 4.725], "texture": "#5"}
			}
		},
		{
			"from": [6, 11, -3.5],
			"to": [7, 12, -1.5],
			"faces": {
				"north": {"uv": [2.525, 3.775, 2.975, 4.225], "texture": "#5"},
				"east": {"uv": [2.525, 3.775, 2.975, 4.225], "texture": "#5"},
				"south": {"uv": [2.525, 3.775, 2.975, 4.225], "texture": "#5"},
				"west": {"uv": [2.525, 3.775, 2.975, 4.225], "texture": "#5"},
				"up": {"uv": [2.525, 3.775, 2.975, 4.225], "texture": "#5"},
				"down": {"uv": [2.525, 3.775, 2.975, 4.225], "texture": "#5"}
			}
		},
		{
			"from": [6, 12, -3.5],
			"to": [7, 13, -1.5],
			"faces": {
				"north": {"uv": [2.525, 3.275, 2.975, 3.725], "texture": "#5"},
				"east": {"uv": [2.525, 3.275, 2.975, 3.725], "texture": "#5"},
				"south": {"uv": [2.525, 3.275, 2.975, 3.725], "texture": "#5"},
				"west": {"uv": [2.525, 3.275, 2.975, 3.725], "texture": "#5"},
				"up": {"uv": [2.525, 3.275, 2.975, 3.725], "texture": "#5"},
				"down": {"uv": [2.525, 3.275, 2.975, 3.725], "texture": "#5"}
			}
		},
		{
			"from": [5, 12, -3.5],
			"to": [6, 13, -1.5],
			"faces": {
				"north": {"uv": [3.025, 3.275, 3.475, 3.725], "texture": "#5"},
				"east": {"uv": [3.025, 3.275, 3.475, 3.725], "texture": "#5"},
				"south": {"uv": [3.025, 3.275, 3.475, 3.725], "texture": "#5"},
				"west": {"uv": [3.025, 3.275, 3.475, 3.725], "texture": "#5"},
				"up": {"uv": [3.025, 3.275, 3.475, 3.725], "texture": "#5"},
				"down": {"uv": [3.025, 3.275, 3.475, 3.725], "texture": "#5"}
			}
		},
		{
			"from": [4, 12, -3.5],
			"to": [5, 13, -1.5],
			"faces": {
				"north": {"uv": [3.525, 3.275, 3.975, 3.725], "texture": "#5"},
				"east": {"uv": [3.525, 3.275, 3.975, 3.725], "texture": "#5"},
				"south": {"uv": [3.525, 3.275, 3.975, 3.725], "texture": "#5"},
				"west": {"uv": [3.525, 3.275, 3.975, 3.725], "texture": "#5"},
				"up": {"uv": [3.525, 3.275, 3.975, 3.725], "texture": "#5"},
				"down": {"uv": [3.525, 3.275, 3.975, 3.725], "texture": "#5"}
			}
		},
		{
			"from": [7, 12, -3.5],
			"to": [8, 13, -1.5],
			"faces": {
				"north": {"uv": [2.025, 3.275, 2.475, 3.725], "texture": "#5"},
				"east": {"uv": [2.025, 3.275, 2.475, 3.725], "texture": "#5"},
				"south": {"uv": [2.025, 3.275, 2.475, 3.725], "texture": "#5"},
				"west": {"uv": [2.025, 3.275, 2.475, 3.725], "texture": "#5"},
				"up": {"uv": [2.025, 3.275, 2.475, 3.725], "texture": "#5"},
				"down": {"uv": [2.025, 3.275, 2.475, 3.725], "texture": "#5"}
			}
		},
		{
			"from": [8, 12, -3.5],
			"to": [9, 13, -1.5],
			"faces": {
				"north": {"uv": [1.525, 3.275, 1.975, 3.725], "texture": "#5"},
				"east": {"uv": [1.525, 3.275, 1.975, 3.725], "texture": "#5"},
				"south": {"uv": [1.525, 3.275, 1.975, 3.725], "texture": "#5"},
				"west": {"uv": [1.525, 3.275, 1.975, 3.725], "texture": "#5"},
				"up": {"uv": [1.525, 3.275, 1.975, 3.725], "texture": "#5"},
				"down": {"uv": [1.525, 3.275, 1.975, 3.725], "texture": "#5"}
			}
		},
		{
			"from": [5, 11, -3.5],
			"to": [6, 12, -1.5],
			"faces": {
				"north": {"uv": [3.025, 3.775, 3.475, 4.225], "texture": "#5"},
				"east": {"uv": [3.025, 3.775, 3.475, 4.225], "texture": "#5"},
				"south": {"uv": [3.025, 3.775, 3.475, 4.225], "texture": "#5"},
				"west": {"uv": [3.025, 3.775, 3.475, 4.225], "texture": "#5"},
				"up": {"uv": [3.025, 3.775, 3.475, 4.225], "texture": "#5"},
				"down": {"uv": [3.025, 3.775, 3.475, 4.225], "texture": "#5"}
			}
		},
		{
			"from": [4, 11, -3.5],
			"to": [5, 12, -1.5],
			"faces": {
				"north": {"uv": [3.525, 3.775, 3.975, 4.225], "texture": "#5"},
				"east": {"uv": [3.525, 3.775, 3.975, 4.225], "texture": "#5"},
				"south": {"uv": [3.525, 3.775, 3.975, 4.225], "texture": "#5"},
				"west": {"uv": [3.525, 3.775, 3.975, 4.225], "texture": "#5"},
				"up": {"uv": [3.525, 3.775, 3.975, 4.225], "texture": "#5"},
				"down": {"uv": [3.525, 3.775, 3.975, 4.225], "texture": "#5"}
			}
		},
		{
			"from": [3, 11, -3.5],
			"to": [4, 12, -1.5],
			"faces": {
				"north": {"uv": [4.025, 3.775, 4.475, 4.225], "texture": "#5"},
				"east": {"uv": [4.025, 3.775, 4.475, 4.225], "texture": "#5"},
				"south": {"uv": [4.025, 3.775, 4.475, 4.225], "texture": "#5"},
				"west": {"uv": [4.025, 3.775, 4.475, 4.225], "texture": "#5"},
				"up": {"uv": [4.025, 3.775, 4.475, 4.225], "texture": "#5"},
				"down": {"uv": [4.025, 3.775, 4.475, 4.225], "texture": "#5"}
			}
		},
		{
			"from": [7, 11, -3.5],
			"to": [8, 12, -1.5],
			"faces": {
				"north": {"uv": [2.025, 3.775, 2.475, 4.225], "texture": "#5"},
				"east": {"uv": [2.025, 3.775, 2.475, 4.225], "texture": "#5"},
				"south": {"uv": [2.025, 3.775, 2.475, 4.225], "texture": "#5"},
				"west": {"uv": [2.025, 3.775, 2.475, 4.225], "texture": "#5"},
				"up": {"uv": [2.025, 3.775, 2.475, 4.225], "texture": "#5"},
				"down": {"uv": [2.025, 3.775, 2.475, 4.225], "texture": "#5"}
			}
		},
		{
			"from": [8, 11, -3.5],
			"to": [9, 12, -1.5],
			"faces": {
				"north": {"uv": [1.525, 3.775, 1.975, 4.225], "texture": "#5"},
				"east": {"uv": [1.525, 3.775, 1.975, 4.225], "texture": "#5"},
				"south": {"uv": [1.525, 3.775, 1.975, 4.225], "texture": "#5"},
				"west": {"uv": [1.525, 3.775, 1.975, 4.225], "texture": "#5"},
				"up": {"uv": [1.525, 3.775, 1.975, 4.225], "texture": "#5"},
				"down": {"uv": [1.525, 3.775, 1.975, 4.225], "texture": "#5"}
			}
		},
		{
			"from": [9, 11, -3.5],
			"to": [10, 12, -1.5],
			"faces": {
				"north": {"uv": [1.025, 3.775, 1.475, 4.225], "texture": "#5"},
				"east": {"uv": [1.025, 3.775, 1.475, 4.225], "texture": "#5"},
				"south": {"uv": [1.025, 3.775, 1.475, 4.225], "texture": "#5"},
				"west": {"uv": [1.025, 3.775, 1.475, 4.225], "texture": "#5"},
				"up": {"uv": [1.025, 3.775, 1.475, 4.225], "texture": "#5"},
				"down": {"uv": [1.025, 3.775, 1.475, 4.225], "texture": "#5"}
			}
		},
		{
			"from": [9, 10, -3.5],
			"to": [10, 11, -1.5],
			"faces": {
				"north": {"uv": [1.025, 4.275, 1.475, 4.725], "texture": "#5"},
				"east": {"uv": [1.025, 4.275, 1.475, 4.725], "texture": "#5"},
				"south": {"uv": [1.025, 4.275, 1.475, 4.725], "texture": "#5"},
				"west": {"uv": [1.025, 4.275, 1.475, 4.725], "texture": "#5"},
				"up": {"uv": [1.025, 4.275, 1.475, 4.725], "texture": "#5"},
				"down": {"uv": [1.025, 4.275, 1.475, 4.725], "texture": "#5"}
			}
		},
		{
			"from": [9, 9, -3.5],
			"to": [10, 10, -1.5],
			"faces": {
				"north": {"uv": [1.025, 4.775, 1.475, 5.225], "texture": "#5"},
				"east": {"uv": [1.025, 4.775, 1.475, 5.225], "texture": "#5"},
				"south": {"uv": [1.025, 4.775, 1.475, 5.225], "texture": "#5"},
				"west": {"uv": [1.025, 4.775, 1.475, 5.225], "texture": "#5"},
				"up": {"uv": [1.025, 4.775, 1.475, 5.225], "texture": "#5"},
				"down": {"uv": [1.025, 4.775, 1.475, 5.225], "texture": "#5"}
			}
		},
		{
			"from": [3, 9, -3.5],
			"to": [4, 10, -1.5],
			"faces": {
				"north": {"uv": [4.025, 4.775, 4.475, 5.225], "texture": "#5"},
				"east": {"uv": [4.025, 4.775, 4.475, 5.225], "texture": "#5"},
				"south": {"uv": [4.025, 4.775, 4.475, 5.225], "texture": "#5"},
				"west": {"uv": [4.025, 4.775, 4.475, 5.225], "texture": "#5"},
				"up": {"uv": [4.025, 4.775, 4.475, 5.225], "texture": "#5"},
				"down": {"uv": [4.025, 4.775, 4.475, 5.225], "texture": "#5"}
			}
		},
		{
			"from": [3, 10, -3.5],
			"to": [4, 11, -1.5],
			"faces": {
				"north": {"uv": [4.025, 4.275, 4.475, 4.725], "texture": "#5"},
				"east": {"uv": [4.025, 4.275, 4.475, 4.725], "texture": "#5"},
				"south": {"uv": [4.025, 4.275, 4.475, 4.725], "texture": "#5"},
				"west": {"uv": [4.025, 4.275, 4.475, 4.725], "texture": "#5"},
				"up": {"uv": [4.025, 4.275, 4.475, 4.725], "texture": "#5"},
				"down": {"uv": [4.025, 4.275, 4.475, 4.725], "texture": "#5"}
			}
		},
		{
			"from": [4, 8, -3.5],
			"to": [5, 9, -1.5],
			"faces": {
				"north": {"uv": [3.525, 5.275, 3.975, 5.725], "texture": "#5"},
				"east": {"uv": [3.525, 5.275, 3.975, 5.725], "texture": "#5"},
				"south": {"uv": [3.525, 5.275, 3.975, 5.725], "texture": "#5"},
				"west": {"uv": [3.525, 5.275, 3.975, 5.725], "texture": "#5"},
				"up": {"uv": [3.525, 5.275, 3.975, 5.725], "texture": "#5"},
				"down": {"uv": [3.525, 5.275, 3.975, 5.725], "texture": "#5"}
			}
		},
		{
			"from": [3, 8, -3.5],
			"to": [4, 9, -1.5],
			"faces": {
				"north": {"uv": [4.025, 5.275, 4.475, 5.725], "texture": "#5"},
				"east": {"uv": [4.025, 5.275, 4.475, 5.725], "texture": "#5"},
				"south": {"uv": [4.025, 5.275, 4.475, 5.725], "texture": "#5"},
				"west": {"uv": [4.025, 5.275, 4.475, 5.725], "texture": "#5"},
				"up": {"uv": [4.025, 5.275, 4.475, 5.725], "texture": "#5"},
				"down": {"uv": [4.025, 5.275, 4.475, 5.725], "texture": "#5"}
			}
		},
		{
			"from": [4, 6, 13.5],
			"to": [5, 7, 15.5],
			"faces": {
				"north": {"uv": [1.525, 6.275, 1.975, 6.725], "texture": "#5"},
				"east": {"uv": [1.525, 6.275, 1.975, 6.725], "texture": "#5"},
				"south": {"uv": [1.525, 6.275, 1.975, 6.725], "texture": "#5"},
				"west": {"uv": [1.525, 6.275, 1.975, 6.725], "texture": "#5"},
				"up": {"uv": [1.525, 6.275, 1.975, 6.725], "rotation": 180, "texture": "#5"},
				"down": {"uv": [1.525, 6.275, 1.975, 6.725], "rotation": 180, "texture": "#5"}
			}
		},
		{
			"from": [6, 6, 13.5],
			"to": [7, 7, 15.5],
			"faces": {
				"north": {"uv": [2.525, 6.275, 2.975, 6.725], "texture": "#5"},
				"east": {"uv": [2.525, 6.275, 2.975, 6.725], "texture": "#5"},
				"south": {"uv": [2.525, 6.275, 2.975, 6.725], "texture": "#5"},
				"west": {"uv": [2.525, 6.275, 2.975, 6.725], "texture": "#5"},
				"up": {"uv": [2.525, 6.275, 2.975, 6.725], "rotation": 180, "texture": "#5"},
				"down": {"uv": [2.525, 6.275, 2.975, 6.725], "rotation": 180, "texture": "#5"}
			}
		},
		{
			"from": [8, 6, 13.5],
			"to": [9, 7, 15.5],
			"faces": {
				"north": {"uv": [3.525, 6.275, 3.975, 6.725], "texture": "#5"},
				"east": {"uv": [3.525, 6.275, 3.975, 6.725], "texture": "#5"},
				"south": {"uv": [3.525, 6.275, 3.975, 6.725], "texture": "#5"},
				"west": {"uv": [3.525, 6.275, 3.975, 6.725], "texture": "#5"},
				"up": {"uv": [3.525, 6.275, 3.975, 6.725], "rotation": 180, "texture": "#5"},
				"down": {"uv": [3.525, 6.275, 3.975, 6.725], "rotation": 180, "texture": "#5"}
			}
		},
		{
			"from": [8, 7, 13.5],
			"to": [9, 8, 15.5],
			"faces": {
				"north": {"uv": [3.525, 5.775, 3.975, 6.225], "texture": "#5"},
				"east": {"uv": [3.525, 5.775, 3.975, 6.225], "texture": "#5"},
				"south": {"uv": [3.525, 5.775, 3.975, 6.225], "texture": "#5"},
				"west": {"uv": [3.525, 5.775, 3.975, 6.225], "texture": "#5"},
				"up": {"uv": [3.525, 5.775, 3.975, 6.225], "rotation": 180, "texture": "#5"},
				"down": {"uv": [3.525, 5.775, 3.975, 6.225], "rotation": 180, "texture": "#5"}
			}
		},
		{
			"from": [7, 7, 13.5],
			"to": [8, 8, 15.5],
			"faces": {
				"north": {"uv": [3.025, 5.775, 3.475, 6.225], "texture": "#5"},
				"east": {"uv": [3.025, 5.775, 3.475, 6.225], "texture": "#5"},
				"south": {"uv": [3.025, 5.775, 3.475, 6.225], "texture": "#5"},
				"west": {"uv": [3.025, 5.775, 3.475, 6.225], "texture": "#5"},
				"up": {"uv": [3.025, 5.775, 3.475, 6.225], "rotation": 180, "texture": "#5"},
				"down": {"uv": [3.025, 5.775, 3.475, 6.225], "rotation": 180, "texture": "#5"}
			}
		},
		{
			"from": [6, 7, 13.5],
			"to": [7, 8, 15.5],
			"faces": {
				"north": {"uv": [2.525, 5.775, 2.975, 6.225], "texture": "#5"},
				"east": {"uv": [2.525, 5.775, 2.975, 6.225], "texture": "#5"},
				"south": {"uv": [2.525, 5.775, 2.975, 6.225], "texture": "#5"},
				"west": {"uv": [2.525, 5.775, 2.975, 6.225], "texture": "#5"},
				"up": {"uv": [2.525, 5.775, 2.975, 6.225], "rotation": 180, "texture": "#5"},
				"down": {"uv": [2.525, 5.775, 2.975, 6.225], "rotation": 180, "texture": "#5"}
			}
		},
		{
			"from": [5, 7, 13.5],
			"to": [6, 8, 15.5],
			"faces": {
				"north": {"uv": [2.025, 5.775, 2.475, 6.225], "texture": "#5"},
				"east": {"uv": [2.025, 5.775, 2.475, 6.225], "texture": "#5"},
				"south": {"uv": [2.025, 5.775, 2.475, 6.225], "texture": "#5"},
				"west": {"uv": [2.025, 5.775, 2.475, 6.225], "texture": "#5"},
				"up": {"uv": [2.025, 5.775, 2.475, 6.225], "rotation": 180, "texture": "#5"},
				"down": {"uv": [2.025, 5.775, 2.475, 6.225], "rotation": 180, "texture": "#5"}
			}
		},
		{
			"from": [4, 7, 13.5],
			"to": [5, 8, 15.5],
			"faces": {
				"north": {"uv": [1.525, 5.775, 1.975, 6.225], "texture": "#5"},
				"east": {"uv": [1.525, 5.775, 1.975, 6.225], "texture": "#5"},
				"south": {"uv": [1.525, 5.775, 1.975, 6.225], "texture": "#5"},
				"west": {"uv": [1.525, 5.775, 1.975, 6.225], "texture": "#5"},
				"up": {"uv": [1.525, 5.775, 1.975, 6.225], "rotation": 180, "texture": "#5"},
				"down": {"uv": [1.525, 5.775, 1.975, 6.225], "rotation": 180, "texture": "#5"}
			}
		},
		{
			"from": [4, 8, 13.5],
			"to": [5, 9, 15.5],
			"faces": {
				"north": {"uv": [1.525, 5.275, 1.975, 5.725], "texture": "#5"},
				"east": {"uv": [1.525, 5.275, 1.975, 5.725], "texture": "#5"},
				"south": {"uv": [1.525, 5.275, 1.975, 5.725], "texture": "#5"},
				"west": {"uv": [1.525, 5.275, 1.975, 5.725], "texture": "#5"},
				"up": {"uv": [1.525, 5.275, 1.975, 5.725], "rotation": 180, "texture": "#5"},
				"down": {"uv": [1.525, 5.275, 1.975, 5.725], "rotation": 180, "texture": "#5"}
			}
		},
		{
			"from": [3, 8, 13.5],
			"to": [4, 9, 15.5],
			"faces": {
				"north": {"uv": [1.025, 5.275, 1.475, 5.725], "texture": "#5"},
				"east": {"uv": [1.025, 5.275, 1.475, 5.725], "texture": "#5"},
				"south": {"uv": [1.025, 5.275, 1.475, 5.725], "texture": "#5"},
				"west": {"uv": [1.025, 5.275, 1.475, 5.725], "texture": "#5"},
				"up": {"uv": [1.025, 5.275, 1.475, 5.725], "rotation": 180, "texture": "#5"},
				"down": {"uv": [1.025, 5.275, 1.475, 5.725], "rotation": 180, "texture": "#5"}
			}
		},
		{
			"from": [5, 8, 13.5],
			"to": [6, 9, 15.5],
			"faces": {
				"north": {"uv": [2.025, 5.275, 2.475, 5.725], "texture": "#5"},
				"east": {"uv": [2.025, 5.275, 2.475, 5.725], "texture": "#5"},
				"south": {"uv": [2.025, 5.275, 2.475, 5.725], "texture": "#5"},
				"west": {"uv": [2.025, 5.275, 2.475, 5.725], "texture": "#5"},
				"up": {"uv": [2.025, 5.275, 2.475, 5.725], "rotation": 180, "texture": "#5"},
				"down": {"uv": [2.025, 5.275, 2.475, 5.725], "rotation": 180, "texture": "#5"}
			}
		},
		{
			"from": [7, 8, 13.5],
			"to": [8, 9, 15.5],
			"faces": {
				"north": {"uv": [3.025, 5.275, 3.475, 5.725], "texture": "#5"},
				"east": {"uv": [3.025, 5.275, 3.475, 5.725], "texture": "#5"},
				"south": {"uv": [3.025, 5.275, 3.475, 5.725], "texture": "#5"},
				"west": {"uv": [3.025, 5.275, 3.475, 5.725], "texture": "#5"},
				"up": {"uv": [3.025, 5.275, 3.475, 5.725], "rotation": 180, "texture": "#5"},
				"down": {"uv": [3.025, 5.275, 3.475, 5.725], "rotation": 180, "texture": "#5"}
			}
		},
		{
			"from": [8, 8, 13.5],
			"to": [9, 9, 15.5],
			"faces": {
				"north": {"uv": [3.525, 5.275, 3.975, 5.725], "texture": "#5"},
				"east": {"uv": [3.525, 5.275, 3.975, 5.725], "texture": "#5"},
				"south": {"uv": [3.525, 5.275, 3.975, 5.725], "texture": "#5"},
				"west": {"uv": [3.525, 5.275, 3.975, 5.725], "texture": "#5"},
				"up": {"uv": [3.525, 5.275, 3.975, 5.725], "rotation": 180, "texture": "#5"},
				"down": {"uv": [3.525, 5.275, 3.975, 5.725], "rotation": 180, "texture": "#5"}
			}
		},
		{
			"from": [9, 8, 13.5],
			"to": [10, 9, 15.5],
			"faces": {
				"north": {"uv": [4.025, 5.275, 4.475, 5.725], "texture": "#5"},
				"east": {"uv": [4.025, 5.275, 4.475, 5.725], "texture": "#5"},
				"south": {"uv": [4.025, 5.275, 4.475, 5.725], "texture": "#5"},
				"west": {"uv": [4.025, 5.275, 4.475, 5.725], "texture": "#5"},
				"up": {"uv": [4.025, 5.275, 4.475, 5.725], "rotation": 180, "texture": "#5"},
				"down": {"uv": [4.025, 5.275, 4.475, 5.725], "rotation": 180, "texture": "#5"}
			}
		},
		{
			"from": [6, 9, 13.5],
			"to": [7, 10, 15.5],
			"faces": {
				"north": {"uv": [2.525, 4.775, 2.975, 5.225], "texture": "#5"},
				"east": {"uv": [2.525, 4.775, 2.975, 5.225], "texture": "#5"},
				"south": {"uv": [2.525, 4.775, 2.975, 5.225], "texture": "#5"},
				"west": {"uv": [2.525, 4.775, 2.975, 5.225], "texture": "#5"},
				"up": {"uv": [2.525, 4.775, 2.975, 5.225], "rotation": 180, "texture": "#5"},
				"down": {"uv": [2.525, 4.775, 2.975, 5.225], "rotation": 180, "texture": "#5"}
			}
		},
		{
			"from": [6, 10, 13.5],
			"to": [7, 11, 15.5],
			"faces": {
				"north": {"uv": [2.525, 4.275, 2.975, 4.725], "texture": "#5"},
				"east": {"uv": [2.525, 4.275, 2.975, 4.725], "texture": "#5"},
				"south": {"uv": [2.525, 4.275, 2.975, 4.725], "texture": "#5"},
				"west": {"uv": [2.525, 4.275, 2.975, 4.725], "texture": "#5"},
				"up": {"uv": [2.525, 4.275, 2.975, 4.725], "rotation": 180, "texture": "#5"},
				"down": {"uv": [2.525, 4.275, 2.975, 4.725], "rotation": 180, "texture": "#5"}
			}
		},
		{
			"from": [6, 11, 13.5],
			"to": [7, 12, 15.5],
			"faces": {
				"north": {"uv": [2.525, 3.775, 2.975, 4.225], "texture": "#5"},
				"east": {"uv": [2.525, 3.775, 2.975, 4.225], "texture": "#5"},
				"south": {"uv": [2.525, 3.775, 2.975, 4.225], "texture": "#5"},
				"west": {"uv": [2.525, 3.775, 2.975, 4.225], "texture": "#5"},
				"up": {"uv": [2.525, 3.775, 2.975, 4.225], "rotation": 180, "texture": "#5"},
				"down": {"uv": [2.525, 3.775, 2.975, 4.225], "rotation": 180, "texture": "#5"}
			}
		},
		{
			"from": [7, 11, 13.5],
			"to": [8, 12, 15.5],
			"faces": {
				"north": {"uv": [3.025, 3.775, 3.475, 4.225], "texture": "#5"},
				"east": {"uv": [3.025, 3.775, 3.475, 4.225], "texture": "#5"},
				"south": {"uv": [3.025, 3.775, 3.475, 4.225], "texture": "#5"},
				"west": {"uv": [3.025, 3.775, 3.475, 4.225], "texture": "#5"},
				"up": {"uv": [3.025, 3.775, 3.475, 4.225], "rotation": 180, "texture": "#5"},
				"down": {"uv": [3.025, 3.775, 3.475, 4.225], "rotation": 180, "texture": "#5"}
			}
		},
		{
			"from": [8, 11, 13.5],
			"to": [9, 12, 15.5],
			"faces": {
				"north": {"uv": [3.525, 3.775, 3.975, 4.225], "texture": "#5"},
				"east": {"uv": [3.525, 3.775, 3.975, 4.225], "texture": "#5"},
				"south": {"uv": [3.525, 3.775, 3.975, 4.225], "texture": "#5"},
				"west": {"uv": [3.525, 3.775, 3.975, 4.225], "texture": "#5"},
				"up": {"uv": [3.525, 3.775, 3.975, 4.225], "rotation": 180, "texture": "#5"},
				"down": {"uv": [3.525, 3.775, 3.975, 4.225], "rotation": 180, "texture": "#5"}
			}
		},
		{
			"from": [9, 11, 13.5],
			"to": [10, 12, 15.5],
			"faces": {
				"north": {"uv": [4.025, 3.775, 4.475, 4.225], "texture": "#5"},
				"east": {"uv": [4.025, 3.775, 4.475, 4.225], "texture": "#5"},
				"south": {"uv": [4.025, 3.775, 4.475, 4.225], "texture": "#5"},
				"west": {"uv": [4.025, 3.775, 4.475, 4.225], "texture": "#5"},
				"up": {"uv": [4.025, 3.775, 4.475, 4.225], "rotation": 180, "texture": "#5"},
				"down": {"uv": [4.025, 3.775, 4.475, 4.225], "rotation": 180, "texture": "#5"}
			}
		},
		{
			"from": [5, 11, 13.5],
			"to": [6, 12, 15.5],
			"faces": {
				"north": {"uv": [2.025, 3.775, 2.475, 4.225], "texture": "#5"},
				"east": {"uv": [2.025, 3.775, 2.475, 4.225], "texture": "#5"},
				"south": {"uv": [2.025, 3.775, 2.475, 4.225], "texture": "#5"},
				"west": {"uv": [2.025, 3.775, 2.475, 4.225], "texture": "#5"},
				"up": {"uv": [2.025, 3.775, 2.475, 4.225], "rotation": 180, "texture": "#5"},
				"down": {"uv": [2.025, 3.775, 2.475, 4.225], "rotation": 180, "texture": "#5"}
			}
		},
		{
			"from": [4, 11, 13.5],
			"to": [5, 12, 15.5],
			"faces": {
				"north": {"uv": [1.525, 3.775, 1.975, 4.225], "texture": "#5"},
				"east": {"uv": [1.525, 3.775, 1.975, 4.225], "texture": "#5"},
				"south": {"uv": [1.525, 3.775, 1.975, 4.225], "texture": "#5"},
				"west": {"uv": [1.525, 3.775, 1.975, 4.225], "texture": "#5"},
				"up": {"uv": [1.525, 3.775, 1.975, 4.225], "rotation": 180, "texture": "#5"},
				"down": {"uv": [1.525, 3.775, 1.975, 4.225], "rotation": 180, "texture": "#5"}
			}
		},
		{
			"from": [3, 11, 13.5],
			"to": [4, 12, 15.5],
			"faces": {
				"north": {"uv": [1.025, 3.775, 1.475, 4.225], "texture": "#5"},
				"east": {"uv": [1.025, 3.775, 1.475, 4.225], "texture": "#5"},
				"south": {"uv": [1.025, 3.775, 1.475, 4.225], "texture": "#5"},
				"west": {"uv": [1.025, 3.775, 1.475, 4.225], "texture": "#5"},
				"up": {"uv": [1.025, 3.775, 1.475, 4.225], "rotation": 180, "texture": "#5"},
				"down": {"uv": [1.025, 3.775, 1.475, 4.225], "rotation": 180, "texture": "#5"}
			}
		},
		{
			"from": [3, 10, 13.5],
			"to": [4, 11, 15.5],
			"faces": {
				"north": {"uv": [1.025, 4.275, 1.475, 4.725], "texture": "#5"},
				"east": {"uv": [1.025, 4.275, 1.475, 4.725], "texture": "#5"},
				"south": {"uv": [1.025, 4.275, 1.475, 4.725], "texture": "#5"},
				"west": {"uv": [1.025, 4.275, 1.475, 4.725], "texture": "#5"},
				"up": {"uv": [1.025, 4.275, 1.475, 4.725], "rotation": 180, "texture": "#5"},
				"down": {"uv": [1.025, 4.275, 1.475, 4.725], "rotation": 180, "texture": "#5"}
			}
		},
		{
			"from": [3, 9, 13.5],
			"to": [4, 10, 15.5],
			"faces": {
				"north": {"uv": [1.025, 4.775, 1.475, 5.225], "texture": "#5"},
				"east": {"uv": [1.025, 4.775, 1.475, 5.225], "texture": "#5"},
				"south": {"uv": [1.025, 4.775, 1.475, 5.225], "texture": "#5"},
				"west": {"uv": [1.025, 4.775, 1.475, 5.225], "texture": "#5"},
				"up": {"uv": [1.025, 4.775, 1.475, 5.225], "rotation": 180, "texture": "#5"},
				"down": {"uv": [1.025, 4.775, 1.475, 5.225], "rotation": 180, "texture": "#5"}
			}
		},
		{
			"from": [9, 9, 13.5],
			"to": [10, 10, 15.5],
			"faces": {
				"north": {"uv": [4.025, 4.775, 4.475, 5.225], "texture": "#5"},
				"east": {"uv": [4.025, 4.775, 4.475, 5.225], "texture": "#5"},
				"south": {"uv": [4.025, 4.775, 4.475, 5.225], "texture": "#5"},
				"west": {"uv": [4.025, 4.775, 4.475, 5.225], "texture": "#5"},
				"up": {"uv": [4.025, 4.775, 4.475, 5.225], "rotation": 180, "texture": "#5"},
				"down": {"uv": [4.025, 4.775, 4.475, 5.225], "rotation": 180, "texture": "#5"}
			}
		},
		{
			"from": [9, 10, 13.5],
			"to": [10, 11, 15.5],
			"faces": {
				"north": {"uv": [4.025, 4.275, 4.475, 4.725], "texture": "#5"},
				"east": {"uv": [4.025, 4.275, 4.475, 4.725], "texture": "#5"},
				"south": {"uv": [4.025, 4.275, 4.475, 4.725], "texture": "#5"},
				"west": {"uv": [4.025, 4.275, 4.475, 4.725], "texture": "#5"},
				"up": {"uv": [4.025, 4.275, 4.475, 4.725], "rotation": 180, "texture": "#5"},
				"down": {"uv": [4.025, 4.275, 4.475, 4.725], "rotation": 180, "texture": "#5"}
			}
		},
		{
			"from": [6, 12, 13.5],
			"to": [7, 13, 15.5],
			"faces": {
				"north": {"uv": [2.525, 3.275, 2.975, 3.725], "texture": "#5"},
				"east": {"uv": [2.525, 3.275, 2.975, 3.725], "texture": "#5"},
				"south": {"uv": [2.525, 3.275, 2.975, 3.725], "texture": "#5"},
				"west": {"uv": [2.525, 3.275, 2.975, 3.725], "texture": "#5"},
				"up": {"uv": [2.525, 3.275, 2.975, 3.725], "rotation": 180, "texture": "#5"},
				"down": {"uv": [2.525, 3.275, 2.975, 3.725], "rotation": 180, "texture": "#5"}
			}
		},
		{
			"from": [7, 12, 13.5],
			"to": [8, 13, 15.5],
			"faces": {
				"north": {"uv": [3.025, 3.275, 3.475, 3.725], "texture": "#5"},
				"east": {"uv": [3.025, 3.275, 3.475, 3.725], "texture": "#5"},
				"south": {"uv": [3.025, 3.275, 3.475, 3.725], "texture": "#5"},
				"west": {"uv": [3.025, 3.275, 3.475, 3.725], "texture": "#5"},
				"up": {"uv": [3.025, 3.275, 3.475, 3.725], "rotation": 180, "texture": "#5"},
				"down": {"uv": [3.025, 3.275, 3.475, 3.725], "rotation": 180, "texture": "#5"}
			}
		},
		{
			"from": [8, 12, 13.5],
			"to": [9, 13, 15.5],
			"faces": {
				"north": {"uv": [3.525, 3.275, 3.975, 3.725], "texture": "#5"},
				"east": {"uv": [3.525, 3.275, 3.975, 3.725], "texture": "#5"},
				"south": {"uv": [3.525, 3.275, 3.975, 3.725], "texture": "#5"},
				"west": {"uv": [3.525, 3.275, 3.975, 3.725], "texture": "#5"},
				"up": {"uv": [3.525, 3.275, 3.975, 3.725], "rotation": 180, "texture": "#5"},
				"down": {"uv": [3.525, 3.275, 3.975, 3.725], "rotation": 180, "texture": "#5"}
			}
		},
		{
			"from": [5, 12, 13.5],
			"to": [6, 13, 15.5],
			"faces": {
				"north": {"uv": [2.025, 3.275, 2.475, 3.725], "texture": "#5"},
				"east": {"uv": [2.025, 3.275, 2.475, 3.725], "texture": "#5"},
				"south": {"uv": [2.025, 3.275, 2.475, 3.725], "texture": "#5"},
				"west": {"uv": [2.025, 3.275, 2.475, 3.725], "texture": "#5"},
				"up": {"uv": [2.025, 3.275, 2.475, 3.725], "rotation": 180, "texture": "#5"},
				"down": {"uv": [2.025, 3.275, 2.475, 3.725], "rotation": 180, "texture": "#5"}
			}
		},
		{
			"from": [4, 12, 13.5],
			"to": [5, 13, 15.5],
			"faces": {
				"north": {"uv": [1.525, 3.275, 1.975, 3.725], "texture": "#5"},
				"east": {"uv": [1.525, 3.275, 1.975, 3.725], "texture": "#5"},
				"south": {"uv": [1.525, 3.275, 1.975, 3.725], "texture": "#5"},
				"west": {"uv": [1.525, 3.275, 1.975, 3.725], "texture": "#5"},
				"up": {"uv": [1.525, 3.275, 1.975, 3.725], "rotation": 180, "texture": "#5"},
				"down": {"uv": [1.525, 3.275, 1.975, 3.725], "rotation": 180, "texture": "#5"}
			}
		},
		{
			"from": [7, 10, 14],
			"to": [8, 11, 15],
			"faces": {
				"north": {"uv": [3.025, 4.275, 3.475, 4.725], "texture": "#5"},
				"east": {"uv": [3.025, 4.275, 3.475, 4.725], "texture": "#5"},
				"south": {"uv": [3.025, 4.275, 3.475, 4.725], "texture": "#5"},
				"west": {"uv": [3.025, 4.275, 3.475, 4.725], "texture": "#5"},
				"up": {"uv": [3.025, 4.275, 3.475, 4.725], "rotation": 180, "texture": "#5"},
				"down": {"uv": [3.025, 4.275, 3.475, 4.725], "rotation": 180, "texture": "#5"}
			}
		},
		{
			"from": [7, 9, 14],
			"to": [8, 10, 15],
			"faces": {
				"north": {"uv": [3.025, 4.775, 3.475, 5.225], "texture": "#5"},
				"east": {"uv": [3.025, 4.775, 3.475, 5.225], "texture": "#5"},
				"south": {"uv": [3.025, 4.775, 3.475, 5.225], "texture": "#5"},
				"west": {"uv": [3.025, 4.775, 3.475, 5.225], "texture": "#5"},
				"up": {"uv": [3.025, 4.775, 3.475, 5.225], "rotation": 180, "texture": "#5"},
				"down": {"uv": [3.025, 4.775, 3.475, 5.225], "rotation": 180, "texture": "#5"}
			}
		},
		{
			"from": [8, 9, 14],
			"to": [9, 10, 15],
			"faces": {
				"north": {"uv": [3.525, 4.775, 3.975, 5.225], "texture": "#5"},
				"east": {"uv": [3.525, 4.775, 3.975, 5.225], "texture": "#5"},
				"south": {"uv": [3.525, 4.775, 3.975, 5.225], "texture": "#5"},
				"west": {"uv": [3.525, 4.775, 3.975, 5.225], "texture": "#5"},
				"up": {"uv": [3.525, 4.775, 3.975, 5.225], "rotation": 180, "texture": "#5"},
				"down": {"uv": [3.525, 4.775, 3.975, 5.225], "rotation": 180, "texture": "#5"}
			}
		},
		{
			"from": [8, 10, 14],
			"to": [9, 11, 15],
			"faces": {
				"north": {"uv": [3.525, 4.275, 3.975, 4.725], "texture": "#5"},
				"east": {"uv": [3.525, 4.275, 3.975, 4.725], "texture": "#5"},
				"south": {"uv": [3.525, 4.275, 3.975, 4.725], "texture": "#5"},
				"west": {"uv": [3.525, 4.275, 3.975, 4.725], "texture": "#5"},
				"up": {"uv": [3.525, 4.275, 3.975, 4.725], "rotation": 180, "texture": "#5"},
				"down": {"uv": [3.525, 4.275, 3.975, 4.725], "rotation": 180, "texture": "#5"}
			}
		},
		{
			"from": [6, 8, 14],
			"to": [7, 9, 15],
			"faces": {
				"north": {"uv": [2.525, 5.275, 2.975, 5.725], "texture": "#5"},
				"east": {"uv": [2.525, 5.275, 2.975, 5.725], "texture": "#5"},
				"south": {"uv": [2.525, 5.275, 2.975, 5.725], "texture": "#5"},
				"west": {"uv": [2.525, 5.275, 2.975, 5.725], "texture": "#5"},
				"up": {"uv": [2.525, 5.275, 2.975, 5.725], "rotation": 180, "texture": "#5"},
				"down": {"uv": [2.525, 5.275, 2.975, 5.725], "rotation": 180, "texture": "#5"}
			}
		},
		{
			"from": [5, 10, 14],
			"to": [6, 11, 15],
			"faces": {
				"north": {"uv": [2.025, 4.275, 2.475, 4.725], "texture": "#5"},
				"east": {"uv": [2.025, 4.275, 2.475, 4.725], "texture": "#5"},
				"south": {"uv": [2.025, 4.275, 2.475, 4.725], "texture": "#5"},
				"west": {"uv": [2.025, 4.275, 2.475, 4.725], "texture": "#5"},
				"up": {"uv": [2.025, 4.275, 2.475, 4.725], "rotation": 180, "texture": "#5"},
				"down": {"uv": [2.025, 4.275, 2.475, 4.725], "rotation": 180, "texture": "#5"}
			}
		},
		{
			"from": [4, 10, 14],
			"to": [5, 11, 15],
			"faces": {
				"north": {"uv": [1.525, 4.275, 1.975, 4.725], "texture": "#5"},
				"east": {"uv": [1.525, 4.275, 1.975, 4.725], "texture": "#5"},
				"south": {"uv": [1.525, 4.275, 1.975, 4.725], "texture": "#5"},
				"west": {"uv": [1.525, 4.275, 1.975, 4.725], "texture": "#5"},
				"up": {"uv": [1.525, 4.275, 1.975, 4.725], "rotation": 180, "texture": "#5"},
				"down": {"uv": [1.525, 4.275, 1.975, 4.725], "rotation": 180, "texture": "#5"}
			}
		},
		{
			"from": [4, 9, 14],
			"to": [5, 10, 15],
			"faces": {
				"north": {"uv": [1.525, 4.775, 1.975, 5.225], "texture": "#5"},
				"east": {"uv": [1.525, 4.775, 1.975, 5.225], "texture": "#5"},
				"south": {"uv": [1.525, 4.775, 1.975, 5.225], "texture": "#5"},
				"west": {"uv": [1.525, 4.775, 1.975, 5.225], "texture": "#5"},
				"up": {"uv": [1.525, 4.775, 1.975, 5.225], "rotation": 180, "texture": "#5"},
				"down": {"uv": [1.525, 4.775, 1.975, 5.225], "rotation": 180, "texture": "#5"}
			}
		},
		{
			"from": [5, 9, 14],
			"to": [6, 10, 15],
			"faces": {
				"north": {"uv": [2.025, 4.775, 2.475, 5.225], "texture": "#5"},
				"east": {"uv": [2.025, 4.775, 2.475, 5.225], "texture": "#5"},
				"south": {"uv": [2.025, 4.775, 2.475, 5.225], "texture": "#5"},
				"west": {"uv": [2.025, 4.775, 2.475, 5.225], "texture": "#5"},
				"up": {"uv": [2.025, 4.775, 2.475, 5.225], "rotation": 180, "texture": "#5"},
				"down": {"uv": [2.025, 4.775, 2.475, 5.225], "rotation": 180, "texture": "#5"}
			}
		}
	],
	"display": {
		"thirdperson_righthand": {
			"rotation": [24, 0, 0],
			"translation": [-5.5, -2, -2.5],
			"scale": [0.49, 0.49, 0.49]
		},
		"head": {
			"translation": [2, -22, 3],
			"scale": [1.5, 1.4, 1.5]
		}
	}
}