{
    "sources": [
        {
            "type": "single",
            "resource": "minecraft:custom/bouncy_cannonball"
        },
        {
            "type": "single",
            "resource": "minecraft:custom/bouncy_cannonball_gui"
        },
        {
            "type": "single",
            "resource": "minecraft:custom/cannonball"
        },
        {
            "type": "single",
            "resource": "minecraft:custom/cannonball_gui"
        },
        {
            "type": "single",
            "resource": "minecraft:custom/chain_cannonball"
        },
        {
            "type": "single",
            "resource": "minecraft:custom/chain_cannonball_gui"
        },
        {
            "type": "single",
            "resource": "minecraft:custom/cluster_cannonball"
        },
        {
            "type": "single",
            "resource": "minecraft:custom/cluster_cannonball_gui"
        },
        {
            "type": "single",
            "resource": "minecraft:custom/firework_rocket"
        },
        {
            "type": "single",
            "resource": "minecraft:custom/gasbubble"
        },
        {
            "type": "single",
            "resource": "minecraft:custom/gascloud"
        },
        {
            "type": "single",
            "resource": "minecraft:custom/gas_cannonball"
        },
        {
            "type": "single",
            "resource": "minecraft:custom/gas_cannonball_gui"
        },
        {
            "type": "single",
            "resource": "minecraft:custom/golden_cannonball"
        },
        {
            "type": "single",
            "resource": "minecraft:custom/golden_cannonball_gui"
        },
        {
            "type": "single",
            "resource": "minecraft:custom/hot_cannonball"
        },
        {
            "type": "single",
            "resource": "minecraft:custom/hot_cannonball_gui"
        },
        {
            "type": "single",
            "resource": "minecraft:custom/player_cannonball"
        },
        {
            "type": "single",
            "resource": "minecraft:custom/player_cannonball_gui"
        },
        {
            "type": "single",
            "resource": "minecraft:entity/skeleton/skeleton"
        },
        {
            "type": "single",
            "resource": "minecraft:custom/tracer_cannonball"
        },
        {
            "type": "single",
            "resource": "minecraft:custom/tracer_cannonball_gui"
        },
        {
            "type": "single",
            "resource": "minecraft:custom/tracer_cannonball_red_gui"
        },
        {
            "type": "single",
            "resource": "minecraft:custom/skeleton_key"
        },
        {
            "type": "single",
            "resource": "minecraft:custom/skeleton_key_gui"
        },
        {
            "type": "single",
            "resource": "minecraft:custom/golden_coin"
        },
        {
            "type": "single",
            "resource": "minecraft:custom/golden_coin_gui"
        },
        {
            "type": "single",
            "resource": "minecraft:custom/skull"
        },
        {
            "type": "single",
            "resource": "minecraft:custom/boarding_axe"
        },
        {
            "type": "single",
            "resource": "minecraft:custom/bomb"
        },
        {
            "type": "single",
            "resource": "minecraft:custom/bomb_back"
        },
        {
            "type": "single",
            "resource": "minecraft:custom/bomb_top"
        },
        {
            "type": "single",
            "resource": "minecraft:custom/bomb_bottom"
        },
        {
            "type": "single",
            "resource": "minecraft:custom/bomb_gui"
        },
        {
            "type": "single",
            "resource": "minecraft:custom/chain"
        },
        {
            "type": "single",
            "resource": "minecraft:entity/skeleton/wither_skeleton"
        },
        {
            "type": "single",
            "resource": "minecraft:custom/black"
        },
        {
            "type": "single",
            "resource": "minecraft:custom/cutlass"
        },
        {
            "type": "single",
            "resource": "minecraft:custom/map"
        },
        {
            "type": "single",
            "resource": "minecraft:custom/map_blank"
        },
        {
            "type": "single",
            "resource": "minecraft:custom/map_2"
        },
        {
            "type": "single",
            "resource": "minecraft:custom/map_modifiers"
        },
        {
            "type": "single",
            "resource": "minecraft:custom/particle_canister"
        },
        {
            "type": "single",
            "resource": "minecraft:custom/seagull_anim"
        },
        {
            "type": "single",
            "resource": "minecraft:custom/seagull_beak"
        },
        {
            "type": "single",
            "resource": "minecraft:custom/seagull_eye"
        },
        {
            "type": "single",
            "resource": "minecraft:custom/seagull_feather"
        },
        {
            "type": "single",
            "resource": "minecraft:custom/seagull_wing_cut"
        },
        {
            "type": "single",
            "resource": "minecraft:custom/seagull_wing"
        },
        {
            "type": "single",
            "resource": "minecraft:entity/skeleton/stray"
        },
        {
            "type": "single",
            "resource": "minecraft:custom/parkour_quit"
        },
        {
            "type": "single",
            "resource": "minecraft:custom/parkour_restart"
        },
        {
            "type": "single",
            "resource": "minecraft:custom/yzero"
        },
        {
            "type": "single",
            "resource": "minecraft:custom/evtema"
        },
        {
            "type": "single",
            "resource": "minecraft:custom/chronos"
        },
        {
            "type": "single",
            "resource": "minecraft:custom/rrsmall"
        },
        {
            "type": "single",
            "resource": "minecraft:custom/battleaxe"
        },
        {
            "type": "single",
            "resource": "minecraft:custom/claymore"
        },
        {
            "type": "single",
            "resource": "minecraft:custom/goat_horn"
        },
        {
            "type": "single",
            "resource": "minecraft:custom/goat_horn_gui"
        },
        {
            "type": "single",
            "resource": "minecraft:custom/hook"
        },
        {
            "type": "single",
            "resource": "minecraft:custom/hook_gui"
        },
        {
            "type": "single",
            "resource": "minecraft:custom/mace"
        },
        {
            "type": "single",
            "resource": "minecraft:custom/mace_gui"
        },
        {
            "type": "single",
            "resource": "minecraft:custom/rock"
        },
        {
            "type": "single",
            "resource": "minecraft:custom/rock_gui"
        },
        {
            "type": "single",
            "resource": "minecraft:custom/shark_tooth"
        },
        {
            "type": "single",
            "resource": "minecraft:custom/blast_barrel"
        },
        {
            "type": "single",
            "resource": "minecraft:custom/blast_barrel_gui"
        },
        {
            "type": "single",
            "resource": "minecraft:custom/blast_barrel_slot"
        },
        {
            "type": "single",
            "resource": "minecraft:custom/blast_barrel_wood"
        },
		{
            "type": "single",
            "resource": "minecraft:custom/blast_barrel_ignited"
        },
        {
            "type": "single",
            "resource": "minecraft:custom/blast_barrel_slot_ignited"
        },
        {
            "type": "single",
            "resource": "minecraft:custom/blast_barrel_wood_ignited"
        },
        {
            "type": "single",
            "resource": "minecraft:lobby/confirm"
        },
        {
            "type": "single",
            "resource": "minecraft:lobby/restore_defaults"
        },
        {
            "type": "single",
            "resource": "minecraft:lobby/modifiers"
        },
        {
            "type": "single",
            "resource": "minecraft:lobby/cclogo"
        },
        {
            "type": "single",
            "resource": "minecraft:entity/signs/oak"
        },
        {
            "type": "single",
            "resource": "minecraft:lobby/shiphp"
        },
        {
            "type": "single",
            "resource": "minecraft:lobby/watch"
        },
        {
            "type": "single",
            "resource": "minecraft:lobby/notracers"
        },
        {
            "type": "single",
            "resource": "minecraft:lobby/wildlife"
        },
        {
            "type": "single",
            "resource": "minecraft:lobby/seastorms"
        },
        {
            "type": "single",
            "resource": "minecraft:lobby/lostcargo"
        },
        {
            "type": "single",
            "resource": "minecraft:shark/shark_swim"
        },
        {
            "type": "single",
            "resource": "minecraft:shark/shark_belly"
        },
        {
            "type": "single",
            "resource": "minecraft:shark/shark_eye"
        },
        {
            "type": "single",
            "resource": "minecraft:shark/shark_mouth"
        },
        {
            "type": "single",
            "resource": "minecraft:shark/shark_skin"
        },
        {
            "type": "single",
            "resource": "minecraft:custom/black_flag"
        },
        {
            "type": "single",
            "resource": "minecraft:custom/purple_flag"
        },
        {
            "type": "single",
            "resource": "minecraft:custom/orange_flag"
        },
        {
            "type": "single",
            "resource": "minecraft:hat/black_wool"
        },
        {
            "type": "single",
            "resource": "minecraft:hat/gray_wool"
        },
        {
            "type": "single",
            "resource": "minecraft:hat/hat_skull"
        },
        {
            "type": "single",
            "resource": "minecraft:hat/hat_skull_mvp"
        },
        {
            "type": "single",
            "resource": "minecraft:hat/sand_skull"
        },
        {
            "type": "single",
            "resource": "minecraft:hat/orange_wool"
        },
        {
            "type": "single",
            "resource": "minecraft:hat/yellow_wool"
        },
        {
            "type": "single",
            "resource": "minecraft:hat/purple_wool"
        },
        {
            "type": "single",
            "resource": "minecraft:hat/magenta_wool"
        },
        {
            "type": "single",
            "resource": "minecraft:hat/red_wool"
        },
        {
            "type": "single",
            "resource": "minecraft:hat/gold_block"
        },
        {
            "type": "single",
            "resource": "minecraft:hat/diamond_block"
        },
        {
            "type": "single",
            "resource": "minecraft:hat/parkour_log"
        },
        {
            "type": "single",
            "resource": "minecraft:hat/blackhat_ui"
        },
        {
            "type": "single",
            "resource": "minecraft:hat/grayhat_ui"
        },
        {
            "type": "single",
            "resource": "minecraft:hat/goldhat_ui"
        },
        {
            "type": "single",
            "resource": "minecraft:hat/diamondhat_ui"
        },
        {
            "type": "single",
            "resource": "minecraft:hat/purplehat_ui"
        },
        {
            "type": "single",
            "resource": "minecraft:hat/orangehat_ui"
        },
        {
            "type": "single",
            "resource": "minecraft:hat/parkourhat_ui"
        },
        {
            "type": "single",
            "resource": "minecraft:hat/vanilla_skull"
        },
        {
            "type": "single",
            "resource": "minecraft:hat/cannonball"
        },
        {
            "type": "single",
            "resource": "minecraft:hat/cutlass"
        },
        {
            "type": "single",
            "resource": "minecraft:hat/battleaxe"
        },
        {
            "type": "single",
            "resource": "minecraft:hat/basalt_side"
        },
        {
            "type": "single",
            "resource": "minecraft:custom/burning_powder"
        },
        {
            "type": "single",
            "resource": "minecraft:custom/copper_cannonball_gui"
        },
        {
            "type": "single",
            "resource": "minecraft:custom/copper_cannonball"
        },
        {
            "type": "single",
            "resource": "minecraft:custom/copper_cannonball_weathered"
        },
        {
            "type": "single",
            "resource": "minecraft:custom/copper_cannonball_exposed"
        },
        {
            "type": "single",
            "resource": "minecraft:custom/copper_cannonball_clean"
        },
        {
            "type": "single",
            "resource": "minecraft:custom/cargobarrel_top"
        },
        {
            "type": "single",
            "resource": "minecraft:custom/cargobarrel_top_open"
        },
        {
            "type": "single",
            "resource": "minecraft:custom/cargobarrel_trap_top"
        },
        {
            "type": "single",
            "resource": "minecraft:custom/crab_shell"
        },
        {
            "type": "single",
            "resource": "minecraft:custom/crab_bottom"
        },
        {
            "type": "single",
            "resource": "minecraft:custom/crab_eye"
        },
        {
            "type": "single",
            "resource": "minecraft:custom/crab_walk"
        },
        {
            "type": "single",
            "resource": "minecraft:custom/crabrave"
        },
        {
            "type": "single",
            "resource": "minecraft:custom/crabtrapicon_5"
        },
        {
            "type": "single",
            "resource": "minecraft:custom/crabtrapicon_4"
        },
        {
            "type": "single",
            "resource": "minecraft:custom/crabtrapicon_3"
        },
        {
            "type": "single",
            "resource": "minecraft:custom/crabtrapicon_2"
        },
        {
            "type": "single",
            "resource": "minecraft:custom/crabtrapicon_1"
        },
        {
            "type": "single",
            "resource": "minecraft:custom/crabtrapicon_0"
        },
        {
            "type": "single",
            "resource": "minecraft:custom/beehive_end"
        },
        {
            "type": "single",
            "resource": "minecraft:custom/oak_log"
        },
        {
            "type": "single",
            "resource": "minecraft:custom/iron_block"
        },
        {
            "type": "single",
            "resource": "minecraft:lobby/morning"
        },
        {
            "type": "single",
            "resource": "minecraft:lobby/sunset"
        },
        {
            "type": "single",
            "resource": "minecraft:lobby/night"
        },
        {
            "type": "single",
            "resource": "minecraft:lobby/graverobbery"
        },
        {
            "type": "single",
            "resource": "minecraft:lobby/boatcannons"
        },
        {
            "type": "single",
            "resource": "minecraft:lobby/cancel"
        },
        {
            "type": "single",
            "resource": "minecraft:lobby/cancel_grayed"
        },
        {
            "type": "single",
            "resource": "minecraft:custom/shield_gui"
        },
        {
            "type": "single",
            "resource": "minecraft:custom/bone_block_side"
        },
        {
            "type": "single",
            "resource": "minecraft:custom/barrel_bottom"
        },
        {
            "type": "single",
            "resource": "minecraft:custom/coal_block"
        },
        {
            "type": "single",
            "resource": "minecraft:custom/anvil"
        }
    ]
}