{
	"credit": "Made with Blockbench",
	"textures": {
		"0": "hat/purple_wool",
		"3": "hat/magenta_wool",
		"4": "hat/hat_skull",
		"5": "hat/purplehat_ui",
		"6": "hat/vanilla_skull",
		"9": "hat/battleaxe",
		"1_6": "hat/cannonball",
		"1_7": "hat/basalt_side",
		"particle": "hat/gray_wool"
	},
	"elements": [
		{
			"from": [4, 1, 3],
			"to": [12, 5, 13],
			"faces": {
				"north": {"uv": [0, 0, 8, 4], "texture": "#0"},
				"east": {"uv": [0, 0, 10, 4], "texture": "#0"},
				"south": {"uv": [0, 0, 8, 4], "texture": "#0"},
				"west": {"uv": [0, 0, 10, 4], "texture": "#0"},
				"up": {"uv": [0, 0, 8, 10], "texture": "#0"},
				"down": {"uv": [0, 0, 8, 10], "texture": "#0"}
			}
		},
		{
			"from": [12, 1, 4],
			"to": [13, 5, 12],
			"faces": {
				"north": {"uv": [3, 4, 4, 8], "texture": "#0"},
				"east": {"uv": [3, 4, 11, 8], "texture": "#0"},
				"south": {"uv": [3, 4, 4, 8], "texture": "#0"},
				"west": {"uv": [3, 4, 11, 8], "texture": "#0"},
				"up": {"uv": [3, 4, 4, 12], "texture": "#0"},
				"down": {"uv": [3, 4, 4, 12], "texture": "#0"}
			}
		},
		{
			"from": [3, 1, 4],
			"to": [4, 5, 12],
			"faces": {
				"north": {"uv": [8, 5, 9, 9], "texture": "#0"},
				"east": {"uv": [8, 5, 16, 9], "texture": "#0"},
				"south": {"uv": [8, 5, 9, 9], "texture": "#0"},
				"west": {"uv": [8, 5, 16, 9], "texture": "#0"},
				"up": {"uv": [8, 5, 9, 13], "texture": "#0"},
				"down": {"uv": [8, 5, 9, 13], "texture": "#0"}
			}
		},
		{
			"from": [13.2, 1, -1.8],
			"to": [18.2, 2, -0.8],
			"rotation": {"angle": -22.5, "axis": "y", "origin": [0, 0, 0]},
			"faces": {
				"north": {"uv": [0, 0, 5, 1], "texture": "#0"},
				"east": {"uv": [0, 0, 1, 1], "texture": "#0"},
				"south": {"uv": [0, 0, 5, 1], "texture": "#0"},
				"west": {"uv": [0, 0, 1, 1], "texture": "#0"},
				"up": {"uv": [0, 0, 5, 1], "texture": "#0"},
				"down": {"uv": [0, 0, 5, 1], "texture": "#0"}
			}
		},
		{
			"from": [-3.4, 1, 4.32],
			"to": [1.6, 2, 5.32],
			"rotation": {"angle": 22.5, "axis": "y", "origin": [0, 0, 0]},
			"faces": {
				"north": {"uv": [0, 0, 5, 1], "texture": "#0"},
				"east": {"uv": [0, 0, 1, 1], "texture": "#0"},
				"south": {"uv": [0, 0, 5, 1], "texture": "#0"},
				"west": {"uv": [0, 0, 1, 1], "texture": "#0"},
				"up": {"uv": [0, 0, 5, 1], "texture": "#0"},
				"down": {"uv": [0, 0, 5, 1], "texture": "#0"}
			}
		},
		{
			"from": [0.6, 2, 4.32],
			"to": [1.6, 5, 5.32],
			"rotation": {"angle": 22.5, "axis": "y", "origin": [0, 0, 0]},
			"faces": {
				"north": {"uv": [0, 0, 1, 3], "texture": "#0"},
				"east": {"uv": [0, 0, 1, 3], "texture": "#0"},
				"south": {"uv": [0, 0, 1, 3], "texture": "#0"},
				"west": {"uv": [0, 0, 1, 3], "texture": "#0"},
				"up": {"uv": [0, 0, 1, 1], "texture": "#0"},
				"down": {"uv": [0, 0, 1, 1], "texture": "#0"}
			}
		},
		{
			"from": [13.2, 2, -1.8],
			"to": [14.2, 5, -0.8],
			"rotation": {"angle": -22.5, "axis": "y", "origin": [0, 0, 0]},
			"faces": {
				"north": {"uv": [0, 0, 1, 3], "texture": "#0"},
				"east": {"uv": [0, 0, 1, 3], "texture": "#0"},
				"south": {"uv": [0, 0, 1, 3], "texture": "#0"},
				"west": {"uv": [0, 0, 1, 3], "texture": "#0"},
				"up": {"uv": [0, 0, 1, 1], "texture": "#0"},
				"down": {"uv": [0, 0, 1, 1], "texture": "#0"}
			}
		},
		{
			"from": [5, 5, 3],
			"to": [11, 6, 4],
			"faces": {
				"north": {"uv": [0, 0, 6, 1], "texture": "#0"},
				"east": {"uv": [0, 0, 1, 1], "texture": "#0"},
				"south": {"uv": [0, 0, 6, 1], "texture": "#0"},
				"west": {"uv": [0, 0, 1, 1], "texture": "#0"},
				"up": {"uv": [0, 0, 6, 1], "texture": "#0"},
				"down": {"uv": [0, 0, 6, 1], "texture": "#0"}
			}
		},
		{
			"from": [3, 1, 3],
			"to": [4, 5, 4],
			"faces": {
				"north": {"uv": [0, 0, 1, 4], "texture": "#3"},
				"east": {"uv": [0, 0, 1, 4], "texture": "#3"},
				"south": {"uv": [0, 0, 1, 4], "texture": "#3"},
				"west": {"uv": [0, 0, 1, 4], "texture": "#3"},
				"up": {"uv": [0, 0, 1, 1], "texture": "#3"},
				"down": {"uv": [0, 0, 1, 1], "texture": "#3"}
			}
		},
		{
			"from": [12, 1, 3],
			"to": [13, 5, 4],
			"faces": {
				"north": {"uv": [0, 0, 1, 4], "texture": "#3"},
				"east": {"uv": [0, 0, 1, 4], "texture": "#3"},
				"south": {"uv": [0, 0, 1, 4], "texture": "#3"},
				"west": {"uv": [0, 0, 1, 4], "texture": "#3"},
				"up": {"uv": [0, 0, 1, 1], "texture": "#3"},
				"down": {"uv": [0, 0, 1, 1], "texture": "#3"}
			}
		},
		{
			"from": [11, 5, 3],
			"to": [12, 6, 4],
			"faces": {
				"north": {"uv": [0, 0, 1, 1], "texture": "#3"},
				"east": {"uv": [0, 0, 1, 1], "texture": "#3"},
				"south": {"uv": [0, 0, 1, 1], "texture": "#3"},
				"west": {"uv": [0, 0, 1, 1], "texture": "#3"},
				"up": {"uv": [0, 0, 1, 1], "texture": "#3"},
				"down": {"uv": [0, 0, 1, 1], "texture": "#3"}
			}
		},
		{
			"from": [4, 5, 3],
			"to": [5, 6, 4],
			"faces": {
				"north": {"uv": [0, 0, 1, 1], "texture": "#3"},
				"east": {"uv": [0, 0, 1, 1], "texture": "#3"},
				"south": {"uv": [0, 0, 1, 1], "texture": "#3"},
				"west": {"uv": [0, 0, 1, 1], "texture": "#3"},
				"up": {"uv": [0, 0, 1, 1], "texture": "#3"},
				"down": {"uv": [0, 0, 1, 1], "texture": "#3"}
			}
		},
		{
			"from": [4, 6, 3],
			"to": [12, 7, 4],
			"faces": {
				"north": {"uv": [0, 0, 8, 1], "texture": "#3"},
				"east": {"uv": [0, 0, 1, 1], "texture": "#3"},
				"south": {"uv": [0, 0, 8, 1], "texture": "#3"},
				"west": {"uv": [0, 0, 1, 1], "texture": "#3"},
				"up": {"uv": [0, 0, 8, 1], "texture": "#3"},
				"down": {"uv": [0, 0, 8, 1], "texture": "#3"}
			}
		},
		{
			"from": [4, 4.4, 12.1],
			"to": [12, 5.4, 13.1],
			"rotation": {"angle": 0, "axis": "y", "origin": [0, -0.6, 0.1]},
			"faces": {
				"north": {"uv": [0, 0, 8, 1], "texture": "#3"},
				"east": {"uv": [0, 0, 1, 1], "texture": "#3"},
				"south": {"uv": [0, 0, 8, 1], "texture": "#3"},
				"west": {"uv": [0, 0, 1, 1], "texture": "#3"},
				"up": {"uv": [0, 0, 8, 1], "texture": "#3"},
				"down": {"uv": [0, 0, 8, 1], "texture": "#3"}
			}
		},
		{
			"from": [12.2, 5, -1.8],
			"to": [15.2, 6, -0.8],
			"rotation": {"angle": -22.5, "axis": "y", "origin": [0, 0, 0]},
			"faces": {
				"north": {"uv": [0, 0, 3, 1], "texture": "#3"},
				"east": {"uv": [0, 0, 1, 1], "texture": "#3"},
				"south": {"uv": [0, 0, 3, 1], "texture": "#3"},
				"west": {"uv": [0, 0, 1, 1], "texture": "#3"},
				"up": {"uv": [0, 0, 3, 1], "texture": "#3"},
				"down": {"uv": [0, 0, 3, 1], "texture": "#3"}
			}
		},
		{
			"from": [9, 4.4, 5.5],
			"to": [12, 5.4, 6.5],
			"rotation": {"angle": -45, "axis": "y", "origin": [0, -0.6, 0.1]},
			"faces": {
				"north": {"uv": [0, 0, 3, 1], "texture": "#3"},
				"east": {"uv": [0, 0, 1, 1], "texture": "#3"},
				"south": {"uv": [0, 0, 3, 1], "texture": "#3"},
				"west": {"uv": [0, 0, 1, 1], "texture": "#3"},
				"up": {"uv": [0, 0, 3, 1], "texture": "#3"},
				"down": {"uv": [0, 0, 3, 1], "texture": "#3"}
			}
		},
		{
			"from": [9, 2.4, 5.5],
			"to": [10, 4.4, 6.5],
			"rotation": {"angle": -45, "axis": "y", "origin": [0, -0.6, 0.1]},
			"faces": {
				"north": {"uv": [0, 0, 1, 2], "texture": "#3"},
				"east": {"uv": [0, 0, 1, 2], "texture": "#3"},
				"south": {"uv": [0, 0, 1, 2], "texture": "#3"},
				"west": {"uv": [0, 0, 1, 2], "texture": "#3"},
				"up": {"uv": [0, 0, 1, 1], "texture": "#3"},
				"down": {"uv": [0, 0, 1, 1], "texture": "#3"}
			}
		},
		{
			"from": [7, 1.4, 5.5],
			"to": [10, 2.4, 6.5],
			"rotation": {"angle": -45, "axis": "y", "origin": [0, -0.6, 0.1]},
			"faces": {
				"north": {"uv": [0, 0, 3, 1], "texture": "#3"},
				"east": {"uv": [0, 0, 1, 1], "texture": "#3"},
				"south": {"uv": [0, 0, 3, 1], "texture": "#3"},
				"west": {"uv": [0, 0, 1, 1], "texture": "#3"},
				"up": {"uv": [0, 0, 3, 1], "texture": "#3"},
				"down": {"uv": [0, 0, 3, 1], "texture": "#3"}
			}
		},
		{
			"from": [10, 1.4, 5.5],
			"to": [12, 4.4, 6.5],
			"rotation": {"angle": -45, "axis": "y", "origin": [0, -0.6, 0.1]},
			"faces": {
				"north": {"uv": [0, 0, 2, 3], "texture": "#0"},
				"east": {"uv": [0, 0, 1, 3], "texture": "#0"},
				"south": {"uv": [0, 0, 2, 3], "texture": "#0"},
				"west": {"uv": [0, 0, 1, 3], "texture": "#0"},
				"up": {"uv": [0, 0, 2, 1], "texture": "#0"},
				"down": {"uv": [0, 0, 2, 1], "texture": "#0"}
			}
		},
		{
			"from": [7, 0.4, 5.5],
			"to": [12, 1.4, 6.5],
			"rotation": {"angle": -45, "axis": "y", "origin": [0, -0.6, 0.1]},
			"faces": {
				"north": {"uv": [0, 0, 5, 1], "texture": "#0"},
				"east": {"uv": [0, 0, 1, 1], "texture": "#0"},
				"south": {"uv": [0, 0, 5, 1], "texture": "#0"},
				"west": {"uv": [0, 0, 1, 1], "texture": "#0"},
				"up": {"uv": [0, 0, 5, 1], "texture": "#0"},
				"down": {"uv": [0, 0, 5, 1], "texture": "#0"}
			}
		},
		{
			"from": [14.2, 2, -1.8],
			"to": [15.2, 5, -0.8],
			"rotation": {"angle": -22.5, "axis": "y", "origin": [0, 0, 0]},
			"faces": {
				"north": {"uv": [0, 0, 1, 3], "texture": "#3"},
				"east": {"uv": [0, 0, 1, 3], "texture": "#3"},
				"south": {"uv": [0, 0, 1, 3], "texture": "#3"},
				"west": {"uv": [0, 0, 1, 3], "texture": "#3"},
				"up": {"uv": [0, 0, 1, 1], "texture": "#3"},
				"down": {"uv": [0, 0, 1, 1], "texture": "#3"}
			}
		},
		{
			"from": [15.2, 2, -1.8],
			"to": [18.2, 3, -0.8],
			"rotation": {"angle": -22.5, "axis": "y", "origin": [0, 0, 0]},
			"faces": {
				"north": {"uv": [0, 0, 3, 1], "texture": "#3"},
				"east": {"uv": [0, 0, 1, 1], "texture": "#3"},
				"south": {"uv": [0, 0, 3, 1], "texture": "#3"},
				"west": {"uv": [0, 0, 1, 1], "texture": "#3"},
				"up": {"uv": [0, 0, 3, 1], "texture": "#3"},
				"down": {"uv": [0, 0, 3, 1], "texture": "#3"}
			}
		},
		{
			"from": [-0.4, 5, 4.32],
			"to": [2.6, 6, 5.32],
			"rotation": {"angle": 22.5, "axis": "y", "origin": [0, 0, 0]},
			"faces": {
				"north": {"uv": [0, 0, 3, 1], "texture": "#3"},
				"east": {"uv": [0, 0, 1, 1], "texture": "#3"},
				"south": {"uv": [0, 0, 3, 1], "texture": "#3"},
				"west": {"uv": [0, 0, 1, 1], "texture": "#3"},
				"up": {"uv": [0, 0, 3, 1], "rotation": 180, "texture": "#3"},
				"down": {"uv": [0, 0, 3, 1], "rotation": 180, "texture": "#3"}
			}
		},
		{
			"from": [-0.7, 1.4, 16.82],
			"to": [1.3, 4.4, 17.82],
			"rotation": {"angle": 45, "axis": "y", "origin": [0, -0.6, 0.1]},
			"faces": {
				"north": {"uv": [0, 0, 2, 3], "texture": "#0"},
				"east": {"uv": [0, 0, 1, 3], "texture": "#0"},
				"south": {"uv": [0, 0, 2, 3], "texture": "#0"},
				"west": {"uv": [0, 0, 1, 3], "texture": "#0"},
				"up": {"uv": [0, 0, 2, 1], "texture": "#0"},
				"down": {"uv": [0, 0, 2, 1], "texture": "#0"}
			}
		},
		{
			"from": [-0.7, 0.4, 16.82],
			"to": [4.3, 1.4, 17.82],
			"rotation": {"angle": 45, "axis": "y", "origin": [0, -0.6, 0.1]},
			"faces": {
				"north": {"uv": [0, 0, 5, 1], "texture": "#0"},
				"east": {"uv": [0, 0, 1, 1], "texture": "#0"},
				"south": {"uv": [0, 0, 5, 1], "texture": "#0"},
				"west": {"uv": [0, 0, 1, 1], "texture": "#0"},
				"up": {"uv": [0, 0, 5, 1], "texture": "#0"},
				"down": {"uv": [0, 0, 5, 1], "texture": "#0"}
			}
		},
		{
			"from": [-0.7, 4.4, 16.82],
			"to": [2.3, 5.4, 17.82],
			"rotation": {"angle": 45, "axis": "y", "origin": [0, -0.6, 0.1]},
			"faces": {
				"north": {"uv": [0, 0, 3, 1], "texture": "#3"},
				"east": {"uv": [0, 0, 1, 1], "texture": "#3"},
				"south": {"uv": [0, 0, 3, 1], "texture": "#3"},
				"west": {"uv": [0, 0, 1, 1], "texture": "#3"},
				"up": {"uv": [0, 0, 3, 1], "rotation": 180, "texture": "#3"},
				"down": {"uv": [0, 0, 3, 1], "rotation": 180, "texture": "#3"}
			}
		},
		{
			"from": [1.3, 2.4, 16.82],
			"to": [2.3, 4.4, 17.82],
			"rotation": {"angle": 45, "axis": "y", "origin": [0, -0.6, 0.1]},
			"faces": {
				"north": {"uv": [0, 0, 1, 2], "texture": "#3"},
				"east": {"uv": [0, 0, 1, 2], "texture": "#3"},
				"south": {"uv": [0, 0, 1, 2], "texture": "#3"},
				"west": {"uv": [0, 0, 1, 2], "texture": "#3"},
				"up": {"uv": [0, 0, 1, 1], "rotation": 180, "texture": "#3"},
				"down": {"uv": [0, 0, 1, 1], "rotation": 180, "texture": "#3"}
			}
		},
		{
			"from": [1.3, 1.4, 16.82],
			"to": [4.3, 2.4, 17.82],
			"rotation": {"angle": 45, "axis": "y", "origin": [0, -0.6, 0.1]},
			"faces": {
				"north": {"uv": [0, 0, 3, 1], "texture": "#3"},
				"east": {"uv": [0, 0, 1, 1], "texture": "#3"},
				"south": {"uv": [0, 0, 3, 1], "texture": "#3"},
				"west": {"uv": [0, 0, 1, 1], "texture": "#3"},
				"up": {"uv": [0, 0, 3, 1], "rotation": 180, "texture": "#3"},
				"down": {"uv": [0, 0, 3, 1], "rotation": 180, "texture": "#3"}
			}
		},
		{
			"from": [-0.4, 2, 4.32],
			"to": [0.6, 5, 5.32],
			"rotation": {"angle": 22.5, "axis": "y", "origin": [0, 0, 0]},
			"faces": {
				"north": {"uv": [0, 0, 1, 3], "texture": "#3"},
				"east": {"uv": [0, 0, 1, 3], "texture": "#3"},
				"south": {"uv": [0, 0, 1, 3], "texture": "#3"},
				"west": {"uv": [0, 0, 1, 3], "texture": "#3"},
				"up": {"uv": [0, 0, 1, 1], "rotation": 180, "texture": "#3"},
				"down": {"uv": [0, 0, 1, 1], "rotation": 180, "texture": "#3"}
			}
		},
		{
			"from": [-3.4, 2, 4.32],
			"to": [-0.4, 3, 5.32],
			"rotation": {"angle": 22.5, "axis": "y", "origin": [0, 0, 0]},
			"faces": {
				"north": {"uv": [0, 0, 3, 1], "texture": "#3"},
				"east": {"uv": [0, 0, 1, 1], "texture": "#3"},
				"south": {"uv": [0, 0, 3, 1], "texture": "#3"},
				"west": {"uv": [0, 0, 1, 1], "texture": "#3"},
				"up": {"uv": [0, 0, 3, 1], "rotation": 180, "texture": "#3"},
				"down": {"uv": [0, 0, 3, 1], "rotation": 180, "texture": "#3"}
			}
		},
		{
			"from": [4, 0, 3.5],
			"to": [12, 8, 3.5],
			"faces": {
				"north": {"uv": [0, 0, 16, 16], "texture": "#5"}
			}
		},
		{
			"from": [-5.6, 9.3, 5.7],
			"to": [0.3, 10.8, 7.2],
			"rotation": {"angle": -22.5, "axis": "z", "origin": [-4.6, 0, -1]},
			"faces": {
				"north": {"uv": [3, 13, 8.9, 14.5], "texture": "#1_7"},
				"east": {"uv": [3, 13, 4.5, 14.5], "texture": "#1_7"},
				"south": {"uv": [3, 13, 8.9, 14.5], "texture": "#1_7"},
				"west": {"uv": [0, 3, 0.5, 3.5], "texture": "#1_7"},
				"up": {"uv": [3, 13, 8.9, 14.5], "texture": "#1_7"},
				"down": {"uv": [3, 13, 8.9, 14.5], "texture": "#1_7"}
			}
		},
		{
			"from": [-10.1, 8.6, 6.4],
			"to": [-7.6, 11.1, 6.4],
			"rotation": {"angle": -22.5, "axis": "z", "origin": [-4.6, 0, -1]},
			"faces": {
				"north": {"uv": [0, 0, 16, 16], "texture": "#1_6"},
				"south": {"uv": [0, 0, 16, 16], "texture": "#1_6"}
			}
		},
		{
			"from": [0.3, 9.7, 6.1],
			"to": [1.1, 10.3, 6.7],
			"rotation": {"angle": -22.5, "axis": "z", "origin": [-4.6, 0, -1]},
			"faces": {
				"north": {"uv": [3, 13, 3.8, 13.6], "texture": "#1_7"},
				"east": {"uv": [3, 13, 3.6, 13.6], "texture": "#1_7"},
				"south": {"uv": [3, 13, 3.8, 13.6], "texture": "#1_7"},
				"west": {"uv": [3, 13, 3.6, 13.6], "texture": "#1_7"},
				"up": {"uv": [3, 13, 3.8, 13.6], "texture": "#1_7"},
				"down": {"uv": [3, 13, 3.8, 13.6], "texture": "#1_7"}
			}
		},
		{
			"from": [1.1, 9.5, 5.9],
			"to": [2.1, 10.5, 6.9],
			"rotation": {"angle": -22.5, "axis": "z", "origin": [-4.6, 0, -1]},
			"faces": {
				"north": {"uv": [3, 13, 4, 14], "texture": "#1_7"},
				"east": {"uv": [3, 13, 4, 14], "texture": "#1_7"},
				"south": {"uv": [3, 13, 4, 14], "texture": "#1_7"},
				"west": {"uv": [3, 13, 4, 14], "texture": "#1_7"},
				"up": {"uv": [3, 13, 4, 14], "texture": "#1_7"},
				"down": {"uv": [3, 13, 4, 14], "texture": "#1_7"}
			}
		},
		{
			"from": [-4.6, 10.8, 5.7],
			"to": [-2.6, 11, 7.2],
			"rotation": {"angle": -22.5, "axis": "z", "origin": [-4.6, 0, -1]},
			"faces": {
				"north": {"uv": [3, 13, 5, 13.2], "texture": "#1_7"},
				"east": {"uv": [3, 13, 4.5, 13.2], "texture": "#1_7"},
				"south": {"uv": [3, 13, 5, 13.2], "texture": "#1_7"},
				"west": {"uv": [3, 13, 4.5, 13.2], "texture": "#1_7"},
				"up": {"uv": [3, 13, 5, 14.5], "texture": "#1_7"},
				"down": {"uv": [3, 13, 5, 14.5], "texture": "#1_7"}
			}
		},
		{
			"from": [-0.6, 10.8, 5.7],
			"to": [0, 11, 7.2],
			"rotation": {"angle": -22.5, "axis": "z", "origin": [-4.6, 0, -1]},
			"faces": {
				"north": {"uv": [3, 13, 3.6, 13.2], "texture": "#1_7"},
				"east": {"uv": [3, 13, 4.5, 13.2], "texture": "#1_7"},
				"south": {"uv": [3, 13, 3.6, 13.2], "texture": "#1_7"},
				"west": {"uv": [3, 13, 4.5, 13.2], "texture": "#1_7"},
				"up": {"uv": [3, 13, 3.6, 14.5], "texture": "#1_7"},
				"down": {"uv": [3, 13, 3.6, 14.5], "texture": "#1_7"}
			}
		},
		{
			"from": [-0.6, 9.1, 5.7],
			"to": [0, 9.3, 7.2],
			"rotation": {"angle": -22.5, "axis": "z", "origin": [-4.6, 0, -1]},
			"faces": {
				"north": {"uv": [3, 13, 3.6, 13.2], "texture": "#1_7"},
				"east": {"uv": [3, 13, 4.5, 13.2], "texture": "#1_7"},
				"south": {"uv": [3, 13, 3.6, 13.2], "texture": "#1_7"},
				"west": {"uv": [3, 13, 4.5, 13.2], "texture": "#1_7"},
				"up": {"uv": [3, 13, 3.6, 14.5], "texture": "#1_7"},
				"down": {"uv": [3, 13, 3.6, 14.5], "texture": "#1_7"}
			}
		},
		{
			"from": [-2.6, 10.8, 5.7],
			"to": [-0.6, 11.2, 7.2],
			"rotation": {"angle": -22.5, "axis": "z", "origin": [-4.6, 0, -1]},
			"faces": {
				"north": {"uv": [3, 13, 5, 13.4], "texture": "#1_7"},
				"east": {"uv": [3, 13, 4.5, 13.4], "texture": "#1_7"},
				"south": {"uv": [3, 13, 5, 13.4], "texture": "#1_7"},
				"west": {"uv": [3, 13, 4.5, 13.4], "texture": "#1_7"},
				"up": {"uv": [3, 13, 5, 14.5], "texture": "#1_7"},
				"down": {"uv": [3, 13, 5, 14.5], "texture": "#1_7"}
			}
		},
		{
			"from": [-2.6, 8.9, 5.7],
			"to": [-0.6, 9.3, 7.2],
			"rotation": {"angle": -22.5, "axis": "z", "origin": [-4.6, 0, -1]},
			"faces": {
				"north": {"uv": [3, 13, 5, 13.4], "texture": "#1_7"},
				"east": {"uv": [3, 13, 4.5, 13.4], "texture": "#1_7"},
				"south": {"uv": [3, 13, 5, 13.4], "texture": "#1_7"},
				"west": {"uv": [3, 13, 4.5, 13.4], "texture": "#1_7"},
				"up": {"uv": [3, 13, 5, 14.5], "texture": "#1_7"},
				"down": {"uv": [3, 13, 5, 14.5], "texture": "#1_7"}
			}
		},
		{
			"from": [-4.6, 9.1, 5.7],
			"to": [-2.6, 9.3, 7.2],
			"rotation": {"angle": -22.5, "axis": "z", "origin": [-4.6, 0, -1]},
			"faces": {
				"north": {"uv": [3, 13, 5, 13.2], "texture": "#1_7"},
				"east": {"uv": [3, 13, 4.5, 13.2], "texture": "#1_7"},
				"south": {"uv": [3, 13, 5, 13.2], "texture": "#1_7"},
				"west": {"uv": [3, 13, 4.5, 13.2], "texture": "#1_7"},
				"up": {"uv": [3, 13, 5, 14.5], "texture": "#1_7"},
				"down": {"uv": [3, 13, 5, 14.5], "texture": "#1_7"}
			}
		},
		{
			"from": [-4.6, 9.3, 7.2],
			"to": [-2.6, 10.8, 7.4],
			"rotation": {"angle": -22.5, "axis": "z", "origin": [-4.6, 0, -1]},
			"faces": {
				"north": {"uv": [3, 13, 5, 14.5], "texture": "#1_7"},
				"east": {"uv": [3, 13, 3.2, 14.5], "texture": "#1_7"},
				"south": {"uv": [3, 13, 5, 14.5], "texture": "#1_7"},
				"west": {"uv": [3, 13, 3.2, 14.5], "texture": "#1_7"},
				"up": {"uv": [3, 13, 5, 13.2], "texture": "#1_7"},
				"down": {"uv": [3, 13, 5, 13.2], "texture": "#1_7"}
			}
		},
		{
			"from": [-4.6, 9.3, 5.5],
			"to": [-2.6, 10.8, 5.7],
			"rotation": {"angle": -22.5, "axis": "z", "origin": [-4.6, 0, -1]},
			"faces": {
				"north": {"uv": [3, 13, 5, 14.5], "texture": "#1_7"},
				"east": {"uv": [3, 13, 3.2, 14.5], "texture": "#1_7"},
				"south": {"uv": [3, 13, 5, 14.5], "texture": "#1_7"},
				"west": {"uv": [3, 13, 3.2, 14.5], "texture": "#1_7"},
				"up": {"uv": [3, 13, 5, 13.2], "texture": "#1_7"},
				"down": {"uv": [3, 13, 5, 13.2], "texture": "#1_7"}
			}
		},
		{
			"from": [-0.6, 9.3, 5.5],
			"to": [0, 10.8, 5.7],
			"rotation": {"angle": -22.5, "axis": "z", "origin": [-4.6, 0, -1]},
			"faces": {
				"north": {"uv": [3, 13, 3.6, 14.5], "texture": "#1_7"},
				"east": {"uv": [3, 13, 3.2, 14.5], "texture": "#1_7"},
				"south": {"uv": [3, 13, 3.6, 14.5], "texture": "#1_7"},
				"west": {"uv": [3, 13, 3.2, 14.5], "texture": "#1_7"},
				"up": {"uv": [3, 13, 3.6, 13.2], "texture": "#1_7"},
				"down": {"uv": [3, 13, 3.6, 13.2], "texture": "#1_7"}
			}
		},
		{
			"from": [-0.6, 9.3, 7.2],
			"to": [0, 10.8, 7.4],
			"rotation": {"angle": -22.5, "axis": "z", "origin": [-4.6, 0, -1]},
			"faces": {
				"north": {"uv": [3, 13, 3.6, 14.5], "texture": "#1_7"},
				"east": {"uv": [3, 13, 3.2, 14.5], "texture": "#1_7"},
				"south": {"uv": [3, 13, 3.6, 14.5], "texture": "#1_7"},
				"west": {"uv": [3, 13, 3.2, 14.5], "texture": "#1_7"},
				"up": {"uv": [3, 13, 3.6, 13.2], "texture": "#1_7"},
				"down": {"uv": [3, 13, 3.6, 13.2], "texture": "#1_7"}
			}
		},
		{
			"from": [-2.6, 9.3, 5.3],
			"to": [-0.6, 10.8, 5.7],
			"rotation": {"angle": -22.5, "axis": "z", "origin": [-4.6, 0, -1]},
			"faces": {
				"north": {"uv": [3, 13, 5, 14.5], "texture": "#1_7"},
				"east": {"uv": [3, 13, 3.4, 14.5], "texture": "#1_7"},
				"south": {"uv": [3, 13, 5, 14.5], "texture": "#1_7"},
				"west": {"uv": [3, 13, 3.4, 14.5], "texture": "#1_7"},
				"up": {"uv": [3, 13, 5, 13.4], "texture": "#1_7"},
				"down": {"uv": [3, 13, 5, 13.4], "texture": "#1_7"}
			}
		},
		{
			"from": [-2.6, 9.3, 7.2],
			"to": [-0.6, 10.8, 7.6],
			"rotation": {"angle": -22.5, "axis": "z", "origin": [-4.6, 0, -1]},
			"faces": {
				"north": {"uv": [3, 13, 5, 14.5], "texture": "#1_7"},
				"east": {"uv": [3, 13, 3.4, 14.5], "texture": "#1_7"},
				"south": {"uv": [3, 13, 5, 14.5], "texture": "#1_7"},
				"west": {"uv": [3, 13, 3.4, 14.5], "texture": "#1_7"},
				"up": {"uv": [3, 13, 5, 13.4], "texture": "#1_7"},
				"down": {"uv": [3, 13, 5, 13.4], "texture": "#1_7"}
			}
		},
		{
			"from": [-6.1, 10.5, 5.7],
			"to": [-5.6, 11, 7.2],
			"rotation": {"angle": -22.5, "axis": "z", "origin": [-4.6, 0, -1]},
			"faces": {
				"north": {"uv": [3, 13, 3.5, 13.5], "texture": "#1_7"},
				"east": {"uv": [3, 13, 4.5, 13.5], "texture": "#1_7"},
				"south": {"uv": [3, 13, 3.5, 13.5], "texture": "#1_7"},
				"west": {"uv": [3, 13, 4.5, 13.5], "texture": "#1_7"},
				"up": {"uv": [3, 13, 3.5, 14.5], "texture": "#1_7"},
				"down": {"uv": [3, 13, 3.5, 14.5], "texture": "#1_7"}
			}
		},
		{
			"from": [-6.1, 9.1, 5.7],
			"to": [-5.6, 9.6, 7.2],
			"rotation": {"angle": -22.5, "axis": "z", "origin": [-4.6, 0, -1]},
			"faces": {
				"north": {"uv": [3, 13, 3.5, 13.5], "texture": "#1_7"},
				"east": {"uv": [3, 13, 4.5, 13.5], "texture": "#1_7"},
				"south": {"uv": [3, 13, 3.5, 13.5], "texture": "#1_7"},
				"west": {"uv": [3, 13, 4.5, 13.5], "texture": "#1_7"},
				"up": {"uv": [3, 13, 3.5, 14.5], "texture": "#1_7"},
				"down": {"uv": [3, 13, 3.5, 14.5], "texture": "#1_7"}
			}
		},
		{
			"from": [-6.1, 9.6, 6.9],
			"to": [-5.6, 10.5, 7.4],
			"rotation": {"angle": -22.5, "axis": "z", "origin": [-4.6, 0, -1]},
			"faces": {
				"north": {"uv": [3, 13, 3.5, 13.9], "texture": "#1_7"},
				"east": {"uv": [3, 13, 3.5, 13.9], "texture": "#1_7"},
				"south": {"uv": [3, 13, 3.5, 13.9], "texture": "#1_7"},
				"west": {"uv": [3, 13, 3.5, 13.9], "texture": "#1_7"},
				"up": {"uv": [3, 13, 3.5, 13.5], "texture": "#1_7"},
				"down": {"uv": [3, 13, 3.5, 13.5], "texture": "#1_7"}
			}
		},
		{
			"from": [-6.1, 9.6, 5.5],
			"to": [-5.6, 10.5, 6],
			"rotation": {"angle": -22.5, "axis": "z", "origin": [-4.6, 0, -1]},
			"faces": {
				"north": {"uv": [3, 13, 3.5, 13.9], "texture": "#1_7"},
				"east": {"uv": [3, 13, 3.5, 13.9], "texture": "#1_7"},
				"south": {"uv": [3, 13, 3.5, 13.9], "texture": "#1_7"},
				"west": {"uv": [3, 13, 3.5, 13.9], "texture": "#1_7"},
				"up": {"uv": [3, 13, 3.5, 13.5], "texture": "#1_7"},
				"down": {"uv": [3, 13, 3.5, 13.5], "texture": "#1_7"}
			}
		},
		{
			"from": [-2, 5.2, 5.5],
			"to": [5, 7.2, 7.5],
			"rotation": {"angle": -22.5, "axis": "z", "origin": [0, 0, 0]},
			"faces": {
				"north": {"uv": [5, 6, 12, 8], "texture": "#0"},
				"east": {"uv": [5, 6, 7, 8], "texture": "#0"},
				"south": {"uv": [5, 6, 12, 8], "texture": "#0"},
				"west": {"uv": [5, 6, 7, 8], "texture": "#0"},
				"up": {"uv": [5, 6, 12, 8], "texture": "#0"},
				"down": {"uv": [5, 6, 12, 8], "texture": "#0"}
			}
		},
		{
			"from": [10, -1, 5.5],
			"to": [17, 1, 7.5],
			"rotation": {"angle": 22.5, "axis": "z", "origin": [0, 0, 0]},
			"faces": {
				"north": {"uv": [5, 6, 12, 8], "texture": "#0"},
				"east": {"uv": [5, 6, 7, 8], "texture": "#0"},
				"south": {"uv": [5, 6, 12, 8], "texture": "#0"},
				"west": {"uv": [5, 6, 7, 8], "texture": "#0"},
				"up": {"uv": [5, 6, 12, 8], "texture": "#0"},
				"down": {"uv": [5, 6, 12, 8], "texture": "#0"}
			}
		},
		{
			"from": [6.4, 3.1, 5.5],
			"to": [9.9, 5.1, 7.5],
			"faces": {
				"north": {"uv": [5, 6, 8.5, 8], "texture": "#0"},
				"east": {"uv": [5, 6, 7, 8], "texture": "#0"},
				"south": {"uv": [5, 6, 8.5, 8], "texture": "#0"},
				"west": {"uv": [5, 6, 7, 8], "texture": "#0"},
				"up": {"uv": [5, 6, 8.5, 8], "texture": "#0"},
				"down": {"uv": [5, 6, 8.5, 8], "texture": "#0"}
			}
		},
		{
			"from": [14.3, -0.6, 5.8],
			"to": [14.9, -0.4, 7.3],
			"rotation": {"angle": 22.5, "axis": "z", "origin": [-4.6, 0, -1]},
			"faces": {
				"north": {"uv": [3, 13, 3.6, 13.2], "texture": "#1_7"},
				"east": {"uv": [3, 13, 4.5, 13.2], "texture": "#1_7"},
				"south": {"uv": [3, 13, 3.6, 13.2], "texture": "#1_7"},
				"west": {"uv": [3, 13, 4.5, 13.2], "texture": "#1_7"},
				"up": {"uv": [3, 13, 3.6, 14.5], "rotation": 180, "texture": "#1_7"},
				"down": {"uv": [3, 13, 3.6, 14.5], "rotation": 180, "texture": "#1_7"}
			}
		},
		{
			"from": [19.9, -0.1, 7],
			"to": [20.4, 0.8, 7.5],
			"rotation": {"angle": 22.5, "axis": "z", "origin": [-4.6, 0, -1]},
			"faces": {
				"north": {"uv": [3, 13, 3.5, 13.9], "texture": "#1_7"},
				"east": {"uv": [3, 13, 3.5, 13.9], "texture": "#1_7"},
				"south": {"uv": [3, 13, 3.5, 13.9], "texture": "#1_7"},
				"west": {"uv": [3, 13, 3.5, 13.9], "texture": "#1_7"},
				"up": {"uv": [3, 13, 3.5, 13.5], "rotation": 180, "texture": "#1_7"},
				"down": {"uv": [3, 13, 3.5, 13.5], "rotation": 180, "texture": "#1_7"}
			}
		},
		{
			"from": [19.9, -0.1, 5.6],
			"to": [20.4, 0.8, 6.1],
			"rotation": {"angle": 22.5, "axis": "z", "origin": [-4.6, 0, -1]},
			"faces": {
				"north": {"uv": [3, 13, 3.5, 13.9], "texture": "#1_7"},
				"east": {"uv": [3, 13, 3.5, 13.9], "texture": "#1_7"},
				"south": {"uv": [3, 13, 3.5, 13.9], "texture": "#1_7"},
				"west": {"uv": [3, 13, 3.5, 13.9], "texture": "#1_7"},
				"up": {"uv": [3, 13, 3.5, 13.5], "rotation": 180, "texture": "#1_7"},
				"down": {"uv": [3, 13, 3.5, 13.5], "rotation": 180, "texture": "#1_7"}
			}
		},
		{
			"from": [19.9, -0.6, 5.8],
			"to": [20.4, -0.1, 7.3],
			"rotation": {"angle": 22.5, "axis": "z", "origin": [-4.6, 0, -1]},
			"faces": {
				"north": {"uv": [3, 13, 3.5, 13.5], "texture": "#1_7"},
				"east": {"uv": [3, 13, 4.5, 13.5], "texture": "#1_7"},
				"south": {"uv": [3, 13, 3.5, 13.5], "texture": "#1_7"},
				"west": {"uv": [3, 13, 4.5, 13.5], "texture": "#1_7"},
				"up": {"uv": [3, 13, 3.5, 14.5], "rotation": 180, "texture": "#1_7"},
				"down": {"uv": [3, 13, 3.5, 14.5], "rotation": 180, "texture": "#1_7"}
			}
		},
		{
			"from": [19.9, 0.8, 5.8],
			"to": [20.4, 1.3, 7.3],
			"rotation": {"angle": 22.5, "axis": "z", "origin": [-4.6, 0, -1]},
			"faces": {
				"north": {"uv": [3, 13, 3.5, 13.5], "texture": "#1_7"},
				"east": {"uv": [3, 13, 4.5, 13.5], "texture": "#1_7"},
				"south": {"uv": [3, 13, 3.5, 13.5], "texture": "#1_7"},
				"west": {"uv": [3, 13, 4.5, 13.5], "texture": "#1_7"},
				"up": {"uv": [3, 13, 3.5, 14.5], "rotation": 180, "texture": "#1_7"},
				"down": {"uv": [3, 13, 3.5, 14.5], "rotation": 180, "texture": "#1_7"}
			}
		},
		{
			"from": [14.9, -0.4, 5.4],
			"to": [16.9, 1.1, 5.8],
			"rotation": {"angle": 22.5, "axis": "z", "origin": [-4.6, 0, -1]},
			"faces": {
				"north": {"uv": [3, 13, 5, 14.5], "texture": "#1_7"},
				"east": {"uv": [3, 13, 3.4, 14.5], "texture": "#1_7"},
				"south": {"uv": [3, 13, 5, 14.5], "texture": "#1_7"},
				"west": {"uv": [3, 13, 3.4, 14.5], "texture": "#1_7"},
				"up": {"uv": [3, 13, 5, 13.4], "rotation": 180, "texture": "#1_7"},
				"down": {"uv": [3, 13, 5, 13.4], "rotation": 180, "texture": "#1_7"}
			}
		},
		{
			"from": [14.9, -0.4, 7.3],
			"to": [16.9, 1.1, 7.7],
			"rotation": {"angle": 22.5, "axis": "z", "origin": [-4.6, 0, -1]},
			"faces": {
				"north": {"uv": [3, 13, 5, 14.5], "texture": "#1_7"},
				"east": {"uv": [3, 13, 3.4, 14.5], "texture": "#1_7"},
				"south": {"uv": [3, 13, 5, 14.5], "texture": "#1_7"},
				"west": {"uv": [3, 13, 3.4, 14.5], "texture": "#1_7"},
				"up": {"uv": [3, 13, 5, 13.4], "rotation": 180, "texture": "#1_7"},
				"down": {"uv": [3, 13, 5, 13.4], "rotation": 180, "texture": "#1_7"}
			}
		},
		{
			"from": [14.3, -0.4, 5.6],
			"to": [14.9, 1.1, 5.8],
			"rotation": {"angle": 22.5, "axis": "z", "origin": [-4.6, 0, -1]},
			"faces": {
				"north": {"uv": [3, 13, 3.6, 14.5], "texture": "#1_7"},
				"east": {"uv": [3, 13, 3.2, 14.5], "texture": "#1_7"},
				"south": {"uv": [3, 13, 3.6, 14.5], "texture": "#1_7"},
				"west": {"uv": [3, 13, 3.2, 14.5], "texture": "#1_7"},
				"up": {"uv": [3, 13, 3.6, 13.2], "rotation": 180, "texture": "#1_7"},
				"down": {"uv": [3, 13, 3.6, 13.2], "rotation": 180, "texture": "#1_7"}
			}
		},
		{
			"from": [14.3, -0.4, 7.3],
			"to": [14.9, 1.1, 7.5],
			"rotation": {"angle": 22.5, "axis": "z", "origin": [-4.6, 0, -1]},
			"faces": {
				"north": {"uv": [3, 13, 3.6, 14.5], "texture": "#1_7"},
				"east": {"uv": [3, 13, 3.2, 14.5], "texture": "#1_7"},
				"south": {"uv": [3, 13, 3.6, 14.5], "texture": "#1_7"},
				"west": {"uv": [3, 13, 3.2, 14.5], "texture": "#1_7"},
				"up": {"uv": [3, 13, 3.6, 13.2], "rotation": 180, "texture": "#1_7"},
				"down": {"uv": [3, 13, 3.6, 13.2], "rotation": 180, "texture": "#1_7"}
			}
		},
		{
			"from": [16.9, -0.4, 7.3],
			"to": [18.9, 1.1, 7.5],
			"rotation": {"angle": 22.5, "axis": "z", "origin": [-4.6, 0, -1]},
			"faces": {
				"north": {"uv": [3, 13, 5, 14.5], "texture": "#1_7"},
				"east": {"uv": [3, 13, 3.2, 14.5], "texture": "#1_7"},
				"south": {"uv": [3, 13, 5, 14.5], "texture": "#1_7"},
				"west": {"uv": [3, 13, 3.2, 14.5], "texture": "#1_7"},
				"up": {"uv": [3, 13, 5, 13.2], "rotation": 180, "texture": "#1_7"},
				"down": {"uv": [3, 13, 5, 13.2], "rotation": 180, "texture": "#1_7"}
			}
		},
		{
			"from": [16.9, -0.4, 5.6],
			"to": [18.9, 1.1, 5.8],
			"rotation": {"angle": 22.5, "axis": "z", "origin": [-4.6, 0, -1]},
			"faces": {
				"north": {"uv": [3, 13, 5, 14.5], "texture": "#1_7"},
				"east": {"uv": [3, 13, 3.2, 14.5], "texture": "#1_7"},
				"south": {"uv": [3, 13, 5, 14.5], "texture": "#1_7"},
				"west": {"uv": [3, 13, 3.2, 14.5], "texture": "#1_7"},
				"up": {"uv": [3, 13, 5, 13.2], "rotation": 180, "texture": "#1_7"},
				"down": {"uv": [3, 13, 5, 13.2], "rotation": 180, "texture": "#1_7"}
			}
		},
		{
			"from": [16.9, -0.6, 5.8],
			"to": [18.9, -0.4, 7.3],
			"rotation": {"angle": 22.5, "axis": "z", "origin": [-4.6, 0, -1]},
			"faces": {
				"north": {"uv": [3, 13, 5, 13.2], "texture": "#1_7"},
				"east": {"uv": [3, 13, 4.5, 13.2], "texture": "#1_7"},
				"south": {"uv": [3, 13, 5, 13.2], "texture": "#1_7"},
				"west": {"uv": [3, 13, 4.5, 13.2], "texture": "#1_7"},
				"up": {"uv": [3, 13, 5, 14.5], "rotation": 180, "texture": "#1_7"},
				"down": {"uv": [3, 13, 5, 14.5], "rotation": 180, "texture": "#1_7"}
			}
		},
		{
			"from": [14.9, -0.8, 5.8],
			"to": [16.9, -0.4, 7.3],
			"rotation": {"angle": 22.5, "axis": "z", "origin": [-4.6, 0, -1]},
			"faces": {
				"north": {"uv": [3, 13, 5, 13.4], "texture": "#1_7"},
				"east": {"uv": [3, 13, 4.5, 13.4], "texture": "#1_7"},
				"south": {"uv": [3, 13, 5, 13.4], "texture": "#1_7"},
				"west": {"uv": [3, 13, 4.5, 13.4], "texture": "#1_7"},
				"up": {"uv": [3, 13, 5, 14.5], "rotation": 180, "texture": "#1_7"},
				"down": {"uv": [3, 13, 5, 14.5], "rotation": 180, "texture": "#1_7"}
			}
		},
		{
			"from": [14.9, 1.1, 5.8],
			"to": [16.9, 1.5, 7.3],
			"rotation": {"angle": 22.5, "axis": "z", "origin": [-4.6, 0, -1]},
			"faces": {
				"north": {"uv": [3, 13, 5, 13.4], "texture": "#1_7"},
				"east": {"uv": [3, 13, 4.5, 13.4], "texture": "#1_7"},
				"south": {"uv": [3, 13, 5, 13.4], "texture": "#1_7"},
				"west": {"uv": [3, 13, 4.5, 13.4], "texture": "#1_7"},
				"up": {"uv": [3, 13, 5, 14.5], "rotation": 180, "texture": "#1_7"},
				"down": {"uv": [3, 13, 5, 14.5], "rotation": 180, "texture": "#1_7"}
			}
		},
		{
			"from": [14.3, 1.1, 5.8],
			"to": [14.9, 1.3, 7.3],
			"rotation": {"angle": 22.5, "axis": "z", "origin": [-4.6, 0, -1]},
			"faces": {
				"north": {"uv": [3, 13, 3.6, 13.2], "texture": "#1_7"},
				"east": {"uv": [3, 13, 4.5, 13.2], "texture": "#1_7"},
				"south": {"uv": [3, 13, 3.6, 13.2], "texture": "#1_7"},
				"west": {"uv": [3, 13, 4.5, 13.2], "texture": "#1_7"},
				"up": {"uv": [3, 13, 3.6, 14.5], "rotation": 180, "texture": "#1_7"},
				"down": {"uv": [3, 13, 3.6, 14.5], "rotation": 180, "texture": "#1_7"}
			}
		},
		{
			"from": [16.9, 1.1, 5.8],
			"to": [18.9, 1.3, 7.3],
			"rotation": {"angle": 22.5, "axis": "z", "origin": [-4.6, 0, -1]},
			"faces": {
				"north": {"uv": [3, 13, 5, 13.2], "texture": "#1_7"},
				"east": {"uv": [3, 13, 4.5, 13.2], "texture": "#1_7"},
				"south": {"uv": [3, 13, 5, 13.2], "texture": "#1_7"},
				"west": {"uv": [3, 13, 4.5, 13.2], "texture": "#1_7"},
				"up": {"uv": [3, 13, 5, 14.5], "rotation": 180, "texture": "#1_7"},
				"down": {"uv": [3, 13, 5, 14.5], "rotation": 180, "texture": "#1_7"}
			}
		},
		{
			"from": [12.2, -0.2, 6.1],
			"to": [13.2, 0.8, 7.1],
			"rotation": {"angle": 22.5, "axis": "z", "origin": [-4.6, 0, -1]},
			"faces": {
				"north": {"uv": [3, 13, 4, 14], "texture": "#1_7"},
				"east": {"uv": [3, 13, 4, 14], "texture": "#1_7"},
				"south": {"uv": [3, 13, 4, 14], "texture": "#1_7"},
				"west": {"uv": [3, 13, 4, 14], "texture": "#1_7"},
				"up": {"uv": [3, 13, 4, 14], "rotation": 180, "texture": "#1_7"},
				"down": {"uv": [3, 13, 4, 14], "rotation": 180, "texture": "#1_7"}
			}
		},
		{
			"from": [13.2, 0, 6.3],
			"to": [14, 0.6, 6.9],
			"rotation": {"angle": 22.5, "axis": "z", "origin": [-4.6, 0, -1]},
			"faces": {
				"north": {"uv": [3, 13, 3.8, 13.6], "texture": "#1_7"},
				"east": {"uv": [3, 13, 3.6, 13.6], "texture": "#1_7"},
				"south": {"uv": [3, 13, 3.8, 13.6], "texture": "#1_7"},
				"west": {"uv": [3, 13, 3.6, 13.6], "texture": "#1_7"},
				"up": {"uv": [3, 13, 3.8, 13.6], "rotation": 180, "texture": "#1_7"},
				"down": {"uv": [3, 13, 3.8, 13.6], "rotation": 180, "texture": "#1_7"}
			}
		},
		{
			"from": [21.9, -1.1, 6.6],
			"to": [24.4, 1.4, 6.6],
			"rotation": {"angle": 22.5, "axis": "z", "origin": [-4.6, 0, -1]},
			"faces": {
				"north": {"uv": [0, 0, 16, 16], "texture": "#1_6"},
				"south": {"uv": [0, 0, 16, 16], "texture": "#1_6"}
			}
		},
		{
			"from": [14, -0.4, 5.8],
			"to": [19.9, 1.1, 7.3],
			"rotation": {"angle": 22.5, "axis": "z", "origin": [-4.6, 0, -1]},
			"faces": {
				"north": {"uv": [3, 13, 8.9, 14.5], "texture": "#1_7"},
				"east": {"uv": [0, 3, 0.5, 3.5], "texture": "#1_7"},
				"south": {"uv": [3, 13, 8.9, 14.5], "texture": "#1_7"},
				"west": {"uv": [3, 13, 4.5, 14.5], "texture": "#1_7"},
				"up": {"uv": [3, 13, 8.9, 14.5], "rotation": 180, "texture": "#1_7"},
				"down": {"uv": [3, 13, 8.9, 14.5], "rotation": 180, "texture": "#1_7"}
			}
		},
		{
			"from": [6.5, 7.3, 1.5],
			"to": [9.5, 10.3, 4.5],
			"rotation": {"angle": 22.5, "axis": "x", "origin": [0, 0, 0]},
			"faces": {
				"north": {"uv": [0, 8, 8, 16], "texture": "#6"},
				"east": {"uv": [16, 8, 8, 16], "texture": "#6"},
				"south": {"uv": [8, 0, 16, 8], "texture": "#6"},
				"west": {"uv": [8, 8, 16, 16], "texture": "#6"},
				"up": {"uv": [0, 0, 8, 8], "rotation": 180, "texture": "#6"},
				"down": {"uv": [8, 0, 16, 8], "texture": "#6"}
			}
		},
		{
			"from": [8, 8.8, -1.4],
			"to": [8, 15.8, 5.6],
			"rotation": {"angle": 22.5, "axis": "x", "origin": [0, 0, 0]},
			"faces": {
				"east": {"uv": [16, 0, 0, 16], "rotation": 180, "texture": "#9"},
				"west": {"uv": [0, 0, 16, 16], "rotation": 180, "texture": "#9"}
			}
		},
		{
			"from": [3.2, -5.2, 3.2],
			"to": [12.8, 1.2, 12.5],
			"faces": {
				"north": {"uv": [0, 10, 8, 16], "texture": "#6"},
				"east": {"uv": [16, 10, 8, 16], "texture": "#6"},
				"south": {"uv": [0, 2, 8, 8], "texture": "#6"},
				"west": {"uv": [8, 10, 16, 16], "texture": "#6"},
				"up": {"uv": [0, 0, 8, 8], "texture": "#6"},
				"down": {"uv": [8, 0, 16, 8], "rotation": 180, "texture": "#6"}
			}
		},
		{
			"name": "hat_skull_0",
			"from": [6.56, 1.56, 2.646],
			"to": [9.44, 5.016, 3.04],
			"rotation": {"angle": 0, "axis": "y", "origin": [5.696, 5.496, 5.536]},
			"faces": {
				"north": {"uv": [13, 1, 3, 13], "texture": "#4"},
				"east": {"uv": [12, 1, 13, 13], "texture": "#4"},
				"south": {"uv": [3, 1, 13, 13], "texture": "#4"},
				"west": {"uv": [3, 1, 4, 13], "texture": "#4"},
				"up": {"uv": [3, 1, 13, 2], "texture": "#4"},
				"down": {"uv": [3, 12, 13, 13], "texture": "#4"}
			}
		},
		{
			"name": "hat_skull_1",
			"from": [5.984, 2.136, 2.646],
			"to": [6.56, 4.44, 3.04],
			"rotation": {"angle": 0, "axis": "y", "origin": [5.696, 5.496, 5.536]},
			"faces": {
				"north": {"uv": [3, 3, 1, 11], "texture": "#4"},
				"east": {"uv": [2, 3, 3, 11], "texture": "#4"},
				"south": {"uv": [1, 3, 3, 11], "texture": "#4"},
				"west": {"uv": [1, 3, 2, 11], "texture": "#4"},
				"up": {"uv": [1, 3, 3, 4], "texture": "#4"},
				"down": {"uv": [1, 10, 3, 11], "texture": "#4"}
			}
		},
		{
			"name": "hat_skull_2",
			"from": [9.44, 2.136, 2.646],
			"to": [10.016, 4.44, 3.04],
			"rotation": {"angle": 0, "axis": "y", "origin": [5.696, 5.496, 5.536]},
			"faces": {
				"north": {"uv": [15, 3, 13, 11], "texture": "#4"},
				"east": {"uv": [14, 3, 15, 11], "texture": "#4"},
				"south": {"uv": [13, 3, 15, 11], "texture": "#4"},
				"west": {"uv": [13, 3, 14, 11], "texture": "#4"},
				"up": {"uv": [13, 3, 15, 4], "texture": "#4"},
				"down": {"uv": [13, 10, 15, 11], "texture": "#4"}
			}
		},
		{
			"name": "hat_skull_3",
			"from": [6.56, 0.984, 2.646],
			"to": [7.136, 1.56, 3.04],
			"rotation": {"angle": 0, "axis": "y", "origin": [5.696, 5.496, 5.536]},
			"faces": {
				"north": {"uv": [5, 13, 3, 15], "texture": "#4"},
				"east": {"uv": [4, 13, 5, 15], "texture": "#4"},
				"south": {"uv": [3, 13, 5, 15], "texture": "#4"},
				"west": {"uv": [3, 13, 4, 15], "texture": "#4"},
				"up": {"uv": [3, 13, 5, 14], "texture": "#4"},
				"down": {"uv": [3, 14, 5, 15], "texture": "#4"}
			}
		},
		{
			"name": "hat_skull_4",
			"from": [7.712, 0.984, 2.646],
			"to": [8.288, 1.56, 3.04],
			"rotation": {"angle": 0, "axis": "y", "origin": [5.696, 5.496, 5.536]},
			"faces": {
				"north": {"uv": [9, 13, 7, 15], "texture": "#4"},
				"east": {"uv": [8, 13, 9, 15], "texture": "#4"},
				"south": {"uv": [7, 13, 9, 15], "texture": "#4"},
				"west": {"uv": [7, 13, 8, 15], "texture": "#4"},
				"up": {"uv": [7, 13, 9, 14], "texture": "#4"},
				"down": {"uv": [7, 14, 9, 15], "texture": "#4"}
			}
		},
		{
			"name": "hat_skull_5",
			"from": [8.864, 0.984, 2.646],
			"to": [9.44, 1.56, 3.04],
			"rotation": {"angle": 0, "axis": "y", "origin": [5.696, 5.496, 5.536]},
			"faces": {
				"north": {"uv": [13, 13, 11, 15], "texture": "#4"},
				"east": {"uv": [12, 13, 13, 15], "texture": "#4"},
				"south": {"uv": [11, 13, 13, 15], "texture": "#4"},
				"west": {"uv": [11, 13, 12, 15], "texture": "#4"},
				"up": {"uv": [11, 13, 13, 14], "texture": "#4"},
				"down": {"uv": [11, 14, 13, 15], "texture": "#4"}
			}
		}
	],
	"gui_light": "front",
	"display": {
		"gui": {
			"rotation": [0, 180, 0],
			"translation": [0, 8, 0],
			"scale": [2, 2, 2]
		},
		"head": {
			"translation": [0, 13, 0.25],
			"scale": [1.57, 1.57, 1.57]
		}
	},
	"groups": [
		0,
		1,
		2,
		3,
		4,
		5,
		6,
		7,
		8,
		9,
		10,
		11,
		12,
		13,
		14,
		15,
		16,
		17,
		18,
		19,
		20,
		21,
		22,
		23,
		24,
		25,
		26,
		27,
		28,
		29,
		30,
		{
			"name": "all_deco",
			"origin": [8, 8, 8],
			"color": 0,
			"children": [
				{
					"name": "cannonman",
					"origin": [8, 8, 8],
					"color": 0,
					"children": [
						{
							"name": "cannons",
							"origin": [8, 8, 8],
							"color": 0,
							"children": [31, 32, 33, 34, 35, 36, 37, 38, 39, 40, 41, 42, 43, 44, 45, 46, 47, 48, 49, 50, 51, 52, 53]
						}
					]
				},
				{
					"name": "group",
					"origin": [-4.6, 0, -1],
					"color": 0,
					"children": [54, 55, 56, 57, 58, 59, 60, 61, 62, 63, 64, 65, 66, 67, 68, 69, 70, 71, 72, 73]
				},
				74,
				75
			]
		},
		{
			"name": "deathskull",
			"origin": [8, 8, 8],
			"color": 0,
			"children": [76]
		},
		{
			"name": "hat_skull",
			"origin": [8, 8, 8],
			"color": 0,
			"children": [77, 78, 79, 80, 81, 82]
		}
	]
}