{
	"credit": "Made with Blockbench",
	"textures": {
		"0": "hat/purple_wool",
		"3": "hat/magenta_wool",
		"4": "hat/hat_skull",
		"5": "hat/purplehat_ui",
		"6": "hat/vanilla_skull",
		"7": "hat/cutlass"
	},
	"elements": [
		{
			"from": [4, 1, 3],
			"to": [12, 5, 13],
			"faces": {
				"north": {"uv": [0, 0, 8, 4], "texture": "#0"},
				"east": {"uv": [0, 0, 10, 4], "texture": "#0"},
				"south": {"uv": [0, 0, 8, 4], "texture": "#0"},
				"west": {"uv": [0, 0, 10, 4], "texture": "#0"},
				"up": {"uv": [0, 0, 8, 10], "texture": "#0"},
				"down": {"uv": [0, 0, 8, 10], "texture": "#0"}
			}
		},
		{
			"from": [12, 1, 4],
			"to": [13, 5, 12],
			"faces": {
				"north": {"uv": [3, 4, 4, 8], "texture": "#0"},
				"east": {"uv": [3, 4, 11, 8], "texture": "#0"},
				"south": {"uv": [3, 4, 4, 8], "texture": "#0"},
				"west": {"uv": [3, 4, 11, 8], "texture": "#0"},
				"up": {"uv": [3, 4, 4, 12], "texture": "#0"},
				"down": {"uv": [3, 4, 4, 12], "texture": "#0"}
			}
		},
		{
			"from": [3, 1, 4],
			"to": [4, 5, 12],
			"faces": {
				"north": {"uv": [8, 5, 9, 9], "texture": "#0"},
				"east": {"uv": [8, 5, 16, 9], "texture": "#0"},
				"south": {"uv": [8, 5, 9, 9], "texture": "#0"},
				"west": {"uv": [8, 5, 16, 9], "texture": "#0"},
				"up": {"uv": [8, 5, 9, 13], "texture": "#0"},
				"down": {"uv": [8, 5, 9, 13], "texture": "#0"}
			}
		},
		{
			"from": [13.2, 1, -1.8],
			"to": [18.2, 2, -0.8],
			"rotation": {"angle": -22.5, "axis": "y", "origin": [0, 0, 0]},
			"faces": {
				"north": {"uv": [0, 0, 5, 1], "texture": "#0"},
				"east": {"uv": [0, 0, 1, 1], "texture": "#0"},
				"south": {"uv": [0, 0, 5, 1], "texture": "#0"},
				"west": {"uv": [0, 0, 1, 1], "texture": "#0"},
				"up": {"uv": [0, 0, 5, 1], "texture": "#0"},
				"down": {"uv": [0, 0, 5, 1], "texture": "#0"}
			}
		},
		{
			"from": [-3.4, 1, 4.32],
			"to": [1.6, 2, 5.32],
			"rotation": {"angle": 22.5, "axis": "y", "origin": [0, 0, 0]},
			"faces": {
				"north": {"uv": [0, 0, 5, 1], "texture": "#0"},
				"east": {"uv": [0, 0, 1, 1], "texture": "#0"},
				"south": {"uv": [0, 0, 5, 1], "texture": "#0"},
				"west": {"uv": [0, 0, 1, 1], "texture": "#0"},
				"up": {"uv": [0, 0, 5, 1], "texture": "#0"},
				"down": {"uv": [0, 0, 5, 1], "texture": "#0"}
			}
		},
		{
			"from": [0.6, 2, 4.32],
			"to": [1.6, 5, 5.32],
			"rotation": {"angle": 22.5, "axis": "y", "origin": [0, 0, 0]},
			"faces": {
				"north": {"uv": [0, 0, 1, 3], "texture": "#0"},
				"east": {"uv": [0, 0, 1, 3], "texture": "#0"},
				"south": {"uv": [0, 0, 1, 3], "texture": "#0"},
				"west": {"uv": [0, 0, 1, 3], "texture": "#0"},
				"up": {"uv": [0, 0, 1, 1], "texture": "#0"},
				"down": {"uv": [0, 0, 1, 1], "texture": "#0"}
			}
		},
		{
			"from": [13.2, 2, -1.8],
			"to": [14.2, 5, -0.8],
			"rotation": {"angle": -22.5, "axis": "y", "origin": [0, 0, 0]},
			"faces": {
				"north": {"uv": [0, 0, 1, 3], "texture": "#0"},
				"east": {"uv": [0, 0, 1, 3], "texture": "#0"},
				"south": {"uv": [0, 0, 1, 3], "texture": "#0"},
				"west": {"uv": [0, 0, 1, 3], "texture": "#0"},
				"up": {"uv": [0, 0, 1, 1], "texture": "#0"},
				"down": {"uv": [0, 0, 1, 1], "texture": "#0"}
			}
		},
		{
			"from": [5, 5, 3],
			"to": [11, 6, 4],
			"faces": {
				"north": {"uv": [0, 0, 6, 1], "texture": "#0"},
				"east": {"uv": [0, 0, 1, 1], "texture": "#0"},
				"south": {"uv": [0, 0, 6, 1], "texture": "#0"},
				"west": {"uv": [0, 0, 1, 1], "texture": "#0"},
				"up": {"uv": [0, 0, 6, 1], "texture": "#0"},
				"down": {"uv": [0, 0, 6, 1], "texture": "#0"}
			}
		},
		{
			"from": [3, 1, 3],
			"to": [4, 5, 4],
			"faces": {
				"north": {"uv": [0, 0, 1, 4], "texture": "#3"},
				"east": {"uv": [0, 0, 1, 4], "texture": "#3"},
				"south": {"uv": [0, 0, 1, 4], "texture": "#3"},
				"west": {"uv": [0, 0, 1, 4], "texture": "#3"},
				"up": {"uv": [0, 0, 1, 1], "texture": "#3"},
				"down": {"uv": [0, 0, 1, 1], "texture": "#3"}
			}
		},
		{
			"from": [12, 1, 3],
			"to": [13, 5, 4],
			"faces": {
				"north": {"uv": [0, 0, 1, 4], "texture": "#3"},
				"east": {"uv": [0, 0, 1, 4], "texture": "#3"},
				"south": {"uv": [0, 0, 1, 4], "texture": "#3"},
				"west": {"uv": [0, 0, 1, 4], "texture": "#3"},
				"up": {"uv": [0, 0, 1, 1], "texture": "#3"},
				"down": {"uv": [0, 0, 1, 1], "texture": "#3"}
			}
		},
		{
			"from": [11, 5, 3],
			"to": [12, 6, 4],
			"faces": {
				"north": {"uv": [0, 0, 1, 1], "texture": "#3"},
				"east": {"uv": [0, 0, 1, 1], "texture": "#3"},
				"south": {"uv": [0, 0, 1, 1], "texture": "#3"},
				"west": {"uv": [0, 0, 1, 1], "texture": "#3"},
				"up": {"uv": [0, 0, 1, 1], "texture": "#3"},
				"down": {"uv": [0, 0, 1, 1], "texture": "#3"}
			}
		},
		{
			"from": [4, 5, 3],
			"to": [5, 6, 4],
			"faces": {
				"north": {"uv": [0, 0, 1, 1], "texture": "#3"},
				"east": {"uv": [0, 0, 1, 1], "texture": "#3"},
				"south": {"uv": [0, 0, 1, 1], "texture": "#3"},
				"west": {"uv": [0, 0, 1, 1], "texture": "#3"},
				"up": {"uv": [0, 0, 1, 1], "texture": "#3"},
				"down": {"uv": [0, 0, 1, 1], "texture": "#3"}
			}
		},
		{
			"from": [4, 6, 3],
			"to": [12, 7, 4],
			"faces": {
				"north": {"uv": [0, 0, 8, 1], "texture": "#3"},
				"east": {"uv": [0, 0, 1, 1], "texture": "#3"},
				"south": {"uv": [0, 0, 8, 1], "texture": "#3"},
				"west": {"uv": [0, 0, 1, 1], "texture": "#3"},
				"up": {"uv": [0, 0, 8, 1], "texture": "#3"},
				"down": {"uv": [0, 0, 8, 1], "texture": "#3"}
			}
		},
		{
			"from": [4, 4.4, 12.1],
			"to": [12, 5.4, 13.1],
			"rotation": {"angle": 0, "axis": "y", "origin": [0, -0.6, 0.1]},
			"faces": {
				"north": {"uv": [0, 0, 8, 1], "texture": "#3"},
				"east": {"uv": [0, 0, 1, 1], "texture": "#3"},
				"south": {"uv": [0, 0, 8, 1], "texture": "#3"},
				"west": {"uv": [0, 0, 1, 1], "texture": "#3"},
				"up": {"uv": [0, 0, 8, 1], "texture": "#3"},
				"down": {"uv": [0, 0, 8, 1], "texture": "#3"}
			}
		},
		{
			"from": [12.2, 5, -1.8],
			"to": [15.2, 6, -0.8],
			"rotation": {"angle": -22.5, "axis": "y", "origin": [0, 0, 0]},
			"faces": {
				"north": {"uv": [0, 0, 3, 1], "texture": "#3"},
				"east": {"uv": [0, 0, 1, 1], "texture": "#3"},
				"south": {"uv": [0, 0, 3, 1], "texture": "#3"},
				"west": {"uv": [0, 0, 1, 1], "texture": "#3"},
				"up": {"uv": [0, 0, 3, 1], "texture": "#3"},
				"down": {"uv": [0, 0, 3, 1], "texture": "#3"}
			}
		},
		{
			"from": [9, 4.4, 5.5],
			"to": [12, 5.4, 6.5],
			"rotation": {"angle": -45, "axis": "y", "origin": [0, -0.6, 0.1]},
			"faces": {
				"north": {"uv": [0, 0, 3, 1], "texture": "#3"},
				"east": {"uv": [0, 0, 1, 1], "texture": "#3"},
				"south": {"uv": [0, 0, 3, 1], "texture": "#3"},
				"west": {"uv": [0, 0, 1, 1], "texture": "#3"},
				"up": {"uv": [0, 0, 3, 1], "texture": "#3"},
				"down": {"uv": [0, 0, 3, 1], "texture": "#3"}
			}
		},
		{
			"from": [9, 2.4, 5.5],
			"to": [10, 4.4, 6.5],
			"rotation": {"angle": -45, "axis": "y", "origin": [0, -0.6, 0.1]},
			"faces": {
				"north": {"uv": [0, 0, 1, 2], "texture": "#3"},
				"east": {"uv": [0, 0, 1, 2], "texture": "#3"},
				"south": {"uv": [0, 0, 1, 2], "texture": "#3"},
				"west": {"uv": [0, 0, 1, 2], "texture": "#3"},
				"up": {"uv": [0, 0, 1, 1], "texture": "#3"},
				"down": {"uv": [0, 0, 1, 1], "texture": "#3"}
			}
		},
		{
			"from": [7, 1.4, 5.5],
			"to": [10, 2.4, 6.5],
			"rotation": {"angle": -45, "axis": "y", "origin": [0, -0.6, 0.1]},
			"faces": {
				"north": {"uv": [0, 0, 3, 1], "texture": "#3"},
				"east": {"uv": [0, 0, 1, 1], "texture": "#3"},
				"south": {"uv": [0, 0, 3, 1], "texture": "#3"},
				"west": {"uv": [0, 0, 1, 1], "texture": "#3"},
				"up": {"uv": [0, 0, 3, 1], "texture": "#3"},
				"down": {"uv": [0, 0, 3, 1], "texture": "#3"}
			}
		},
		{
			"from": [10, 1.4, 5.5],
			"to": [12, 4.4, 6.5],
			"rotation": {"angle": -45, "axis": "y", "origin": [0, -0.6, 0.1]},
			"faces": {
				"north": {"uv": [0, 0, 2, 3], "texture": "#0"},
				"east": {"uv": [0, 0, 1, 3], "texture": "#0"},
				"south": {"uv": [0, 0, 2, 3], "texture": "#0"},
				"west": {"uv": [0, 0, 1, 3], "texture": "#0"},
				"up": {"uv": [0, 0, 2, 1], "texture": "#0"},
				"down": {"uv": [0, 0, 2, 1], "texture": "#0"}
			}
		},
		{
			"from": [7, 0.4, 5.5],
			"to": [12, 1.4, 6.5],
			"rotation": {"angle": -45, "axis": "y", "origin": [0, -0.6, 0.1]},
			"faces": {
				"north": {"uv": [0, 0, 5, 1], "texture": "#0"},
				"east": {"uv": [0, 0, 1, 1], "texture": "#0"},
				"south": {"uv": [0, 0, 5, 1], "texture": "#0"},
				"west": {"uv": [0, 0, 1, 1], "texture": "#0"},
				"up": {"uv": [0, 0, 5, 1], "texture": "#0"},
				"down": {"uv": [0, 0, 5, 1], "texture": "#0"}
			}
		},
		{
			"from": [14.2, 2, -1.8],
			"to": [15.2, 5, -0.8],
			"rotation": {"angle": -22.5, "axis": "y", "origin": [0, 0, 0]},
			"faces": {
				"north": {"uv": [0, 0, 1, 3], "texture": "#3"},
				"east": {"uv": [0, 0, 1, 3], "texture": "#3"},
				"south": {"uv": [0, 0, 1, 3], "texture": "#3"},
				"west": {"uv": [0, 0, 1, 3], "texture": "#3"},
				"up": {"uv": [0, 0, 1, 1], "texture": "#3"},
				"down": {"uv": [0, 0, 1, 1], "texture": "#3"}
			}
		},
		{
			"from": [15.2, 2, -1.8],
			"to": [18.2, 3, -0.8],
			"rotation": {"angle": -22.5, "axis": "y", "origin": [0, 0, 0]},
			"faces": {
				"north": {"uv": [0, 0, 3, 1], "texture": "#3"},
				"east": {"uv": [0, 0, 1, 1], "texture": "#3"},
				"south": {"uv": [0, 0, 3, 1], "texture": "#3"},
				"west": {"uv": [0, 0, 1, 1], "texture": "#3"},
				"up": {"uv": [0, 0, 3, 1], "texture": "#3"},
				"down": {"uv": [0, 0, 3, 1], "texture": "#3"}
			}
		},
		{
			"from": [-0.4, 5, 4.32],
			"to": [2.6, 6, 5.32],
			"rotation": {"angle": 22.5, "axis": "y", "origin": [0, 0, 0]},
			"faces": {
				"north": {"uv": [0, 0, 3, 1], "texture": "#3"},
				"east": {"uv": [0, 0, 1, 1], "texture": "#3"},
				"south": {"uv": [0, 0, 3, 1], "texture": "#3"},
				"west": {"uv": [0, 0, 1, 1], "texture": "#3"},
				"up": {"uv": [0, 0, 3, 1], "rotation": 180, "texture": "#3"},
				"down": {"uv": [0, 0, 3, 1], "rotation": 180, "texture": "#3"}
			}
		},
		{
			"from": [-0.7, 1.4, 16.82],
			"to": [1.3, 4.4, 17.82],
			"rotation": {"angle": 45, "axis": "y", "origin": [0, -0.6, 0.1]},
			"faces": {
				"north": {"uv": [0, 0, 2, 3], "texture": "#0"},
				"east": {"uv": [0, 0, 1, 3], "texture": "#0"},
				"south": {"uv": [0, 0, 2, 3], "texture": "#0"},
				"west": {"uv": [0, 0, 1, 3], "texture": "#0"},
				"up": {"uv": [0, 0, 2, 1], "texture": "#0"},
				"down": {"uv": [0, 0, 2, 1], "texture": "#0"}
			}
		},
		{
			"from": [-0.7, 0.4, 16.82],
			"to": [4.3, 1.4, 17.82],
			"rotation": {"angle": 45, "axis": "y", "origin": [0, -0.6, 0.1]},
			"faces": {
				"north": {"uv": [0, 0, 5, 1], "texture": "#0"},
				"east": {"uv": [0, 0, 1, 1], "texture": "#0"},
				"south": {"uv": [0, 0, 5, 1], "texture": "#0"},
				"west": {"uv": [0, 0, 1, 1], "texture": "#0"},
				"up": {"uv": [0, 0, 5, 1], "texture": "#0"},
				"down": {"uv": [0, 0, 5, 1], "texture": "#0"}
			}
		},
		{
			"from": [-0.7, 4.4, 16.82],
			"to": [2.3, 5.4, 17.82],
			"rotation": {"angle": 45, "axis": "y", "origin": [0, -0.6, 0.1]},
			"faces": {
				"north": {"uv": [0, 0, 3, 1], "texture": "#3"},
				"east": {"uv": [0, 0, 1, 1], "texture": "#3"},
				"south": {"uv": [0, 0, 3, 1], "texture": "#3"},
				"west": {"uv": [0, 0, 1, 1], "texture": "#3"},
				"up": {"uv": [0, 0, 3, 1], "rotation": 180, "texture": "#3"},
				"down": {"uv": [0, 0, 3, 1], "rotation": 180, "texture": "#3"}
			}
		},
		{
			"from": [1.3, 2.4, 16.82],
			"to": [2.3, 4.4, 17.82],
			"rotation": {"angle": 45, "axis": "y", "origin": [0, -0.6, 0.1]},
			"faces": {
				"north": {"uv": [0, 0, 1, 2], "texture": "#3"},
				"east": {"uv": [0, 0, 1, 2], "texture": "#3"},
				"south": {"uv": [0, 0, 1, 2], "texture": "#3"},
				"west": {"uv": [0, 0, 1, 2], "texture": "#3"},
				"up": {"uv": [0, 0, 1, 1], "rotation": 180, "texture": "#3"},
				"down": {"uv": [0, 0, 1, 1], "rotation": 180, "texture": "#3"}
			}
		},
		{
			"from": [1.3, 1.4, 16.82],
			"to": [4.3, 2.4, 17.82],
			"rotation": {"angle": 45, "axis": "y", "origin": [0, -0.6, 0.1]},
			"faces": {
				"north": {"uv": [0, 0, 3, 1], "texture": "#3"},
				"east": {"uv": [0, 0, 1, 1], "texture": "#3"},
				"south": {"uv": [0, 0, 3, 1], "texture": "#3"},
				"west": {"uv": [0, 0, 1, 1], "texture": "#3"},
				"up": {"uv": [0, 0, 3, 1], "rotation": 180, "texture": "#3"},
				"down": {"uv": [0, 0, 3, 1], "rotation": 180, "texture": "#3"}
			}
		},
		{
			"from": [-0.4, 2, 4.32],
			"to": [0.6, 5, 5.32],
			"rotation": {"angle": 22.5, "axis": "y", "origin": [0, 0, 0]},
			"faces": {
				"north": {"uv": [0, 0, 1, 3], "texture": "#3"},
				"east": {"uv": [0, 0, 1, 3], "texture": "#3"},
				"south": {"uv": [0, 0, 1, 3], "texture": "#3"},
				"west": {"uv": [0, 0, 1, 3], "texture": "#3"},
				"up": {"uv": [0, 0, 1, 1], "rotation": 180, "texture": "#3"},
				"down": {"uv": [0, 0, 1, 1], "rotation": 180, "texture": "#3"}
			}
		},
		{
			"from": [-3.4, 2, 4.32],
			"to": [-0.4, 3, 5.32],
			"rotation": {"angle": 22.5, "axis": "y", "origin": [0, 0, 0]},
			"faces": {
				"north": {"uv": [0, 0, 3, 1], "texture": "#3"},
				"east": {"uv": [0, 0, 1, 1], "texture": "#3"},
				"south": {"uv": [0, 0, 3, 1], "texture": "#3"},
				"west": {"uv": [0, 0, 1, 1], "texture": "#3"},
				"up": {"uv": [0, 0, 3, 1], "rotation": 180, "texture": "#3"},
				"down": {"uv": [0, 0, 3, 1], "rotation": 180, "texture": "#3"}
			}
		},
		{
			"from": [4, 0, 3.5],
			"to": [12, 8, 3.5],
			"faces": {
				"north": {"uv": [0, 0, 16, 16], "texture": "#5"}
			}
		},
		{
			"from": [0.4, 5, 7],
			"to": [3.4, 8, 10],
			"rotation": {"angle": 22.5, "axis": "y", "origin": [0, 0, 0]},
			"faces": {
				"north": {"uv": [0, 8, 8, 16], "texture": "#6"},
				"east": {"uv": [16, 8, 8, 16], "texture": "#6"},
				"south": {"uv": [8, 0, 16, 8], "texture": "#6"},
				"west": {"uv": [8, 8, 16, 16], "texture": "#6"},
				"up": {"uv": [0, 0, 8, 8], "texture": "#6"},
				"down": {"uv": [8, 0, 16, 8], "rotation": 180, "texture": "#6"}
			}
		},
		{
			"from": [5.4, 8, 7],
			"to": [8.4, 11, 10],
			"faces": {
				"north": {"uv": [0, 8, 8, 16], "texture": "#6"},
				"east": {"uv": [16, 8, 8, 16], "texture": "#6"},
				"south": {"uv": [8, 0, 16, 8], "texture": "#6"},
				"west": {"uv": [8, 8, 16, 16], "texture": "#6"},
				"up": {"uv": [0, 0, 8, 8], "texture": "#6"},
				"down": {"uv": [8, 0, 16, 8], "rotation": 180, "texture": "#6"}
			}
		},
		{
			"from": [7.6, 5, 7],
			"to": [10.6, 8, 10],
			"faces": {
				"north": {"uv": [0, 8, 8, 16], "rotation": 270, "texture": "#6"},
				"east": {"uv": [0, 0, 8, 8], "rotation": 90, "texture": "#6"},
				"south": {"uv": [8, 0, 16, 8], "rotation": 90, "texture": "#6"},
				"west": {"uv": [8, 0, 16, 8], "rotation": 270, "texture": "#6"},
				"up": {"uv": [8, 8, 16, 16], "rotation": 90, "texture": "#6"},
				"down": {"uv": [16, 8, 8, 16], "rotation": 90, "texture": "#6"}
			}
		},
		{
			"from": [7.6, 5, 6],
			"to": [10.6, 8, 9],
			"rotation": {"angle": -22.5, "axis": "y", "origin": [0, 0, 0]},
			"faces": {
				"north": {"uv": [8, 0, 16, 8], "texture": "#6"},
				"east": {"uv": [8, 8, 16, 16], "texture": "#6"},
				"south": {"uv": [0, 8, 8, 16], "texture": "#6"},
				"west": {"uv": [16, 8, 8, 16], "texture": "#6"},
				"up": {"uv": [0, 0, 8, 8], "rotation": 180, "texture": "#6"},
				"down": {"uv": [8, 0, 16, 8], "texture": "#6"}
			}
		},
		{
			"from": [0, 7, 8],
			"to": [6, 13, 8],
			"faces": {
				"north": {"uv": [0, 16, 16, 0], "rotation": 90, "texture": "#7"},
				"south": {"uv": [16, 16, 0, 0], "rotation": 270, "texture": "#7"}
			}
		},
		{
			"name": "hat_skull_0",
			"from": [6.56, 1.56, 2.646],
			"to": [9.44, 5.016, 3.04],
			"rotation": {"angle": 0, "axis": "y", "origin": [5.696, 5.496, 5.536]},
			"faces": {
				"north": {"uv": [13, 1, 3, 13], "texture": "#4"},
				"east": {"uv": [12, 1, 13, 13], "texture": "#4"},
				"south": {"uv": [3, 1, 13, 13], "texture": "#4"},
				"west": {"uv": [3, 1, 4, 13], "texture": "#4"},
				"up": {"uv": [3, 1, 13, 2], "texture": "#4"},
				"down": {"uv": [3, 12, 13, 13], "texture": "#4"}
			}
		},
		{
			"name": "hat_skull_1",
			"from": [5.984, 2.136, 2.646],
			"to": [6.56, 4.44, 3.04],
			"rotation": {"angle": 0, "axis": "y", "origin": [5.696, 5.496, 5.536]},
			"faces": {
				"north": {"uv": [3, 3, 1, 11], "texture": "#4"},
				"east": {"uv": [2, 3, 3, 11], "texture": "#4"},
				"south": {"uv": [1, 3, 3, 11], "texture": "#4"},
				"west": {"uv": [1, 3, 2, 11], "texture": "#4"},
				"up": {"uv": [1, 3, 3, 4], "texture": "#4"},
				"down": {"uv": [1, 10, 3, 11], "texture": "#4"}
			}
		},
		{
			"name": "hat_skull_2",
			"from": [9.44, 2.136, 2.646],
			"to": [10.016, 4.44, 3.04],
			"rotation": {"angle": 0, "axis": "y", "origin": [5.696, 5.496, 5.536]},
			"faces": {
				"north": {"uv": [15, 3, 13, 11], "texture": "#4"},
				"east": {"uv": [14, 3, 15, 11], "texture": "#4"},
				"south": {"uv": [13, 3, 15, 11], "texture": "#4"},
				"west": {"uv": [13, 3, 14, 11], "texture": "#4"},
				"up": {"uv": [13, 3, 15, 4], "texture": "#4"},
				"down": {"uv": [13, 10, 15, 11], "texture": "#4"}
			}
		},
		{
			"name": "hat_skull_3",
			"from": [6.56, 0.984, 2.646],
			"to": [7.136, 1.56, 3.04],
			"rotation": {"angle": 0, "axis": "y", "origin": [5.696, 5.496, 5.536]},
			"faces": {
				"north": {"uv": [5, 13, 3, 15], "texture": "#4"},
				"east": {"uv": [4, 13, 5, 15], "texture": "#4"},
				"south": {"uv": [3, 13, 5, 15], "texture": "#4"},
				"west": {"uv": [3, 13, 4, 15], "texture": "#4"},
				"up": {"uv": [3, 13, 5, 14], "texture": "#4"},
				"down": {"uv": [3, 14, 5, 15], "texture": "#4"}
			}
		},
		{
			"name": "hat_skull_4",
			"from": [7.712, 0.984, 2.646],
			"to": [8.288, 1.56, 3.04],
			"rotation": {"angle": 0, "axis": "y", "origin": [5.696, 5.496, 5.536]},
			"faces": {
				"north": {"uv": [9, 13, 7, 15], "texture": "#4"},
				"east": {"uv": [8, 13, 9, 15], "texture": "#4"},
				"south": {"uv": [7, 13, 9, 15], "texture": "#4"},
				"west": {"uv": [7, 13, 8, 15], "texture": "#4"},
				"up": {"uv": [7, 13, 9, 14], "texture": "#4"},
				"down": {"uv": [7, 14, 9, 15], "texture": "#4"}
			}
		},
		{
			"name": "hat_skull_5",
			"from": [8.864, 0.984, 2.646],
			"to": [9.44, 1.56, 3.04],
			"rotation": {"angle": 0, "axis": "y", "origin": [5.696, 5.496, 5.536]},
			"faces": {
				"north": {"uv": [13, 13, 11, 15], "texture": "#4"},
				"east": {"uv": [12, 13, 13, 15], "texture": "#4"},
				"south": {"uv": [11, 13, 13, 15], "texture": "#4"},
				"west": {"uv": [11, 13, 12, 15], "texture": "#4"},
				"up": {"uv": [11, 13, 13, 14], "texture": "#4"},
				"down": {"uv": [11, 14, 13, 15], "texture": "#4"}
			}
		}
	],
	"gui_light": "front",
	"display": {
		"gui": {
			"rotation": [0, 180, 0],
			"translation": [0, 8, 0],
			"scale": [2, 2, 2]
		},
		"head": {
			"translation": [0, 13, 0.25],
			"scale": [1.57, 1.57, 1.57]
		}
	},
	"groups": [
		0,
		1,
		2,
		3,
		4,
		5,
		6,
		7,
		8,
		9,
		10,
		11,
		12,
		13,
		14,
		15,
		16,
		17,
		18,
		19,
		20,
		21,
		22,
		23,
		24,
		25,
		26,
		27,
		28,
		29,
		30,
		{
			"name": "skullpile",
			"origin": [8, 8, 8],
			"color": 0,
			"children": [31, 32, 33, 34, 35]
		},
		{
			"name": "hat_skull",
			"origin": [8, 8, 8],
			"color": 0,
			"children": [36, 37, 38, 39, 40, 41]
		}
	]
}