{
	"credit": "Made with Blockbench",
	"textures": {
		"0": "block/cobblestone",
		"1": "block/oak_log",
		"2": "block/stripped_oak_log",
		"particle": "block/cobblestone"
	},
	"elements": [
		{
			"from": [1, 0, 1],
			"to": [15, 3, 15],
			"rotation": {"angle": 0, "axis": "z", "origin": [0, 1, 0]},
			"faces": {
				"north": {"uv": [0, 0, 14, 3], "texture": "#0"},
				"east": {"uv": [0, 0, 14, 3], "texture": "#0"},
				"south": {"uv": [0, 0, 14, 3], "texture": "#0"},
				"west": {"uv": [0, 0, 14, 3], "texture": "#0"},
				"up": {"uv": [0, 0, 14, 14], "texture": "#0"},
				"down": {"uv": [0, 0, 14, 14], "texture": "#0"}
			}
		},
		{
			"from": [3, 3, 3],
			"to": [13, 5, 13],
			"rotation": {"angle": 0, "axis": "y", "origin": [0, 1, 0]},
			"faces": {
				"north": {"uv": [0, 0, 10, 2], "texture": "#0"},
				"east": {"uv": [0, 0, 10, 2], "texture": "#0"},
				"south": {"uv": [0, 0, 10, 2], "texture": "#0"},
				"west": {"uv": [0, 0, 10, 2], "texture": "#0"},
				"up": {"uv": [0, 0, 10, 10], "texture": "#0"},
				"down": {"uv": [0, 0, 10, 10], "texture": "#0"}
			}
		},
		{
			"from": [6.9, 4.9, 6.9],
			"to": [9.1, 9.8, 9.1],
			"rotation": {"angle": 0, "axis": "z", "origin": [0, 1, 0]},
			"faces": {
				"north": {"uv": [0, 0, 2, 5], "texture": "#1"},
				"east": {"uv": [0, 0, 2, 4.9], "texture": "#1"},
				"south": {"uv": [0, 0, 2.2, 5], "texture": "#1"},
				"west": {"uv": [0, 0, 2, 4.9], "texture": "#1"},
				"up": {"uv": [0, 0, 2.2, 5], "texture": "#1"},
				"down": {"uv": [0, 0, 2, 2], "texture": "#1"}
			}
		},
		{
			"from": [-2.3, 10.7, 7],
			"to": [-0.3, 23, 9],
			"rotation": {"angle": 22.5, "axis": "z", "origin": [1.06748, 19.80779, 8]},
			"faces": {
				"north": {"uv": [6, 0, 8, 12], "texture": "#2"},
				"east": {"uv": [6, 0, 8, 12], "texture": "#2"},
				"south": {"uv": [6, 0, 8, 12], "texture": "#2"},
				"west": {"uv": [6, 0, 8, 12], "texture": "#2"},
				"up": {"uv": [6, 0, 8, 2], "texture": "#2"},
				"down": {"uv": [6, 0, 8, 2], "texture": "#2"}
			}
		},
		{
			"from": [5.14, 10.91763, 7],
			"to": [11.24, 12.91763, 9],
			"rotation": {"angle": -22.5, "axis": "z", "origin": [1.06748, 19.80779, 8]},
			"faces": {
				"north": {"uv": [6, 0, 8, 6], "rotation": 90, "texture": "#2"},
				"east": {"uv": [6, 0, 8, 2], "rotation": 270, "texture": "#2"},
				"south": {"uv": [6, 0, 8, 6], "rotation": 270, "texture": "#2"},
				"west": {"uv": [6, 0, 8, 2], "rotation": 270, "texture": "#2"},
				"up": {"uv": [6, 0, 8, 6], "rotation": 270, "texture": "#2"},
				"down": {"uv": [6, 0, 8, 6], "rotation": 270, "texture": "#2"}
			}
		},
		{
			"from": [3.48817, 27.51941, 7],
			"to": [9.18817, 29.51941, 9],
			"rotation": {"angle": 22.5, "axis": "z", "origin": [2.06748, 20.50779, 8]},
			"faces": {
				"north": {"uv": [6, 0, 8, 6], "rotation": 90, "texture": "#2"},
				"east": {"uv": [6, 0, 8, 2], "rotation": 270, "texture": "#2"},
				"south": {"uv": [6, 0, 8, 6], "rotation": 270, "texture": "#2"},
				"west": {"uv": [6, 0, 8, 2], "rotation": 270, "texture": "#2"},
				"up": {"uv": [6, 0, 8, 6], "rotation": 270, "texture": "#2"},
				"down": {"uv": [6, 0, 8, 6], "rotation": 270, "texture": "#2"}
			}
		},
		{
			"from": [-3.34414, 19.72847, 7.001],
			"to": [-1.34214, 28.33047, 9.003],
			"rotation": {"angle": -22.5, "axis": "z", "origin": [1.06748, 20.50779, 8]},
			"faces": {
				"north": {"uv": [6, 0, 8, 9], "rotation": 180, "texture": "#2"},
				"east": {"uv": [6, 0, 8, 9], "rotation": 180, "texture": "#2"},
				"south": {"uv": [6, 0, 8, 9], "rotation": 180, "texture": "#2"},
				"west": {"uv": [6, 0, 8, 9], "rotation": 180, "texture": "#2"},
				"up": {"uv": [6, 0, 8, 2], "rotation": 180, "texture": "#2"},
				"down": {"uv": [6, 0, 8, 2], "rotation": 180, "texture": "#2"}
			}
		},
		{
			"from": [10.8, 4.4, 7],
			"to": [15.8, 6.4, 9],
			"rotation": {"angle": 22.5, "axis": "z", "origin": [2, 1, 0]},
			"faces": {
				"north": {"uv": [6, 0, 8, 5], "rotation": 90, "texture": "#2"},
				"east": {"uv": [6, 0, 8, 2], "rotation": 270, "texture": "#2"},
				"south": {"uv": [6, 0, 8, 5], "rotation": 270, "texture": "#2"},
				"west": {"uv": [6, 0, 8, 2], "rotation": 270, "texture": "#2"},
				"up": {"uv": [6, 0, 8, 5], "rotation": 270, "texture": "#2"},
				"down": {"uv": [6, 0, 8, 5], "rotation": 270, "texture": "#2"}
			}
		},
		{
			"from": [15.7, 3.3, 6.9],
			"to": [17.9, 7.5, 9.1],
			"rotation": {"angle": 22.5, "axis": "z", "origin": [2, 1, 0]},
			"faces": {
				"north": {"uv": [5, 9, 7, 13], "texture": "#1"},
				"east": {"uv": [5, 9, 7, 13], "texture": "#1"},
				"south": {"uv": [5, 9, 7, 13], "texture": "#1"},
				"west": {"uv": [5, 9, 7, 13], "texture": "#1"},
				"up": {"uv": [5, 9, 7, 11], "texture": "#1"},
				"down": {"uv": [5, 9, 7, 11], "texture": "#1"}
			}
		},
		{
			"from": [16.5, 6.9, 7.7],
			"to": [17.1, 24.9, 8.3],
			"rotation": {"angle": 22.5, "axis": "z", "origin": [2, 1, 0]},
			"faces": {
				"north": {"uv": [0, 0, 1, 16], "texture": "#2"},
				"east": {"uv": [0, 0, 1, 16], "texture": "#2"},
				"south": {"uv": [0, 0, 1, 16], "texture": "#2"},
				"west": {"uv": [0, 0, 1, 16], "texture": "#2"},
				"up": {"uv": [0, 0, 1, 1], "texture": "#2"},
				"down": {"uv": [0, 0, 1, 1], "texture": "#2"}
			}
		},
		{
			"from": [13.7, 23.8, 6.9],
			"to": [15.9, 28, 9.1],
			"rotation": {"angle": 22.5, "axis": "z", "origin": [0, 6, 0]},
			"faces": {
				"north": {"uv": [8, 4, 10, 8], "texture": "#1"},
				"east": {"uv": [8, 4, 10, 8], "texture": "#1"},
				"south": {"uv": [8, 4, 10, 8], "texture": "#1"},
				"west": {"uv": [8, 4, 10, 8], "texture": "#1"},
				"up": {"uv": [8, 4, 10, 8], "texture": "#1"},
				"down": {"uv": [8, 4, 10, 6], "texture": "#1"}
			}
		}
	],
	"display": {
		"fixed": {
			"rotation": [0, 90, 0],
			"translation": [0, 5, 0],
			"scale": [0.65, 0.65, 0.65]
		}
	}
}