{
	"credit": "Made with Blockbench",
	"texture_size": [64, 32],
	"textures": {
		"0": "lobby/cclogo",
		"1": "entity/signs/oak",
		"particle": "lobby/cclogo"
	},
	"elements": [
		{
			"from": [-10.5, -1.5, 0.9],
			"to": [24.5, 29.5, 1],
			"faces": {
				"north": {"uv": [0, 0, 16, 16], "texture": "#0"}
			}
		},
		{
			"from": [-13, 1, 1.1],
			"to": [28, 26, 5.1],
			"faces": {
				"north": {"uv": [0, 1, 5, 7], "texture": "#1"},
				"east": {"uv": [0.25, 1, 0.75, 7], "texture": "#1"},
				"south": {"uv": [0, 1, 5, 7], "texture": "#1"},
				"west": {"uv": [0.25, 1, 0.75, 7], "texture": "#1"},
				"up": {"uv": [0, 1, 5, 2], "texture": "#1"},
				"down": {"uv": [0.25, 1, 5.25, 2], "texture": "#1"}
			}
		}
	],
	"display": {
		"head": {
			"translation": [1.25, -47.25, 7],
			"scale": [1.38, 1.38, 1.38]
		},
        "fixed": {
			"translation": [0.75, -2.51, 4.35],
			"scale": [0.8625, 0.8625, 0.8625]
		}
	}
}