{
	"credit": "Made with Blockbench",
	"textures": {
		"0": "block/bone_block_side",
		"1": "block/anvil",
		"2": "block/black_glazed_terracotta",
		"3": "block/emerald_block",
		"4": "custom/skull",
		"particle": "block/bone_block_side"
	},
	"elements": [
		{
			"from": [13, 0, -4],
			"to": [19, 5, 2],
			"faces": {
				"north": {"uv": [0, 0, 6, 5], "texture": "#0"},
				"east": {"uv": [0, 0, 6, 5], "texture": "#0"},
				"south": {"uv": [0, 0, 6, 5], "texture": "#0"},
				"west": {"uv": [0, 0, 6, 5], "texture": "#0"},
				"up": {"uv": [0, 0, 6, 6], "texture": "#0"},
				"down": {"uv": [0, 0, 6, 6], "texture": "#0"}
			}
		},
		{
			"from": [2, 0, -3],
			"to": [13, 4, 2],
			"faces": {
				"north": {"uv": [0, 0, 11, 4], "texture": "#0"},
				"up": {"uv": [0, 0, 11, 5], "texture": "#0"},
				"down": {"uv": [0, 0, 11, 5], "texture": "#0"}
			}
		},
		{
			"from": [13, 0, 2],
			"to": [18, 4, 10],
			"faces": {
				"east": {"uv": [0, 0, 8, 4], "texture": "#0"},
				"up": {"uv": [0, 0, 5, 8], "texture": "#0"},
				"down": {"uv": [0, 0, 5, 8], "texture": "#0"}
			}
		},
		{
			"from": [-3, 0, 2],
			"to": [2, 4, 10],
			"faces": {
				"west": {"uv": [0, 0, 8, 4], "texture": "#0"},
				"up": {"uv": [0, 0, 5, 8], "texture": "#0"},
				"down": {"uv": [0, 0, 5, 8], "texture": "#0"}
			}
		},
		{
			"from": [14, 5, -3],
			"to": [18, 9, 2],
			"faces": {
				"north": {"uv": [0, 0, 5, 4], "texture": "#0"},
				"east": {"uv": [0, 0, 5, 4], "texture": "#0"},
				"south": {"uv": [0, 0, 5, 4], "texture": "#0"},
				"west": {"uv": [0, 0, 5, 4], "texture": "#0"}
			}
		},
		{
			"from": [-4, 9, -4],
			"to": [19, 12, 16],
			"faces": {
				"north": {"uv": [0, 0, 16, 3], "texture": "#0"},
				"east": {"uv": [0, 0, 16, 3], "texture": "#0"},
				"south": {"uv": [0, 0, 16, 3], "texture": "#0"},
				"west": {"uv": [0, 0, 16, 3], "texture": "#0"},
				"down": {"uv": [0, 0, 16, 16], "texture": "#0"}
			}
		},
		{
			"from": [-4, 12, -4],
			"to": [19, 13, 16],
			"faces": {
				"north": {"uv": [0, 0, 16, 1], "texture": "#1"},
				"east": {"uv": [0, 0, 16, 1], "texture": "#1"},
				"south": {"uv": [0, 0, 16, 1], "texture": "#1"},
				"west": {"uv": [0, 0, 16, 1], "texture": "#1"}
			}
		},
		{
			"from": [-4, 13, -4],
			"to": [19, 15, 16],
			"faces": {
				"north": {"uv": [0, 0, 16, 2], "texture": "#0"},
				"east": {"uv": [0, 0, 16, 2], "texture": "#0"},
				"south": {"uv": [0, 0, 16, 2], "texture": "#0"},
				"west": {"uv": [0, 0, 16, 2], "texture": "#0"},
				"up": {"uv": [0, 0, 16, 16], "texture": "#0"}
			}
		},
		{
			"from": [14, 15, -3],
			"to": [18, 20, 15],
			"faces": {
				"north": {"uv": [0, 0, 6, 5], "texture": "#0"},
				"east": {"uv": [0, 0, 16, 5], "texture": "#0"},
				"south": {"uv": [0, 0, 6, 5], "texture": "#0"},
				"west": {"uv": [0, 0, 16, 5], "texture": "#0"},
				"up": {"uv": [0, 0, 6, 16], "texture": "#0"}
			}
		},
		{
			"from": [-3, 15, -3],
			"to": [1, 20, 15],
			"faces": {
				"north": {"uv": [0, 0, 6, 5], "texture": "#0"},
				"east": {"uv": [0, 0, 16, 5], "texture": "#0"},
				"south": {"uv": [0, 0, 6, 5], "texture": "#0"},
				"west": {"uv": [0, 0, 16, 5], "texture": "#0"},
				"up": {"uv": [0, 0, 6, 16], "texture": "#0"}
			}
		},
		{
			"from": [-3, 5, -3],
			"to": [1, 9, 2],
			"faces": {
				"north": {"uv": [0, 0, 5, 4], "texture": "#0"},
				"east": {"uv": [0, 0, 5, 4], "texture": "#0"},
				"south": {"uv": [0, 0, 5, 4], "texture": "#0"},
				"west": {"uv": [0, 0, 5, 4], "texture": "#0"}
			}
		},
		{
			"from": [-4, 0, -4],
			"to": [2, 5, 2],
			"faces": {
				"north": {"uv": [0, 0, 6, 5], "texture": "#0"},
				"east": {"uv": [0, 0, 6, 5], "texture": "#0"},
				"south": {"uv": [0, 0, 6, 5], "texture": "#0"},
				"west": {"uv": [0, 0, 6, 5], "texture": "#0"},
				"up": {"uv": [0, 0, 6, 6], "texture": "#0"},
				"down": {"uv": [0, 0, 6, 6], "texture": "#0"}
			}
		},
		{
			"from": [13, 0, 10],
			"to": [19, 5, 16],
			"faces": {
				"north": {"uv": [0, 0, 6, 5], "texture": "#0"},
				"east": {"uv": [0, 0, 6, 5], "texture": "#0"},
				"south": {"uv": [0, 0, 6, 5], "texture": "#0"},
				"west": {"uv": [0, 0, 6, 5], "texture": "#0"},
				"up": {"uv": [0, 0, 6, 6], "texture": "#0"},
				"down": {"uv": [0, 0, 6, 6], "texture": "#0"}
			}
		},
		{
			"from": [2, 0, 10],
			"to": [13, 4, 16],
			"faces": {
				"south": {"uv": [0, 0, 11, 4], "texture": "#0"},
				"up": {"uv": [0, 0, 11, 6], "texture": "#0"},
				"down": {"uv": [0, 0, 11, 6], "texture": "#0"}
			}
		},
		{
			"from": [2, 0, 2],
			"to": [13, 4, 10],
			"faces": {
				"up": {"uv": [0, 0, 11, 8], "texture": "#0"},
				"down": {"uv": [0, 0, 11, 8], "texture": "#0"}
			}
		},
		{
			"from": [-4, 0, 10],
			"to": [2, 5, 16],
			"faces": {
				"north": {"uv": [0, 0, 6, 5], "texture": "#0"},
				"east": {"uv": [0, 0, 6, 5], "texture": "#0"},
				"south": {"uv": [0, 0, 6, 5], "texture": "#0"},
				"west": {"uv": [0, 0, 6, 5], "texture": "#0"},
				"up": {"uv": [0, 0, 6, 6], "texture": "#0"},
				"down": {"uv": [0, 0, 6, 6], "texture": "#0"}
			}
		},
		{
			"from": [-3, 5, 10],
			"to": [2, 9, 15],
			"faces": {
				"north": {"uv": [0, 0, 5, 4], "texture": "#0"},
				"east": {"uv": [0, 0, 5, 4], "texture": "#0"},
				"south": {"uv": [0, 0, 5, 4], "texture": "#0"},
				"west": {"uv": [0, 0, 5, 4], "texture": "#0"}
			}
		},
		{
			"from": [13, 5, 10],
			"to": [18, 9, 15],
			"faces": {
				"north": {"uv": [0, 0, 5, 4], "texture": "#0"},
				"east": {"uv": [0, 0, 5, 4], "texture": "#0"},
				"south": {"uv": [0, 0, 5, 4], "texture": "#0"},
				"west": {"uv": [0, 0, 5, 4], "texture": "#0"}
			}
		},
		{
			"from": [1, 4, -2],
			"to": [14, 9, 0],
			"faces": {
				"north": {"uv": [0, 4, 11, 9], "texture": "#2"},
				"south": {"uv": [0, 0, 11, 5], "texture": "#2"}
			}
		},
		{
			"from": [2, 4, 12],
			"to": [13, 9, 14],
			"faces": {
				"north": {"uv": [0, 0, 11, 5], "texture": "#2"},
				"south": {"uv": [0, 0, 11, 5], "texture": "#2"}
			}
		},
		{
			"from": [16, 4, 2],
			"to": [17, 9, 10],
			"faces": {
				"east": {"uv": [0, 0, 8, 5], "texture": "#2"},
				"west": {"uv": [0, 0, 8, 5], "texture": "#2"}
			}
		},
		{
			"from": [-2, 4, 2],
			"to": [-1, 9, 10],
			"faces": {
				"east": {"uv": [0, 0, 8, 5], "texture": "#2"},
				"west": {"uv": [0, 0, 8, 5], "texture": "#2"}
			}
		},
		{
			"from": [1, 15, -2],
			"to": [14, 19, 15],
			"faces": {
				"north": {"uv": [0, 0, 9, 4], "texture": "#2"},
				"south": {"uv": [0, 0, 9, 4], "texture": "#2"},
				"up": {"uv": [0, 0, 9, 16], "texture": "#2"}
			}
		},
		{
			"from": [5, 7, -5],
			"to": [10, 14, -1],
			"faces": {
				"north": {"uv": [5, 4, 10, 11], "texture": "#3"},
				"east": {"uv": [5, 4, 9, 11], "texture": "#3"},
				"west": {"uv": [5, 4, 9, 11], "texture": "#3"},
				"up": {"uv": [5, 4, 10, 8], "texture": "#3"},
				"down": {"uv": [5, 4, 10, 8], "texture": "#3"}
			}
		},
		{
			"from": [-6, 19, 3],
			"to": [7, 19.1, 16],
			"rotation": {"angle": 45, "axis": "y", "origin": [0, 0, 0]},
			"faces": {
				"up": {"uv": [6, 1, 15, 9], "rotation": 180, "texture": "#4"},
				"down": {"uv": [6, 1, 15, 9], "texture": "#4"}
			}
		}
	],
	"display": {
		"head": {
			"translation": [0.5, -22.15, 1.75],
			"scale": [1.15, 1.15, 1.15]
		}
	}
}