{
	"credit": "Made with Blockbench",
	"textures": {
		"0": "custom/bone_block_side",
		"1": "custom/coal_block",
		"2": "custom/barrel_bottom",
		"3": "custom/anvil",
		"4": "custom/shield_gui",
		"particle": "custom/barrel_bottom"
	},
	"elements": [
		{
			"from": [7.4, 6.8, 8],
			"to": [9.2, 7.4, 8.6],
			"rotation": {"angle": 0, "axis": "y", "origin": [3.2, 3.2, 3.2]},
			"faces": {
				"north": {"uv": [0, 0, 3, 1], "texture": "#0"},
				"east": {"uv": [0, 0, 1, 1], "texture": "#0"},
				"west": {"uv": [0, 0, 1, 1], "texture": "#0"},
				"down": {"uv": [0, 0, 3, 1], "texture": "#0"}
			}
		},
		{
			"from": [7.4, 7.4, 8],
			"to": [9.2, 8, 8.6],
			"rotation": {"angle": 0, "axis": "y", "origin": [3.2, 3.2, 3.2]},
			"faces": {
				"north": {"uv": [0, 0, 3, 1], "texture": "#1"},
				"east": {"uv": [0, 0, 1, 1], "texture": "#1"},
				"west": {"uv": [0, 0, 1, 1], "texture": "#1"}
			}
		},
		{
			"from": [9.8, 7.4, 8],
			"to": [11, 8, 8.6],
			"rotation": {"angle": 0, "axis": "y", "origin": [3.2, 3.2, 3.2]},
			"faces": {
				"north": {"uv": [0, 0, 2, 1], "texture": "#0"},
				"west": {"uv": [0, 0, 1, 1], "texture": "#0"},
				"up": {"uv": [0, 0, 2, 1], "texture": "#0"},
				"down": {"uv": [0, 0, 2, 1], "texture": "#0"}
			}
		},
		{
			"from": [9.8, 6.2, 8],
			"to": [11, 6.8, 8.6],
			"rotation": {"angle": 0, "axis": "y", "origin": [3.2, 3.2, 3.2]},
			"faces": {
				"north": {"uv": [0, 0, 2, 1], "texture": "#0"},
				"west": {"uv": [0, 0, 1, 1], "texture": "#0"},
				"up": {"uv": [0, 0, 2, 1], "texture": "#0"},
				"down": {"uv": [0, 0, 2, 1], "texture": "#0"}
			}
		},
		{
			"from": [5.6, 7.4, 8],
			"to": [6.8, 8, 8.6],
			"rotation": {"angle": 0, "axis": "y", "origin": [3.2, 3.2, 3.2]},
			"faces": {
				"north": {"uv": [0, 0, 2, 1], "texture": "#0"},
				"east": {"uv": [0, 0, 1, 1], "texture": "#0"},
				"up": {"uv": [0, 0, 2, 1], "texture": "#0"},
				"down": {"uv": [0, 0, 2, 1], "texture": "#0"}
			}
		},
		{
			"from": [5.6, 6.2, 8],
			"to": [6.8, 6.8, 8.6],
			"rotation": {"angle": 0, "axis": "y", "origin": [3.2, 3.2, 3.2]},
			"faces": {
				"north": {"uv": [0, 0, 2, 1], "texture": "#0"},
				"east": {"uv": [0, 0, 1, 1], "texture": "#0"},
				"up": {"uv": [0, 0, 2, 1], "texture": "#0"},
				"down": {"uv": [0, 0, 2, 1], "texture": "#0"}
			}
		},
		{
			"from": [11, 7.4, 8],
			"to": [12.2, 8.6, 8.6],
			"rotation": {"angle": 0, "axis": "y", "origin": [3.2, 3.2, 3.2]},
			"faces": {
				"north": {"uv": [0, 0, 2, 2], "texture": "#0"},
				"east": {"uv": [0, 0, 1, 2], "texture": "#0"},
				"west": {"uv": [0, 0, 1, 2], "texture": "#0"},
				"up": {"uv": [0, 0, 2, 1], "texture": "#0"},
				"down": {"uv": [0, 0, 2, 1], "texture": "#0"}
			}
		},
		{
			"from": [11, 5.6, 8],
			"to": [12.2, 6.8, 8.6],
			"rotation": {"angle": 0, "axis": "y", "origin": [3.2, 3.2, 3.2]},
			"faces": {
				"north": {"uv": [0, 0, 2, 2], "texture": "#0"},
				"east": {"uv": [0, 0, 1, 2], "texture": "#0"},
				"west": {"uv": [0, 0, 1, 2], "texture": "#0"},
				"up": {"uv": [0, 0, 2, 1], "texture": "#0"},
				"down": {"uv": [0, 0, 2, 1], "texture": "#0"}
			}
		},
		{
			"from": [4.4, 7.4, 8],
			"to": [5.6, 8.6, 8.6],
			"rotation": {"angle": 0, "axis": "y", "origin": [3.2, 3.2, 3.2]},
			"faces": {
				"north": {"uv": [0, 0, 2, 2], "texture": "#0"},
				"east": {"uv": [0, 0, 1, 2], "texture": "#0"},
				"west": {"uv": [0, 0, 1, 2], "texture": "#0"},
				"up": {"uv": [0, 0, 2, 1], "texture": "#0"},
				"down": {"uv": [0, 0, 2, 1], "texture": "#0"}
			}
		},
		{
			"from": [4.4, 5.6, 8],
			"to": [5.6, 6.8, 8.6],
			"rotation": {"angle": 0, "axis": "y", "origin": [3.2, 3.2, 3.2]},
			"faces": {
				"north": {"uv": [0, 0, 2, 2], "texture": "#0"},
				"east": {"uv": [0, 0, 1, 2], "texture": "#0"},
				"west": {"uv": [0, 0, 1, 2], "texture": "#0"},
				"up": {"uv": [0, 0, 2, 1], "texture": "#0"},
				"down": {"uv": [0, 0, 2, 1], "texture": "#0"}
			}
		},
		{
			"from": [7.4, 8, 8],
			"to": [9.2, 8.6, 8.6],
			"rotation": {"angle": 0, "axis": "y", "origin": [3.2, 3.2, 3.2]},
			"faces": {
				"north": {"uv": [0, 0, 3, 1], "texture": "#0"},
				"east": {"uv": [0, 0, 1, 1], "texture": "#0"},
				"west": {"uv": [0, 0, 1, 1], "texture": "#0"}
			}
		},
		{
			"from": [8.6, 8.6, 8],
			"to": [9.8, 9.2, 8.6],
			"rotation": {"angle": 0, "axis": "y", "origin": [3.2, 3.2, 3.2]},
			"faces": {
				"north": {"uv": [0, 0, 2, 1], "texture": "#0"},
				"east": {"uv": [0, 0, 1, 1], "texture": "#0"},
				"down": {"uv": [0, 0, 2, 1], "texture": "#0"}
			}
		},
		{
			"from": [6.8, 8.6, 8],
			"to": [8, 9.2, 8.6],
			"rotation": {"angle": 0, "axis": "y", "origin": [3.2, 3.2, 3.2]},
			"faces": {
				"north": {"uv": [0, 0, 2, 1], "texture": "#0"},
				"west": {"uv": [0, 0, 1, 1], "texture": "#0"},
				"down": {"uv": [0, 0, 2, 1], "texture": "#0"}
			}
		},
		{
			"from": [8, 8.6, 8],
			"to": [8.6, 9.2, 8.6],
			"rotation": {"angle": 0, "axis": "y", "origin": [3.2, 3.2, 3.2]},
			"faces": {
				"north": {"uv": [0, 0, 1, 1], "texture": "#1"}
			}
		},
		{
			"from": [8.6, 9.2, 8],
			"to": [9.8, 10.4, 8.6],
			"rotation": {"angle": 0, "axis": "y", "origin": [3.2, 3.2, 3.2]},
			"faces": {
				"north": {"uv": [0, 0, 2, 2], "texture": "#1"}
			}
		},
		{
			"from": [6.8, 9.2, 8],
			"to": [8, 10.4, 8.6],
			"rotation": {"angle": 0, "axis": "y", "origin": [3.2, 3.2, 3.2]},
			"faces": {
				"north": {"uv": [0, 0, 2, 2], "texture": "#1"}
			}
		},
		{
			"from": [8, 9.2, 8],
			"to": [8.6, 10.4, 8.6],
			"rotation": {"angle": 0, "axis": "y", "origin": [3.2, 3.2, 3.2]},
			"faces": {
				"north": {"uv": [0, 0, 1, 2], "texture": "#0"}
			}
		},
		{
			"from": [6.8, 11, 8],
			"to": [9.8, 11.6, 8.6],
			"rotation": {"angle": 0, "axis": "y", "origin": [3.2, 3.2, 3.2]},
			"faces": {
				"north": {"uv": [0, 0, 5, 1], "texture": "#0"},
				"east": {"uv": [0, 0, 1, 1], "texture": "#0"},
				"west": {"uv": [0, 0, 1, 1], "texture": "#0"},
				"up": {"uv": [0, 0, 5, 1], "texture": "#0"}
			}
		},
		{
			"from": [6.2, 10.4, 8],
			"to": [10.4, 11, 8.6],
			"rotation": {"angle": 0, "axis": "y", "origin": [3.2, 3.2, 3.2]},
			"faces": {
				"north": {"uv": [0, 0, 7, 1], "texture": "#0"},
				"east": {"uv": [0, 0, 1, 1], "texture": "#0"},
				"west": {"uv": [0, 0, 1, 1], "texture": "#0"},
				"up": {"uv": [0, 0, 7, 1], "texture": "#0"}
			}
		},
		{
			"from": [9.8, 9.2, 8],
			"to": [10.4, 10.4, 8.6],
			"rotation": {"angle": 0, "axis": "y", "origin": [3.2, 3.2, 3.2]},
			"faces": {
				"north": {"uv": [0, 0, 1, 2], "texture": "#0"},
				"east": {"uv": [0, 0, 1, 2], "texture": "#0"},
				"down": {"uv": [0, 0, 1, 1], "texture": "#0"}
			}
		},
		{
			"from": [6.2, 9.2, 8],
			"to": [6.8, 10.4, 8.6],
			"rotation": {"angle": 0, "axis": "y", "origin": [3.2, 3.2, 3.2]},
			"faces": {
				"north": {"uv": [0, 0, 1, 2], "texture": "#0"},
				"west": {"uv": [0, 0, 1, 2], "texture": "#0"},
				"down": {"uv": [0, 0, 1, 1], "texture": "#0"}
			}
		},
		{
			"from": [4.4, 5, 8.6],
			"to": [12.2, 12.8, 9.2],
			"rotation": {"angle": 0, "axis": "y", "origin": [3.2, 3.2, 3.2]},
			"faces": {
				"north": {"uv": [0, 0, 13, 13], "texture": "#2"},
				"east": {"uv": [0, 0, 1, 13], "texture": "#2"},
				"south": {"uv": [0, 0, 13, 13], "texture": "#2"},
				"west": {"uv": [0, 0, 1, 13], "texture": "#2"},
				"up": {"uv": [0, 0, 13, 1], "texture": "#2"},
				"down": {"uv": [0, 0, 13, 1], "texture": "#2"}
			}
		},
		{
			"from": [12.2, 5, 9.2],
			"to": [13.4, 12.8, 9.8],
			"rotation": {"angle": 0, "axis": "y", "origin": [3.2, 3.2, 3.2]},
			"faces": {
				"north": {"uv": [0, 0, 2, 13], "texture": "#2"},
				"east": {"uv": [0, 0, 1, 13], "texture": "#2"},
				"south": {"uv": [0, 0, 2, 13], "texture": "#2"},
				"west": {"uv": [0, 0, 1, 13], "texture": "#2"},
				"up": {"uv": [0, 0, 2, 1], "texture": "#2"},
				"down": {"uv": [0, 0, 2, 1], "texture": "#2"}
			}
		},
		{
			"from": [3.2, 5, 9.2],
			"to": [4.4, 12.8, 9.8],
			"rotation": {"angle": 0, "axis": "y", "origin": [3.2, 3.2, 3.2]},
			"faces": {
				"north": {"uv": [0, 0, 2, 13], "texture": "#2"},
				"east": {"uv": [0, 0, 1, 13], "texture": "#2"},
				"south": {"uv": [0, 0, 2, 13], "texture": "#2"},
				"west": {"uv": [0, 0, 1, 13], "texture": "#2"},
				"up": {"uv": [0, 0, 2, 1], "texture": "#2"},
				"down": {"uv": [0, 0, 2, 1], "texture": "#2"}
			}
		},
		{
			"from": [2.6, 5, 9.8],
			"to": [3.2, 12.8, 10.4],
			"rotation": {"angle": 0, "axis": "y", "origin": [3.2, 3.2, 3.2]},
			"faces": {
				"north": {"uv": [0, 0, 1, 13], "texture": "#2"},
				"east": {"uv": [0, 0, 1, 13], "texture": "#2"},
				"south": {"uv": [0, 0, 1, 13], "texture": "#2"}
			}
		},
		{
			"from": [13.4, 5, 9.8],
			"to": [14, 12.8, 10.4],
			"rotation": {"angle": 0, "axis": "y", "origin": [3.2, 3.2, 3.2]},
			"faces": {
				"north": {"uv": [0, 0, 1, 13], "texture": "#2"},
				"south": {"uv": [0, 0, 1, 13], "texture": "#2"},
				"west": {"uv": [0, 0, 1, 13], "texture": "#2"}
			}
		},
		{
			"from": [4.4, 3.8, 9.2],
			"to": [12.2, 5, 9.8],
			"rotation": {"angle": 0, "axis": "y", "origin": [3.2, 3.2, 3.2]},
			"faces": {
				"north": {"uv": [0, 0, 13, 2], "texture": "#2"},
				"east": {"uv": [0, 0, 1, 2], "texture": "#2"},
				"south": {"uv": [0, 0, 13, 2], "texture": "#2"},
				"west": {"uv": [0, 0, 1, 2], "texture": "#2"},
				"up": {"uv": [0, 0, 13, 1], "texture": "#2"},
				"down": {"uv": [0, 0, 13, 1], "texture": "#2"}
			}
		},
		{
			"from": [3.8, 3.8, 9.8],
			"to": [4.4, 5, 10.4],
			"rotation": {"angle": 0, "axis": "y", "origin": [3.2, 3.2, 3.2]},
			"faces": {
				"north": {"uv": [0, 0, 1, 2], "texture": "#2"},
				"east": {"uv": [0, 0, 1, 2], "texture": "#2"},
				"south": {"uv": [0, 0, 1, 2], "texture": "#2"},
				"up": {"uv": [0, 0, 1, 1], "texture": "#2"}
			}
		},
		{
			"from": [3.2, 4.4, 9.8],
			"to": [3.8, 5, 10.4],
			"rotation": {"angle": 0, "axis": "y", "origin": [3.2, 3.2, 3.2]},
			"faces": {
				"north": {"uv": [0, 0, 1, 1], "texture": "#2"},
				"south": {"uv": [0, 0, 1, 1], "texture": "#2"},
				"up": {"uv": [0, 0, 1, 1], "texture": "#2"}
			}
		},
		{
			"from": [12.2, 3.8, 9.8],
			"to": [12.8, 5, 10.4],
			"rotation": {"angle": 0, "axis": "y", "origin": [3.2, 3.2, 3.2]},
			"faces": {
				"north": {"uv": [0, 0, 1, 2], "texture": "#2"},
				"south": {"uv": [0, 0, 1, 2], "texture": "#2"},
				"west": {"uv": [0, 0, 1, 2], "texture": "#2"},
				"up": {"uv": [0, 0, 1, 1], "texture": "#2"}
			}
		},
		{
			"from": [12.8, 4.4, 9.8],
			"to": [13.4, 5, 10.4],
			"rotation": {"angle": 0, "axis": "y", "origin": [3.2, 3.2, 3.2]},
			"faces": {
				"north": {"uv": [0, 0, 1, 1], "texture": "#2"},
				"south": {"uv": [0, 0, 1, 1], "texture": "#2"},
				"up": {"uv": [0, 0, 1, 1], "texture": "#2"}
			}
		},
		{
			"from": [12.2, 12.8, 9.8],
			"to": [12.8, 14, 10.4],
			"rotation": {"angle": 0, "axis": "y", "origin": [3.2, 3.2, 3.2]},
			"faces": {
				"north": {"uv": [0, 0, 1, 2], "texture": "#2"},
				"south": {"uv": [0, 0, 1, 2], "texture": "#2"},
				"west": {"uv": [0, 0, 1, 2], "texture": "#2"},
				"down": {"uv": [0, 0, 1, 1], "texture": "#2"}
			}
		},
		{
			"from": [12.8, 12.8, 9.8],
			"to": [13.4, 13.4, 10.4],
			"rotation": {"angle": 0, "axis": "y", "origin": [3.2, 3.2, 3.2]},
			"faces": {
				"north": {"uv": [0, 0, 1, 1], "texture": "#2"},
				"south": {"uv": [0, 0, 1, 1], "texture": "#2"},
				"down": {"uv": [0, 0, 1, 1], "texture": "#2"}
			}
		},
		{
			"from": [3.8, 12.8, 9.8],
			"to": [4.4, 14, 10.4],
			"rotation": {"angle": 0, "axis": "y", "origin": [3.2, 3.2, 3.2]},
			"faces": {
				"north": {"uv": [0, 0, 1, 2], "texture": "#2"},
				"east": {"uv": [0, 0, 1, 2], "texture": "#2"},
				"south": {"uv": [0, 0, 1, 2], "texture": "#2"},
				"down": {"uv": [0, 0, 1, 1], "texture": "#2"}
			}
		},
		{
			"from": [3.2, 12.8, 9.8],
			"to": [3.8, 13.4, 10.4],
			"rotation": {"angle": 0, "axis": "y", "origin": [3.2, 3.2, 3.2]},
			"faces": {
				"north": {"uv": [0, 0, 1, 1], "texture": "#2"},
				"south": {"uv": [0, 0, 1, 1], "texture": "#2"},
				"down": {"uv": [0, 0, 1, 1], "texture": "#2"}
			}
		},
		{
			"from": [4.4, 12.8, 9.2],
			"to": [12.2, 14, 9.8],
			"rotation": {"angle": 0, "axis": "y", "origin": [3.2, 3.2, 3.2]},
			"faces": {
				"north": {"uv": [0, 0, 13, 2], "texture": "#2"},
				"east": {"uv": [0, 0, 1, 2], "texture": "#2"},
				"south": {"uv": [0, 0, 13, 2], "texture": "#2"},
				"west": {"uv": [0, 0, 1, 2], "texture": "#2"},
				"up": {"uv": [0, 0, 13, 1], "texture": "#2"},
				"down": {"uv": [0, 0, 13, 1], "texture": "#2"}
			}
		},
		{
			"from": [4.4, 14, 9.8],
			"to": [12.2, 14.6, 10.4],
			"rotation": {"angle": 0, "axis": "y", "origin": [3.2, 3.2, 3.2]},
			"faces": {
				"north": {"uv": [0, 0, 13, 1], "texture": "#2"},
				"south": {"uv": [0, 0, 13, 1], "texture": "#2"},
				"down": {"uv": [0, 0, 13, 1], "texture": "#2"}
			}
		},
		{
			"from": [4.4, 3.2, 9.8],
			"to": [12.2, 3.8, 10.4],
			"rotation": {"angle": 0, "axis": "y", "origin": [3.2, 3.2, 3.2]},
			"faces": {
				"north": {"uv": [0, 0, 13, 1], "texture": "#2"},
				"south": {"uv": [0, 0, 13, 1], "texture": "#2"},
				"up": {"uv": [0, 0, 13, 1], "texture": "#2"}
			}
		},
		{
			"from": [8, 10.4, 9.2],
			"to": [9.2, 11.6, 14],
			"rotation": {"angle": 0, "axis": "y", "origin": [3.2, 3.2, 3.2]},
			"faces": {
				"east": {"uv": [0, 0, 8, 2], "texture": "#3"},
				"west": {"uv": [0, 0, 8, 2], "texture": "#3"},
				"up": {"uv": [0, 0, 2, 8], "texture": "#3"},
				"down": {"uv": [0, 0, 2, 8], "texture": "#3"}
			}
		},
		{
			"from": [8, 6.2, 9.2],
			"to": [9.2, 7.4, 14],
			"rotation": {"angle": 0, "axis": "y", "origin": [3.2, 3.2, 3.2]},
			"faces": {
				"east": {"uv": [0, 0, 8, 2], "texture": "#3"},
				"west": {"uv": [0, 0, 8, 2], "texture": "#3"},
				"up": {"uv": [0, 0, 2, 8], "texture": "#3"},
				"down": {"uv": [0, 0, 2, 8], "texture": "#3"}
			}
		},
		{
			"from": [8, 6.2, 14],
			"to": [9.2, 11.6, 15.2],
			"rotation": {"angle": 0, "axis": "y", "origin": [3.2, 3.2, 3.2]},
			"faces": {
				"north": {"uv": [0, 0, 2, 9], "texture": "#3"},
				"east": {"uv": [0, 0, 2, 9], "texture": "#3"},
				"south": {"uv": [0, 0, 2, 9], "texture": "#3"},
				"west": {"uv": [0, 0, 2, 9], "texture": "#3"},
				"up": {"uv": [0, 0, 2, 2], "texture": "#3"},
				"down": {"uv": [0, 0, 2, 2], "texture": "#3"}
			}
		},
		{
			"from": [8, 7.4, 9.2],
			"to": [9.2, 10.4, 10.4],
			"rotation": {"angle": 0, "axis": "y", "origin": [3.2, 3.2, 3.2]},
			"faces": {
				"east": {"uv": [0, 0, 2, 5], "texture": "#3"},
				"south": {"uv": [0, 0, 2, 5], "texture": "#3"},
				"west": {"uv": [0, 0, 2, 5], "texture": "#3"}
			}
		},
		{
			"from": [3.8, 3.2, 9.8],
			"to": [4.4, 3.8, 10.4],
			"rotation": {"angle": 0, "axis": "y", "origin": [3.2, 3.2, 3.2]},
			"faces": {
				"north": {"uv": [0, 0, 1, 1], "texture": "#3"},
				"south": {"uv": [0, 0, 1, 1], "texture": "#3"},
				"west": {"uv": [0, 0, 1, 1], "texture": "#3"},
				"down": {"uv": [0, 0, 1, 1], "texture": "#3"}
			}
		},
		{
			"from": [3.2, 3.8, 9.8],
			"to": [3.8, 4.4, 10.4],
			"rotation": {"angle": 0, "axis": "y", "origin": [3.2, 3.2, 3.2]},
			"faces": {
				"north": {"uv": [0, 0, 1, 1], "texture": "#3"},
				"south": {"uv": [0, 0, 1, 1], "texture": "#3"},
				"west": {"uv": [0, 0, 1, 1], "texture": "#3"},
				"down": {"uv": [0, 0, 1, 1], "texture": "#3"}
			}
		},
		{
			"from": [2, 5, 9.8],
			"to": [2.6, 12.8, 10.4],
			"rotation": {"angle": 0, "axis": "y", "origin": [3.2, 3.2, 3.2]},
			"faces": {
				"north": {"uv": [0, 0, 1, 13], "texture": "#3"},
				"south": {"uv": [0, 0, 1, 13], "texture": "#3"},
				"west": {"uv": [0, 0, 1, 13], "texture": "#3"},
				"up": {"uv": [0, 0, 1, 1], "texture": "#3"},
				"down": {"uv": [0, 0, 1, 1], "texture": "#3"}
			}
		},
		{
			"from": [2.6, 4.4, 9.8],
			"to": [3.2, 5, 10.4],
			"rotation": {"angle": 0, "axis": "y", "origin": [3.2, 3.2, 3.2]},
			"faces": {
				"north": {"uv": [0, 0, 1, 1], "texture": "#3"},
				"south": {"uv": [0, 0, 1, 1], "texture": "#3"},
				"west": {"uv": [0, 0, 1, 1], "texture": "#3"},
				"down": {"uv": [0, 0, 1, 1], "texture": "#3"}
			}
		},
		{
			"from": [2.6, 12.8, 9.8],
			"to": [3.2, 13.4, 10.4],
			"rotation": {"angle": 0, "axis": "y", "origin": [3.2, 3.2, 3.2]},
			"faces": {
				"north": {"uv": [0, 0, 1, 1], "texture": "#3"},
				"south": {"uv": [0, 0, 1, 1], "texture": "#3"},
				"west": {"uv": [0, 0, 1, 1], "texture": "#3"},
				"up": {"uv": [0, 0, 1, 1], "texture": "#3"}
			}
		},
		{
			"from": [3.2, 13.4, 9.8],
			"to": [3.8, 14, 10.4],
			"rotation": {"angle": 0, "axis": "y", "origin": [3.2, 3.2, 3.2]},
			"faces": {
				"north": {"uv": [0, 0, 1, 1], "texture": "#3"},
				"south": {"uv": [0, 0, 1, 1], "texture": "#3"},
				"west": {"uv": [0, 0, 1, 1], "texture": "#3"},
				"up": {"uv": [0, 0, 1, 1], "texture": "#3"}
			}
		},
		{
			"from": [3.8, 14, 9.8],
			"to": [4.4, 14.6, 10.4],
			"rotation": {"angle": 0, "axis": "y", "origin": [3.2, 3.2, 3.2]},
			"faces": {
				"north": {"uv": [0, 0, 1, 1], "texture": "#3"},
				"south": {"uv": [0, 0, 1, 1], "texture": "#3"},
				"west": {"uv": [0, 0, 1, 1], "texture": "#3"},
				"up": {"uv": [0, 0, 1, 1], "texture": "#3"}
			}
		},
		{
			"from": [12.2, 14, 9.8],
			"to": [12.8, 14.6, 10.4],
			"rotation": {"angle": 0, "axis": "y", "origin": [3.2, 3.2, 3.2]},
			"faces": {
				"north": {"uv": [0, 0, 1, 1], "texture": "#3"},
				"east": {"uv": [0, 0, 1, 1], "texture": "#3"},
				"south": {"uv": [0, 0, 1, 1], "texture": "#3"},
				"up": {"uv": [0, 0, 1, 1], "texture": "#3"}
			}
		},
		{
			"from": [12.8, 13.4, 9.8],
			"to": [13.4, 14, 10.4],
			"rotation": {"angle": 0, "axis": "y", "origin": [3.2, 3.2, 3.2]},
			"faces": {
				"north": {"uv": [0, 0, 1, 1], "texture": "#3"},
				"east": {"uv": [0, 0, 1, 1], "texture": "#3"},
				"south": {"uv": [0, 0, 1, 1], "texture": "#3"},
				"up": {"uv": [0, 0, 1, 1], "texture": "#3"}
			}
		},
		{
			"from": [13.4, 12.8, 9.8],
			"to": [14, 13.4, 10.4],
			"rotation": {"angle": 0, "axis": "y", "origin": [3.2, 3.2, 3.2]},
			"faces": {
				"north": {"uv": [0, 0, 1, 1], "texture": "#3"},
				"east": {"uv": [0, 0, 1, 1], "texture": "#3"},
				"south": {"uv": [0, 0, 1, 1], "texture": "#3"},
				"up": {"uv": [0, 0, 1, 1], "texture": "#3"}
			}
		},
		{
			"from": [13.4, 4.4, 9.8],
			"to": [14, 5, 10.4],
			"rotation": {"angle": 0, "axis": "y", "origin": [3.2, 3.2, 3.2]},
			"faces": {
				"north": {"uv": [0, 0, 1, 1], "texture": "#3"},
				"east": {"uv": [0, 0, 1, 1], "texture": "#3"},
				"south": {"uv": [0, 0, 1, 1], "texture": "#3"},
				"down": {"uv": [0, 0, 1, 1], "texture": "#3"}
			}
		},
		{
			"from": [12.8, 3.8, 9.8],
			"to": [13.4, 4.4, 10.4],
			"rotation": {"angle": 0, "axis": "y", "origin": [3.2, 3.2, 3.2]},
			"faces": {
				"north": {"uv": [0, 0, 1, 1], "texture": "#3"},
				"east": {"uv": [0, 0, 1, 1], "texture": "#3"},
				"south": {"uv": [0, 0, 1, 1], "texture": "#3"},
				"down": {"uv": [0, 0, 1, 1], "texture": "#3"}
			}
		},
		{
			"from": [12.2, 3.2, 9.8],
			"to": [12.8, 3.8, 10.4],
			"rotation": {"angle": 0, "axis": "y", "origin": [3.2, 3.2, 3.2]},
			"faces": {
				"north": {"uv": [0, 0, 1, 1], "texture": "#3"},
				"east": {"uv": [0, 0, 1, 1], "texture": "#3"},
				"south": {"uv": [0, 0, 1, 1], "texture": "#3"},
				"down": {"uv": [0, 0, 1, 1], "texture": "#3"}
			}
		},
		{
			"from": [4.4, 2.6, 9.8],
			"to": [12.2, 3.2, 10.4],
			"rotation": {"angle": 0, "axis": "y", "origin": [3.2, 3.2, 3.2]},
			"faces": {
				"north": {"uv": [0, 0, 13, 1], "texture": "#3"},
				"east": {"uv": [0, 0, 1, 1], "texture": "#3"},
				"south": {"uv": [0, 0, 13, 1], "texture": "#3"},
				"west": {"uv": [0, 0, 1, 1], "texture": "#3"},
				"down": {"uv": [0, 0, 13, 1], "texture": "#3"}
			}
		},
		{
			"from": [14, 5, 9.8],
			"to": [14.6, 12.8, 10.4],
			"rotation": {"angle": 0, "axis": "y", "origin": [3.2, 3.2, 3.2]},
			"faces": {
				"north": {"uv": [0, 0, 1, 13], "texture": "#3"},
				"east": {"uv": [0, 0, 1, 13], "texture": "#3"},
				"south": {"uv": [0, 0, 1, 13], "texture": "#3"},
				"up": {"uv": [0, 0, 1, 1], "texture": "#3"},
				"down": {"uv": [0, 0, 1, 1], "texture": "#3"}
			}
		},
		{
			"from": [4.4, 14.6, 9.8],
			"to": [12.2, 15.2, 10.4],
			"rotation": {"angle": 0, "axis": "y", "origin": [3.2, 3.2, 3.2]},
			"faces": {
				"north": {"uv": [0, 0, 13, 1], "texture": "#3"},
				"east": {"uv": [0, 0, 1, 1], "texture": "#3"},
				"south": {"uv": [0, 0, 13, 1], "texture": "#3"},
				"west": {"uv": [0, 0, 1, 1], "texture": "#3"},
				"up": {"uv": [0, 0, 13, 1], "texture": "#3"}
			}
		},
		{
			"name": "ICON",
			"from": [4, 4, 9.25],
			"to": [12, 12, 9.25],
			"rotation": {"angle": 0, "axis": "y", "origin": [4, 4, 4]},
			"faces": {
				"north": {"uv": [0, 0, 16, 16], "texture": "#4"}
			}
		}
	],
    "gui_light": "front",
	"display": {
		"thirdperson_righthand": {
			"rotation": [34, -19, 0],
			"translation": [0.5, 0.75, -2.25]
		},
		"thirdperson_lefthand": {
			"rotation": [45, -19, 0],
			"translation": [1.5, 0.75, -2.25]
		},
		"firstperson_righthand": {
			"translation": [-2.5, 1, -0.5]
		},
		"firstperson_lefthand": {
			"translation": [-2.5, 1, -0.5]
		},
		"ground": {
			"translation": [0, 4, -2.25]
		},
		"gui": {
			"rotation": [0, -180, 0],
			"scale": [2, 2, 2]
		}
	}
}