{
	"parent": "item/handheld",
	"textures": {
		"layer0": "item/diamond_hoe"
	},
	"overrides": [
		{ "predicate": {"custom_model_data": 1}, "model": "cannon/cannon_cart"},
		{ "predicate": {"custom_model_data": 2}, "model": "cannon/gp_left1"},
		{ "predicate": {"custom_model_data": 3}, "model": "cannon/gp_left2"},
		{ "predicate": {"custom_model_data": 4}, "model": "cannon/gp_left3"},
		{ "predicate": {"custom_model_data": 5}, "model": "cannon/gp_left4"},
		{ "predicate": {"custom_model_data": 6}, "model": "cannon/gp_left5"},
		{ "predicate": {"custom_model_data": 7}, "model": "cannon/gp_left6"},
		{ "predicate": {"custom_model_data": 8}, "model": "cannon/gp_left7"},
		{ "predicate": {"custom_model_data": 9}, "model": "cannon/gp_right1"},
		{ "predicate": {"custom_model_data": 10}, "model": "cannon/gp_right2"},
		{ "predicate": {"custom_model_data": 11}, "model": "cannon/gp_right3"},
		{ "predicate": {"custom_model_data": 12}, "model": "cannon/gp_right4"},
		{ "predicate": {"custom_model_data": 13}, "model": "cannon/gp_right5"},
		{ "predicate": {"custom_model_data": 14}, "model": "cannon/gp_right6"},
		{ "predicate": {"custom_model_data": 15}, "model": "cannon/gp_right7"},
		{ "predicate": {"custom_model_data": 16}, "model": "cannon/cannonball"},
		{ "predicate": {"custom_model_data": 17}, "model": "hats/orange/default"},
		{ "predicate": {"custom_model_data": 18}, "model": "hats/purple/default"},
		{ "predicate": {"custom_model_data": 19}, "model": "chest/common/closed"},
		{ "predicate": {"custom_model_data": 20}, "model": "chest/common/open_full"},
		{ "predicate": {"custom_model_data": 21}, "model": "chest/common/open_empty"},
		{ "predicate": {"custom_model_data": 22}, "model": "cannon/hot_cannonball"},
		{ "predicate": {"custom_model_data": 23}, "model": "chest/uncommon/closed"},
		{ "predicate": {"custom_model_data": 24}, "model": "chest/uncommon/open_full"},
		{ "predicate": {"custom_model_data": 25}, "model": "chest/uncommon/open_empty"},
		{ "predicate": {"custom_model_data": 26}, "model": "chest/rare/closed"},
		{ "predicate": {"custom_model_data": 27}, "model": "chest/rare/open_full"},
		{ "predicate": {"custom_model_data": 28}, "model": "chest/rare/open_empty"},
		{ "predicate": {"custom_model_data": 29}, "model": "cannon/cluster_cannonball"},
		{ "predicate": {"custom_model_data": 30}, "model": "cannon/cluster_cannonball_single"},
		{ "predicate": {"custom_model_data": 31}, "model": "cannon/gas_cannonball"},
		{ "predicate": {"custom_model_data": 32}, "model": "cannon/chain_cannonball"},
		{ "predicate": {"custom_model_data": 33}, "model": "cannon/gascloud"},
		{ "predicate": {"custom_model_data": 34}, "model": "custom/map"},
		{ "predicate": {"custom_model_data": 35}, "model": "lobby/time"},
		{ "predicate": {"custom_model_data": 36}, "model": "lobby/shiphp"},
		{ "predicate": {"custom_model_data": 37}, "model": "lobby/confirm"},
		{ "predicate": {"custom_model_data": 38}, "model": "lobby/defaults"},
		{ "predicate": {"custom_model_data": 39}, "model": "hats/lobby/default"},
		{ "predicate": {"custom_model_data": 40}, "model": "cannon/chain_cannonball_projectile"},
		{ "predicate": {"custom_model_data": 41}, "model": "cannon/firework"},
		{ "predicate": {"custom_model_data": 42}, "model": "hats/lobby/kills"},
		{ "predicate": {"custom_model_data": 43}, "model": "hats/lobby/kills_deaths"},
		{ "predicate": {"custom_model_data": 44}, "model": "hats/lobby/cannons_deaths"},
		{ "predicate": {"custom_model_data": 45}, "model": "hats/lobby/cannons"},
		{ "predicate": {"custom_model_data": 46}, "model": "hats/lobby/cannons_kills"},
		{ "predicate": {"custom_model_data": 47}, "model": "hats/lobby/all"},
		{ "predicate": {"custom_model_data": 48}, "model": "hats/lobby/deaths"},
		{ "predicate": {"custom_model_data": 49}, "model": "chest/team/purple/closed"},
		{ "predicate": {"custom_model_data": 50}, "model": "chest/team/purple/locked"},
		{ "predicate": {"custom_model_data": 51}, "model": "chest/team/purple/opened"},
		{ "predicate": {"custom_model_data": 52}, "model": "chest/team/orange/closed"},
		{ "predicate": {"custom_model_data": 53}, "model": "chest/team/orange/locked"},
		{ "predicate": {"custom_model_data": 54}, "model": "chest/team/orange/opened"},
		{ "predicate": {"custom_model_data": 55}, "model": "cannon/bouncy_cannonball"},
		{ "predicate": {"custom_model_data": 56}, "model": "cannon/player_cannonball"},
		{ "predicate": {"custom_model_data": 57}, "model": "lobby/cancel"},
		{ "predicate": {"custom_model_data": 58}, "model": "lobby/cancel_grayed"},
		{ "predicate": {"custom_model_data": 59}, "model": "custom/seagull"},
		{ "predicate": {"custom_model_data": 60}, "model": "cannon/tracer_cannonball"},
		{ "predicate": {"custom_model_data": 61}, "model": "hats/lobby/parkour"},
		{ "predicate": {"custom_model_data": 62}, "model": "cannon/cannon_barrel"},
		{ "predicate": {"custom_model_data": 63}, "model": "cannon/cannon_barrel_fire"},
		{ "predicate": {"custom_model_data": 64}, "model": "cannon/gasbubble"},
		{ "predicate": {"custom_model_data": 65}, "model": "custom/parrot"},
		{ "predicate": {"custom_model_data": 66}, "model": "custom/sandman"},
		{ "predicate": {"custom_model_data": 67}, "model": "custom/snowman"},
		{ "predicate": {"custom_model_data": 68}, "model": "custom/ship_bell"},
		{ "predicate": {"custom_model_data": 69}, "model": "chest/lockbox/closed"},
		{ "predicate": {"custom_model_data": 70}, "model": "chest/lockbox/closed_unlocked"},
		{ "predicate": {"custom_model_data": 71}, "model": "chest/lockbox/opened"},
		{ "predicate": {"custom_model_data": 72}, "model": "chest/lockbox/opened_empty"},
		{ "predicate": {"custom_model_data": 73}, "model": "cannon/golden_cannonball"},
		{ "predicate": {"custom_model_data": 74}, "model": "cannon/cannon_fire"},
		{ "predicate": {"custom_model_data": 75}, "model": "lobby/logo"},
		{ "predicate": {"custom_model_data": 76}, "model": "custom/map2"},
		{ "predicate": {"custom_model_data": 77}, "model": "custom/trainingdummy"},
		{ "predicate": {"custom_model_data": 78}, "model": "custom/rreasteregg"},
		{ "predicate": {"custom_model_data": 79}, "model": "custom/goldfish"},
		{ "predicate": {"custom_model_data": 80}, "model": "custom/helmet"},
		{ "predicate": {"custom_model_data": 81}, "model": "custom/musket"},
		{ "predicate": {"custom_model_data": 82}, "model": "custom/mapmodifiers"},
		{ "predicate": {"custom_model_data": 83}, "model": "lobby/modifiers"},
		{ "predicate": {"custom_model_data": 84}, "model": "lobby/notracers"},
		{ "predicate": {"custom_model_data": 85}, "model": "lobby/wildlife"},
		{ "predicate": {"custom_model_data": 86}, "model": "lobby/seastorms"},
		{ "predicate": {"custom_model_data": 87}, "model": "custom/shark_swim"},
		{ "predicate": {"custom_model_data": 88}, "model": "custom/shark"},
		{ "predicate": {"custom_model_data": 89}, "model": "custom/shark_openmouth1"},
		{ "predicate": {"custom_model_data": 90}, "model": "custom/shark_openmouth2"},
		{ "predicate": {"custom_model_data": 91}, "model": "cannon/tracer_cannonball_red"},
		{ "predicate": {"custom_model_data": 92}, "model": "hats/orange/deaths"},
		{ "predicate": {"custom_model_data": 93}, "model": "hats/orange/cannons"},
		{ "predicate": {"custom_model_data": 94}, "model": "hats/orange/cannons_deaths"},
		{ "predicate": {"custom_model_data": 95}, "model": "hats/orange/kills"},
		{ "predicate": {"custom_model_data": 96}, "model": "hats/orange/kills_deaths"},
		{ "predicate": {"custom_model_data": 97}, "model": "hats/orange/cannons_kills"},
		{ "predicate": {"custom_model_data": 98}, "model": "hats/orange/all"},
		{ "predicate": {"custom_model_data": 99}, "model": "hats/purple/deaths"},
		{ "predicate": {"custom_model_data": 100}, "model": "hats/purple/cannons"},
		{ "predicate": {"custom_model_data": 101}, "model": "hats/purple/cannons_deaths"},
		{ "predicate": {"custom_model_data": 102}, "model": "hats/purple/kills"},
		{ "predicate": {"custom_model_data": 103}, "model": "hats/purple/kills_deaths"},
		{ "predicate": {"custom_model_data": 104}, "model": "hats/purple/cannons_kills"},
		{ "predicate": {"custom_model_data": 105}, "model": "hats/purple/all"},
		{ "predicate": {"custom_model_data": 106}, "model": "cannon/pcannonball_barrel"},
		{ "predicate": {"custom_model_data": 107}, "model": "cannon/cannon_shooting"},
		{ "predicate": {"custom_model_data": 108}, "model": "hats/lobby/dummy"},
		{ "predicate": {"custom_model_data": 109}, "model": "cannon/copper_cannonball"},
		{ "predicate": {"custom_model_data": 110}, "model": "cannon/copper_cannonball_weathered"},
		{ "predicate": {"custom_model_data": 111}, "model": "cannon/copper_cannonball_exposed"},
		{ "predicate": {"custom_model_data": 112}, "model": "cannon/copper_cannonball_clean"},
		{ "predicate": {"custom_model_data": 113}, "model": "lobby/lostcargo"},
		{ "predicate": {"custom_model_data": 114}, "model": "chest/cargo/barrel"},
		{ "predicate": {"custom_model_data": 115}, "model": "chest/cargo/barrel_open"},
		{ "predicate": {"custom_model_data": 116}, "model": "chest/cargo/barrel_trap"},
		{ "predicate": {"custom_model_data": 117}, "model": "custom/crab"},
		{ "predicate": {"custom_model_data": 118}, "model": "custom/crab_walk"},
		{ "predicate": {"custom_model_data": 119}, "model": "custom/crabrave"},
		{ "predicate": {"custom_model_data": 120}, "model": "lobby/morning"},
		{ "predicate": {"custom_model_data": 121}, "model": "lobby/sunset"},
		{ "predicate": {"custom_model_data": 122}, "model": "lobby/night"},
		{ "predicate": {"custom_model_data": 123}, "model": "lobby/graverobbery"},
		{ "predicate": {"custom_model_data": 124}, "model": "lobby/boatcannons"},
		{ "predicate": {"custom_model_data": 125}, "model": "cannon/boatcannon_barrel"},
		{ "predicate": {"custom_model_data": 126}, "model": "cannon/boatcannon_gp1"},
		{ "predicate": {"custom_model_data": 127}, "model": "cannon/boatcannon_gp2"},
		{ "predicate": {"custom_model_data": 128}, "model": "cannon/boatcannon_gp3"},
		{ "predicate": {"custom_model_data": 129}, "model": "cannon/boatcannon_gp4"},
		{ "predicate": {"custom_model_data": 130}, "model": "cannon/boatcannon_gp5"},
		{ "predicate": {"custom_model_data": 131}, "model": "cannon/boatcannon_primed"},
		{ "predicate": {"custom_model_data": 132}, "model": "cannon/boatcannon_fire"},
		{ "predicate": {"custom_model_data": 133}, "model": "cannon/boatcannon_cart"},
		{ "predicate": {"custom_model_data": 134}, "model": "chest/grave/closed"},
		{ "predicate": {"custom_model_data": 135}, "model": "chest/grave/open_full"},
		{ "predicate": {"custom_model_data": 136}, "model": "chest/grave/open_empty"},
		{ "predicate": {"custom_model_data": 137}, "model": "lobby/globestand"},
		{ "predicate": {"damaged": 1, "damage": 0}, "model": "item/diamond_hoe"}
	]
}