{
	"credit": "Made with Blockbench",
	"parent": "minecraft:item/handheld",
	"textures": {
		"layer0": "custom/claymore"
	},
	"display": {
		"thirdperson_righthand": {
			"rotation": [60, 77, 0],
			"translation": [0.25, 4.25, 3.75]
		},
		"thirdperson_lefthand": {
			"rotation": [60, -77, 0],
			"translation": [-0.25, 3.75, 4]
		},
		"firstperson_righthand": {
			"rotation": [61, 90, 0],
			"translation": [5.25, 3.75, -2.75]
		},
		"firstperson_lefthand": {
			"rotation": [61, -90, 0],
			"translation": [6.25, 3.5, -3.25]
		},
		"ground": {
			"translation": [0, 4, 0],
			"scale": [0.74, 0.74, 0.74]
		}
	}
}