{
	"credit": "Made with Blockbench",
	"textures": {
		"0": "custom/goat_horn",
		"1": "custom/goat_horn_gui",
		"particle": "custom/goat_horn_gui"
	},
	"elements": [
		{
			"from": [8, 8, 4],
			"to": [15, 11, 9],
			"faces": {
				"north": {"uv": [1, 5, 8, 8], "texture": "#0"},
				"east": {"uv": [1, 5, 6, 8], "texture": "#0"},
				"south": {"uv": [8, 5, 1, 8], "texture": "#0"},
				"west": {"uv": [1, 6, 6, 9], "texture": "#0"},
				"up": {"uv": [1, 5, 8, 6], "texture": "#0"},
				"down": {"uv": [1, 6, 8, 7], "texture": "#0"}
			}
		},
		{
			"from": [10, 8, 3],
			"to": [13, 11, 4],
			"faces": {
				"north": {"uv": [3, 6, 6, 9], "texture": "#0"},
				"east": {"uv": [3, 6, 4, 9], "texture": "#0"},
				"south": {"uv": [3, 5, 6, 8], "texture": "#0"},
				"west": {"uv": [3, 6, 4, 9], "texture": "#0"},
				"up": {"uv": [3, 5, 6, 6], "texture": "#0"},
				"down": {"uv": [3, 8, 6, 9], "texture": "#0"}
			}
		},
		{
			"from": [10, 8, 9],
			"to": [13, 11, 10],
			"faces": {
				"north": {"uv": [3, 5, 6, 8], "texture": "#0"},
				"east": {"uv": [3, 6, 4, 9], "texture": "#0"},
				"south": {"uv": [3, 6, 6, 9], "texture": "#0"},
				"west": {"uv": [3, 6, 4, 9], "texture": "#0"},
				"up": {"uv": [3, 5, 6, 6], "texture": "#0"},
				"down": {"uv": [3, 8, 6, 9], "texture": "#0"}
			}
		},
		{
			"from": [8, 5, 4],
			"to": [14, 8, 9],
			"faces": {
				"north": {"uv": [2, 8, 8, 11], "texture": "#0"},
				"east": {"uv": [8, 12, 11, 15], "texture": "#0"},
				"south": {"uv": [8, 8, 2, 11], "texture": "#0"},
				"west": {"uv": [5, 11, 10, 14], "texture": "#0"},
				"down": {"uv": [5, 8, 7, 12], "rotation": 90, "texture": "#0"}
			}
		},
		{
			"from": [14, 7, 5],
			"to": [15, 8, 8],
			"faces": {
				"north": {"uv": [1, 8, 2, 9], "texture": "#0"},
				"east": {"uv": [1, 8, 4, 9], "texture": "#0"},
				"south": {"uv": [1, 8, 2, 9], "texture": "#0"},
				"down": {"uv": [2, 8, 3, 11], "texture": "#0"}
			}
		},
		{
			"from": [9, 11, 4],
			"to": [14, 13, 9],
			"faces": {
				"north": {"uv": [1, 5, 6, 7], "texture": "#0"},
				"east": {"uv": [3, 5, 8, 7], "texture": "#0"},
				"south": {"uv": [1, 5, 6, 7], "texture": "#0"},
				"west": {"uv": [2, 5, 7, 7], "texture": "#0"},
				"up": {"uv": [5, 4, 6, 5], "texture": "#0"}
			}
		},
		{
			"from": [14, 11, 4],
			"to": [15, 13, 9],
			"faces": {
				"north": {"uv": [1, 5, 2, 7], "texture": "#0"},
				"east": {"uv": [3, 5, 8, 7], "texture": "#0"},
				"south": {"uv": [2, 5, 3, 7], "texture": "#0"},
				"west": {"uv": [2, 5, 7, 7], "texture": "#0"},
				"up": {"uv": [3, 5, 8, 6], "rotation": 270, "texture": "#0"}
			}
		},
		{
			"from": [8, 11, 4],
			"to": [9, 13, 9],
			"faces": {
				"north": {"uv": [4, 5, 5, 7], "texture": "#0"},
				"east": {"uv": [3, 5, 8, 7], "texture": "#0"},
				"south": {"uv": [1, 5, 3, 6], "rotation": 90, "texture": "#0"},
				"west": {"uv": [2, 5, 7, 7], "texture": "#0"},
				"up": {"uv": [2, 6, 7, 7], "rotation": 270, "texture": "#0"}
			}
		},
		{
			"from": [9, 11, 9],
			"to": [14, 13, 10],
			"faces": {
				"north": {"uv": [1, 5, 6, 6], "texture": "#0"},
				"east": {"uv": [3, 5, 4, 6], "texture": "#0"},
				"south": {"uv": [2, 5, 7, 7], "texture": "#0"},
				"west": {"uv": [2, 5, 3, 6], "texture": "#0"},
				"up": {"uv": [2, 5, 3, 6], "texture": "#0"},
				"down": {"uv": [2, 5, 7, 6], "texture": "#0"}
			}
		},
		{
			"from": [9, 11, 3],
			"to": [14, 13, 4],
			"faces": {
				"north": {"uv": [2, 5, 7, 7], "texture": "#0"},
				"east": {"uv": [3, 5, 4, 6], "texture": "#0"},
				"south": {"uv": [1, 5, 6, 6], "texture": "#0"},
				"west": {"uv": [2, 5, 3, 6], "texture": "#0"},
				"up": {"uv": [2, 5, 7, 6], "texture": "#0"},
				"down": {"uv": [2, 5, 7, 6], "texture": "#0"}
			}
		},
		{
			"from": [7, 6, 4],
			"to": [8, 7, 9],
			"faces": {
				"north": {"uv": [8, 9, 9, 10], "texture": "#0"},
				"south": {"uv": [8, 9, 9, 10], "texture": "#0"},
				"west": {"uv": [8, 9, 9, 10], "texture": "#0"},
				"up": {"uv": [8, 9, 9, 10], "texture": "#0"},
				"down": {"uv": [8, 9, 9, 10], "texture": "#0"}
			}
		},
		{
			"from": [8, 2, 4.8],
			"to": [11, 5, 8.2],
			"faces": {
				"north": {"uv": [5, 11, 8, 14], "texture": "#0"},
				"east": {"uv": [5, 11, 7, 14], "texture": "#0"},
				"south": {"uv": [5, 11, 8, 14], "texture": "#0"},
				"west": {"uv": [5, 11, 7, 14], "texture": "#0"},
				"down": {"uv": [5, 11, 8, 13], "texture": "#0"}
			}
		},
		{
			"from": [11, 3, 4.6],
			"to": [12, 4, 8.4],
			"faces": {
				"north": {"uv": [4, 12, 5, 13], "texture": "#0"},
				"east": {"uv": [4, 12, 6, 13], "texture": "#0"},
				"south": {"uv": [4, 12, 5, 13], "texture": "#0"},
				"west": {"uv": [4, 12, 6, 13], "texture": "#0"},
				"down": {"uv": [4, 12, 5, 13], "texture": "#0"}
			}
		},
		{
			"from": [11, 4, 4],
			"to": [13, 5, 9],
			"faces": {
				"north": {"uv": [3, 11, 5, 12], "texture": "#0"},
				"east": {"uv": [3, 11, 5, 12], "texture": "#0"},
				"south": {"uv": [3, 11, 5, 12], "texture": "#0"},
				"west": {"uv": [3, 11, 5, 12], "texture": "#0"},
				"down": {"uv": [3, 11, 5, 12], "texture": "#0"}
			}
		},
		{
			"from": [8, 1, 5],
			"to": [9, 2, 8],
			"faces": {
				"north": {"uv": [7, 14, 8, 15], "texture": "#0"},
				"east": {"uv": [7, 14, 9, 15], "texture": "#0"},
				"south": {"uv": [7, 14, 8, 15], "texture": "#0"},
				"down": {"uv": [7, 14, 8, 15], "texture": "#0"}
			}
		},
		{
			"from": [5, 1, 5],
			"to": [8, 6, 8],
			"faces": {
				"north": {"uv": [8, 10, 11, 15], "texture": "#0"},
				"south": {"uv": [8, 10, 11, 15], "texture": "#0"},
				"west": {"uv": [8, 10, 9, 15], "texture": "#0"},
				"up": {"uv": [8, 10, 11, 13], "texture": "#0"},
				"down": {"uv": [8, 10, 11, 11], "texture": "#0"}
			}
		},
		{
			"from": [4, 2, 5],
			"to": [5, 4, 8],
			"faces": {
				"north": {"uv": [11, 12, 12, 14], "texture": "#0"},
				"south": {"uv": [11, 12, 12, 14], "texture": "#0"},
				"down": {"uv": [11, 12, 12, 14], "texture": "#0"}
			}
		},
		{
			"from": [3, 2, 5],
			"to": [4, 7, 8],
			"faces": {
				"north": {"uv": [12, 9, 13, 14], "texture": "#0"},
				"east": {"uv": [12, 9, 13, 14], "texture": "#0"},
				"south": {"uv": [12, 9, 13, 14], "texture": "#0"},
				"west": {"uv": [12, 9, 13, 14], "texture": "#0"},
				"up": {"uv": [12, 9, 13, 11], "texture": "#0"},
				"down": {"uv": [12, 9, 13, 11], "texture": "#0"}
			}
		},
		{
			"from": [1, 4, 5],
			"to": [3, 8, 8],
			"faces": {
				"north": {"uv": [13, 8, 15, 12], "texture": "#0"},
				"east": {"uv": [13, 8, 15, 12], "texture": "#0"},
				"south": {"uv": [13, 8, 15, 12], "texture": "#0"},
				"west": {"uv": [13, 8, 15, 12], "texture": "#0"},
				"up": {"uv": [13, 8, 15, 10], "texture": "#0"},
				"down": {"uv": [13, 8, 15, 10], "texture": "#0"}
			}
		},
		{
			"from": [2, 3, 5],
			"to": [3, 4, 8],
			"faces": {
				"north": {"uv": [13, 12, 14, 13], "texture": "#0"},
				"south": {"uv": [13, 12, 14, 13], "texture": "#0"},
				"west": {"uv": [13, 12, 14, 13], "texture": "#0"},
				"down": {"uv": [13, 12, 14, 13], "texture": "#0"}
			}
		},
		{
			"from": [4, 4, 5],
			"to": [5, 6, 8],
			"faces": {
				"north": {"uv": [11, 10, 12, 12], "texture": "#0"},
				"south": {"uv": [11, 10, 12, 12], "texture": "#0"},
				"up": {"uv": [11, 10, 12, 12], "texture": "#0"}
			}
		},
		{
			"name": "ICON",
			"from": [0, 0, 6],
			"to": [16, 16, 6],
			"faces": {
				"north": {"uv": [0, 0, 16, 16], "texture": "#1"}
			}
		}
	],
	"gui_light": "front",
	"display": {
		"thirdperson_righthand": {
			"rotation": [0, 38, 0],
			"translation": [2.25, 3.75, -0.75],
			"scale": [0.55, 0.55, 0.55]
		},
		"thirdperson_lefthand": {
			"rotation": [0, -137, 0],
			"translation": [0.5, 3.5, -2],
			"scale": [0.55, 0.55, 0.55]
		},
		"firstperson_righthand": {
			"rotation": [0, 99, 0],
			"translation": [16, -2.25, -14.75],
			"scale": [1.32, 1.32, 1.32]
		},
		"firstperson_lefthand": {
			"rotation": [0, -101, 0],
			"translation": [13.25, -2.25, -13.25],
			"scale": [1.32, 1.32, 1.32]
		},
		"ground": {
			"translation": [-0.5, 7, 1.5],
			"scale": [0.76, 0.76, 0.76]
		},
		"gui": {
			"rotation": [0, -180, 0]
		}
	},
	"groups": [
		{
			"name": "goat_horn",
			"origin": [8, 8, 8],
			"color": 0,
			"children": [0, 1, 2, 3, 4, 5, 6, 7, 8, 9, 10, 11, 12, 13, 14, 15, 16, 17, 18, 19, 20, 21]
		}
	]
}