{
	"credit": "Made with Blockbench",
	"textures": {
		"0": "custom/golden_coin",
		"1": "custom/golden_coin_gui",
		"particle": "custom/golden_coin_gui"
	},
	"elements": [
		{
			"name": "Cube",
			"from": [5, 0.5, 0],
			"to": [11, 3.5, 1],
			"faces": {
				"north": {"uv": [5, 0, 11, 1], "texture": "#0"},
				"east": {"uv": [5, 0, 6, 1], "texture": "#0"},
				"south": {"uv": [5, 0, 11, 1], "texture": "#0"},
				"west": {"uv": [5, 0, 6, 1], "texture": "#0"},
				"up": {"uv": [5, 0, 11, 1], "texture": "#0"},
				"down": {"uv": [5, 0, 11, 1], "texture": "#0"}
			}
		},
		{
			"name": "Cube",
			"from": [3, 0.5, 1],
			"to": [5, 3.5, 2],
			"faces": {
				"north": {"uv": [3, 1, 5, 2], "texture": "#0"},
				"east": {"uv": [3, 1, 4, 2], "texture": "#0"},
				"south": {"uv": [3, 1, 5, 2], "texture": "#0"},
				"west": {"uv": [3, 1, 4, 2], "texture": "#0"},
				"up": {"uv": [3, 1, 5, 2], "texture": "#0"},
				"down": {"uv": [3, 1, 5, 2], "texture": "#0"}
			}
		},
		{
			"name": "Cube",
			"from": [2, 0.5, 2],
			"to": [3, 3.5, 3],
			"faces": {
				"north": {"uv": [2, 2, 3, 3], "texture": "#0"},
				"east": {"uv": [2, 2, 3, 3], "texture": "#0"},
				"south": {"uv": [2, 2, 3, 3], "texture": "#0"},
				"west": {"uv": [2, 2, 3, 3], "texture": "#0"},
				"up": {"uv": [2, 2, 3, 3], "texture": "#0"},
				"down": {"uv": [2, 2, 3, 3], "texture": "#0"}
			}
		},
		{
			"name": "Cube",
			"from": [1, 0.5, 3],
			"to": [2, 3.5, 5],
			"faces": {
				"north": {"uv": [1, 3, 2, 4], "texture": "#0"},
				"east": {"uv": [1, 3, 2, 4], "texture": "#0"},
				"south": {"uv": [1, 3, 2, 5], "texture": "#0"},
				"west": {"uv": [1, 3, 2, 5], "texture": "#0"},
				"up": {"uv": [1, 3, 2, 5], "texture": "#0"},
				"down": {"uv": [1, 3, 2, 5], "texture": "#0"}
			}
		},
		{
			"name": "Cube",
			"from": [0, 0.5, 5],
			"to": [1, 3.5, 11],
			"faces": {
				"north": {"uv": [0, 11, 1, 5], "texture": "#0"},
				"east": {"uv": [0, 11, 1, 5], "texture": "#0"},
				"south": {"uv": [0, 11, 1, 5], "texture": "#0"},
				"west": {"uv": [0, 11, 1, 5], "texture": "#0"},
				"up": {"uv": [0, 5, 1, 11], "texture": "#0"},
				"down": {"uv": [0, 5, 1, 11], "texture": "#0"}
			}
		},
		{
			"name": "Cube",
			"from": [1, 0.5, 11],
			"to": [2, 3.5, 13],
			"faces": {
				"north": {"uv": [1, 11, 2, 13], "texture": "#0"},
				"east": {"uv": [1, 12, 2, 13], "texture": "#0"},
				"south": {"uv": [1, 11, 2, 13], "texture": "#0"},
				"west": {"uv": [1, 12, 2, 13], "texture": "#0"},
				"up": {"uv": [1, 11, 2, 13], "texture": "#0"},
				"down": {"uv": [1, 11, 2, 13], "texture": "#0"}
			}
		},
		{
			"name": "Cube",
			"from": [2, 0.5, 13],
			"to": [3, 3.5, 14],
			"faces": {
				"north": {"uv": [2, 13, 3, 14], "texture": "#0"},
				"east": {"uv": [2, 13, 3, 14], "texture": "#0"},
				"south": {"uv": [2, 13, 3, 14], "texture": "#0"},
				"west": {"uv": [2, 13, 3, 14], "texture": "#0"},
				"up": {"uv": [2, 13, 3, 14], "texture": "#0"},
				"down": {"uv": [2, 13, 3, 14], "texture": "#0"}
			}
		},
		{
			"name": "Cube",
			"from": [3, 0.5, 14],
			"to": [5, 3.5, 15],
			"faces": {
				"north": {"uv": [3, 14, 5, 15], "texture": "#0"},
				"east": {"uv": [3, 14, 4, 15], "texture": "#0"},
				"south": {"uv": [3, 14, 5, 15], "texture": "#0"},
				"west": {"uv": [3, 14, 4, 15], "texture": "#0"},
				"up": {"uv": [3, 14, 5, 15], "texture": "#0"},
				"down": {"uv": [3, 14, 5, 15], "texture": "#0"}
			}
		},
		{
			"name": "Cube",
			"from": [5, 0.5, 15],
			"to": [11, 3.5, 16],
			"faces": {
				"north": {"uv": [5, 15, 11, 16], "texture": "#0"},
				"east": {"uv": [5, 15, 6, 16], "texture": "#0"},
				"south": {"uv": [5, 15, 11, 16], "texture": "#0"},
				"west": {"uv": [5, 15, 6, 16], "texture": "#0"},
				"up": {"uv": [5, 15, 11, 16], "texture": "#0"},
				"down": {"uv": [5, 15, 11, 16], "texture": "#0"}
			}
		},
		{
			"name": "Cube",
			"from": [11, 0.5, 14],
			"to": [13, 3.5, 15],
			"faces": {
				"north": {"uv": [11, 14, 13, 15], "texture": "#0"},
				"east": {"uv": [11, 14, 12, 15], "texture": "#0"},
				"south": {"uv": [11, 14, 13, 15], "texture": "#0"},
				"west": {"uv": [12, 14, 13, 15], "texture": "#0"},
				"up": {"uv": [11, 14, 13, 15], "texture": "#0"},
				"down": {"uv": [11, 14, 13, 15], "texture": "#0"}
			}
		},
		{
			"name": "Cube",
			"from": [13, 0.5, 13],
			"to": [14, 3.5, 14],
			"faces": {
				"north": {"uv": [13, 13, 14, 14], "texture": "#0"},
				"east": {"uv": [13, 13, 14, 14], "texture": "#0"},
				"south": {"uv": [13, 13, 14, 14], "texture": "#0"},
				"west": {"uv": [13, 13, 14, 14], "texture": "#0"},
				"up": {"uv": [13, 13, 14, 14], "texture": "#0"},
				"down": {"uv": [13, 13, 14, 14], "texture": "#0"}
			}
		},
		{
			"name": "Cube",
			"from": [14, 0.5, 11],
			"to": [15, 3.5, 13],
			"faces": {
				"north": {"uv": [14, 11, 15, 13], "texture": "#0"},
				"east": {"uv": [14, 13, 15, 11], "texture": "#0"},
				"south": {"uv": [14, 13, 15, 11], "texture": "#0"},
				"west": {"uv": [14, 13, 15, 11], "texture": "#0"},
				"up": {"uv": [14, 11, 15, 13], "texture": "#0"},
				"down": {"uv": [14, 11, 15, 13], "texture": "#0"}
			}
		},
		{
			"name": "Cube",
			"from": [15, 0.5, 5],
			"to": [16, 3.5, 11],
			"faces": {
				"north": {"uv": [15, 10, 16, 11], "texture": "#0"},
				"east": {"uv": [15, 11, 16, 10], "texture": "#0"},
				"south": {"uv": [15, 11, 16, 5], "texture": "#0"},
				"west": {"uv": [15, 11, 16, 10], "texture": "#0"},
				"up": {"uv": [15, 5, 16, 11], "texture": "#0"},
				"down": {"uv": [15, 5, 16, 11], "texture": "#0"}
			}
		},
		{
			"name": "Cube",
			"from": [14, 0.5, 3],
			"to": [15, 3.5, 5],
			"faces": {
				"north": {"uv": [14, 4, 15, 5], "texture": "#0"},
				"east": {"uv": [14, 3, 15, 4], "texture": "#0"},
				"south": {"uv": [14, 4, 15, 5], "texture": "#0"},
				"west": {"uv": [14, 4, 15, 5], "texture": "#0"},
				"up": {"uv": [14, 3, 15, 5], "texture": "#0"},
				"down": {"uv": [14, 3, 15, 5], "texture": "#0"}
			}
		},
		{
			"name": "Cube",
			"from": [13, 0.5, 2],
			"to": [14, 3.5, 3],
			"faces": {
				"north": {"uv": [13, 2, 14, 3], "texture": "#0"},
				"east": {"uv": [13, 2, 14, 3], "texture": "#0"},
				"south": {"uv": [13, 2, 14, 3], "texture": "#0"},
				"west": {"uv": [13, 2, 14, 3], "texture": "#0"},
				"up": {"uv": [13, 2, 14, 3], "texture": "#0"},
				"down": {"uv": [13, 2, 14, 3], "texture": "#0"}
			}
		},
		{
			"name": "Cube",
			"from": [11, 0.5, 1],
			"to": [13, 3.5, 2],
			"faces": {
				"north": {"uv": [11, 1, 13, 2], "texture": "#0"},
				"east": {"uv": [11, 1, 12, 2], "texture": "#0"},
				"south": {"uv": [11, 1, 13, 2], "texture": "#0"},
				"west": {"uv": [11, 1, 12, 2], "texture": "#0"},
				"up": {"uv": [11, 1, 13, 2], "texture": "#0"},
				"down": {"uv": [11, 1, 13, 2], "texture": "#0"}
			}
		},
		{
			"name": "Cube",
			"from": [5, 1, 1],
			"to": [11, 3, 2],
			"faces": {
				"north": {"uv": [5, 1, 11, 2], "texture": "#0"},
				"east": {"uv": [5, 1, 6, 2], "texture": "#0"},
				"south": {"uv": [5, 1, 11, 2], "texture": "#0"},
				"west": {"uv": [5, 1, 6, 2], "texture": "#0"},
				"up": {"uv": [5, 1, 11, 2], "texture": "#0"},
				"down": {"uv": [5, 1, 11, 2], "texture": "#0"}
			}
		},
		{
			"name": "Cube",
			"from": [5, 1, 14],
			"to": [11, 3, 15],
			"faces": {
				"north": {"uv": [5, 14, 11, 15], "texture": "#0"},
				"east": {"uv": [0, 0, 1, 1], "texture": "#0"},
				"south": {"uv": [5, 14, 11, 15], "texture": "#0"},
				"west": {"uv": [7, 14, 8, 15], "texture": "#0"},
				"up": {"uv": [5, 14, 11, 15], "texture": "#0"},
				"down": {"uv": [5, 14, 11, 15], "texture": "#0"}
			}
		},
		{
			"name": "Cube",
			"from": [1, 1, 5],
			"to": [2, 3, 11],
			"faces": {
				"north": {"uv": [1, 10, 2, 11], "texture": "#0"},
				"east": {"uv": [1, 10, 2, 11], "texture": "#0"},
				"south": {"uv": [1, 10, 2, 11], "texture": "#0"},
				"west": {"uv": [1, 8, 2, 9], "texture": "#0"},
				"up": {"uv": [1, 5, 2, 11], "texture": "#0"},
				"down": {"uv": [1, 5, 2, 11], "texture": "#0"}
			}
		},
		{
			"name": "Cube",
			"from": [14, 1, 5],
			"to": [15, 3, 11],
			"faces": {
				"north": {"uv": [0, 0, 1, 1], "texture": "#0"},
				"east": {"uv": [14, 5, 15, 6], "texture": "#0"},
				"south": {"uv": [14, 7, 15, 8], "texture": "#0"},
				"west": {"uv": [14, 7, 15, 8], "texture": "#0"},
				"up": {"uv": [14, 5, 15, 11], "texture": "#0"},
				"down": {"uv": [14, 5, 15, 11], "texture": "#0"}
			}
		},
		{
			"name": "Cube",
			"from": [3, 1, 2],
			"to": [13, 3, 3],
			"faces": {
				"north": {"uv": [3, 2, 13, 3], "texture": "#0"},
				"east": {"uv": [6, 1, 7, 2], "texture": "#0"},
				"south": {"uv": [3, 2, 13, 3], "texture": "#0"},
				"west": {"uv": [5, 1, 6, 2], "texture": "#0"},
				"up": {"uv": [3, 2, 13, 3], "texture": "#0"},
				"down": {"uv": [3, 2, 13, 3], "texture": "#0"}
			}
		},
		{
			"name": "Cube",
			"from": [3, 1, 13],
			"to": [13, 3, 14],
			"faces": {
				"north": {"uv": [3, 13, 13, 14], "texture": "#0"},
				"east": {"uv": [4, 13, 5, 14], "texture": "#0"},
				"south": {"uv": [3, 13, 13, 14], "texture": "#0"},
				"west": {"uv": [6, 13, 7, 14], "texture": "#0"},
				"up": {"uv": [3, 13, 13, 14], "texture": "#0"},
				"down": {"uv": [3, 13, 13, 14], "texture": "#0"}
			}
		},
		{
			"name": "Cube",
			"from": [2, 1, 3],
			"to": [3, 3, 13],
			"faces": {
				"north": {"uv": [2, 6, 3, 7], "texture": "#0"},
				"east": {"uv": [2, 4, 3, 5], "texture": "#0"},
				"south": {"uv": [2, 4, 3, 5], "texture": "#0"},
				"west": {"uv": [2, 8, 3, 9], "texture": "#0"},
				"up": {"uv": [2, 3, 3, 13], "texture": "#0"},
				"down": {"uv": [2, 3, 3, 13], "texture": "#0"}
			}
		},
		{
			"name": "Cube",
			"from": [13, 1, 3],
			"to": [14, 3, 13],
			"faces": {
				"north": {"uv": [14, 6, 15, 7], "texture": "#0"},
				"east": {"uv": [13, 7, 14, 8], "texture": "#0"},
				"south": {"uv": [13, 9, 14, 10], "texture": "#0"},
				"west": {"uv": [14, 9, 15, 10], "texture": "#0"},
				"up": {"uv": [13, 3, 14, 13], "texture": "#0"},
				"down": {"uv": [13, 3, 14, 13], "texture": "#0"}
			}
		},
		{
			"from": [3, 1, 3],
			"to": [13, 3, 4],
			"faces": {
				"north": {"uv": [3, 3, 13, 5], "texture": "#0"},
				"east": {"uv": [3, 3, 4, 5], "texture": "#0"},
				"south": {"uv": [3, 3, 13, 5], "texture": "#0"},
				"west": {"uv": [3, 3, 4, 5], "texture": "#0"},
				"up": {"uv": [3, 3, 13, 4], "texture": "#0"},
				"down": {"uv": [3, 3, 13, 4], "texture": "#0"}
			}
		},
		{
			"from": [4, 1, 12],
			"to": [12, 3, 13],
			"faces": {
				"north": {"uv": [4, 12, 12, 14], "texture": "#0"},
				"east": {"uv": [4, 12, 5, 14], "texture": "#0"},
				"south": {"uv": [4, 12, 12, 14], "texture": "#0"},
				"west": {"uv": [4, 12, 5, 14], "texture": "#0"},
				"up": {"uv": [4, 12, 12, 13], "texture": "#0"},
				"down": {"uv": [4, 12, 12, 13], "texture": "#0"}
			}
		},
		{
			"from": [3, 1, 4],
			"to": [4, 3, 13],
			"faces": {
				"north": {"uv": [3, 4, 4, 6], "texture": "#0"},
				"east": {"uv": [3, 4, 12, 6], "texture": "#0"},
				"south": {"uv": [3, 4, 4, 6], "texture": "#0"},
				"west": {"uv": [3, 4, 12, 6], "texture": "#0"},
				"up": {"uv": [3, 4, 4, 13], "texture": "#0"},
				"down": {"uv": [3, 4, 4, 13], "texture": "#0"}
			}
		},
		{
			"from": [12, 1, 4],
			"to": [13, 3, 13],
			"faces": {
				"north": {"uv": [3, 4, 4, 6], "texture": "#0"},
				"east": {"uv": [3, 4, 12, 6], "texture": "#0"},
				"south": {"uv": [3, 4, 4, 6], "texture": "#0"},
				"west": {"uv": [3, 4, 12, 6], "texture": "#0"},
				"up": {"uv": [12, 4, 13, 13], "texture": "#0"},
				"down": {"uv": [12, 4, 13, 13], "texture": "#0"}
			}
		},
		{
			"from": [5, 1.4, 4],
			"to": [11, 2.2, 8],
			"faces": {
				"north": {"uv": [5, 4, 11, 4.4], "texture": "#0"},
				"east": {"uv": [5, 4, 7, 4.4], "texture": "#0"},
				"south": {"uv": [5, 4, 11, 4.4], "texture": "#0"},
				"west": {"uv": [5, 4, 7, 4.4], "texture": "#0"},
				"up": {"uv": [5, 4, 11, 8], "texture": "#0"},
				"down": {"uv": [5, 4, 11, 8], "texture": "#0"}
			}
		},
		{
			"from": [4, 1.4, 4],
			"to": [5, 2.2, 12],
			"faces": {
				"north": {"uv": [4, 4, 5, 4.4], "texture": "#0"},
				"east": {"uv": [4, 4, 12, 4.4], "texture": "#0"},
				"south": {"uv": [4, 4, 5, 4.4], "texture": "#0"},
				"west": {"uv": [4, 4, 12, 4.4], "texture": "#0"},
				"up": {"uv": [4, 4, 5, 12], "texture": "#0"},
				"down": {"uv": [4, 4, 5, 12], "texture": "#0"}
			}
		},
		{
			"from": [11, 1.4, 4],
			"to": [12, 2.2, 12],
			"faces": {
				"north": {"uv": [8, 4, 9, 4.4], "texture": "#0"},
				"east": {"uv": [4, 4, 12, 4.4], "texture": "#0"},
				"south": {"uv": [8, 4, 9, 4.4], "texture": "#0"},
				"west": {"uv": [4, 4, 12, 4.4], "texture": "#0"},
				"up": {"uv": [11, 4, 12, 12], "texture": "#0"},
				"down": {"uv": [11, 4, 12, 12], "texture": "#0"}
			}
		},
		{
			"from": [7, 1.4, 8],
			"to": [9, 2.2, 9],
			"faces": {
				"north": {"uv": [7, 8, 9, 8.4], "texture": "#0"},
				"east": {"uv": [7, 8, 8, 8.4], "texture": "#0"},
				"south": {"uv": [7, 8, 9, 8.4], "texture": "#0"},
				"west": {"uv": [7, 8, 8, 8.4], "texture": "#0"},
				"up": {"uv": [7, 8, 9, 9], "texture": "#0"},
				"down": {"uv": [7, 8, 9, 9], "texture": "#0"}
			}
		},
		{
			"from": [9, 1.4, 9],
			"to": [11, 2.2, 10],
			"faces": {
				"north": {"uv": [9, 9, 11, 9.4], "texture": "#0"},
				"east": {"uv": [9, 9, 10, 9.4], "texture": "#0"},
				"south": {"uv": [9, 9, 11, 9.4], "texture": "#0"},
				"west": {"uv": [9, 9, 10, 9.4], "texture": "#0"},
				"up": {"uv": [9, 9, 11, 10], "texture": "#0"},
				"down": {"uv": [9, 9, 11, 10], "texture": "#0"}
			}
		},
		{
			"from": [5, 1.4, 9],
			"to": [7, 2.2, 10],
			"faces": {
				"north": {"uv": [5, 9, 7, 9.4], "texture": "#0"},
				"east": {"uv": [5, 9, 6, 9.4], "texture": "#0"},
				"south": {"uv": [5, 9, 7, 9.4], "texture": "#0"},
				"west": {"uv": [5, 9, 6, 9.4], "texture": "#0"},
				"up": {"uv": [5, 9, 7, 10], "texture": "#0"},
				"down": {"uv": [5, 9, 7, 10], "texture": "#0"}
			}
		},
		{
			"from": [5, 1.4, 11],
			"to": [11, 2.2, 12],
			"faces": {
				"north": {"uv": [5, 11, 11, 11.4], "texture": "#0"},
				"east": {"uv": [5, 11, 6, 11.4], "texture": "#0"},
				"south": {"uv": [5, 11, 11, 11.4], "texture": "#0"},
				"west": {"uv": [5, 11, 6, 11.4], "texture": "#0"},
				"up": {"uv": [5, 11, 11, 12], "texture": "#0"},
				"down": {"uv": [5, 11, 11, 12], "texture": "#0"}
			}
		},
		{
			"from": [5, 1, 8],
			"to": [7, 3, 9],
			"faces": {
				"north": {"uv": [5, 8, 7, 9], "texture": "#0"},
				"east": {"uv": [5, 8, 6, 9], "texture": "#0"},
				"south": {"uv": [5, 8, 7, 9], "texture": "#0"},
				"west": {"uv": [5, 8, 6, 9], "texture": "#0"},
				"up": {"uv": [5, 8, 7, 9], "texture": "#0"},
				"down": {"uv": [5, 8, 7, 9], "texture": "#0"}
			}
		},
		{
			"from": [9, 1, 8],
			"to": [11, 3, 9],
			"faces": {
				"north": {"uv": [9, 8, 11, 9], "texture": "#0"},
				"east": {"uv": [9, 8, 10, 9], "texture": "#0"},
				"south": {"uv": [9, 8, 11, 9], "texture": "#0"},
				"west": {"uv": [9, 8, 10, 9], "texture": "#0"},
				"up": {"uv": [9, 8, 11, 9], "texture": "#0"},
				"down": {"uv": [9, 8, 11, 9], "texture": "#0"}
			}
		},
		{
			"from": [5, 1, 10],
			"to": [11, 3, 11],
			"faces": {
				"north": {"uv": [5, 10, 11, 11], "texture": "#0"},
				"east": {"uv": [5, 10, 6, 11], "texture": "#0"},
				"south": {"uv": [5, 10, 11, 11], "texture": "#0"},
				"west": {"uv": [5, 10, 6, 11], "texture": "#0"},
				"up": {"uv": [5, 10, 11, 11], "texture": "#0"},
				"down": {"uv": [5, 10, 11, 11], "texture": "#0"}
			}
		},
		{
			"from": [7, 1, 9],
			"to": [9, 3, 10],
			"faces": {
				"north": {"uv": [7, 9, 9, 10], "texture": "#0"},
				"east": {"uv": [7, 9, 8, 10], "texture": "#0"},
				"south": {"uv": [7, 9, 9, 10], "texture": "#0"},
				"west": {"uv": [7, 9, 8, 10], "texture": "#0"},
				"up": {"uv": [7, 9, 9, 10], "texture": "#0"},
				"down": {"uv": [7, 9, 9, 10], "texture": "#0"}
			}
		},
		{
			"name": "ICON",
			"from": [0, 2, 0],
			"to": [16, 2, 16],
			"faces": {
				"up": {"uv": [0, 0, 16, 16], "texture": "#1"}
			}
		}
	],
	"gui_light": "front",
	"display": {
		"thirdperson_righthand": {
			"translation": [0, 2, 0.75],
			"scale": [0.28, 0.28, 0.28]
		},
		"thirdperson_lefthand": {
			"translation": [0.25, 2, 0.75],
			"scale": [0.28, 0.28, 0.28]
		},
		"firstperson_righthand": {
			"rotation": [37, 0, 18],
			"translation": [2.75, 3.75, -1.25],
			"scale": [0.4, 0.4, 0.4]
		},
		"firstperson_lefthand": {
			"rotation": [38, 0, 17],
			"translation": [2.5, 4, -0.5],
			"scale": [0.4, 0.4, 0.4]
		},
		"ground": {
			"rotation": [90, 0, 90],
			"translation": [-1.75, 1.25, -0.25],
			"scale": [0.3, 0.3, 0.3]
		},
		"gui": {
			"rotation": [-90, -180, -180]
		},
		"head": {
			"rotation": [-90, 0, 0],
			"translation": [0.5, -32, -6],
			"scale": [0.825, 0.825, 0.825]
		},
		"fixed": {
			"rotation": [90, 0, 180],
			"translation": [0, -1, -5.5]
		}
	}
}