{
	"credit": "Made with Blockbench",
	"parent": "minecraft:item/handheld",
	"textures": {
		"layer0": "custom/cutlass"
	},
	"display": {
		"thirdperson_righthand": {
			"rotation": [60, 77, 0],
			"translation": [0.25, 4.75, 4.25],
			"scale": [0.8, 0.8, 0.8]
		},
		"thirdperson_lefthand": {
			"rotation": [60, -77, 0],
			"translation": [-0.25, 4.5, 4],
			"scale": [0.8, 0.8, 0.8]
		},
		"firstperson_righthand": {
			"rotation": [28, 90, 0],
			"translation": [4.25, 4.75, -0.75],
			"scale": [0.8, 0.8, 0.8]
		},
		"firstperson_lefthand": {
			"rotation": [28, -90, 0],
			"translation": [4.5, 4.75, -1.25],
			"scale": [0.8, 0.8, 0.8]
		},
		"ground": {
			"translation": [0, 7, 0],
			"scale": [0, 0, 0]
		}
	}
}