{
	"credit": "Made with Blockbench",
	"textures": {
		"0": "custom/hook",
		"1": "custom/hook_gui",
		"particle": "custom/hook"
	},
	"elements": [
		{
			"from": [10, 0, 10],
			"to": [11, 1, 19],
			"faces": {
				"north": {"uv": [5, 15, 6, 16], "texture": "#0"},
				"south": {"uv": [5, 15, 6, 16], "texture": "#0"},
				"west": {"uv": [5, 15, 6, 16], "texture": "#0"},
				"up": {"uv": [5, 15, 6, 16], "texture": "#0"},
				"down": {"uv": [5, 15, 6, 16], "texture": "#0"}
			}
		},
		{
			"from": [11, 0, 10],
			"to": [12, 1, 19],
			"faces": {
				"north": {"uv": [4, 15, 5, 16], "texture": "#0"},
				"east": {"uv": [4, 15, 5, 16], "texture": "#0"},
				"south": {"uv": [4, 15, 5, 16], "texture": "#0"},
				"down": {"uv": [4, 15, 5, 16], "texture": "#0"}
			}
		},
		{
			"from": [11, 1, 10],
			"to": [12, 2, 19],
			"faces": {
				"north": {"uv": [4, 14, 5, 15], "texture": "#0"},
				"south": {"uv": [4, 14, 5, 15], "texture": "#0"},
				"west": {"uv": [4, 14, 5, 15], "texture": "#0"},
				"up": {"uv": [4, 14, 5, 15], "texture": "#0"}
			}
		},
		{
			"from": [12, 1, 10],
			"to": [13, 2, 19],
			"faces": {
				"north": {"uv": [3, 14, 4, 15], "texture": "#0"},
				"east": {"uv": [3, 14, 4, 15], "texture": "#0"},
				"south": {"uv": [3, 14, 4, 15], "texture": "#0"},
				"down": {"uv": [3, 14, 4, 15], "texture": "#0"}
			}
		},
		{
			"from": [10, 1, 11],
			"to": [11, 2, 18],
			"faces": {
				"north": {"uv": [5, 14, 6, 15], "texture": "#0"},
				"south": {"uv": [5, 14, 6, 15], "texture": "#0"},
				"west": {"uv": [5, 14, 6, 15], "texture": "#0"}
			}
		},
		{
			"from": [9, 1, 12],
			"to": [10, 2, 17],
			"faces": {
				"north": {"uv": [6, 14, 7, 15], "texture": "#0"},
				"south": {"uv": [6, 14, 7, 15], "texture": "#0"},
				"west": {"uv": [6, 14, 7, 15], "texture": "#0"},
				"down": {"uv": [6, 14, 7, 15], "texture": "#0"}
			}
		},
		{
			"from": [9, 2, 11],
			"to": [10, 3, 18],
			"faces": {
				"north": {"uv": [6, 13, 7, 14], "texture": "#0"},
				"south": {"uv": [6, 13, 7, 14], "texture": "#0"},
				"west": {"uv": [6, 13, 7, 14], "texture": "#0"},
				"up": {"uv": [6, 13, 7, 14], "texture": "#0"},
				"down": {"uv": [6, 13, 7, 14], "texture": "#0"}
			}
		},
		{
			"from": [10, 2, 11],
			"to": [11, 3, 18],
			"faces": {
				"north": {"uv": [5, 13, 6, 14], "texture": "#0"},
				"south": {"uv": [5, 13, 6, 14], "texture": "#0"}
			}
		},
		{
			"from": [11, 2, 11],
			"to": [12, 3, 18],
			"faces": {
				"north": {"uv": [4, 13, 5, 14], "texture": "#0"},
				"south": {"uv": [4, 13, 5, 14], "texture": "#0"}
			}
		},
		{
			"from": [12, 2, 10],
			"to": [13, 3, 19],
			"faces": {
				"north": {"uv": [3, 13, 4, 14], "texture": "#0"},
				"south": {"uv": [3, 13, 4, 14], "texture": "#0"},
				"west": {"uv": [3, 13, 4, 14], "texture": "#0"},
				"up": {"uv": [3, 13, 4, 14], "texture": "#0"}
			}
		},
		{
			"from": [13, 2, 10],
			"to": [14, 3, 19],
			"faces": {
				"north": {"uv": [2, 13, 3, 14], "texture": "#0"},
				"east": {"uv": [2, 13, 3, 14], "texture": "#0"},
				"south": {"uv": [2, 13, 3, 14], "texture": "#0"},
				"down": {"uv": [2, 13, 3, 14], "texture": "#0"}
			}
		},
		{
			"from": [13, 3, 10],
			"to": [14, 4, 19],
			"faces": {
				"north": {"uv": [2, 12, 3, 13], "texture": "#0"},
				"south": {"uv": [2, 12, 3, 13], "texture": "#0"},
				"west": {"uv": [2, 12, 3, 13], "texture": "#0"}
			}
		},
		{
			"from": [14, 3, 10],
			"to": [15, 4, 19],
			"faces": {
				"north": {"uv": [1, 12, 2, 13], "texture": "#0"},
				"east": {"uv": [1, 12, 2, 13], "texture": "#0"},
				"south": {"uv": [1, 12, 2, 13], "texture": "#0"},
				"down": {"uv": [1, 12, 2, 13], "texture": "#0"}
			}
		},
		{
			"from": [12, 3, 11],
			"to": [13, 4, 18],
			"faces": {
				"north": {"uv": [3, 12, 4, 13], "texture": "#0"},
				"south": {"uv": [3, 12, 4, 13], "texture": "#0"}
			}
		},
		{
			"from": [11, 3, 11],
			"to": [12, 4, 18],
			"faces": {
				"north": {"uv": [4, 12, 5, 13], "texture": "#0"},
				"south": {"uv": [4, 12, 5, 13], "texture": "#0"},
				"up": {"uv": [4, 12, 5, 13], "texture": "#0"}
			}
		},
		{
			"from": [10, 3, 11],
			"to": [11, 4, 18],
			"faces": {
				"north": {"uv": [5, 12, 6, 13], "texture": "#0"},
				"south": {"uv": [5, 12, 6, 13], "texture": "#0"},
				"west": {"uv": [5, 12, 6, 13], "texture": "#0"},
				"up": {"uv": [5, 12, 6, 13], "texture": "#0"}
			}
		},
		{
			"from": [9, 3, 12],
			"to": [10, 4, 17],
			"faces": {
				"north": {"uv": [6, 12, 7, 13], "texture": "#0"},
				"south": {"uv": [6, 12, 7, 13], "texture": "#0"},
				"west": {"uv": [6, 12, 7, 13], "texture": "#0"},
				"up": {"uv": [6, 12, 7, 13], "texture": "#0"}
			}
		},
		{
			"from": [9, 4, 13],
			"to": [10, 5, 16],
			"faces": {
				"north": {"uv": [6, 11, 7, 12], "texture": "#0"},
				"south": {"uv": [6, 11, 7, 12], "texture": "#0"},
				"west": {"uv": [6, 11, 7, 12], "texture": "#0"},
				"up": {"uv": [6, 11, 7, 12], "texture": "#0"}
			}
		},
		{
			"from": [10, 4, 12],
			"to": [11, 5, 17],
			"faces": {
				"north": {"uv": [5, 11, 6, 12], "texture": "#0"},
				"south": {"uv": [5, 11, 6, 12], "texture": "#0"},
				"west": {"uv": [5, 11, 6, 12], "texture": "#0"},
				"up": {"uv": [5, 11, 6, 12], "texture": "#0"}
			}
		},
		{
			"from": [11, 4, 12],
			"to": [12, 5, 17],
			"faces": {
				"north": {"uv": [4, 11, 5, 12], "texture": "#0"},
				"south": {"uv": [4, 11, 5, 12], "texture": "#0"}
			}
		},
		{
			"from": [12, 4, 11],
			"to": [13, 5, 18],
			"faces": {
				"north": {"uv": [3, 11, 4, 12], "texture": "#0"},
				"south": {"uv": [3, 11, 4, 12], "texture": "#0"},
				"west": {"uv": [3, 11, 4, 12], "texture": "#0"},
				"up": {"uv": [3, 11, 4, 12], "texture": "#0"}
			}
		},
		{
			"from": [13, 4, 10],
			"to": [14, 5, 19],
			"faces": {
				"north": {"uv": [2, 11, 3, 12], "texture": "#0"},
				"south": {"uv": [2, 11, 3, 12], "texture": "#0"},
				"west": {"uv": [2, 11, 3, 12], "texture": "#0"},
				"up": {"uv": [2, 11, 3, 12], "texture": "#0"}
			}
		},
		{
			"from": [14, 4, 10],
			"to": [15, 5, 19],
			"faces": {
				"north": {"uv": [1, 11, 2, 12], "texture": "#0"},
				"south": {"uv": [1, 11, 2, 12], "texture": "#0"},
				"up": {"uv": [1, 11, 2, 12], "texture": "#0"}
			}
		},
		{
			"from": [15, 4, 10],
			"to": [16, 5, 19],
			"faces": {
				"north": {"uv": [0, 11, 1, 12], "texture": "#0"},
				"east": {"uv": [0, 11, 1, 12], "texture": "#0"},
				"south": {"uv": [0, 11, 1, 12], "texture": "#0"},
				"up": {"uv": [0, 11, 1, 12], "texture": "#0"},
				"down": {"uv": [0, 11, 1, 12], "texture": "#0"}
			}
		},
		{
			"from": [15, 5, 11],
			"to": [16, 6, 18],
			"faces": {
				"north": {"uv": [0, 10, 1, 11], "texture": "#0"},
				"east": {"uv": [0, 10, 1, 11], "texture": "#0"},
				"south": {"uv": [0, 10, 1, 11], "texture": "#0"},
				"up": {"uv": [0, 10, 1, 11], "texture": "#0"}
			}
		},
		{
			"from": [14, 5, 11],
			"to": [15, 6, 18],
			"faces": {
				"north": {"uv": [1, 10, 2, 11], "texture": "#0"},
				"south": {"uv": [1, 10, 2, 11], "texture": "#0"},
				"up": {"uv": [1, 10, 2, 11], "texture": "#0"}
			}
		},
		{
			"from": [13, 5, 11],
			"to": [14, 6, 18],
			"faces": {
				"north": {"uv": [2, 10, 3, 11], "texture": "#0"},
				"south": {"uv": [2, 10, 3, 11], "texture": "#0"},
				"west": {"uv": [2, 10, 3, 11], "texture": "#0"},
				"up": {"uv": [2, 10, 3, 11], "texture": "#0"}
			}
		},
		{
			"from": [12, 5, 12],
			"to": [13, 6, 17],
			"faces": {
				"north": {"uv": [3, 10, 4, 11], "texture": "#0"},
				"south": {"uv": [3, 10, 4, 11], "texture": "#0"},
				"up": {"uv": [3, 10, 4, 11], "texture": "#0"}
			}
		},
		{
			"from": [11, 5, 12],
			"to": [12, 6, 17],
			"faces": {
				"north": {"uv": [4, 10, 5, 11], "texture": "#0"},
				"south": {"uv": [4, 10, 5, 11], "texture": "#0"},
				"west": {"uv": [4, 10, 5, 11], "texture": "#0"},
				"up": {"uv": [4, 10, 5, 11], "texture": "#0"}
			}
		},
		{
			"from": [10, 5, 13],
			"to": [11, 6, 16],
			"faces": {
				"north": {"uv": [5, 10, 6, 11], "texture": "#0"},
				"south": {"uv": [5, 10, 6, 11], "texture": "#0"},
				"west": {"uv": [5, 10, 6, 11], "texture": "#0"},
				"up": {"uv": [5, 10, 6, 11], "texture": "#0"}
			}
		},
		{
			"from": [9, 5, 13.5],
			"to": [10, 6, 15.5],
			"faces": {
				"north": {"uv": [6, 10, 7, 11], "texture": "#0"},
				"south": {"uv": [6, 10, 7, 11], "texture": "#0"},
				"west": {"uv": [6, 10, 7, 11], "texture": "#0"}
			}
		},
		{
			"from": [9, 6, 13.5],
			"to": [10, 7, 15.5],
			"faces": {
				"north": {"uv": [6, 9, 7, 10], "texture": "#0"},
				"south": {"uv": [6, 9, 7, 10], "texture": "#0"}
			}
		},
		{
			"from": [8, 6, 13.5],
			"to": [9, 7, 15.5],
			"faces": {
				"north": {"uv": [7, 9, 8, 10], "texture": "#0"},
				"south": {"uv": [7, 9, 8, 10], "texture": "#0"},
				"west": {"uv": [7, 9, 8, 10], "texture": "#0"},
				"down": {"uv": [7, 9, 8, 10], "texture": "#0"}
			}
		},
		{
			"from": [8, 7, 13.5],
			"to": [9, 8, 15.5],
			"faces": {
				"north": {"uv": [7, 8, 8, 9], "texture": "#0"},
				"south": {"uv": [7, 8, 8, 9], "texture": "#0"}
			}
		},
		{
			"from": [7, 7, 13.5],
			"to": [8, 8, 15.5],
			"faces": {
				"north": {"uv": [8, 8, 9, 9], "texture": "#0"},
				"south": {"uv": [8, 8, 9, 9], "texture": "#0"},
				"west": {"uv": [8, 8, 9, 9], "texture": "#0"},
				"up": {"uv": [8, 8, 9, 9], "texture": "#0"},
				"down": {"uv": [8, 8, 9, 9], "texture": "#0"}
			}
		},
		{
			"from": [9, 7, 13.5],
			"to": [10, 8, 15.5],
			"faces": {
				"north": {"uv": [6, 8, 7, 9], "texture": "#0"},
				"east": {"uv": [6, 8, 7, 9], "texture": "#0"},
				"south": {"uv": [6, 8, 7, 9], "texture": "#0"}
			}
		},
		{
			"from": [8, 8, 13.5],
			"to": [9, 9, 15.5],
			"faces": {
				"north": {"uv": [7, 7, 8, 8], "texture": "#0"},
				"south": {"uv": [7, 7, 8, 8], "texture": "#0"},
				"west": {"uv": [7, 7, 8, 8], "texture": "#0"},
				"up": {"uv": [7, 7, 8, 8], "texture": "#0"}
			}
		},
		{
			"from": [9, 9, 13.5],
			"to": [10, 10, 15.5],
			"faces": {
				"north": {"uv": [6, 6, 7, 7], "texture": "#0"},
				"south": {"uv": [6, 6, 7, 7], "texture": "#0"},
				"west": {"uv": [6, 6, 7, 7], "texture": "#0"}
			}
		},
		{
			"from": [9, 10, 13.5],
			"to": [10, 11, 15.5],
			"faces": {
				"north": {"uv": [6, 5, 7, 6], "texture": "#0"},
				"south": {"uv": [6, 5, 7, 6], "texture": "#0"},
				"west": {"uv": [6, 5, 7, 6], "texture": "#0"}
			}
		},
		{
			"from": [10, 10, 13.5],
			"to": [11, 11, 15.5],
			"faces": {
				"north": {"uv": [5, 5, 6, 6], "texture": "#0"},
				"east": {"uv": [5, 5, 6, 6], "texture": "#0"},
				"south": {"uv": [5, 5, 6, 6], "texture": "#0"},
				"up": {"uv": [5, 5, 6, 6], "texture": "#0"}
			}
		},
		{
			"from": [10, 9, 13.5],
			"to": [11, 10, 15.5],
			"faces": {
				"north": {"uv": [5, 6, 6, 7], "texture": "#0"},
				"east": {"uv": [5, 6, 6, 7], "texture": "#0"},
				"south": {"uv": [5, 6, 6, 7], "texture": "#0"},
				"down": {"uv": [5, 6, 6, 7], "texture": "#0"}
			}
		},
		{
			"from": [9, 11, 13.5],
			"to": [10, 12, 15.5],
			"faces": {
				"north": {"uv": [6, 4, 7, 5], "texture": "#0"},
				"east": {"uv": [6, 4, 7, 5], "texture": "#0"},
				"south": {"uv": [6, 4, 7, 5], "texture": "#0"},
				"west": {"uv": [6, 4, 7, 5], "texture": "#0"}
			}
		},
		{
			"from": [9, 12, 13.5],
			"to": [10, 13, 15.5],
			"faces": {
				"north": {"uv": [6, 3, 7, 4], "texture": "#0"},
				"east": {"uv": [6, 3, 7, 4], "texture": "#0"},
				"south": {"uv": [6, 3, 7, 4], "texture": "#0"},
				"up": {"uv": [6, 3, 7, 4], "texture": "#0"}
			}
		},
		{
			"from": [8, 12, 13.5],
			"to": [9, 13, 15.5],
			"faces": {
				"north": {"uv": [7, 3, 8, 4], "texture": "#0"},
				"south": {"uv": [7, 3, 8, 4], "texture": "#0"},
				"west": {"uv": [7, 3, 8, 4], "texture": "#0"},
				"down": {"uv": [7, 3, 8, 4], "texture": "#0"}
			}
		},
		{
			"from": [8, 13, 13.5],
			"to": [9, 14, 15.5],
			"faces": {
				"north": {"uv": [7, 2, 8, 3], "texture": "#0"},
				"east": {"uv": [7, 2, 8, 3], "texture": "#0"},
				"south": {"uv": [7, 2, 8, 3], "texture": "#0"},
				"up": {"uv": [7, 2, 8, 3], "texture": "#0"}
			}
		},
		{
			"from": [7, 13, 13.5],
			"to": [8, 14, 15.5],
			"faces": {
				"north": {"uv": [8, 2, 9, 3], "texture": "#0"},
				"south": {"uv": [8, 2, 9, 3], "texture": "#0"},
				"down": {"uv": [8, 2, 9, 3], "texture": "#0"}
			}
		},
		{
			"from": [7, 14, 13.5],
			"to": [8, 15, 15.5],
			"faces": {
				"north": {"uv": [8, 1, 9, 2], "texture": "#0"},
				"east": {"uv": [8, 1, 9, 2], "texture": "#0"},
				"south": {"uv": [8, 1, 9, 2], "texture": "#0"},
				"up": {"uv": [8, 1, 9, 2], "texture": "#0"}
			}
		},
		{
			"from": [6, 14, 13.5],
			"to": [7, 15, 15.5],
			"faces": {
				"north": {"uv": [9, 1, 10, 2], "texture": "#0"},
				"south": {"uv": [9, 1, 10, 2], "texture": "#0"},
				"up": {"uv": [9, 1, 10, 2], "texture": "#0"}
			}
		},
		{
			"from": [6, 13, 13.5],
			"to": [7, 14, 15.5],
			"faces": {
				"north": {"uv": [9, 2, 10, 3], "texture": "#0"},
				"south": {"uv": [9, 2, 10, 3], "texture": "#0"},
				"down": {"uv": [9, 2, 10, 3], "texture": "#0"}
			}
		},
		{
			"from": [5, 13, 13.5],
			"to": [6, 14, 15.5],
			"faces": {
				"north": {"uv": [10, 2, 11, 3], "texture": "#0"},
				"south": {"uv": [10, 2, 11, 3], "texture": "#0"},
				"down": {"uv": [10, 2, 11, 3], "texture": "#0"}
			}
		},
		{
			"from": [5, 14, 13.5],
			"to": [6, 15, 15.5],
			"faces": {
				"north": {"uv": [10, 1, 11, 2], "texture": "#0"},
				"south": {"uv": [10, 1, 11, 2], "texture": "#0"},
				"up": {"uv": [10, 1, 11, 2], "texture": "#0"}
			}
		},
		{
			"from": [4, 14, 13.5],
			"to": [5, 15, 15.5],
			"faces": {
				"north": {"uv": [11, 1, 12, 2], "texture": "#0"},
				"south": {"uv": [11, 1, 12, 2], "texture": "#0"},
				"up": {"uv": [11, 1, 12, 2], "texture": "#0"}
			}
		},
		{
			"from": [3, 14, 13.5],
			"to": [4, 15, 15.5],
			"faces": {
				"north": {"uv": [12, 1, 13, 2], "texture": "#0"},
				"south": {"uv": [12, 1, 13, 2], "texture": "#0"},
				"west": {"uv": [12, 1, 13, 2], "texture": "#0"},
				"up": {"uv": [12, 1, 13, 2], "texture": "#0"}
			}
		},
		{
			"from": [3, 13, 13.5],
			"to": [4, 14, 15.5],
			"faces": {
				"north": {"uv": [12, 2, 13, 3], "texture": "#0"},
				"south": {"uv": [12, 2, 13, 3], "texture": "#0"},
				"down": {"uv": [12, 2, 13, 3], "texture": "#0"}
			}
		},
		{
			"from": [2, 13, 13.5],
			"to": [3, 14, 15.5],
			"faces": {
				"north": {"uv": [13, 2, 14, 3], "texture": "#0"},
				"south": {"uv": [13, 2, 14, 3], "texture": "#0"},
				"west": {"uv": [13, 2, 14, 3], "texture": "#0"},
				"up": {"uv": [13, 2, 14, 3], "texture": "#0"}
			}
		},
		{
			"from": [2, 12, 13.5],
			"to": [3, 13, 15.5],
			"faces": {
				"north": {"uv": [13, 3, 14, 4], "texture": "#0"},
				"east": {"uv": [13, 3, 14, 4], "texture": "#0"},
				"south": {"uv": [13, 3, 14, 4], "texture": "#0"}
			}
		},
		{
			"from": [2, 11, 13.5],
			"to": [3, 12, 15.5],
			"faces": {
				"north": {"uv": [13, 4, 14, 5], "texture": "#0"},
				"east": {"uv": [13, 4, 14, 5], "texture": "#0"},
				"south": {"uv": [13, 4, 14, 5], "texture": "#0"},
				"down": {"uv": [13, 4, 14, 5], "texture": "#0"}
			}
		},
		{
			"from": [1, 11, 13.5],
			"to": [2, 12, 15.5],
			"faces": {
				"north": {"uv": [14, 4, 15, 5], "texture": "#0"},
				"south": {"uv": [14, 4, 15, 5], "texture": "#0"},
				"west": {"uv": [14, 4, 15, 5], "texture": "#0"}
			}
		},
		{
			"from": [1, 12, 13.5],
			"to": [2, 13, 15.5],
			"faces": {
				"north": {"uv": [14, 3, 15, 4], "texture": "#0"},
				"south": {"uv": [14, 3, 15, 4], "texture": "#0"},
				"west": {"uv": [14, 3, 15, 4], "texture": "#0"},
				"up": {"uv": [14, 3, 15, 4], "texture": "#0"}
			}
		},
		{
			"from": [1, 10, 13.5],
			"to": [2, 11, 15.5],
			"faces": {
				"north": {"uv": [14, 5, 15, 6], "texture": "#0"},
				"east": {"uv": [14, 5, 15, 6], "texture": "#0"},
				"south": {"uv": [14, 5, 15, 6], "texture": "#0"},
				"west": {"uv": [14, 5, 15, 6], "texture": "#0"}
			}
		},
		{
			"from": [1, 9, 13.5],
			"to": [2, 10, 15.5],
			"faces": {
				"north": {"uv": [14, 6, 15, 7], "texture": "#0"},
				"east": {"uv": [14, 6, 15, 7], "texture": "#0"},
				"south": {"uv": [14, 6, 15, 7], "texture": "#0"},
				"west": {"uv": [14, 6, 15, 7], "texture": "#0"},
				"down": {"uv": [14, 6, 15, 7], "texture": "#0"}
			}
		},
		{
			"from": [4, 13, 13.5],
			"to": [5, 14, 15.5],
			"faces": {
				"north": {"uv": [11, 2, 12, 3], "texture": "#0"},
				"south": {"uv": [11, 2, 12, 3], "texture": "#0"},
				"down": {"uv": [11, 2, 12, 3], "texture": "#0"}
			}
		},
		{
			"from": [9, 8, 13.5],
			"to": [10, 9, 15.5],
			"faces": {
				"north": {"uv": [6, 7, 7, 8], "texture": "#0"},
				"east": {"uv": [6, 7, 7, 8], "texture": "#0"},
				"south": {"uv": [6, 7, 7, 8], "texture": "#0"}
			}
		},
		{
			"from": [10, 6, 13.5],
			"to": [11, 7, 15.5],
			"faces": {
				"north": {"uv": [5, 9, 6, 10], "texture": "#0"},
				"south": {"uv": [5, 9, 6, 10], "texture": "#0"},
				"up": {"uv": [5, 9, 6, 10], "texture": "#0"}
			}
		},
		{
			"from": [11, 6, 13],
			"to": [12, 7, 16],
			"faces": {
				"north": {"uv": [4, 9, 5, 10], "texture": "#0"},
				"south": {"uv": [4, 9, 5, 10], "texture": "#0"},
				"west": {"uv": [4, 9, 5, 10], "texture": "#0"},
				"up": {"uv": [4, 9, 5, 10], "texture": "#0"}
			}
		},
		{
			"from": [12, 6, 13],
			"to": [13, 7, 16],
			"faces": {
				"north": {"uv": [3, 9, 4, 10], "texture": "#0"},
				"south": {"uv": [3, 9, 4, 10], "texture": "#0"},
				"up": {"uv": [3, 9, 4, 10], "texture": "#0"}
			}
		},
		{
			"from": [13, 6, 12],
			"to": [14, 7, 17],
			"faces": {
				"north": {"uv": [2, 9, 3, 10], "texture": "#0"},
				"south": {"uv": [2, 9, 3, 10], "texture": "#0"},
				"west": {"uv": [2, 9, 3, 10], "texture": "#0"},
				"up": {"uv": [2, 9, 3, 10], "texture": "#0"}
			}
		},
		{
			"from": [14, 6, 12],
			"to": [15, 7, 17],
			"faces": {
				"north": {"uv": [1, 9, 2, 10], "texture": "#0"},
				"east": {"uv": [1, 9, 2, 10], "texture": "#0"},
				"south": {"uv": [1, 9, 2, 10], "texture": "#0"},
				"up": {"uv": [1, 9, 2, 10], "texture": "#0"}
			}
		},
		{
			"name": "ICON",
			"from": [0, 0, 14.5],
			"to": [16, 16, 14.5],
			"faces": {
				"north": {"uv": [0, 0, 16, 16], "texture": "#1"}
			}
		}
	],
	"gui_light": "front",
	"display": {
		"thirdperson_righthand": {
			"rotation": [-31, -90, 0],
			"translation": [4, -0.25, -4],
			"scale": [0.62, 0.62, 0.62]
		},
		"thirdperson_lefthand": {
			"rotation": [-31, 90, 0],
			"translation": [-4, -0.25, -4.25],
			"scale": [0.62, 0.62, 0.62]
		},
		"firstperson_righthand": {
			"rotation": [7, -90, 0],
			"translation": [15, 1.75, -7.5]
		},
		"firstperson_lefthand": {
			"rotation": [-7, 90, 0],
			"translation": [1.75, 1.75, -7.5]
		},
		"ground": {
			"translation": [-1.5, 4, -2.5],
			"scale": [0.69, 0.69, 0.3]
		},
		"gui": {
			"rotation": [0, -180, 0]
		},
		"fixed": {
			"translation": [0, 0, -1.5],
			"scale": [1, 1, 0.17]
		}
	}
}