{
	"credit": "Made with Blockbench",
	"parent": "minecraft:item/handheld",
	"textures": {
		"layer0": "custom/shark_tooth"
	},
	"gui_light": "front",
	"display": {
		"thirdperson_righthand": {
			"rotation": [0, 90, 0],
			"translation": [0.25, 2, 0.5],
			"scale": [0.39, 0.39, 0.39]
		},
		"thirdperson_lefthand": {
			"rotation": [0, -90, 0],
			"translation": [0, 2, 0.5],
			"scale": [0.39, 0.39, 0.39]
		},
		"firstperson_righthand": {
			"rotation": [-23, 90, 0],
			"translation": [5.25, 1.75, -2.75],
			"scale": [0.6, 0.6, 0.6]
		},
		"firstperson_lefthand": {
			"rotation": [-23, -90, 0],
			"translation": [5.5, 1.5, -3.25],
			"scale": [0.6, 0.6, 0.6]
		},
		"ground": {
			"translation": [0, 6.5, 0],
			"scale": [0.6, 0.6, 0.6]
		}
	}
}