{
	"credit": "Made with Blockbench",
	"textures": {
		"1": "custom/mace_gui",
		"particle": "custom/mace",
		"layer0": "custom/mace"
	},
	"elements": [
		{
			"from": [8, 8, 5.5],
			"to": [13, 13, 10.5],
			"faces": {
				"north": {"uv": [8, 3, 13, 8], "texture": "#layer0"},
				"east": {"uv": [8, 3, 13, 8], "texture": "#layer0"},
				"south": {"uv": [8, 3, 13, 8], "texture": "#layer0"},
				"west": {"uv": [8, 3, 13, 8], "texture": "#layer0"},
				"up": {"uv": [8, 3, 13, 8], "texture": "#layer0"},
				"down": {"uv": [8, 3, 13, 8], "texture": "#layer0"}
			}
		},
		{
			"from": [10, 13, 7.49],
			"to": [11.02, 14.02, 8.51],
			"faces": {
				"north": {"uv": [10, 2, 11.02, 3.02], "texture": "#layer0"},
				"east": {"uv": [10, 2, 11.02, 3.02], "texture": "#layer0"},
				"south": {"uv": [10, 2, 11.02, 3.02], "texture": "#layer0"},
				"west": {"uv": [10, 2, 11.02, 3.02], "texture": "#layer0"},
				"up": {"uv": [10, 2, 11.02, 3.02], "texture": "#layer0"},
				"down": {"uv": [10, 2, 11.02, 3.02], "texture": "#layer0"}
			}
		},
		{
			"from": [10, 10, 10.49],
			"to": [11.02, 11.02, 11.51],
			"faces": {
				"north": {"uv": [13, 5, 14.02, 6.02], "texture": "#layer0"},
				"east": {"uv": [13, 5, 14.02, 6.02], "texture": "#layer0"},
				"south": {"uv": [13, 5, 14.02, 6.02], "texture": "#layer0"},
				"west": {"uv": [13, 5, 14.02, 6.02], "texture": "#layer0"},
				"up": {"uv": [13, 5, 14.02, 6.02], "texture": "#layer0"},
				"down": {"uv": [13, 5, 14.02, 6.02], "texture": "#layer0"}
			}
		},
		{
			"from": [10, 10, 11.49],
			"to": [11.02, 11.02, 12.51],
			"faces": {
				"north": {"uv": [13.98, 5, 15, 6.02], "texture": "#layer0"},
				"east": {"uv": [13.98, 5, 15, 6.02], "texture": "#layer0"},
				"south": {"uv": [13.98, 5, 15, 6.02], "texture": "#layer0"},
				"west": {"uv": [13.98, 5, 15, 6.02], "texture": "#layer0"},
				"up": {"uv": [13.98, 5, 15, 6.02], "texture": "#layer0"},
				"down": {"uv": [13.98, 5, 15, 6.02], "texture": "#layer0"}
			}
		},
		{
			"from": [10, 10, 4.49],
			"to": [11.02, 11.02, 5.51],
			"faces": {
				"north": {"uv": [10, 2, 11.02, 3.02], "texture": "#layer0"},
				"east": {"uv": [10, 2, 11.02, 3.02], "texture": "#layer0"},
				"south": {"uv": [10, 2, 11.02, 3.02], "texture": "#layer0"},
				"west": {"uv": [10, 1, 11.02, 2.02], "texture": "#layer0"},
				"up": {"uv": [10, 2, 11.02, 3.02], "texture": "#layer0"},
				"down": {"uv": [10, 2, 11.02, 3.02], "texture": "#layer0"}
			}
		},
		{
			"from": [10, 10, 3.49],
			"to": [11.02, 11.02, 4.51],
			"faces": {
				"north": {"uv": [10, 5, 11.02, 6.02], "texture": "#layer0"},
				"east": {"uv": [10, 5, 11.02, 6.02], "texture": "#layer0"},
				"south": {"uv": [10, 5, 11.02, 6.02], "texture": "#layer0"},
				"west": {"uv": [10, 5, 11.02, 6.02], "texture": "#layer0"},
				"up": {"uv": [10, 5, 11.02, 6.02], "texture": "#layer0"},
				"down": {"uv": [10, 5, 11.02, 6.02], "texture": "#layer0"}
			}
		},
		{
			"from": [10, 14, 7.49],
			"to": [11.02, 15.02, 8.51],
			"faces": {
				"north": {"uv": [10, 1, 11.02, 2.02], "texture": "#layer0"},
				"east": {"uv": [10, 1, 11.02, 2.02], "texture": "#layer0"},
				"south": {"uv": [10, 1, 11.02, 2.02], "texture": "#layer0"},
				"west": {"uv": [10, 1, 11.02, 2.02], "texture": "#layer0"},
				"up": {"uv": [10, 1, 11.02, 2.02], "texture": "#layer0"},
				"down": {"uv": [10, 1, 11.02, 2.02], "texture": "#layer0"}
			}
		},
		{
			"from": [13, 10, 7.49],
			"to": [14.02, 11.02, 8.51],
			"faces": {
				"north": {"uv": [13, 5, 14.02, 6.02], "texture": "#layer0"},
				"east": {"uv": [13, 5, 14.02, 6.02], "texture": "#layer0"},
				"south": {"uv": [13, 5, 14.02, 6.02], "texture": "#layer0"},
				"west": {"uv": [13, 5, 14.02, 6.02], "texture": "#layer0"},
				"up": {"uv": [13, 5, 14.02, 6.02], "texture": "#layer0"},
				"down": {"uv": [13, 5, 14.02, 6.02], "texture": "#layer0"}
			}
		},
		{
			"from": [14, 10, 7.49],
			"to": [15.02, 11.02, 8.51],
			"faces": {
				"north": {"uv": [14, 5, 15.02, 6.02], "texture": "#layer0"},
				"east": {"uv": [14, 5, 15.02, 6.02], "texture": "#layer0"},
				"south": {"uv": [14, 5, 15.02, 6.02], "texture": "#layer0"},
				"west": {"uv": [14, 5, 15.02, 6.02], "texture": "#layer0"},
				"up": {"uv": [14, 5, 15.02, 6.02], "texture": "#layer0"},
				"down": {"uv": [14, 5, 15.02, 6.02], "texture": "#layer0"}
			}
		},
		{
			"from": [10, 7, 7.49],
			"to": [11.02, 8.02, 8.51],
			"faces": {
				"north": {"uv": [10, 8, 11.02, 9.02], "texture": "#layer0"},
				"east": {"uv": [10, 8, 11.02, 9.02], "texture": "#layer0"},
				"south": {"uv": [10, 8, 11.02, 9.02], "texture": "#layer0"},
				"west": {"uv": [10, 8, 11.02, 9.02], "texture": "#layer0"},
				"up": {"uv": [10, 8, 11.02, 9.02], "texture": "#layer0"},
				"down": {"uv": [10, 8, 11.02, 9.02], "texture": "#layer0"}
			}
		},
		{
			"from": [10, 6, 7.49],
			"to": [11.02, 7.02, 8.51],
			"faces": {
				"north": {"uv": [10, 9, 11.02, 10.02], "texture": "#layer0"},
				"east": {"uv": [10, 9, 11.02, 10.02], "texture": "#layer0"},
				"south": {"uv": [10, 9, 11.02, 10.02], "texture": "#layer0"},
				"west": {"uv": [10, 9, 11.02, 10.02], "texture": "#layer0"},
				"up": {"uv": [10, 9, 11.02, 10.02], "texture": "#layer0"},
				"down": {"uv": [10, 9, 11.02, 10.02], "texture": "#layer0"}
			}
		},
		{
			"from": [7, 10, 7.49],
			"to": [8.02, 11.02, 8.51],
			"faces": {
				"north": {"uv": [7, 5, 8.02, 6.02], "texture": "#layer0"},
				"east": {"uv": [7, 5, 8.02, 6.02], "texture": "#layer0"},
				"south": {"uv": [7, 5, 8.02, 6.02], "texture": "#layer0"},
				"west": {"uv": [7, 5, 8.02, 6.02], "texture": "#layer0"},
				"up": {"uv": [7, 5, 8.02, 6.02], "texture": "#layer0"},
				"down": {"uv": [7, 5, 8.02, 6.02], "texture": "#layer0"}
			}
		},
		{
			"from": [6, 10, 7.49],
			"to": [7.02, 11.02, 8.51],
			"faces": {
				"north": {"uv": [6, 5, 7.02, 6.02], "texture": "#layer0"},
				"east": {"uv": [6, 5, 7.02, 6.02], "texture": "#layer0"},
				"south": {"uv": [6, 5, 7.02, 6.02], "texture": "#layer0"},
				"west": {"uv": [6, 5, 7.02, 6.02], "texture": "#layer0"},
				"up": {"uv": [6, 5, 7.02, 6.02], "texture": "#layer0"},
				"down": {"uv": [6, 5, 7.02, 6.02], "texture": "#layer0"}
			}
		},
		{
			"from": [1, 1, 7.5],
			"to": [2, 2, 8.5],
			"faces": {
				"north": {"uv": [1, 14, 2, 15], "texture": "#layer0"},
				"east": {"uv": [1, 14, 2, 15], "texture": "#layer0"},
				"south": {"uv": [1, 14, 2, 15], "texture": "#layer0"},
				"west": {"uv": [1, 14, 2, 15], "texture": "#layer0"},
				"up": {"uv": [1, 14, 2, 15], "texture": "#layer0"},
				"down": {"uv": [1, 14, 2, 15], "texture": "#layer0"}
			}
		},
		{
			"from": [1, 2, 7.5],
			"to": [2, 3, 8.5],
			"faces": {
				"north": {"uv": [1, 13, 2, 14], "texture": "#layer0"},
				"east": {"uv": [1, 13, 2, 14], "texture": "#layer0"},
				"south": {"uv": [1, 13, 2, 14], "texture": "#layer0"},
				"west": {"uv": [1, 13, 2, 14], "texture": "#layer0"},
				"up": {"uv": [1, 13, 2, 14], "texture": "#layer0"},
				"down": {"uv": [1, 13, 2, 14], "texture": "#layer0"}
			}
		},
		{
			"from": [2, 2, 7.5],
			"to": [3, 3, 8.5],
			"faces": {
				"north": {"uv": [2, 13, 3, 14], "texture": "#layer0"},
				"east": {"uv": [2, 13, 3, 14], "texture": "#layer0"},
				"south": {"uv": [2, 13, 3, 14], "texture": "#layer0"},
				"west": {"uv": [2, 13, 3, 14], "texture": "#layer0"},
				"up": {"uv": [2, 13, 3, 14], "texture": "#layer0"},
				"down": {"uv": [2, 13, 3, 14], "texture": "#layer0"}
			}
		},
		{
			"from": [2, 1, 7.5],
			"to": [3, 2, 8.5],
			"faces": {
				"north": {"uv": [2, 14, 3, 15], "texture": "#layer0"},
				"east": {"uv": [2, 14, 3, 15], "texture": "#layer0"},
				"south": {"uv": [2, 14, 3, 15], "texture": "#layer0"},
				"west": {"uv": [2, 14, 3, 15], "texture": "#layer0"},
				"up": {"uv": [2, 14, 3, 15], "texture": "#layer0"},
				"down": {"uv": [2, 14, 3, 15], "texture": "#layer0"}
			}
		},
		{
			"from": [2, 3, 7.5],
			"to": [3, 4, 8.5],
			"faces": {
				"north": {"uv": [2, 12, 3, 13], "texture": "#layer0"},
				"east": {"uv": [2, 12, 3, 13], "texture": "#layer0"},
				"south": {"uv": [2, 12, 3, 13], "texture": "#layer0"},
				"west": {"uv": [2, 12, 3, 13], "texture": "#layer0"},
				"up": {"uv": [2, 12, 3, 13], "texture": "#layer0"},
				"down": {"uv": [2, 12, 3, 13], "texture": "#layer0"}
			}
		},
		{
			"from": [3, 3, 7.5],
			"to": [4, 4, 8.5],
			"faces": {
				"north": {"uv": [3, 12, 4, 13], "texture": "#layer0"},
				"east": {"uv": [3, 12, 4, 13], "texture": "#layer0"},
				"south": {"uv": [3, 12, 4, 13], "texture": "#layer0"},
				"west": {"uv": [3, 12, 4, 13], "texture": "#layer0"},
				"up": {"uv": [3, 12, 4, 13], "texture": "#layer0"},
				"down": {"uv": [3, 12, 4, 13], "texture": "#layer0"}
			}
		},
		{
			"from": [3, 2, 7.5],
			"to": [4, 3, 8.5],
			"faces": {
				"north": {"uv": [3, 13, 4, 14], "texture": "#layer0"},
				"east": {"uv": [3, 13, 4, 14], "texture": "#layer0"},
				"south": {"uv": [3, 13, 4, 14], "texture": "#layer0"},
				"west": {"uv": [3, 13, 4, 14], "texture": "#layer0"},
				"up": {"uv": [3, 13, 4, 14], "texture": "#layer0"},
				"down": {"uv": [3, 13, 4, 14], "texture": "#layer0"}
			}
		},
		{
			"from": [3, 4, 7.5],
			"to": [4, 5, 8.5],
			"faces": {
				"north": {"uv": [3, 11, 4, 12], "texture": "#layer0"},
				"east": {"uv": [3, 11, 4, 12], "texture": "#layer0"},
				"south": {"uv": [3, 11, 4, 12], "texture": "#layer0"},
				"west": {"uv": [3, 11, 4, 12], "texture": "#layer0"},
				"up": {"uv": [3, 11, 4, 12], "texture": "#layer0"},
				"down": {"uv": [3, 11, 4, 12], "texture": "#layer0"}
			}
		},
		{
			"from": [4, 4, 7.5],
			"to": [5, 5, 8.5],
			"faces": {
				"north": {"uv": [4, 11, 5, 12], "texture": "#layer0"},
				"east": {"uv": [4, 11, 5, 12], "texture": "#layer0"},
				"south": {"uv": [4, 11, 5, 12], "texture": "#layer0"},
				"west": {"uv": [4, 11, 5, 12], "texture": "#layer0"},
				"up": {"uv": [4, 11, 5, 12], "texture": "#layer0"},
				"down": {"uv": [4, 11, 5, 12], "texture": "#layer0"}
			}
		},
		{
			"from": [4, 5, 7.5],
			"to": [5, 6, 8.5],
			"faces": {
				"north": {"uv": [4, 10, 5, 11], "texture": "#layer0"},
				"east": {"uv": [4, 10, 5, 11], "texture": "#layer0"},
				"south": {"uv": [4, 10, 5, 11], "texture": "#layer0"},
				"west": {"uv": [4, 10, 5, 11], "texture": "#layer0"},
				"up": {"uv": [4, 10, 5, 11], "texture": "#layer0"},
				"down": {"uv": [4, 10, 5, 11], "texture": "#layer0"}
			}
		},
		{
			"from": [4, 3, 7.5],
			"to": [5, 4, 8.5],
			"faces": {
				"north": {"uv": [4, 12, 5, 13], "texture": "#layer0"},
				"east": {"uv": [4, 12, 5, 13], "texture": "#layer0"},
				"south": {"uv": [4, 12, 5, 13], "texture": "#layer0"},
				"west": {"uv": [4, 12, 5, 13], "texture": "#layer0"},
				"up": {"uv": [4, 12, 5, 13], "texture": "#layer0"},
				"down": {"uv": [4, 12, 5, 13], "texture": "#layer0"}
			}
		},
		{
			"from": [5, 4, 7.5],
			"to": [6, 5, 8.5],
			"faces": {
				"north": {"uv": [5, 11, 6, 12], "texture": "#layer0"},
				"east": {"uv": [5, 11, 6, 12], "texture": "#layer0"},
				"south": {"uv": [5, 11, 6, 12], "texture": "#layer0"},
				"west": {"uv": [5, 11, 6, 12], "texture": "#layer0"},
				"up": {"uv": [5, 11, 6, 12], "texture": "#layer0"},
				"down": {"uv": [5, 11, 6, 12], "texture": "#layer0"}
			}
		},
		{
			"from": [5, 5, 7.5],
			"to": [6, 6, 8.5],
			"faces": {
				"north": {"uv": [5, 10, 6, 11], "texture": "#layer0"},
				"east": {"uv": [5, 10, 6, 11], "texture": "#layer0"},
				"south": {"uv": [5, 10, 6, 11], "texture": "#layer0"},
				"west": {"uv": [5, 10, 6, 11], "texture": "#layer0"},
				"up": {"uv": [5, 10, 6, 11], "texture": "#layer0"},
				"down": {"uv": [5, 10, 6, 11], "texture": "#layer0"}
			}
		},
		{
			"from": [5, 6, 7.5],
			"to": [6, 7, 8.5],
			"faces": {
				"north": {"uv": [5, 9, 6, 10], "texture": "#layer0"},
				"east": {"uv": [5, 9, 6, 10], "texture": "#layer0"},
				"south": {"uv": [5, 9, 6, 10], "texture": "#layer0"},
				"west": {"uv": [5, 9, 6, 10], "texture": "#layer0"},
				"up": {"uv": [5, 9, 6, 10], "texture": "#layer0"},
				"down": {"uv": [5, 9, 6, 10], "texture": "#layer0"}
			}
		},
		{
			"from": [6, 6, 7.5],
			"to": [7, 7, 8.5],
			"faces": {
				"north": {"uv": [6, 9, 7, 10], "texture": "#layer0"},
				"east": {"uv": [6, 9, 7, 10], "texture": "#layer0"},
				"south": {"uv": [6, 9, 7, 10], "texture": "#layer0"},
				"west": {"uv": [6, 9, 7, 10], "texture": "#layer0"},
				"up": {"uv": [6, 9, 7, 10], "texture": "#layer0"},
				"down": {"uv": [6, 9, 7, 10], "texture": "#layer0"}
			}
		},
		{
			"from": [6, 7, 7.5],
			"to": [7, 8, 8.5],
			"faces": {
				"north": {"uv": [6, 8, 7, 9], "texture": "#layer0"},
				"east": {"uv": [6, 8, 7, 9], "texture": "#layer0"},
				"south": {"uv": [6, 8, 7, 9], "texture": "#layer0"},
				"west": {"uv": [6, 8, 7, 9], "texture": "#layer0"},
				"up": {"uv": [6, 8, 7, 9], "texture": "#layer0"},
				"down": {"uv": [6, 8, 7, 9], "texture": "#layer0"}
			}
		},
		{
			"from": [6, 5, 7.5],
			"to": [7, 6, 8.5],
			"faces": {
				"north": {"uv": [6, 10, 7, 11], "texture": "#layer0"},
				"east": {"uv": [6, 10, 7, 11], "texture": "#layer0"},
				"south": {"uv": [6, 10, 7, 11], "texture": "#layer0"},
				"west": {"uv": [6, 10, 7, 11], "texture": "#layer0"},
				"up": {"uv": [6, 10, 7, 11], "texture": "#layer0"},
				"down": {"uv": [6, 10, 7, 11], "texture": "#layer0"}
			}
		},
		{
			"from": [7, 6, 7.5],
			"to": [8, 7, 8.5],
			"faces": {
				"north": {"uv": [7, 9, 8, 10], "texture": "#layer0"},
				"east": {"uv": [7, 9, 8, 10], "texture": "#layer0"},
				"south": {"uv": [7, 9, 8, 10], "texture": "#layer0"},
				"west": {"uv": [7, 9, 8, 10], "texture": "#layer0"},
				"up": {"uv": [7, 9, 8, 10], "texture": "#layer0"},
				"down": {"uv": [7, 9, 8, 10], "texture": "#layer0"}
			}
		},
		{
			"from": [7, 7, 7.5],
			"to": [8, 8, 8.5],
			"faces": {
				"north": {"uv": [7, 8, 8, 9], "texture": "#layer0"},
				"east": {"uv": [7, 8, 8, 9], "texture": "#layer0"},
				"south": {"uv": [7, 8, 8, 9], "texture": "#layer0"},
				"west": {"uv": [7, 8, 8, 9], "texture": "#layer0"},
				"up": {"uv": [7, 8, 8, 9], "texture": "#layer0"},
				"down": {"uv": [7, 8, 8, 9], "texture": "#layer0"}
			}
		},
		{
			"from": [7, 8, 7.5],
			"to": [8, 9, 8.5],
			"faces": {
				"north": {"uv": [7, 7, 8, 8], "texture": "#layer0"},
				"east": {"uv": [7, 7, 8, 8], "texture": "#layer0"},
				"south": {"uv": [7, 7, 8, 8], "texture": "#layer0"},
				"west": {"uv": [7, 7, 8, 8], "texture": "#layer0"},
				"up": {"uv": [7, 7, 8, 8], "texture": "#layer0"},
				"down": {"uv": [7, 7, 8, 8], "texture": "#layer0"}
			}
		},
		{
			"from": [8, 7, 7.5],
			"to": [9, 8, 8.5],
			"faces": {
				"north": {"uv": [8, 8, 9, 9], "texture": "#layer0"},
				"east": {"uv": [8, 8, 9, 9], "texture": "#layer0"},
				"south": {"uv": [8, 8, 9, 9], "texture": "#layer0"},
				"west": {"uv": [8, 8, 9, 9], "texture": "#layer0"},
				"up": {"uv": [8, 8, 9, 9], "texture": "#layer0"},
				"down": {"uv": [8, 8, 9, 9], "texture": "#layer0"}
			}
		},
		{
			"name": "ICON",
			"from": [0, 0, 8],
			"to": [16, 16, 8],
			"faces": {
				"south": {"uv": [0, 0, 16, 16], "texture": "#1"}
			}
		}
	],
	"gui_light": "front",
	"display": {
		"thirdperson_righthand": {
			"rotation": [50, 77, 0],
			"translation": [0.25, 2.25, 1.75],
			"scale": [0.8, 0.8, 0.8]
		},
		"thirdperson_lefthand": {
			"rotation": [50, -77, 0],
			"translation": [-0.25, 2.5, 2],
			"scale": [0.8, 0.8, 0.8]
		},
		"firstperson_righthand": {
			"rotation": [9, 90, 0],
			"translation": [5.25, 4.75, -2.5],
			"scale": [0.8, 0.8, 0.8]
		},
		"firstperson_lefthand": {
			"rotation": [7, -90, 0],
			"translation": [5.75, 4.75, -2.5],
			"scale": [0.8, 0.8, 0.8]
		},
		"ground": {
			"translation": [0, 4, 0],
			"scale": [0.74, 0.74, 0.74]
		}
	}
}