{
	"credit": "Made with Blockbench",
	"parent": "minecraft:item/handheld",
	"textures": {
		"layer0": "custom/boarding_axe"
	},
	"display": {
		"thirdperson_righthand": {
			"rotation": [45, -90, 90],
			"translation": [0.25, 3.5, 1],
			"scale": [0.8, 0.8, 0.8]
		},
		"thirdperson_lefthand": {
			"rotation": [45, 90, -90],
			"translation": [-0.25, 3.5, 1],
			"scale": [0.8, 0.8, 0.8]
		},
		"firstperson_righthand": {
			"rotation": [30, -96, 90],
			"translation": [4.25, 6, -0.75],
			"scale": [0.8, 0.8, 0.8]
		},
		"firstperson_lefthand": {
			"rotation": [30, 96, -90],
			"translation": [4.25, 6, -0.75],
			"scale": [0.8, 0.8, 0.8]
		},
		"ground": {
			"translation": [0, 4, 0],
			"scale": [0.74, 0.74, 0.74]
		},
		"gui": {
			"rotation": [0, 0, 0]
		}
	}
}