{
	"credit": "Made with Blockbench",
	"textures": {
		"1": "custom/black_flag"
	},
	"elements": [
		{
			"from": [7, -3, 30],
			"to": [9, 30, 32],
			"faces": {
				"north": {"uv": [11, 0.5, 11.5, 11], "texture": "#1"},
				"east": {"uv": [11, 0.5, 11.5, 11], "texture": "#1"},
				"south": {"uv": [11, 0.5, 11.5, 11], "texture": "#1"},
				"west": {"uv": [11, 0.5, 11.5, 11], "texture": "#1"},
				"up": {"uv": [11.5, 0, 12, 0.5], "texture": "#1"},
				"down": {"uv": [12, 0, 12.5, 0.5], "texture": "#1"}
			}
		},
		{
			"from": [0, 30, 30],
			"to": [16, 32, 32],
			"faces": {
				"north": {"uv": [5.5, 10.5, 10.5, 11], "texture": "#1"},
				"east": {"uv": [0, 11, 0.5, 11.5], "texture": "#1"},
				"south": {"uv": [5.5, 10.5, 10.5, 11], "texture": "#1"},
				"west": {"uv": [0, 11, 0.5, 11.5], "texture": "#1"},
				"up": {"uv": [5.5, 10.5, 10.5, 11], "texture": "#1"},
				"down": {"uv": [5.5, 10.5, 10.5, 11], "texture": "#1"}
			}
		},
		{
			"from": [0, 2, 29],
			"to": [16, 32, 30],
			"faces": {
				"north": {"uv": [0.25, 0.25, 5.25, 10.25], "texture": "#1"},
				"east": {"uv": [5.5, 0, 5.75, 10.25], "texture": "#1"},
				"south": {"uv": [5.5, 0.25, 10.5, 10.25], "texture": "#1"},
				"west": {"uv": [10.25, 0.25, 10.5, 10.25], "texture": "#1"},
				"up": {"uv": [5.5, 0.25, 10.25, 0.5], "texture": "#1"},
				"down": {"uv": [5.5, 10, 10.5, 10.25], "texture": "#1"}
			}
		}
	],
	"display": {
		"thirdperson_righthand": {
			"rotation": [72, 0, 0],
			"translation": [0, -2.5, -7],
			"scale": [0.7, 0.7, 0.7]
		},
		"thirdperson_lefthand": {
			"rotation": [70, 0, 0],
			"translation": [0, -2.75, -8],
			"scale": [0.7, 0.7, 0.7]
		},
		"firstperson_righthand": {
			"rotation": [8, 0, 6],
			"translation": [0, 1.5, 0]
		},
		"firstperson_lefthand": {
			"rotation": [8, 0, 6],
			"translation": [0, 1.5, 0]
		},
		"ground": {
			"translation": [0, 0, -3.75]
		},
		"gui": {
			"rotation": [-126, 43, 149],
			"translation": [0, -2.25, 0],
			"scale": [0.46, 0.47, 0.49]
		},
		"head": {
			"translation": [0, -21.74, -46.5],
			"scale": [1.95, 1.95, 1.95]
		}
	}
}