{
        "custom.pizzatime": {
		"sounds": [
			"custom_sounds/pizza-time"
		]
        },
         "custom.rulette": {
		"sounds": [
			"custom_sounds/rulette"
		]
        },
         "custom.turret": {
		"sounds": [
			"custom_sounds/turret"
		]
        },
         "custom.status": {
		"sounds": [
			"custom_sounds/status"
		]
        },
         "custom.hole": {
		"sounds": [
			"custom_sounds/hole"
		]
        },
         "custom.timer": {
		"sounds": [
			"custom_sounds/timer"
		]
        },
         "custom.baby": {
		"sounds": [
			"custom_sounds/baby"
		]
        },
         "custom.start": {
		"sounds": [
			"custom_sounds/start"
		]
        },
         "custom.smoke": {
		"sounds": [
			"custom_sounds/smoke"
		]
        },
         "custom.defused": {
		"sounds": [
			"custom_sounds/defused"
		]
        },
         "custom.winning": {
		"sounds": [
			"custom_sounds/winning"
		]
        }
}
