{
	"credit": "Made with Blockbench",
	"texture_size": [128, 128],
	"textures": {
		"0": "item/bomb-car",
		"particle": "item/bomb-car"
	},
	"elements": [
		{
			"from": [-1, 0, -1],
			"to": [17, 18, 17],
			"rotation": {"angle": 0, "axis": "y", "origin": [1, 0, 1]},
			"faces": {
				"north": {"uv": [0, 0, 2.25, 2.25], "texture": "#0"},
				"east": {"uv": [0, 2.25, 2.25, 4.5], "texture": "#0"},
				"south": {"uv": [2.25, 0, 4.5, 2.25], "texture": "#0"},
				"west": {"uv": [2.25, 2.25, 4.5, 4.5], "texture": "#0"},
				"up": {"uv": [2.25, 6.75, 0, 4.5], "texture": "#0"},
				"down": {"uv": [6.75, 0, 4.5, 2.25], "texture": "#0"}
			}
		},
		{
			"from": [4, 17, -1],
			"to": [12, 27, 7],
			"rotation": {"angle": -22.5, "axis": "x", "origin": [4, 17, 5]},
			"faces": {
				"north": {"uv": [3.25, 4.5, 4.25, 5.75], "texture": "#0"},
				"east": {"uv": [4.5, 4, 5.5, 5.25], "texture": "#0"},
				"south": {"uv": [4.25, 5.25, 5.25, 6.5], "texture": "#0"},
				"west": {"uv": [5.25, 5.25, 6.25, 6.5], "texture": "#0"},
				"up": {"uv": [6.5, 3.25, 5.5, 2.25], "texture": "#0"},
				"down": {"uv": [6.5, 3.25, 5.5, 4.25], "texture": "#0"}
			}
		},
		{
			"from": [17, -3, 11],
			"to": [21, 5, 19],
			"rotation": {"angle": 0, "axis": "y", "origin": [19, 0, 12]},
			"faces": {
				"north": {"uv": [7.25, 5.25, 7.75, 6.25], "texture": "#0"},
				"east": {"uv": [6.5, 3.25, 7.5, 4.25], "texture": "#0"},
				"south": {"uv": [6.25, 7.25, 6.75, 8.25], "texture": "#0"},
				"west": {"uv": [4.25, 6.5, 5.25, 7.5], "texture": "#0"},
				"up": {"uv": [7.75, 7.25, 7.25, 6.25], "texture": "#0"},
				"down": {"uv": [7.25, 7.25, 6.75, 8.25], "texture": "#0"}
			}
		},
		{
			"from": [17, -3, -3],
			"to": [21, 5, 5],
			"rotation": {"angle": 0, "axis": "y", "origin": [19, 0, -2]},
			"faces": {
				"north": {"uv": [7.25, 5.25, 7.75, 6.25], "texture": "#0"},
				"east": {"uv": [6.5, 3.25, 7.5, 4.25], "texture": "#0"},
				"south": {"uv": [6.25, 7.25, 6.75, 8.25], "texture": "#0"},
				"west": {"uv": [4.25, 6.5, 5.25, 7.5], "texture": "#0"},
				"up": {"uv": [7.75, 7.25, 7.25, 6.25], "texture": "#0"},
				"down": {"uv": [7.25, 7.25, 6.75, 8.25], "texture": "#0"}
			}
		},
		{
			"from": [-5, -3, 11],
			"to": [-1, 5, 19],
			"rotation": {"angle": 0, "axis": "y", "origin": [-3, 0, 12]},
			"faces": {
				"north": {"uv": [7.25, 5.25, 7.75, 6.25], "texture": "#0"},
				"east": {"uv": [6.5, 3.25, 7.5, 4.25], "texture": "#0"},
				"south": {"uv": [6.25, 7.25, 6.75, 8.25], "texture": "#0"},
				"west": {"uv": [4.25, 6.5, 5.25, 7.5], "texture": "#0"},
				"up": {"uv": [7.75, 7.25, 7.25, 6.25], "texture": "#0"},
				"down": {"uv": [7.25, 7.25, 6.75, 8.25], "texture": "#0"}
			}
		},
		{
			"from": [-5, -3, -3],
			"to": [-1, 5, 5],
			"rotation": {"angle": 0, "axis": "y", "origin": [-3, 0, -2]},
			"faces": {
				"north": {"uv": [7.25, 5.25, 7.75, 6.25], "texture": "#0"},
				"east": {"uv": [6.5, 3.25, 7.5, 4.25], "texture": "#0"},
				"south": {"uv": [6.25, 7.25, 6.75, 8.25], "texture": "#0"},
				"west": {"uv": [4.25, 6.5, 5.25, 7.5], "texture": "#0"},
				"up": {"uv": [7.75, 7.25, 7.25, 6.25], "texture": "#0"},
				"down": {"uv": [7.25, 7.25, 6.75, 8.25], "texture": "#0"}
			}
		},
		{
			"from": [7, 24, -16],
			"to": [9, 26, 0],
			"rotation": {"angle": 22.5, "axis": "x", "origin": [7, 24, 0]},
			"faces": {
				"north": {"uv": [4.25, 4.5, 4.5, 4.75], "texture": "#0"},
				"east": {"uv": [6.75, 2, 8.75, 2.25], "texture": "#0"},
				"south": {"uv": [4.25, 4.75, 4.5, 5], "texture": "#0"},
				"west": {"uv": [7.25, 7.25, 9.25, 7.5], "texture": "#0"},
				"up": {"uv": [0.25, 9.5, 0, 7.5], "texture": "#0"},
				"down": {"uv": [0.5, 7.5, 0.25, 9.5], "texture": "#0"}
			}
		},
		{
			"from": [6, 6, -7],
			"to": [10, 12, -1],
			"rotation": {"angle": 0, "axis": "y", "origin": [7, 7, -3]},
			"faces": {
				"north": {"uv": [4.25, 7.5, 4.75, 8.25], "texture": "#0"},
				"east": {"uv": [6.5, 4.25, 7.25, 5], "texture": "#0"},
				"south": {"uv": [4.75, 7.5, 5.25, 8.25], "texture": "#0"},
				"west": {"uv": [0, 6.75, 0.75, 7.5], "texture": "#0"},
				"up": {"uv": [7.75, 8.25, 7.25, 7.5], "texture": "#0"},
				"down": {"uv": [8.25, 0, 7.75, 0.75], "texture": "#0"}
			}
		},
		{
			"from": [6, 2, -15],
			"to": [10, 16, -7],
			"rotation": {"angle": 0, "axis": "y", "origin": [7, 6, -13]},
			"faces": {
				"north": {"uv": [5.25, 6.5, 5.75, 8.25], "texture": "#0"},
				"east": {"uv": [2.25, 4.5, 3.25, 6.25], "texture": "#0"},
				"south": {"uv": [5.75, 6.5, 6.25, 8.25], "texture": "#0"},
				"west": {"uv": [4.5, 2.25, 5.5, 4], "texture": "#0"},
				"up": {"uv": [8, 3.25, 7.5, 2.25], "texture": "#0"},
				"down": {"uv": [8, 3.25, 7.5, 4.25], "texture": "#0"}
			}
		}
	],
	"display": {
		"head": {
			"rotation": [0, 180, 0],
			"translation": [0, -34.25, 0]
		}
	}
}