{
	"credit": "Made with Blockbench",
	"texture_size": [128, 128],
	"textures": {
		"0": "item/turret",
		"particle": "item/turret"
	},
	"elements": [
		{
			"from": [0, 0, 0],
			"to": [16, 4, 16],
			"faces": {
				"north": {"uv": [7.25, 6, 9.25, 6.5], "texture": "#0"},
				"east": {"uv": [8, 0, 10, 0.5], "texture": "#0"},
				"south": {"uv": [8, 0.5, 10, 1], "texture": "#0"},
				"west": {"uv": [8, 1, 10, 1.5], "texture": "#0"},
				"up": {"uv": [2, 6.5, 0, 4.5], "texture": "#0"},
				"down": {"uv": [7, 1.5, 5, 3.5], "texture": "#0"}
			}
		},
		{
			"from": [2, 0, -4],
			"to": [14, 2, 20],
			"faces": {
				"north": {"uv": [7.75, 9, 9.25, 9.25], "texture": "#0"},
				"east": {"uv": [8.5, 2.5, 11.5, 2.75], "texture": "#0"},
				"south": {"uv": [9.25, 3, 10.75, 3.25], "texture": "#0"},
				"west": {"uv": [8.5, 2.75, 11.5, 3], "texture": "#0"},
				"up": {"uv": [1.5, 3, 0, 0], "texture": "#0"},
				"down": {"uv": [3, 0, 1.5, 3], "texture": "#0"}
			}
		},
		{
			"from": [-4, 0, 2],
			"to": [20, 2, 14],
			"rotation": {"angle": 0, "axis": "y", "origin": [8, 1, 8]},
			"faces": {
				"north": {"uv": [9, 7, 12, 7.25], "texture": "#0"},
				"east": {"uv": [9.25, 3.25, 10.75, 3.5], "texture": "#0"},
				"south": {"uv": [9, 7.25, 12, 7.5], "texture": "#0"},
				"west": {"uv": [9.25, 3.5, 10.75, 3.75], "texture": "#0"},
				"up": {"uv": [3, 4.5, 0, 3], "texture": "#0"},
				"down": {"uv": [6, 0, 3, 1.5], "texture": "#0"}
			}
		},
		{
			"from": [2, 4, 2],
			"to": [14, 6, 14],
			"faces": {
				"north": {"uv": [9.25, 3.75, 10.75, 4], "texture": "#0"},
				"east": {"uv": [9.25, 4, 10.75, 4.25], "texture": "#0"},
				"south": {"uv": [9.25, 4.25, 10.75, 4.5], "texture": "#0"},
				"west": {"uv": [9.25, 4.5, 10.75, 4.75], "texture": "#0"},
				"up": {"uv": [1.5, 8, 0, 6.5], "texture": "#0"},
				"down": {"uv": [5.5, 6.5, 4, 8], "texture": "#0"}
			}
		},
		{
			"from": [2, 18, 2],
			"to": [14, 20, 14],
			"faces": {
				"north": {"uv": [9.25, 4.75, 10.75, 5], "texture": "#0"},
				"east": {"uv": [9.25, 5, 10.75, 5.25], "texture": "#0"},
				"south": {"uv": [9.25, 5.25, 10.75, 5.5], "texture": "#0"},
				"west": {"uv": [9.25, 5.5, 10.75, 5.75], "texture": "#0"},
				"up": {"uv": [7, 8, 5.5, 6.5], "texture": "#0"},
				"down": {"uv": [8.5, 1.5, 7, 3], "texture": "#0"}
			}
		},
		{
			"from": [4, 6, 4],
			"to": [12, 18, 12],
			"faces": {
				"north": {"uv": [2, 4.5, 3, 6], "texture": "#0"},
				"east": {"uv": [7, 6.5, 8, 8], "texture": "#0"},
				"south": {"uv": [7.25, 3, 8.25, 4.5], "texture": "#0"},
				"west": {"uv": [7.25, 4.5, 8.25, 6], "texture": "#0"},
				"up": {"uv": [4.75, 9, 3.75, 8], "texture": "#0"},
				"down": {"uv": [5.75, 8, 4.75, 9], "texture": "#0"}
			}
		},
		{
			"from": [0, 20, 0],
			"to": [16, 32, 18],
			"faces": {
				"north": {"uv": [6, 0, 8, 1.5], "texture": "#0"},
				"east": {"uv": [5, 3.5, 7.25, 5], "texture": "#0"},
				"south": {"uv": [2, 6, 4, 7.5], "texture": "#0"},
				"west": {"uv": [5, 5, 7.25, 6.5], "texture": "#0"},
				"up": {"uv": [5, 3.75, 3, 1.5], "texture": "#0"},
				"down": {"uv": [5, 3.75, 3, 6], "texture": "#0"}
			}
		},
		{
			"from": [5, 21, -12],
			"to": [11, 25, 0],
			"faces": {
				"north": {"uv": [4, 6, 4.75, 6.5], "texture": "#0"},
				"east": {"uv": [4, 9, 5.5, 9.5], "texture": "#0"},
				"south": {"uv": [0.75, 8, 1.5, 8.5], "texture": "#0"},
				"west": {"uv": [9, 7.5, 10.5, 8], "texture": "#0"},
				"up": {"uv": [3.75, 9, 3, 7.5], "texture": "#0"},
				"down": {"uv": [0.75, 8, 0, 9.5], "texture": "#0"}
			}
		},
		{
			"from": [5, 27, -16],
			"to": [11, 31, 0],
			"faces": {
				"north": {"uv": [0.75, 8.5, 1.5, 9], "texture": "#0"},
				"east": {"uv": [5.75, 8, 7.75, 8.5], "texture": "#0"},
				"south": {"uv": [0.75, 9, 1.5, 9.5], "texture": "#0"},
				"west": {"uv": [8, 6.5, 10, 7], "texture": "#0"},
				"up": {"uv": [2.25, 9.5, 1.5, 7.5], "texture": "#0"},
				"down": {"uv": [3, 7.5, 2.25, 9.5], "texture": "#0"}
			}
		},
		{
			"from": [-2, 22, 6],
			"to": [0, 30, 14],
			"faces": {
				"north": {"uv": [1.5, 6.5, 1.75, 7.5], "texture": "#0"},
				"east": {"uv": [8, 7, 9, 8], "texture": "#0"},
				"south": {"uv": [1.75, 6.5, 2, 7.5], "texture": "#0"},
				"west": {"uv": [7.75, 8, 8.75, 9], "texture": "#0"},
				"up": {"uv": [5.75, 10, 5.5, 9], "texture": "#0"},
				"down": {"uv": [8, 9.25, 7.75, 10.25], "texture": "#0"}
			}
		},
		{
			"from": [16, 22, 6],
			"to": [18, 30, 14],
			"faces": {
				"north": {"uv": [8, 9.25, 8.25, 10.25], "texture": "#0"},
				"east": {"uv": [8.25, 3, 9.25, 4], "texture": "#0"},
				"south": {"uv": [8.25, 9.25, 8.5, 10.25], "texture": "#0"},
				"west": {"uv": [8.25, 4, 9.25, 5], "texture": "#0"},
				"up": {"uv": [8.75, 10.25, 8.5, 9.25], "texture": "#0"},
				"down": {"uv": [9, 9.25, 8.75, 10.25], "texture": "#0"}
			}
		},
		{
			"from": [4, 22, 14],
			"to": [12, 30, 22],
			"faces": {
				"north": {"uv": [8.25, 5, 9.25, 6], "texture": "#0"},
				"east": {"uv": [8.5, 1.5, 9.5, 2.5], "texture": "#0"},
				"south": {"uv": [5.75, 8.5, 6.75, 9.5], "texture": "#0"},
				"west": {"uv": [6.75, 8.5, 7.75, 9.5], "texture": "#0"},
				"up": {"uv": [9.75, 9, 8.75, 8], "texture": "#0"},
				"down": {"uv": [4, 9, 3, 10], "texture": "#0"}
			}
		}
	],
	"display": {
		"head": {
			"translation": [0, -32, 0],
			"scale": [1.4, 1.4, 1.4]
		}
	}
}