{
    "providers": [
         {
            "type": "bitmap",
            "file": "minecraft:custom/fade.png",
            "ascent": 150,
            "height": 1000,
            "chars": ["\uE001"]
        },
        {
            "type": "bitmap",
            "file": "minecraft:item/emerald.png",
            "ascent": 9,
            "height": 9,
            "chars": ["\uE002"]
        },
        {
            "type": "bitmap",
            "file": "minecraft:item/diamond.png",
            "ascent": 9,
            "height": 9,
            "chars": ["\uE003"]
        },
        {
            "type": "bitmap",
            "file": "minecraft:item/raw_gold.png",
            "ascent": 9,
            "height": 9,
            "chars": ["\uE004"]
        },
        {
            "type": "bitmap",
            "file": "minecraft:item/coal.png",
            "ascent": 9,
            "height": 9,
            "chars": ["\uE005"]
        },
        {
            "type": "bitmap",
            "file": "minecraft:item/iron_pickaxe.png",
            "ascent": 9,
            "height": 9,
            "chars": ["\uE006"]
        },
        {
            "type": "bitmap",
            "file": "minecraft:item/pico.png",
            "ascent": 9,
            "height": 9,
            "chars": ["\uE007"]
        },
        {
            "type": "bitmap",
            "file": "minecraft:item/selector.png",
            "ascent": 10,
            "height": 12,
            "chars": ["\uE008"]
        },
        {
            "type": "bitmap",
            "file": "minecraft:item/yo.png",
            "ascent": 10,
            "height": 12,
            "chars": ["\uE009"]
        },
        {
            "type": "bitmap",
            "file": "minecraft:item/todos.png",
            "ascent": 10,
            "height": 12,
            "chars": ["\uE010"]
        },
        {
            "type": "bitmap",
            "file": "minecraft:item/random.png",
            "ascent": 10,
            "height": 12,
            "chars": ["\uE011"]
        },
        {
            "type": "bitmap",
            "file": "minecraft:item/nadie.png",
            "ascent": 10,
            "height": 12,
            "chars": ["\uE012"]
        },
        {
            "type": "bitmap",
            "file": "minecraft:item/mini_zombie.png",
            "ascent": 15,
            "height": 25,
            "chars": ["\uE101"]
        },
        {
            "type": "bitmap",
            "file": "minecraft:item/fire_ball.png",
            "ascent": 15,
            "height": 25,
            "chars": ["\uE102"]
        },
        {
            "type": "bitmap",
            "file": "minecraft:item/cambio.png",
            "ascent": 15,
            "height": 25,
            "chars": ["\uE103"]
        },
        {
            "type": "bitmap",
            "file": "minecraft:item/defensa.png",
            "ascent": 15,
            "height": 25,
            "chars": ["\uE104"]
        },
        {
            "type": "bitmap",
            "file": "minecraft:item/regenerar.png",
            "ascent": 15,
            "height": 25,
            "chars": ["\uE105"]
        },
        {
            "type": "bitmap",
            "file": "minecraft:item/ceguera.png",
            "ascent": 15,
            "height": 25,
            "chars": ["\uE106"]
        },
        {
            "type": "bitmap",
            "file": "minecraft:item/agilidad.png",
            "ascent": 15,
            "height": 25,
            "chars": ["\uE107"]
        },
        {
            "type": "bitmap",
            "file": "minecraft:item/haste.png",
            "ascent": 15,
            "height": 25,
            "chars": ["\uE108"]
        },
        {
            "type": "bitmap",
            "file": "minecraft:item/viaje.png",
            "ascent": 15,
            "height": 25,
            "chars": ["\uE109"]
        },
        {
            "type": "bitmap",
            "file": "minecraft:item/downgrade.png",
            "ascent": 15,
            "height": 25,
            "chars": ["\uE110"]
        },
        {
            "type": "bitmap",
            "file": "minecraft:item/invisibilidad.png",
            "ascent": 15,
            "height": 25,
            "chars": ["\uE111"]
        },
        {
            "type": "bitmap",
            "file": "minecraft:item/aromatizante.png",
            "ascent": 15,
            "height": 25,
            "chars": ["\uE112"]
        },
        {
            "type": "bitmap",
            "file": "minecraft:item/murcielagos.png",
            "ascent": 15,
            "height": 25,
            "chars": ["\uE113"]
        },
        {
            "type": "bitmap",
            "file": "minecraft:item/warden.png",
            "ascent": 15,
            "height": 25,
            "chars": ["\uE114"]
        },
        {
            "type": "bitmap",
            "file": "minecraft:item/minero_perdido.png",
            "ascent": 15,
            "height": 25,
            "chars": ["\uE013"]
        },
        {
            "type": "bitmap",
            "file": "minecraft:item/minero_abandonado.png",
            "ascent": 15,
            "height": 25,
            "chars": ["\uE014"]
        },
        {
            "type": "bitmap",
            "file": "minecraft:item/dinamitero.png",
            "ascent": 15,
            "height": 25,
            "chars": ["\uE015"]
        },
        {
            "type": "bitmap",
            "file": "minecraft:item/baba.png",
            "ascent": 15,
            "height": 25,
            "chars": ["\uE016"]
        }
    ]
}