{
	"credit": "Made with Blockbench",
	"textures": {
		"0": "block/anvil",
		"1": "block/gray_concrete",
		"2": "block/stripped_warped_stem",
		"3": "block/gold_block",
		"4": "custom/golden_coin",
		"particle": "block/anvil"
	},
	"elements": [
		{
			"from": [13, 0, -4],
			"to": [19, 5, 2],
			"faces": {
				"north": {"uv": [0, 0, 6, 5], "texture": "#0"},
				"east": {"uv": [0, 0, 6, 5], "texture": "#0"},
				"south": {"uv": [0, 0, 6, 5], "texture": "#0"},
				"west": {"uv": [0, 0, 6, 5], "texture": "#0"},
				"up": {"uv": [0, 0, 6, 6], "texture": "#0"},
				"down": {"uv": [0, 0, 6, 6], "texture": "#0"}
			}
		},
		{
			"from": [2, 0, -3],
			"to": [13, 4, 2],
			"faces": {
				"north": {"uv": [0, 0, 11, 4], "texture": "#0"},
				"up": {"uv": [0, 0, 11, 5], "texture": "#0"},
				"down": {"uv": [0, 0, 11, 5], "texture": "#0"}
			}
		},
		{
			"from": [13, 0, 2],
			"to": [18, 4, 10],
			"faces": {
				"east": {"uv": [0, 0, 8, 4], "texture": "#0"},
				"up": {"uv": [0, 0, 5, 8], "texture": "#0"},
				"down": {"uv": [0, 0, 5, 8], "texture": "#0"}
			}
		},
		{
			"from": [-3, 0, 2],
			"to": [2, 4, 10],
			"faces": {
				"west": {"uv": [0, 0, 8, 4], "texture": "#0"},
				"up": {"uv": [0, 0, 5, 8], "texture": "#0"},
				"down": {"uv": [0, 0, 5, 8], "texture": "#0"}
			}
		},
		{
			"from": [13, 5, -3],
			"to": [18, 9, 2],
			"faces": {
				"north": {"uv": [0, 0, 5, 4], "texture": "#0"},
				"east": {"uv": [0, 0, 5, 4], "texture": "#0"},
				"south": {"uv": [0, 0, 5, 4], "texture": "#0"},
				"west": {"uv": [0, 0, 5, 4], "texture": "#0"}
			}
		},
		{
			"from": [-4, 9, 10],
			"to": [19, 12, 16],
			"faces": {
				"north": {"uv": [0, 0, 16, 3], "texture": "#0"},
				"east": {"uv": [0, 0, 6, 3], "texture": "#0"},
				"south": {"uv": [0, 0, 16, 3], "texture": "#0"},
				"west": {"uv": [0, 0, 6, 3], "texture": "#0"},
				"down": {"uv": [0, 0, 16, 6], "texture": "#0"}
			}
		},
		{
			"from": [-4, 9, -4],
			"to": [19, 12, 2],
			"faces": {
				"north": {"uv": [0, 0, 16, 3], "texture": "#0"},
				"east": {"uv": [10, 0, 16, 3], "texture": "#0"},
				"south": {"uv": [0, 0, 16, 3], "texture": "#0"},
				"west": {"uv": [0, 0, 6, 3], "texture": "#0"},
				"down": {"uv": [0, 0, 16, 6], "texture": "#0"}
			}
		},
		{
			"from": [13, 9, 2],
			"to": [19, 12, 10],
			"faces": {
				"east": {"uv": [8, 0, 14, 3], "texture": "#0"},
				"west": {"uv": [0, 0, 6, 3], "texture": "#0"},
				"down": {"uv": [0, 0, 16, 6], "texture": "#0"}
			}
		},
		{
			"from": [-4, 9, 2],
			"to": [2, 12, 10],
			"faces": {
				"east": {"uv": [8, 0, 14, 3], "texture": "#0"},
				"west": {"uv": [0, 0, 6, 3], "texture": "#0"},
				"down": {"uv": [0, 0, 16, 6], "texture": "#0"}
			}
		},
		{
			"from": [-4, 12, -4],
			"to": [19, 13, 2],
			"faces": {
				"north": {"uv": [0, 0, 16, 1], "texture": "#1"},
				"east": {"uv": [0, 0, 6, 1], "texture": "#1"},
				"south": {"uv": [0, 0, 16, 1], "texture": "#1"},
				"west": {"uv": [0, 0, 6, 1], "texture": "#1"},
				"up": {"uv": [0, 0, 16, 6], "texture": "#1"}
			}
		},
		{
			"from": [-4, 12, 10],
			"to": [19, 13, 16],
			"faces": {
				"north": {"uv": [0, 0, 16, 1], "texture": "#1"},
				"east": {"uv": [0, 0, 6, 1], "texture": "#1"},
				"south": {"uv": [0, 0, 16, 1], "texture": "#1"},
				"west": {"uv": [0, 0, 6, 1], "texture": "#1"},
				"up": {"uv": [0, 0, 16, 6], "texture": "#1"}
			}
		},
		{
			"from": [13, 12, 2],
			"to": [19, 13, 10],
			"faces": {
				"east": {"uv": [0, 0, 8, 1], "texture": "#1"},
				"west": {"uv": [0, 0, 8, 1], "texture": "#1"},
				"up": {"uv": [0, 0, 6, 8], "texture": "#1"}
			}
		},
		{
			"from": [-4, 12, 2],
			"to": [2, 13, 10],
			"faces": {
				"east": {"uv": [0, 0, 8, 1], "texture": "#1"},
				"west": {"uv": [0, 0, 8, 1], "texture": "#1"},
				"up": {"uv": [0, 0, 6, 8], "texture": "#1"}
			}
		},
		{
			"from": [-4, 6, 18],
			"to": [19, 26, 20],
			"rotation": {"angle": -22.5, "axis": "x", "origin": [0, 0, 0]},
			"faces": {
				"north": {"uv": [0, 0, 16, 16], "rotation": 180, "texture": "#0"},
				"east": {"uv": [0, 0, 16, 2], "rotation": 270, "texture": "#0"},
				"south": {"uv": [0, 0, 16, 16], "texture": "#0"},
				"west": {"uv": [0, 0, 16, 2], "rotation": 90, "texture": "#0"},
				"up": {"uv": [0, 0, 16, 2], "rotation": 180, "texture": "#0"},
				"down": {"uv": [0, 0, 16, 2], "texture": "#0"}
			}
		},
		{
			"from": [12, 7, 20],
			"to": [18, 25, 25],
			"rotation": {"angle": -22.5, "axis": "x", "origin": [0, 0, 0]},
			"faces": {
				"east": {"uv": [0, 0, 16, 5], "rotation": 270, "texture": "#0"},
				"south": {"uv": [0, 0, 6, 16], "texture": "#0"},
				"west": {"uv": [0, 0, 16, 5], "rotation": 90, "texture": "#0"},
				"up": {"uv": [0, 0, 6, 5], "rotation": 180, "texture": "#0"},
				"down": {"uv": [0, 0, 6, 5], "texture": "#0"}
			}
		},
		{
			"from": [-3, 7, 20],
			"to": [3, 25, 25],
			"rotation": {"angle": -22.5, "axis": "x", "origin": [0, 0, 0]},
			"faces": {
				"east": {"uv": [0, 0, 16, 5], "rotation": 270, "texture": "#0"},
				"south": {"uv": [0, 0, 6, 16], "texture": "#0"},
				"west": {"uv": [0, 0, 16, 5], "rotation": 90, "texture": "#0"},
				"up": {"uv": [0, 0, 6, 5], "rotation": 180, "texture": "#0"},
				"down": {"uv": [0, 0, 6, 5], "texture": "#0"}
			}
		},
		{
			"from": [-3, 5, -3],
			"to": [2, 9, 2],
			"faces": {
				"north": {"uv": [0, 0, 5, 4], "texture": "#0"},
				"east": {"uv": [0, 0, 5, 4], "texture": "#0"},
				"south": {"uv": [0, 0, 5, 4], "texture": "#0"},
				"west": {"uv": [0, 0, 5, 4], "texture": "#0"}
			}
		},
		{
			"from": [-4, 0, -4],
			"to": [2, 5, 2],
			"faces": {
				"north": {"uv": [0, 0, 6, 5], "texture": "#0"},
				"east": {"uv": [0, 0, 6, 5], "texture": "#0"},
				"south": {"uv": [0, 0, 6, 5], "texture": "#0"},
				"west": {"uv": [0, 0, 6, 5], "texture": "#0"},
				"up": {"uv": [0, 0, 6, 6], "texture": "#0"},
				"down": {"uv": [0, 0, 6, 6], "texture": "#0"}
			}
		},
		{
			"from": [13, 0, 10],
			"to": [19, 5, 16],
			"faces": {
				"north": {"uv": [0, 0, 6, 5], "texture": "#0"},
				"east": {"uv": [0, 0, 6, 5], "texture": "#0"},
				"south": {"uv": [0, 0, 6, 5], "texture": "#0"},
				"west": {"uv": [0, 0, 6, 5], "texture": "#0"},
				"up": {"uv": [0, 0, 6, 6], "texture": "#0"},
				"down": {"uv": [0, 0, 6, 6], "texture": "#0"}
			}
		},
		{
			"from": [2, 0, 10],
			"to": [13, 4, 16],
			"faces": {
				"south": {"uv": [0, 0, 11, 4], "texture": "#0"},
				"up": {"uv": [0, 0, 11, 6], "texture": "#0"},
				"down": {"uv": [0, 0, 11, 6], "texture": "#0"}
			}
		},
		{
			"from": [2, 0, 2],
			"to": [13, 4, 10],
			"faces": {
				"up": {"uv": [0, 0, 11, 8], "texture": "#0"},
				"down": {"uv": [0, 0, 11, 8], "texture": "#0"}
			}
		},
		{
			"from": [-4, 0, 10],
			"to": [2, 5, 16],
			"faces": {
				"north": {"uv": [0, 0, 6, 5], "texture": "#0"},
				"east": {"uv": [0, 0, 6, 5], "texture": "#0"},
				"south": {"uv": [0, 0, 6, 5], "texture": "#0"},
				"west": {"uv": [0, 0, 6, 5], "texture": "#0"},
				"up": {"uv": [0, 0, 6, 6], "texture": "#0"},
				"down": {"uv": [0, 0, 6, 6], "texture": "#0"}
			}
		},
		{
			"from": [-3, 5, 10],
			"to": [2, 9, 15],
			"faces": {
				"north": {"uv": [0, 0, 5, 4], "texture": "#0"},
				"east": {"uv": [0, 0, 5, 4], "texture": "#0"},
				"south": {"uv": [0, 0, 5, 4], "texture": "#0"},
				"west": {"uv": [0, 0, 5, 4], "texture": "#0"}
			}
		},
		{
			"from": [13, 5, 10],
			"to": [18, 9, 15],
			"faces": {
				"north": {"uv": [0, 0, 5, 4], "texture": "#0"},
				"east": {"uv": [0, 0, 5, 4], "texture": "#0"},
				"south": {"uv": [0, 0, 5, 4], "texture": "#0"},
				"west": {"uv": [0, 0, 5, 4], "texture": "#0"}
			}
		},
		{
			"from": [2, 4, -2],
			"to": [13, 9, 0],
			"faces": {
				"north": {"uv": [0, 0, 11, 5], "texture": "#2"},
				"south": {"uv": [0, 0, 11, 5], "texture": "#2"}
			}
		},
		{
			"from": [2, 4, 12],
			"to": [13, 9, 14],
			"faces": {
				"north": {"uv": [0, 0, 11, 5], "texture": "#2"},
				"south": {"uv": [0, 0, 11, 5], "texture": "#2"}
			}
		},
		{
			"from": [16, 4, 2],
			"to": [17, 9, 10],
			"faces": {
				"east": {"uv": [0, 0, 8, 5], "texture": "#2"},
				"west": {"uv": [0, 0, 8, 5], "texture": "#2"}
			}
		},
		{
			"from": [-2, 4, 2],
			"to": [-1, 9, 10],
			"faces": {
				"east": {"uv": [0, 0, 8, 5], "texture": "#2"},
				"west": {"uv": [0, 0, 8, 5], "texture": "#2"}
			}
		},
		{
			"from": [3, 7, 20],
			"to": [12, 24, 24],
			"rotation": {"angle": -22.5, "axis": "x", "origin": [0, 0, 0]},
			"faces": {
				"south": {"uv": [0, 0, 9, 16], "texture": "#2"},
				"up": {"uv": [0, 0, 9, 4], "rotation": 180, "texture": "#2"},
				"down": {"uv": [0, 0, 9, 4], "texture": "#2"}
			}
		},
		{
			"from": [5, 23, 14],
			"to": [10, 27, 21],
			"rotation": {"angle": -22.5, "axis": "x", "origin": [0, 0, 0]},
			"faces": {
				"north": {"uv": [0, 0, 5, 4], "rotation": 180, "texture": "#3"},
				"east": {"uv": [0, 0, 4, 7], "rotation": 270, "texture": "#3"},
				"south": {"uv": [0, 0, 5, 4], "texture": "#3"},
				"west": {"uv": [0, 0, 4, 7], "rotation": 90, "texture": "#3"},
				"up": {"uv": [0, 0, 5, 7], "rotation": 180, "texture": "#3"},
				"down": {"uv": [0, 0, 5, 7], "texture": "#3"}
			}
		},
		{
			"from": [13, 4, 2],
			"to": [16, 4.2, 5],
			"faces": {
				"up": {"uv": [0, 0, 16, 16], "rotation": 180, "texture": "#4"}
			}
		},
		{
			"from": [13, 4, 6],
			"to": [16, 4.2, 9],
			"faces": {
				"up": {"uv": [0, 0, 16, 16], "rotation": 180, "texture": "#4"}
			}
		},
		{
			"from": [8, 4, 6],
			"to": [11, 4.2, 9],
			"faces": {
				"up": {"uv": [0, 0, 16, 16], "rotation": 180, "texture": "#4"}
			}
		},
		{
			"from": [9, 4, 3],
			"to": [12, 4.2, 6],
			"faces": {
				"up": {"uv": [0, 0, 16, 16], "rotation": 180, "texture": "#4"}
			}
		},
		{
			"from": [4, 4, 2],
			"to": [7, 4.2, 5],
			"faces": {
				"up": {"uv": [0, 0, 16, 16], "rotation": 180, "texture": "#4"}
			}
		},
		{
			"from": [5, 4, 5],
			"to": [8, 4.2, 8],
			"faces": {
				"up": {"uv": [0, 0, 16, 16], "rotation": 180, "texture": "#4"}
			}
		},
		{
			"from": [2, 4, 8],
			"to": [5, 4.2, 11],
			"faces": {
				"up": {"uv": [0, 0, 16, 16], "rotation": 180, "texture": "#4"}
			}
		},
		{
			"from": [11, 4, 8],
			"to": [14, 4.2, 11],
			"faces": {
				"up": {"uv": [0, 0, 16, 16], "rotation": 180, "texture": "#4"}
			}
		},
		{
			"from": [11, 5, 8],
			"to": [14, 5.2, 11],
			"faces": {
				"up": {"uv": [0, 0, 16, 16], "rotation": 180, "texture": "#4"}
			}
		},
		{
			"from": [8, 5, 8],
			"to": [11, 5.2, 11],
			"faces": {
				"up": {"uv": [0, 0, 16, 16], "rotation": 180, "texture": "#4"}
			}
		},
		{
			"from": [6, 4.2, 6],
			"to": [9, 4.4, 9],
			"faces": {
				"up": {"uv": [0, 0, 16, 16], "rotation": 180, "texture": "#4"}
			}
		},
		{
			"from": [8, 5, 5],
			"to": [11, 5.2, 8],
			"faces": {
				"up": {"uv": [0, 0, 16, 16], "rotation": 180, "texture": "#4"}
			}
		},
		{
			"from": [11, 5, 5],
			"to": [14, 5.2, 8],
			"faces": {
				"up": {"uv": [0, 0, 16, 16], "rotation": 180, "texture": "#4"}
			}
		},
		{
			"from": [4, 5, 6],
			"to": [7, 5.2, 9],
			"faces": {
				"up": {"uv": [0, 0, 16, 16], "rotation": 180, "texture": "#4"}
			}
		},
		{
			"from": [5, 5, 4],
			"to": [8, 5.2, 7],
			"faces": {
				"up": {"uv": [0, 0, 16, 16], "rotation": 180, "texture": "#4"}
			}
		},
		{
			"from": [1, 5, 4],
			"to": [4, 5.2, 7],
			"faces": {
				"up": {"uv": [0, 0, 16, 16], "rotation": 180, "texture": "#4"}
			}
		},
		{
			"from": [1, 5, 1],
			"to": [4, 5.2, 4],
			"faces": {
				"up": {"uv": [0, 0, 16, 16], "rotation": 180, "texture": "#4"}
			}
		},
		{
			"from": [1, 8, 1],
			"to": [4, 8.2, 4],
			"faces": {
				"up": {"uv": [0, 0, 16, 16], "rotation": 180, "texture": "#4"}
			}
		},
		{
			"from": [3, 8, 1],
			"to": [6, 8.2, 4],
			"faces": {
				"up": {"uv": [0, 0, 16, 16], "rotation": 180, "texture": "#4"}
			}
		},
		{
			"from": [3, 8, 4],
			"to": [6, 8.2, 7],
			"faces": {
				"up": {"uv": [0, 0, 16, 16], "rotation": 180, "texture": "#4"}
			}
		},
		{
			"from": [6, 8, 4],
			"to": [9, 8.2, 7],
			"faces": {
				"up": {"uv": [0, 0, 16, 16], "rotation": 180, "texture": "#4"}
			}
		},
		{
			"from": [6, 8, 7],
			"to": [9, 8.2, 10],
			"faces": {
				"up": {"uv": [0, 0, 16, 16], "rotation": 180, "texture": "#4"}
			}
		},
		{
			"from": [10, 8, 7],
			"to": [13, 8.2, 10],
			"faces": {
				"up": {"uv": [0, 0, 16, 16], "rotation": 180, "texture": "#4"}
			}
		},
		{
			"from": [10, 8, 4],
			"to": [13, 8.2, 7],
			"faces": {
				"up": {"uv": [0, 0, 16, 16], "rotation": 180, "texture": "#4"}
			}
		},
		{
			"from": [8, 9, 4],
			"to": [11, 9.2, 7],
			"faces": {
				"up": {"uv": [0, 0, 16, 16], "rotation": 180, "texture": "#4"}
			}
		},
		{
			"from": [4, 9, 4],
			"to": [7, 9.2, 7],
			"faces": {
				"up": {"uv": [0, 0, 16, 16], "rotation": 180, "texture": "#4"}
			}
		},
		{
			"from": [4, 10, 6],
			"to": [7, 10.2, 9],
			"faces": {
				"up": {"uv": [0, 0, 16, 16], "rotation": 180, "texture": "#4"}
			}
		},
		{
			"from": [7, 10, 5],
			"to": [10, 10.2, 8],
			"faces": {
				"up": {"uv": [0, 0, 16, 16], "rotation": 180, "texture": "#4"}
			}
		},
		{
			"from": [9, 10, 3],
			"to": [12, 10.2, 6],
			"faces": {
				"up": {"uv": [0, 0, 16, 16], "rotation": 180, "texture": "#4"}
			}
		},
		{
			"from": [6, 10, 2],
			"to": [9, 10.2, 5],
			"faces": {
				"up": {"uv": [0, 0, 16, 16], "rotation": 180, "texture": "#4"}
			}
		},
		{
			"from": [3, 10, 2],
			"to": [6, 10.2, 5],
			"faces": {
				"up": {"uv": [0, 0, 16, 16], "rotation": 180, "texture": "#4"}
			}
		},
		{
			"from": [3, 11, 2],
			"to": [6, 11.2, 5],
			"faces": {
				"up": {"uv": [0, 0, 16, 16], "rotation": 180, "texture": "#4"}
			}
		},
		{
			"from": [6, 11, 4],
			"to": [9, 11.2, 7],
			"faces": {
				"up": {"uv": [0, 0, 16, 16], "rotation": 180, "texture": "#4"}
			}
		},
		{
			"from": [9, 12, 4],
			"to": [12, 12.2, 7],
			"faces": {
				"up": {"uv": [0, 0, 16, 16], "rotation": 180, "texture": "#4"}
			}
		},
		{
			"from": [9, 12.4, 4],
			"to": [12, 12.6, 7],
			"faces": {
				"up": {"uv": [0, 0, 16, 16], "rotation": 180, "texture": "#4"}
			}
		},
		{
			"from": [4, 12.4, 4],
			"to": [7, 12.6, 7],
			"faces": {
				"up": {"uv": [0, 0, 16, 16], "rotation": 180, "texture": "#4"}
			}
		},
		{
			"from": [7, 12.4, 2],
			"to": [10, 12.6, 5],
			"faces": {
				"up": {"uv": [0, 0, 16, 16], "rotation": 180, "texture": "#4"}
			}
		},
		{
			"from": [2, 12.4, 2],
			"to": [5, 12.6, 5],
			"faces": {
				"up": {"uv": [0, 0, 16, 16], "rotation": 180, "texture": "#4"}
			}
		},
		{
			"from": [2, 12.4, 6],
			"to": [5, 12.6, 9],
			"faces": {
				"up": {"uv": [0, 0, 16, 16], "rotation": 180, "texture": "#4"}
			}
		},
		{
			"from": [6, 12.4, 7],
			"to": [9, 12.6, 10],
			"faces": {
				"up": {"uv": [0, 0, 16, 16], "rotation": 180, "texture": "#4"}
			}
		},
		{
			"from": [6, 13, 7],
			"to": [9, 13.2, 10],
			"faces": {
				"up": {"uv": [0, 0, 16, 16], "rotation": 180, "texture": "#4"}
			}
		},
		{
			"from": [2, 13, 7],
			"to": [5, 13.2, 10],
			"faces": {
				"up": {"uv": [0, 0, 16, 16], "rotation": 180, "texture": "#4"}
			}
		},
		{
			"from": [2, 13.1, 3],
			"to": [5, 13.3, 6],
			"faces": {
				"up": {"uv": [0, 0, 16, 16], "texture": "#4"}
			}
		},
		{
			"from": [5, 13, 4],
			"to": [8, 13.2, 7],
			"faces": {
				"up": {"uv": [0, 0, 16, 16], "rotation": 180, "texture": "#4"}
			}
		},
		{
			"from": [8, 13, 4],
			"to": [11, 13.2, 7],
			"faces": {
				"up": {"uv": [0, 0, 16, 16], "rotation": 180, "texture": "#4"}
			}
		},
		{
			"from": [11, 13, 2],
			"to": [14, 13.2, 5],
			"faces": {
				"up": {"uv": [0, 0, 16, 16], "rotation": 90, "texture": "#4"}
			}
		},
		{
			"from": [9, 13.2, 2],
			"to": [12, 13.4, 5],
			"faces": {
				"up": {"uv": [0, 0, 16, 16], "rotation": 180, "texture": "#4"}
			}
		},
		{
			"from": [11, 13.2, 5],
			"to": [14, 13.4, 8],
			"faces": {
				"up": {"uv": [0, 0, 16, 16], "texture": "#4"}
			}
		},
		{
			"from": [8, 13.2, 5],
			"to": [11, 13.4, 8],
			"faces": {
				"up": {"uv": [0, 0, 16, 16], "rotation": 180, "texture": "#4"}
			}
		},
		{
			"from": [4, 13.2, 5],
			"to": [7, 13.4, 8],
			"faces": {
				"up": {"uv": [0, 0, 16, 16], "rotation": 180, "texture": "#4"}
			}
		},
		{
			"from": [4, 13.2, 2],
			"to": [7, 13.4, 5],
			"faces": {
				"up": {"uv": [0, 0, 16, 16], "rotation": 180, "texture": "#4"}
			}
		},
		{
			"from": [2, 13.21, 4],
			"to": [5, 13.41, 7],
			"faces": {
				"up": {"uv": [0, 0, 16, 16], "rotation": 90, "texture": "#4"}
			}
		},
		{
			"from": [2, 13.41, 6],
			"to": [5, 13.61, 9],
			"faces": {
				"up": {"uv": [0, 0, 16, 16], "rotation": 180, "texture": "#4"}
			}
		},
		{
			"from": [6, 13.4, 6],
			"to": [9, 13.6, 9],
			"faces": {
				"up": {"uv": [0, 0, 16, 16], "texture": "#4"}
			}
		},
		{
			"from": [6, 13.4, 3],
			"to": [9, 13.6, 6],
			"faces": {
				"up": {"uv": [0, 0, 16, 16], "texture": "#4"}
			}
		},
		{
			"from": [10, 13.4, 2],
			"to": [13, 13.6, 5],
			"faces": {
				"up": {"uv": [0, 0, 16, 16], "rotation": 180, "texture": "#4"}
			}
		},
		{
			"from": [10, 13.4, 8],
			"to": [13, 13.6, 11],
			"faces": {
				"up": {"uv": [0, 0, 16, 16], "rotation": 180, "texture": "#4"}
			}
		},
		{
			"from": [1, 13.4, 8],
			"to": [4, 13.6, 11],
			"faces": {
				"up": {"uv": [0, 0, 16, 16], "rotation": 180, "texture": "#4"}
			}
		},
		{
			"from": [0, 13.4, 0],
			"to": [3, 13.6, 3],
			"faces": {
				"up": {"uv": [0, 0, 16, 16], "rotation": 180, "texture": "#4"}
			}
		},
		{
			"from": [4, 13.4, 0],
			"to": [7, 13.6, 3],
			"faces": {
				"up": {"uv": [0, 0, 16, 16], "rotation": 180, "texture": "#4"}
			}
		},
		{
			"from": [4, 13.6, 2],
			"to": [7, 13.8, 5],
			"faces": {
				"up": {"uv": [0, 0, 16, 16], "rotation": 90, "texture": "#4"}
			}
		},
		{
			"from": [8, 13.6, 2],
			"to": [11, 13.8, 5],
			"faces": {
				"up": {"uv": [0, 0, 16, 16], "texture": "#4"}
			}
		},
		{
			"from": [8, 13.6, 6],
			"to": [11, 13.8, 9],
			"faces": {
				"up": {"uv": [0, 0, 16, 16], "texture": "#4"}
			}
		},
		{
			"from": [12, 13.6, 6],
			"to": [15, 13.8, 9],
			"faces": {
				"up": {"uv": [0, 0, 16, 16], "rotation": 90, "texture": "#4"}
			}
		},
		{
			"from": [4, 13.6, 6],
			"to": [7, 13.8, 9],
			"faces": {
				"up": {"uv": [0, 0, 16, 16], "rotation": 180, "texture": "#4"}
			}
		},
		{
			"from": [11, 13.6, 0],
			"to": [14, 13.8, 3],
			"faces": {
				"up": {"uv": [0, 0, 16, 16], "texture": "#4"}
			}
		},
		{
			"from": [9, 13, 7],
			"to": [12, 13.2, 10],
			"faces": {
				"up": {"uv": [0, 0, 16, 16], "rotation": 180, "texture": "#4"}
			}
		},
		{
			"from": [6, 13, 1],
			"to": [9, 13.2, 4],
			"faces": {
				"up": {"uv": [0, 0, 16, 16], "texture": "#4"}
			}
		},
		{
			"from": [2, 13, 1],
			"to": [5, 13.2, 4],
			"faces": {
				"up": {"uv": [0, 0, 16, 16], "rotation": 180, "texture": "#4"}
			}
		},
		{
			"from": [9, 11, 2],
			"to": [12, 11.2, 5],
			"faces": {
				"up": {"uv": [0, 0, 16, 16], "rotation": 90, "texture": "#4"}
			}
		},
		{
			"from": [1, 11, 5],
			"to": [4, 11.2, 8],
			"faces": {
				"up": {"uv": [0, 0, 16, 16], "rotation": 180, "texture": "#4"}
			}
		},
		{
			"from": [1, 11, 1],
			"to": [4, 11.2, 4],
			"faces": {
				"up": {"uv": [0, 0, 16, 16], "rotation": 180, "texture": "#4"}
			}
		},
		{
			"from": [9, 11, 5],
			"to": [12, 11.2, 8],
			"faces": {
				"up": {"uv": [0, 0, 16, 16], "rotation": 180, "texture": "#4"}
			}
		},
		{
			"from": [6, 12, 5],
			"to": [9, 12.2, 8],
			"faces": {
				"up": {"uv": [0, 0, 16, 16], "rotation": 180, "texture": "#4"}
			}
		},
		{
			"from": [5, 12, 2],
			"to": [8, 12.2, 5],
			"faces": {
				"up": {"uv": [0, 0, 16, 16], "rotation": 180, "texture": "#4"}
			}
		},
		{
			"from": [1, 12, 1],
			"to": [4, 12.2, 4],
			"faces": {
				"up": {"uv": [0, 0, 16, 16], "rotation": 180, "texture": "#4"}
			}
		},
		{
			"from": [11, 12, 0],
			"to": [14, 12.2, 3],
			"faces": {
				"up": {"uv": [0, 0, 16, 16], "rotation": 180, "texture": "#4"}
			}
		},
		{
			"from": [11, 12, 6],
			"to": [14, 12.2, 9],
			"faces": {
				"up": {"uv": [0, 0, 16, 16], "rotation": 180, "texture": "#4"}
			}
		},
		{
			"from": [2, 12, 4],
			"to": [5, 12.2, 7],
			"faces": {
				"up": {"uv": [0, 0, 16, 16], "rotation": 180, "texture": "#4"}
			}
		},
		{
			"from": [7, 5, 2],
			"to": [10, 5.2, 5],
			"faces": {
				"up": {"uv": [0, 0, 16, 16], "rotation": 180, "texture": "#4"}
			}
		},
		{
			"from": [10, 5, 2],
			"to": [13, 5.2, 5],
			"faces": {
				"up": {"uv": [0, 0, 16, 16], "rotation": 180, "texture": "#4"}
			}
		}
	],
	"display": {
		"head": {
			"translation": [0.5, -22.55, 1.75],
			"scale": [1.1, 1.1, 1.1]
		}
	}
}