{
	"credit": "Made with Blockbench",
	"textures": {
		"0": "custom/blast_barrel",
		"2": "custom/blast_barrel_wood",
		"3": "custom/blast_barrel_gui",
		"4": "custom/blast_barrel_slot",
		"particle": "custom/blast_barrel_wood"
	},
	"elements": [
		{
			"from": [6, 1, 13],
			"to": [11, 3, 14],
			"faces": {
				"north": {"uv": [6, 13, 11, 15], "texture": "#0"},
				"east": {"uv": [6, 13, 7, 15], "texture": "#0"},
				"south": {"uv": [6, 13, 11, 15], "texture": "#0"},
				"west": {"uv": [6, 13, 7, 15], "texture": "#0"},
				"up": {"uv": [6, 13, 11, 14], "texture": "#0"},
				"down": {"uv": [6, 13, 11, 14], "texture": "#0"}
			}
		},
		{
			"from": [11, 1, 12],
			"to": [13, 3, 13],
			"faces": {
				"north": {"uv": [11, 13, 13, 15], "texture": "#0"},
				"east": {"uv": [11, 13, 12, 15], "texture": "#0"},
				"south": {"uv": [11, 13, 13, 15], "texture": "#0"},
				"west": {"uv": [11, 13, 12, 15], "texture": "#0"},
				"down": {"uv": [11, 13, 13, 14], "texture": "#0"}
			}
		},
		{
			"from": [4, 1, 12],
			"to": [6, 3, 13],
			"faces": {
				"north": {"uv": [4, 13, 6, 15], "texture": "#0"},
				"east": {"uv": [4, 13, 5, 15], "texture": "#0"},
				"south": {"uv": [4, 13, 6, 15], "texture": "#0"},
				"west": {"uv": [4, 13, 5, 15], "texture": "#0"},
				"down": {"uv": [4, 13, 6, 14], "texture": "#0"}
			}
		},
		{
			"from": [13, 1, 10],
			"to": [14, 3, 12],
			"faces": {
				"north": {"uv": [13, 13, 14, 15], "texture": "#0"},
				"east": {"uv": [13, 13, 14, 15], "texture": "#0"},
				"south": {"uv": [13, 13, 14, 15], "texture": "#0"},
				"west": {"uv": [13, 13, 14, 15], "texture": "#0"},
				"down": {"uv": [13, 13, 14, 14], "texture": "#0"}
			}
		},
		{
			"from": [3, 1, 10],
			"to": [4, 3, 12],
			"faces": {
				"north": {"uv": [3, 13, 4, 15], "texture": "#0"},
				"east": {"uv": [3, 13, 4, 15], "texture": "#0"},
				"south": {"uv": [3, 13, 4, 15], "texture": "#0"},
				"west": {"uv": [3, 13, 4, 15], "texture": "#0"},
				"down": {"uv": [3, 13, 4, 14], "texture": "#0"}
			}
		},
		{
			"from": [4, 3, 12],
			"to": [13, 5, 13],
			"faces": {
				"north": {"uv": [4, 11, 13, 13], "texture": "#0"},
				"east": {"uv": [4, 11, 5, 13], "texture": "#0"},
				"south": {"uv": [4, 11, 13, 13], "texture": "#0"},
				"west": {"uv": [4, 11, 5, 13], "texture": "#0"},
				"up": {"uv": [4, 12, 13, 11], "texture": "#0"},
				"down": {"uv": [4, 11, 13, 12], "texture": "#0"}
			}
		},
		{
			"from": [6, 5, 12],
			"to": [7, 6, 13],
			"faces": {
				"north": {"uv": [6, 10, 7, 11], "texture": "#0"},
				"south": {"uv": [6, 10, 7, 11], "texture": "#0"}
			}
		},
		{
			"from": [8, 5, 12],
			"to": [9, 6, 13],
			"faces": {
				"north": {"uv": [8, 10, 9, 11], "texture": "#0"},
				"south": {"uv": [8, 10, 9, 11], "texture": "#0"}
			}
		},
		{
			"from": [10, 5, 12],
			"to": [11, 6, 13],
			"faces": {
				"north": {"uv": [10, 10, 11, 11], "texture": "#0"},
				"south": {"uv": [10, 10, 11, 11], "texture": "#0"}
			}
		},
		{
			"from": [6, 6, 12],
			"to": [11, 7, 13],
			"faces": {
				"north": {"uv": [6, 9, 11, 10], "texture": "#0"},
				"south": {"uv": [6, 9, 11, 10], "texture": "#0"},
				"up": {"uv": [6, 9, 11, 10], "texture": "#0"}
			}
		},
		{
			"from": [6, 7, 12],
			"to": [8, 8, 13],
			"faces": {
				"north": {"uv": [6, 8, 8, 9], "texture": "#0"},
				"east": {"uv": [6, 8, 7, 9], "texture": "#0"},
				"south": {"uv": [6, 8, 8, 9], "texture": "#0"},
				"up": {"uv": [6, 8, 8, 9], "texture": "#0"}
			}
		},
		{
			"from": [8, 8, 12],
			"to": [9, 10, 13],
			"faces": {
				"north": {"uv": [8, 6, 9, 8], "texture": "#0"},
				"east": {"uv": [8, 6, 9, 8], "texture": "#0"},
				"south": {"uv": [8, 6, 9, 8], "texture": "#0"},
				"west": {"uv": [8, 6, 9, 8], "texture": "#0"},
				"down": {"uv": [8, 6, 9, 7], "texture": "#0"}
			}
		},
		{
			"from": [6, 10, 12],
			"to": [11, 11, 13],
			"faces": {
				"north": {"uv": [6, 5, 11, 6], "texture": "#0"},
				"south": {"uv": [6, 5, 11, 6], "texture": "#0"},
				"down": {"uv": [6, 5, 11, 6], "texture": "#0"}
			}
		},
		{
			"from": [11, 7, 12],
			"to": [12, 11, 13],
			"faces": {
				"north": {"uv": [11, 5, 12, 9], "texture": "#0"},
				"east": {"uv": [11, 5, 12, 9], "texture": "#0"},
				"south": {"uv": [11, 5, 12, 9], "texture": "#0"},
				"west": {"uv": [11, 5, 12, 9], "texture": "#0"}
			}
		},
		{
			"from": [9, 7, 12],
			"to": [11, 8, 13],
			"faces": {
				"north": {"uv": [9, 8, 11, 9], "texture": "#0"},
				"south": {"uv": [9, 8, 11, 9], "texture": "#0"},
				"west": {"uv": [9, 8, 10, 9], "texture": "#0"},
				"up": {"uv": [9, 8, 11, 9], "texture": "#0"}
			}
		},
		{
			"from": [5, 7, 12],
			"to": [6, 11, 13],
			"faces": {
				"north": {"uv": [5, 5, 6, 9], "texture": "#0"},
				"east": {"uv": [5, 5, 6, 9], "texture": "#0"},
				"south": {"uv": [5, 5, 6, 9], "texture": "#0"},
				"west": {"uv": [5, 5, 6, 9], "texture": "#0"}
			}
		},
		{
			"from": [6, 8, 11.5],
			"to": [8, 10, 12],
			"faces": {
				"east": {"uv": [6, 6, 7, 8], "texture": "#0"},
				"south": {"uv": [6, 6, 8, 8], "texture": "#0"},
				"west": {"uv": [6, 6, 7, 8], "texture": "#0"},
				"up": {"uv": [6, 6, 8, 7], "texture": "#0"},
				"down": {"uv": [6, 6, 8, 7], "texture": "#0"}
			}
		},
		{
			"from": [9, 8, 11.5],
			"to": [11, 10, 12],
			"faces": {
				"east": {"uv": [9, 6, 10, 8], "texture": "#0"},
				"south": {"uv": [9, 6, 11, 8], "texture": "#0"},
				"west": {"uv": [9, 6, 10, 8], "texture": "#0"},
				"up": {"uv": [9, 6, 11, 7], "texture": "#0"},
				"down": {"uv": [9, 6, 11, 7], "texture": "#0"}
			}
		},
		{
			"from": [8, 7, 11.5],
			"to": [9, 8, 12],
			"faces": {
				"east": {"uv": [8, 8, 9, 9], "texture": "#0"},
				"south": {"uv": [8, 8, 9, 9], "texture": "#0"},
				"west": {"uv": [8, 8, 9, 9], "texture": "#0"},
				"up": {"uv": [8, 8, 9, 9], "texture": "#0"},
				"down": {"uv": [8, 8, 9, 9], "texture": "#0"}
			}
		},
		{
			"from": [5, 5, 12],
			"to": [6, 7, 13],
			"faces": {
				"north": {"uv": [5, 9, 6, 11], "texture": "#0"},
				"south": {"uv": [5, 9, 6, 11], "texture": "#0"},
				"west": {"uv": [5, 9, 6, 11], "texture": "#0"}
			}
		},
		{
			"from": [11, 5, 12],
			"to": [12, 7, 13],
			"faces": {
				"north": {"uv": [11, 9, 12, 11], "texture": "#0"},
				"east": {"uv": [11, 9, 12, 11], "texture": "#0"},
				"south": {"uv": [11, 9, 12, 11], "texture": "#0"}
			}
		},
		{
			"from": [12, 5, 11],
			"to": [13, 11, 12],
			"faces": {
				"north": {"uv": [12, 5, 13, 11], "texture": "#0"},
				"east": {"uv": [12, 5, 13, 11], "texture": "#0"},
				"south": {"uv": [12, 5, 13, 11], "texture": "#0"},
				"west": {"uv": [12, 5, 13, 11], "texture": "#0"},
				"down": {"uv": [12, 5, 13, 6], "texture": "#0"}
			}
		},
		{
			"from": [4, 5, 11],
			"to": [5, 11, 12],
			"faces": {
				"north": {"uv": [4, 5, 5, 11], "texture": "#0"},
				"east": {"uv": [4, 5, 5, 11], "texture": "#0"},
				"south": {"uv": [4, 5, 5, 11], "texture": "#0"},
				"west": {"uv": [4, 5, 5, 11], "texture": "#0"},
				"down": {"uv": [4, 5, 5, 6], "texture": "#0"}
			}
		},
		{
			"from": [9, 5, 12],
			"to": [10, 6, 13],
			"faces": {
				"north": {"uv": [9, 10, 10, 11], "texture": "#0"},
				"south": {"uv": [9, 10, 10, 11], "texture": "#0"}
			}
		},
		{
			"from": [7, 5, 12],
			"to": [8, 6, 13],
			"faces": {
				"north": {"uv": [7, 10, 8, 11], "texture": "#0"},
				"south": {"uv": [7, 10, 8, 11], "texture": "#0"}
			}
		},
		{
			"from": [4, 11, 11],
			"to": [13, 13, 13],
			"faces": {
				"north": {"uv": [4, 3, 13, 5], "texture": "#2"},
				"east": {"uv": [4, 3, 5, 5], "texture": "#0"},
				"south": {"uv": [4, 3, 13, 5], "texture": "#0"},
				"west": {"uv": [4, 3, 5, 5], "texture": "#0"},
				"up": {"uv": [4, 3, 13, 4], "texture": "#0"},
				"down": {"uv": [4, 4, 13, 5], "texture": "#0"}
			}
		},
		{
			"from": [6, 13, 13],
			"to": [11, 15, 14],
			"faces": {
				"east": {"uv": [6, 1, 7, 3], "texture": "#0"},
				"south": {"uv": [6, 1, 11, 3], "texture": "#0"},
				"west": {"uv": [6, 1, 7, 3], "texture": "#0"},
				"up": {"uv": [6, 1, 11, 2], "texture": "#0"},
				"down": {"uv": [6, 1, 11, 2], "texture": "#0"}
			}
		},
		{
			"from": [11, 13, 12],
			"to": [13, 15, 13],
			"faces": {
				"north": {"uv": [11, 1, 13, 3], "texture": "#0"},
				"east": {"uv": [11, 1, 12, 3], "texture": "#0"},
				"south": {"uv": [11, 1, 13, 3], "texture": "#0"},
				"up": {"uv": [11, 1, 13, 2], "texture": "#0"}
			}
		},
		{
			"from": [4, 13, 12],
			"to": [6, 15, 13],
			"faces": {
				"north": {"uv": [4, 1, 6, 3], "texture": "#0"},
				"south": {"uv": [4, 1, 6, 3], "texture": "#0"},
				"west": {"uv": [4, 1, 5, 3], "texture": "#0"},
				"up": {"uv": [4, 1, 6, 2], "texture": "#0"}
			}
		},
		{
			"from": [12, 14, 10],
			"to": [13, 15, 12],
			"faces": {
				"up": {"uv": [13, 1, 14, 3], "texture": "#2"},
				"down": {"uv": [13, 1, 14, 3], "texture": "#2"}
			}
		},
		{
			"from": [11, 14, 11],
			"to": [12, 15, 12],
			"faces": {
				"up": {"uv": [13, 1, 14, 2], "texture": "#2"},
				"down": {"uv": [13, 1, 14, 2], "texture": "#2"}
			}
		},
		{
			"from": [5, 14, 11],
			"to": [6, 15, 12],
			"faces": {
				"up": {"uv": [13, 1, 14, 2], "texture": "#2"},
				"down": {"uv": [13, 1, 14, 2], "texture": "#2"}
			}
		},
		{
			"from": [4, 14, 10],
			"to": [5, 15, 12],
			"faces": {
				"up": {"uv": [13, 1, 14, 3], "texture": "#2"},
				"down": {"uv": [13, 1, 14, 3], "texture": "#2"}
			}
		},
		{
			"from": [4, 14, 3],
			"to": [5, 15, 5],
			"faces": {
				"up": {"uv": [13, 1, 14, 3], "texture": "#2"},
				"down": {"uv": [13, 1, 14, 3], "texture": "#2"}
			}
		},
		{
			"from": [12, 14, 3],
			"to": [13, 15, 5],
			"faces": {
				"up": {"uv": [13, 1, 14, 3], "texture": "#2"},
				"down": {"uv": [13, 1, 14, 3], "texture": "#2"}
			}
		},
		{
			"from": [11, 14, 3],
			"to": [12, 15, 4],
			"faces": {
				"up": {"uv": [13, 1, 14, 2], "texture": "#2"},
				"down": {"uv": [13, 1, 14, 2], "texture": "#2"}
			}
		},
		{
			"from": [5, 14, 3],
			"to": [6, 15, 4],
			"faces": {
				"up": {"uv": [13, 1, 14, 2], "texture": "#2"},
				"down": {"uv": [13, 1, 14, 2], "texture": "#2"}
			}
		},
		{
			"from": [13, 13, 10],
			"to": [14, 15, 12],
			"faces": {
				"east": {"uv": [13, 1, 14, 3], "texture": "#0"},
				"south": {"uv": [13, 1, 14, 3], "texture": "#0"},
				"west": {"uv": [13, 1, 14, 3], "texture": "#0"},
				"up": {"uv": [13, 1, 14, 2], "texture": "#0"}
			}
		},
		{
			"from": [6, 14, 11],
			"to": [11, 15, 12],
			"faces": {
				"north": {"uv": [11, 3, 6, 4], "texture": "#4"},
				"up": {"uv": [6, 3, 11, 4], "texture": "#4"}
			}
		},
		{
			"from": [6, 13, 12],
			"to": [11, 15, 13],
			"faces": {
				"up": {"uv": [7, 1, 12, 2], "texture": "#2"}
			}
		},
		{
			"from": [3, 13, 10],
			"to": [4, 15, 12],
			"faces": {
				"east": {"uv": [3, 1, 4, 3], "texture": "#0"},
				"south": {"uv": [3, 1, 4, 3], "texture": "#0"},
				"west": {"uv": [3, 1, 4, 3], "texture": "#0"},
				"up": {"uv": [3, 1, 4, 2], "texture": "#0"}
			}
		},
		{
			"from": [2, 1, 5],
			"to": [3, 3, 10],
			"faces": {
				"north": {"uv": [6, 13, 7, 15], "texture": "#4"},
				"east": {"uv": [6, 13, 11, 15], "texture": "#4"},
				"south": {"uv": [6, 13, 7, 15], "texture": "#4"},
				"west": {"uv": [6, 13, 11, 15], "texture": "#4"},
				"up": {"uv": [6, 13, 11, 14], "rotation": 90, "texture": "#4"},
				"down": {"uv": [6, 13, 11, 14], "rotation": 270, "texture": "#4"}
			}
		},
		{
			"from": [3, 1, 3],
			"to": [4, 3, 5],
			"faces": {
				"north": {"uv": [4, 13, 5, 15], "texture": "#4"},
				"east": {"uv": [4, 13, 6, 15], "texture": "#4"},
				"south": {"uv": [4, 13, 5, 15], "texture": "#4"},
				"west": {"uv": [4, 13, 6, 15], "texture": "#4"},
				"down": {"uv": [4, 13, 6, 14], "rotation": 270, "texture": "#4"}
			}
		},
		{
			"from": [4, 1, 2],
			"to": [6, 3, 3],
			"faces": {
				"north": {"uv": [3, 13, 4, 15], "texture": "#4"},
				"east": {"uv": [3, 13, 4, 15], "texture": "#4"},
				"south": {"uv": [3, 13, 4, 15], "texture": "#4"},
				"west": {"uv": [3, 13, 4, 15], "texture": "#4"},
				"down": {"uv": [3, 13, 4, 14], "rotation": 270, "texture": "#4"}
			}
		},
		{
			"from": [3, 3, 3],
			"to": [4, 5, 12],
			"faces": {
				"north": {"uv": [4, 11, 5, 13], "texture": "#4"},
				"east": {"uv": [4, 11, 13, 13], "texture": "#4"},
				"south": {"uv": [4, 11, 5, 13], "texture": "#4"},
				"west": {"uv": [4, 11, 13, 13], "texture": "#4"},
				"up": {"uv": [4, 12, 13, 11], "rotation": 90, "texture": "#4"},
				"down": {"uv": [4, 11, 13, 12], "rotation": 270, "texture": "#4"}
			}
		},
		{
			"from": [3, 5, 4],
			"to": [4, 11, 5],
			"faces": {
				"north": {"uv": [5, 5, 6, 11], "texture": "#4"},
				"east": {"uv": [5, 5, 6, 11], "texture": "#4"},
				"west": {"uv": [5, 5, 6, 11], "texture": "#4"}
			}
		},
		{
			"from": [3, 5, 10],
			"to": [4, 11, 11],
			"faces": {
				"east": {"uv": [11, 5, 12, 11], "texture": "#4"},
				"south": {"uv": [11, 5, 12, 11], "texture": "#4"},
				"west": {"uv": [11, 5, 12, 11], "texture": "#4"}
			}
		},
		{
			"from": [3, 5, 9],
			"to": [4, 11, 10],
			"faces": {
				"north": {"uv": [10, 5, 11, 11], "texture": "#4"},
				"west": {"uv": [10, 5, 11, 11], "texture": "#4"}
			}
		},
		{
			"from": [3, 5, 6],
			"to": [4, 6, 9],
			"faces": {
				"west": {"uv": [7, 10, 10, 11], "texture": "#4"},
				"up": {"uv": [7, 10, 10, 11], "rotation": 90, "texture": "#4"}
			}
		},
		{
			"from": [3, 5, 5],
			"to": [4, 11, 6],
			"faces": {
				"east": {"uv": [6, 5, 7, 11], "texture": "#4"},
				"south": {"uv": [6, 5, 7, 11], "texture": "#4"},
				"west": {"uv": [6, 5, 7, 11], "texture": "#4"}
			}
		},
		{
			"from": [4, 5, 6],
			"to": [4.5, 11, 9],
			"faces": {
				"north": {"uv": [7, 5, 8, 11], "texture": "#4"},
				"west": {"uv": [7, 5, 10, 11], "texture": "#4"},
				"down": {"uv": [7, 5, 10, 6], "rotation": 270, "texture": "#4"}
			}
		},
		{
			"from": [4, 5, 3],
			"to": [5, 11, 4],
			"faces": {
				"north": {"uv": [4, 5, 5, 11], "texture": "#4"},
				"east": {"uv": [4, 5, 5, 11], "texture": "#4"},
				"south": {"uv": [4, 5, 5, 11], "texture": "#4"},
				"west": {"uv": [4, 5, 5, 11], "texture": "#4"},
				"down": {"uv": [4, 5, 5, 6], "rotation": 270, "texture": "#4"}
			}
		},
		{
			"from": [3, 11, 3],
			"to": [5, 13, 12],
			"faces": {
				"north": {"uv": [4, 3, 5, 5], "texture": "#4"},
				"east": {"uv": [4, 3, 13, 5], "texture": "#2"},
				"south": {"uv": [4, 3, 5, 5], "texture": "#4"},
				"west": {"uv": [4, 3, 13, 5], "texture": "#4"},
				"up": {"uv": [4, 3, 13, 4], "rotation": 90, "texture": "#4"},
				"down": {"uv": [4, 4, 13, 5], "rotation": 270, "texture": "#4"}
			}
		},
		{
			"from": [2, 13, 5],
			"to": [3, 15, 10],
			"faces": {
				"north": {"uv": [6, 1, 7, 3], "texture": "#4"},
				"south": {"uv": [6, 1, 7, 3], "texture": "#4"},
				"west": {"uv": [6, 1, 11, 3], "texture": "#4"},
				"up": {"uv": [6, 1, 11, 2], "rotation": 90, "texture": "#4"},
				"down": {"uv": [6, 1, 11, 2], "rotation": 270, "texture": "#4"}
			}
		},
		{
			"from": [3, 13, 5],
			"to": [4, 15, 10],
			"faces": {
				"up": {"uv": [6, 1, 11, 2], "rotation": 90, "texture": "#2"}
			}
		},
		{
			"from": [4, 14, 5],
			"to": [5, 15, 10],
			"faces": {
				"east": {"uv": [8, 3, 3, 4], "texture": "#4"},
				"up": {"uv": [3, 3, 8, 4], "rotation": 90, "texture": "#4"}
			}
		},
		{
			"from": [3, 13, 3],
			"to": [4, 15, 5],
			"faces": {
				"north": {"uv": [4, 1, 5, 3], "texture": "#4"},
				"east": {"uv": [4, 1, 6, 3], "texture": "#4"},
				"west": {"uv": [4, 1, 6, 3], "texture": "#4"},
				"up": {"uv": [4, 1, 6, 2], "rotation": 90, "texture": "#4"}
			}
		},
		{
			"from": [4, 13, 2],
			"to": [6, 15, 3],
			"faces": {
				"north": {"uv": [3, 1, 4, 3], "texture": "#4"},
				"south": {"uv": [3, 1, 4, 3], "texture": "#4"},
				"west": {"uv": [3, 1, 4, 3], "texture": "#4"},
				"up": {"uv": [3, 1, 4, 2], "rotation": 90, "texture": "#4"}
			}
		},
		{
			"from": [14, 1, 5],
			"to": [15, 3, 10],
			"faces": {
				"north": {"uv": [6, 13, 7, 15], "texture": "#4"},
				"east": {"uv": [6, 13, 11, 15], "texture": "#4"},
				"south": {"uv": [6, 13, 7, 15], "texture": "#4"},
				"west": {"uv": [6, 13, 11, 15], "texture": "#4"},
				"up": {"uv": [6, 13, 11, 14], "rotation": 270, "texture": "#4"},
				"down": {"uv": [6, 13, 11, 14], "rotation": 90, "texture": "#4"}
			}
		},
		{
			"from": [13, 1, 3],
			"to": [14, 3, 5],
			"faces": {
				"north": {"uv": [11, 13, 12, 15], "texture": "#4"},
				"east": {"uv": [11, 13, 13, 15], "texture": "#4"},
				"south": {"uv": [11, 13, 12, 15], "texture": "#4"},
				"west": {"uv": [11, 13, 13, 15], "texture": "#4"},
				"down": {"uv": [11, 13, 13, 14], "rotation": 90, "texture": "#4"}
			}
		},
		{
			"from": [11, 1, 2],
			"to": [13, 3, 3],
			"faces": {
				"north": {"uv": [13, 13, 14, 15], "texture": "#4"},
				"east": {"uv": [13, 13, 14, 15], "texture": "#4"},
				"south": {"uv": [13, 13, 14, 15], "texture": "#4"},
				"west": {"uv": [13, 13, 14, 15], "texture": "#4"},
				"down": {"uv": [13, 13, 14, 14], "rotation": 90, "texture": "#4"}
			}
		},
		{
			"from": [13, 3, 3],
			"to": [14, 5, 12],
			"faces": {
				"north": {"uv": [4, 11, 5, 13], "texture": "#4"},
				"east": {"uv": [4, 11, 13, 13], "texture": "#4"},
				"south": {"uv": [4, 11, 5, 13], "texture": "#4"},
				"west": {"uv": [4, 11, 13, 13], "texture": "#4"},
				"up": {"uv": [4, 12, 13, 11], "rotation": 270, "texture": "#4"},
				"down": {"uv": [4, 11, 13, 12], "rotation": 90, "texture": "#4"}
			}
		},
		{
			"from": [13, 5, 10],
			"to": [14, 11, 11],
			"faces": {
				"east": {"uv": [5, 5, 6, 11], "texture": "#4"},
				"south": {"uv": [5, 5, 6, 11], "texture": "#4"},
				"west": {"uv": [5, 5, 6, 11], "texture": "#4"}
			}
		},
		{
			"from": [13, 5, 4],
			"to": [14, 11, 5],
			"faces": {
				"north": {"uv": [11, 5, 12, 11], "texture": "#4"},
				"east": {"uv": [11, 5, 12, 11], "texture": "#4"},
				"west": {"uv": [11, 5, 12, 11], "texture": "#4"}
			}
		},
		{
			"from": [13, 5, 5],
			"to": [14, 11, 6],
			"faces": {
				"east": {"uv": [10, 5, 11, 11], "texture": "#4"},
				"south": {"uv": [10, 5, 11, 11], "texture": "#4"},
				"west": {"uv": [10, 5, 11, 11], "texture": "#4"}
			}
		},
		{
			"from": [13, 5, 6],
			"to": [14, 6, 9],
			"faces": {
				"east": {"uv": [7, 10, 10, 11], "texture": "#4"},
				"up": {"uv": [7, 10, 10, 11], "rotation": 270, "texture": "#4"}
			}
		},
		{
			"from": [13, 5, 9],
			"to": [14, 11, 10],
			"faces": {
				"north": {"uv": [6, 5, 7, 11], "texture": "#4"},
				"east": {"uv": [6, 5, 7, 11], "texture": "#4"},
				"west": {"uv": [6, 5, 7, 11], "texture": "#4"}
			}
		},
		{
			"from": [12.2, 5, 6],
			"to": [13, 11, 9],
			"faces": {
				"north": {"uv": [7, 5, 8, 11], "texture": "#4"},
				"east": {"uv": [7, 5, 10, 11], "texture": "#4"},
				"south": {"uv": [7, 5, 8, 11], "texture": "#4"},
				"down": {"uv": [7, 5, 10, 6], "rotation": 90, "texture": "#4"}
			}
		},
		{
			"from": [12, 5, 3],
			"to": [13, 11, 4],
			"faces": {
				"north": {"uv": [12, 5, 13, 11], "texture": "#4"},
				"east": {"uv": [12, 5, 13, 11], "texture": "#4"},
				"south": {"uv": [12, 5, 13, 11], "texture": "#4"},
				"west": {"uv": [12, 5, 13, 11], "texture": "#4"},
				"down": {"uv": [12, 5, 13, 6], "rotation": 90, "texture": "#4"}
			}
		},
		{
			"from": [12, 11, 3],
			"to": [14, 13, 12],
			"faces": {
				"north": {"uv": [4, 3, 5, 5], "texture": "#4"},
				"east": {"uv": [4, 3, 13, 5], "texture": "#4"},
				"south": {"uv": [4, 3, 5, 5], "texture": "#4"},
				"west": {"uv": [4, 3, 13, 5], "texture": "#2"},
				"up": {"uv": [4, 3, 13, 4], "rotation": 270, "texture": "#4"},
				"down": {"uv": [4, 4, 13, 5], "rotation": 90, "texture": "#4"}
			}
		},
		{
			"from": [14, 13, 5],
			"to": [15, 15, 10],
			"faces": {
				"north": {"uv": [6, 1, 7, 3], "texture": "#4"},
				"east": {"uv": [6, 1, 11, 3], "texture": "#4"},
				"south": {"uv": [6, 1, 7, 3], "texture": "#4"},
				"up": {"uv": [6, 1, 11, 2], "rotation": 270, "texture": "#4"},
				"down": {"uv": [6, 1, 11, 2], "rotation": 90, "texture": "#4"}
			}
		},
		{
			"from": [13, 13, 5],
			"to": [14, 15, 10],
			"faces": {
				"up": {"uv": [6, 1, 11, 2], "rotation": 270, "texture": "#2"}
			}
		},
		{
			"from": [12, 14, 5],
			"to": [13, 15, 10],
			"faces": {
				"west": {"uv": [5, 3, 10, 4], "texture": "#4"},
				"up": {"uv": [5, 3, 10, 4], "rotation": 270, "texture": "#4"}
			}
		},
		{
			"from": [13, 13, 3],
			"to": [14, 15, 5],
			"faces": {
				"north": {"uv": [11, 1, 12, 3], "texture": "#4"},
				"east": {"uv": [11, 1, 13, 3], "texture": "#4"},
				"west": {"uv": [11, 1, 13, 3], "texture": "#4"},
				"up": {"uv": [11, 1, 13, 2], "rotation": 270, "texture": "#4"}
			}
		},
		{
			"from": [11, 13, 2],
			"to": [13, 15, 3],
			"faces": {
				"north": {"uv": [13, 1, 14, 3], "texture": "#4"},
				"east": {"uv": [13, 1, 14, 3], "texture": "#4"},
				"south": {"uv": [13, 1, 14, 3], "texture": "#4"},
				"up": {"uv": [13, 1, 14, 2], "rotation": 270, "texture": "#4"}
			}
		},
		{
			"from": [6, 1, 1],
			"to": [11, 3, 2],
			"faces": {
				"north": {"uv": [6, 13, 11, 15], "texture": "#0"},
				"east": {"uv": [6, 13, 7, 15], "texture": "#0"},
				"south": {"uv": [6, 13, 11, 15], "texture": "#0"},
				"west": {"uv": [6, 13, 7, 15], "texture": "#0"},
				"up": {"uv": [6, 13, 11, 14], "rotation": 180, "texture": "#0"},
				"down": {"uv": [6, 13, 11, 14], "rotation": 180, "texture": "#0"}
			}
		},
		{
			"from": [4, 3, 2],
			"to": [13, 5, 3],
			"faces": {
				"north": {"uv": [4, 11, 13, 13], "texture": "#0"},
				"east": {"uv": [4, 11, 5, 13], "texture": "#0"},
				"south": {"uv": [4, 11, 13, 13], "texture": "#0"},
				"west": {"uv": [4, 11, 5, 13], "texture": "#0"},
				"up": {"uv": [4, 12, 13, 11], "rotation": 180, "texture": "#0"},
				"down": {"uv": [4, 11, 13, 12], "rotation": 180, "texture": "#0"}
			}
		},
		{
			"from": [10, 5, 2],
			"to": [11, 6, 3],
			"faces": {
				"north": {"uv": [6, 10, 7, 11], "texture": "#0"},
				"south": {"uv": [6, 10, 7, 11], "texture": "#0"}
			}
		},
		{
			"from": [8, 5, 2],
			"to": [9, 6, 3],
			"faces": {
				"north": {"uv": [8, 10, 9, 11], "texture": "#0"},
				"south": {"uv": [8, 10, 9, 11], "texture": "#0"}
			}
		},
		{
			"from": [6, 5, 2],
			"to": [7, 6, 3],
			"faces": {
				"north": {"uv": [10, 10, 11, 11], "texture": "#0"},
				"south": {"uv": [10, 10, 11, 11], "texture": "#0"}
			}
		},
		{
			"from": [6, 6, 2],
			"to": [11, 7, 3],
			"faces": {
				"north": {"uv": [6, 9, 11, 10], "texture": "#0"},
				"south": {"uv": [6, 9, 11, 10], "texture": "#0"},
				"up": {"uv": [6, 9, 11, 10], "rotation": 180, "texture": "#0"}
			}
		},
		{
			"from": [9, 7, 2],
			"to": [11, 8, 3],
			"faces": {
				"north": {"uv": [6, 8, 8, 9], "texture": "#0"},
				"south": {"uv": [6, 8, 8, 9], "texture": "#0"},
				"west": {"uv": [6, 8, 7, 9], "texture": "#0"},
				"up": {"uv": [6, 8, 8, 9], "rotation": 180, "texture": "#0"}
			}
		},
		{
			"from": [8, 8, 2],
			"to": [9, 10, 3],
			"faces": {
				"north": {"uv": [8, 6, 9, 8], "texture": "#0"},
				"east": {"uv": [8, 6, 9, 8], "texture": "#0"},
				"south": {"uv": [8, 6, 9, 8], "texture": "#0"},
				"west": {"uv": [8, 6, 9, 8], "texture": "#0"},
				"down": {"uv": [8, 6, 9, 7], "rotation": 180, "texture": "#0"}
			}
		},
		{
			"from": [6, 10, 2],
			"to": [11, 11, 3],
			"faces": {
				"north": {"uv": [6, 5, 11, 6], "texture": "#0"},
				"south": {"uv": [6, 5, 11, 6], "texture": "#0"},
				"down": {"uv": [6, 5, 11, 6], "rotation": 180, "texture": "#0"}
			}
		},
		{
			"from": [5, 7, 2],
			"to": [6, 11, 3],
			"faces": {
				"north": {"uv": [11, 5, 12, 9], "texture": "#0"},
				"east": {"uv": [11, 5, 12, 9], "texture": "#0"},
				"south": {"uv": [11, 5, 12, 9], "texture": "#0"},
				"west": {"uv": [11, 5, 12, 9], "texture": "#0"}
			}
		},
		{
			"from": [6, 7, 2],
			"to": [8, 8, 3],
			"faces": {
				"north": {"uv": [9, 8, 11, 9], "texture": "#0"},
				"east": {"uv": [9, 8, 10, 9], "texture": "#0"},
				"south": {"uv": [9, 8, 11, 9], "texture": "#0"},
				"up": {"uv": [9, 8, 11, 9], "rotation": 180, "texture": "#0"}
			}
		},
		{
			"from": [11, 7, 2],
			"to": [12, 11, 3],
			"faces": {
				"north": {"uv": [5, 5, 6, 9], "texture": "#0"},
				"east": {"uv": [5, 5, 6, 9], "texture": "#0"},
				"south": {"uv": [5, 5, 6, 9], "texture": "#0"},
				"west": {"uv": [5, 5, 6, 9], "texture": "#0"}
			}
		},
		{
			"from": [6, 11, 2],
			"to": [11, 12, 3],
			"faces": {
				"north": {"uv": [6, 4, 11, 5], "texture": "#0"},
				"south": {"uv": [6, 4, 11, 5], "texture": "#0"}
			}
		},
		{
			"from": [9, 8, 3],
			"to": [11, 10, 3.6],
			"faces": {
				"north": {"uv": [6, 6, 8, 8], "texture": "#0"},
				"east": {"uv": [6, 6, 7, 8], "texture": "#0"},
				"west": {"uv": [6, 6, 7, 8], "texture": "#0"},
				"up": {"uv": [6, 6, 8, 7], "rotation": 180, "texture": "#0"},
				"down": {"uv": [6, 6, 8, 7], "rotation": 180, "texture": "#0"}
			}
		},
		{
			"from": [6, 8, 3],
			"to": [8, 10, 3.6],
			"faces": {
				"north": {"uv": [9, 6, 11, 8], "texture": "#0"},
				"east": {"uv": [9, 6, 10, 8], "texture": "#0"},
				"west": {"uv": [9, 6, 10, 8], "texture": "#0"},
				"up": {"uv": [9, 6, 11, 7], "rotation": 180, "texture": "#0"},
				"down": {"uv": [9, 6, 11, 7], "rotation": 180, "texture": "#0"}
			}
		},
		{
			"from": [8, 7, 3],
			"to": [9, 8, 3.2],
			"faces": {
				"north": {"uv": [8, 8, 9, 9], "texture": "#0"},
				"east": {"uv": [8, 8, 9, 9], "texture": "#0"},
				"west": {"uv": [8, 8, 9, 9], "texture": "#0"},
				"up": {"uv": [8, 8, 9, 9], "rotation": 180, "texture": "#0"},
				"down": {"uv": [8, 8, 9, 9], "rotation": 180, "texture": "#0"}
			}
		},
		{
			"from": [11, 5, 2],
			"to": [12, 7, 3],
			"faces": {
				"north": {"uv": [5, 9, 6, 11], "texture": "#0"},
				"east": {"uv": [5, 9, 6, 11], "texture": "#0"},
				"south": {"uv": [5, 9, 6, 11], "texture": "#0"}
			}
		},
		{
			"from": [5, 5, 2],
			"to": [6, 7, 3],
			"faces": {
				"north": {"uv": [11, 9, 12, 11], "texture": "#0"},
				"south": {"uv": [11, 9, 12, 11], "texture": "#0"},
				"west": {"uv": [11, 9, 12, 11], "texture": "#0"}
			}
		},
		{
			"from": [7, 5, 2],
			"to": [8, 6, 3],
			"faces": {
				"north": {"uv": [9, 10, 10, 11], "texture": "#0"},
				"south": {"uv": [9, 10, 10, 11], "texture": "#0"}
			}
		},
		{
			"from": [9, 5, 2],
			"to": [10, 6, 3],
			"faces": {
				"north": {"uv": [7, 10, 8, 11], "texture": "#0"},
				"south": {"uv": [7, 10, 8, 11], "texture": "#0"}
			}
		},
		{
			"from": [4, 11, 2],
			"to": [6, 13, 4],
			"faces": {
				"north": {"uv": [11, 3, 13, 5], "texture": "#0"},
				"east": {"uv": [11, 3, 13, 5], "texture": "#0"},
				"west": {"uv": [11, 3, 13, 5], "texture": "#0"},
				"up": {"uv": [11, 3, 13, 5], "rotation": 180, "texture": "#0"},
				"down": {"uv": [12, 3, 14, 5], "rotation": 180, "texture": "#0"}
			}
		},
		{
			"from": [11, 11, 2],
			"to": [13, 13, 4],
			"faces": {
				"north": {"uv": [11, 3, 13, 5], "texture": "#0"},
				"east": {"uv": [11, 3, 13, 5], "texture": "#0"},
				"west": {"uv": [11, 3, 13, 5], "texture": "#0"},
				"up": {"uv": [11, 3, 13, 5], "rotation": 180, "texture": "#0"},
				"down": {"uv": [3, 3, 5, 5], "rotation": 180, "texture": "#0"}
			}
		},
		{
			"from": [6, 12, 2],
			"to": [11, 13, 4],
			"faces": {
				"north": {"uv": [6, 3, 11, 4], "texture": "#0"},
				"south": {"uv": [6, 3, 11, 4], "texture": "#2"},
				"down": {"uv": [6, 3, 11, 5], "rotation": 180, "texture": "#0"}
			}
		},
		{
			"from": [6, 13, 1],
			"to": [11, 15, 2],
			"faces": {
				"north": {"uv": [6, 1, 11, 3], "texture": "#0"},
				"east": {"uv": [6, 1, 7, 3], "texture": "#0"},
				"west": {"uv": [6, 1, 7, 3], "texture": "#0"},
				"up": {"uv": [6, 1, 11, 2], "rotation": 180, "texture": "#0"},
				"down": {"uv": [6, 1, 11, 2], "rotation": 180, "texture": "#0"}
			}
		},
		{
			"from": [6, 13, 2],
			"to": [11, 15, 3],
			"faces": {
				"up": {"uv": [6, 1, 11, 2], "rotation": 180, "texture": "#2"}
			}
		},
		{
			"from": [6, 14, 3],
			"to": [11, 15, 4],
			"faces": {
				"south": {"uv": [14, 3, 9, 4], "texture": "#4"},
				"up": {"uv": [9, 3, 14, 4], "rotation": 180, "texture": "#4"}
			}
		},
		{
			"from": [11, 14, 4],
			"to": [12, 15, 5],
			"faces": {
				"south": {"uv": [4, 3, 5, 4], "texture": "#4"},
				"west": {"uv": [4, 3, 5, 4], "texture": "#4"},
				"up": {"uv": [4, 3, 5, 4], "rotation": 180, "texture": "#4"}
			}
		},
		{
			"from": [5, 14, 4],
			"to": [6, 15, 5],
			"faces": {
				"east": {"uv": [4, 3, 5, 4], "rotation": 270, "texture": "#4"},
				"south": {"uv": [4, 3, 5, 4], "rotation": 270, "texture": "#4"},
				"up": {"uv": [4, 3, 5, 4], "rotation": 90, "texture": "#4"}
			}
		},
		{
			"from": [5, 14, 10],
			"to": [6, 15, 11],
			"faces": {
				"north": {"uv": [12, 3, 13, 4], "texture": "#4"},
				"east": {"uv": [12, 3, 13, 4], "texture": "#4"},
				"up": {"uv": [12, 3, 13, 4], "rotation": 180, "texture": "#4"}
			}
		},
		{
			"from": [11, 14, 10],
			"to": [12, 15, 11],
			"faces": {
				"north": {"uv": [13, 3, 14, 4], "texture": "#4"},
				"west": {"uv": [13, 3, 14, 4], "texture": "#4"},
				"up": {"uv": [13, 3, 14, 4], "rotation": 180, "texture": "#4"}
			}
		},
		{
			"from": [6, 2, 11],
			"to": [11, 11, 11.7],
			"faces": {
				"north": {"uv": [0, 0, 5, 9], "texture": "#2"},
				"east": {"uv": [0, 0, 0.7, 9], "texture": "#2"},
				"south": {"uv": [0, 0, 5, 9], "texture": "#2"},
				"west": {"uv": [0, 0, 0.7, 9], "texture": "#2"},
				"down": {"uv": [0, 0, 5, 0.7], "texture": "#2"}
			}
		},
		{
			"from": [6, 1, 11],
			"to": [11, 2, 12],
			"faces": {
				"north": {"uv": [0, 0, 5, 1], "texture": "#2"},
				"east": {"uv": [0, 0, 1, 1], "texture": "#2"},
				"south": {"uv": [0, 0, 5, 1], "texture": "#2"},
				"west": {"uv": [0, 0, 1, 1], "texture": "#2"},
				"down": {"uv": [0, 0, 5, 1], "texture": "#2"}
			}
		},
		{
			"from": [5, 1, 10],
			"to": [6, 13, 11],
			"faces": {
				"north": {"uv": [7, 3, 8, 15], "texture": "#2"},
				"east": {"uv": [7, 3, 8, 15], "texture": "#2"},
				"south": {"uv": [7, 3, 8, 15], "texture": "#2"},
				"west": {"uv": [7, 3, 8, 15], "texture": "#2"},
				"down": {"uv": [7, 3, 8, 4], "rotation": 270, "texture": "#2"}
			}
		},
		{
			"from": [4, 1, 9],
			"to": [5, 11, 10],
			"faces": {
				"north": {"uv": [7, 3, 8, 13], "texture": "#2"},
				"east": {"uv": [7, 3, 8, 13], "texture": "#2"},
				"south": {"uv": [7, 3, 8, 13], "texture": "#2"},
				"west": {"uv": [7, 3, 8, 13], "texture": "#2"},
				"down": {"uv": [7, 3, 8, 4], "rotation": 270, "texture": "#2"}
			}
		},
		{
			"from": [4, 1, 10],
			"to": [5, 2, 12],
			"faces": {
				"up": {"uv": [0, 0, 2, 1], "rotation": 90, "texture": "#2"},
				"down": {"uv": [0, 0, 2, 1], "rotation": 270, "texture": "#2"}
			}
		},
		{
			"from": [5, 1, 11],
			"to": [6, 2, 12],
			"faces": {
				"east": {"uv": [0, 0, 1, 1], "texture": "#2"},
				"up": {"uv": [0, 0, 1, 1], "rotation": 90, "texture": "#2"},
				"down": {"uv": [0, 0, 1, 1], "rotation": 270, "texture": "#2"}
			}
		},
		{
			"from": [11, 1, 11],
			"to": [13, 2, 12],
			"faces": {
				"west": {"uv": [0, 0, 1, 1], "texture": "#2"},
				"up": {"uv": [0, 0, 1, 2], "rotation": 90, "texture": "#2"},
				"down": {"uv": [0, 0, 1, 2], "rotation": 270, "texture": "#2"}
			}
		},
		{
			"from": [12, 1, 10],
			"to": [13, 2, 11],
			"faces": {
				"up": {"uv": [0, 0, 1, 1], "rotation": 90, "texture": "#2"},
				"down": {"uv": [0, 0, 1, 1], "rotation": 270, "texture": "#2"}
			}
		},
		{
			"from": [11, 1, 3],
			"to": [12, 2, 4],
			"faces": {
				"west": {"uv": [0, 0, 1, 1], "texture": "#2"},
				"up": {"uv": [0, 0, 1, 1], "rotation": 90, "texture": "#2"},
				"down": {"uv": [0, 0, 1, 1], "rotation": 270, "texture": "#2"}
			}
		},
		{
			"from": [6, 1, 2],
			"to": [11, 2, 3],
			"faces": {
				"south": {"uv": [0, 0, 5, 1], "texture": "#2"},
				"up": {"uv": [0, 0, 1, 5], "rotation": 90, "texture": "#2"},
				"down": {"uv": [0, 0, 1, 5], "rotation": 270, "texture": "#2"}
			}
		},
		{
			"from": [4, 1, 3],
			"to": [6, 2, 4],
			"faces": {
				"east": {"uv": [0, 0, 1, 1], "texture": "#2"},
				"up": {"uv": [0, 0, 1, 2], "rotation": 90, "texture": "#2"},
				"down": {"uv": [0, 0, 1, 2], "rotation": 270, "texture": "#2"}
			}
		},
		{
			"from": [4, 1, 4],
			"to": [5, 2, 5],
			"faces": {
				"up": {"uv": [0, 0, 1, 1], "rotation": 90, "texture": "#2"},
				"down": {"uv": [0, 0, 1, 1], "rotation": 270, "texture": "#2"}
			}
		},
		{
			"from": [3, 1, 5],
			"to": [5, 2, 9],
			"faces": {
				"up": {"uv": [7, 3, 11, 5], "rotation": 90, "texture": "#2"},
				"down": {"uv": [7, 3, 11, 5], "rotation": 270, "texture": "#2"}
			}
		},
		{
			"from": [3, 1, 9],
			"to": [4, 2, 10],
			"faces": {
				"up": {"uv": [0, 0, 1, 1], "rotation": 90, "texture": "#2"},
				"down": {"uv": [0, 0, 1, 1], "rotation": 270, "texture": "#2"}
			}
		},
		{
			"from": [5, 1, 9],
			"to": [6, 2, 10],
			"faces": {
				"up": {"uv": [7, 3, 8, 4], "rotation": 90, "texture": "#2"},
				"down": {"uv": [7, 3, 8, 4], "rotation": 270, "texture": "#2"}
			}
		},
		{
			"from": [6, 1, 4],
			"to": [11, 2, 5],
			"faces": {
				"up": {"uv": [7, 3, 8, 8], "rotation": 90, "texture": "#2"},
				"down": {"uv": [7, 3, 8, 8], "rotation": 270, "texture": "#2"}
			}
		},
		{
			"from": [5, 1, 5],
			"to": [12, 2, 9],
			"faces": {
				"up": {"uv": [7, 3, 11, 10], "rotation": 90, "texture": "#2"},
				"down": {"uv": [7, 3, 11, 10], "rotation": 270, "texture": "#2"}
			}
		},
		{
			"from": [11, 1, 9],
			"to": [12, 2, 10],
			"faces": {
				"up": {"uv": [7, 3, 8, 4], "rotation": 90, "texture": "#2"},
				"down": {"uv": [7, 3, 8, 4], "rotation": 270, "texture": "#2"}
			}
		},
		{
			"from": [6, 1, 9],
			"to": [11, 2, 11],
			"faces": {
				"up": {"uv": [7, 3, 9, 8], "rotation": 90, "texture": "#2"},
				"down": {"uv": [7, 3, 9, 8], "rotation": 270, "texture": "#2"}
			}
		},
		{
			"from": [12, 1, 3],
			"to": [13, 2, 5],
			"faces": {
				"up": {"uv": [0, 0, 2, 1], "rotation": 90, "texture": "#2"},
				"down": {"uv": [0, 0, 2, 1], "rotation": 270, "texture": "#2"}
			}
		},
		{
			"from": [12, 1, 5],
			"to": [14, 2, 10],
			"faces": {
				"up": {"uv": [0, 0, 5, 2], "rotation": 90, "texture": "#2"},
				"down": {"uv": [0, 0, 5, 2], "rotation": 270, "texture": "#2"}
			}
		},
		{
			"from": [6, 1, 12],
			"to": [11, 2, 13],
			"faces": {
				"north": {"uv": [0, 0, 5, 1], "texture": "#2"},
				"up": {"uv": [0, 0, 1, 5], "rotation": 90, "texture": "#2"},
				"down": {"uv": [0, 0, 1, 5], "rotation": 270, "texture": "#2"}
			}
		},
		{
			"from": [5, 1, 4],
			"to": [6, 13, 5],
			"faces": {
				"north": {"uv": [7, 3, 8, 15], "texture": "#2"},
				"east": {"uv": [7, 3, 8, 15], "texture": "#2"},
				"south": {"uv": [7, 3, 8, 15], "texture": "#2"},
				"west": {"uv": [7, 3, 8, 15], "texture": "#2"},
				"down": {"uv": [7, 3, 8, 4], "rotation": 270, "texture": "#2"}
			}
		},
		{
			"from": [4.5, 1, 5],
			"to": [5, 11, 9],
			"faces": {
				"north": {"uv": [7, 3, 8, 15], "texture": "#2"},
				"east": {"uv": [7, 3, 8, 15], "texture": "#2"},
				"west": {"uv": [7, 3, 8, 15], "texture": "#2"}
			}
		},
		{
			"from": [12, 1, 5],
			"to": [12.5, 11, 10],
			"faces": {
				"north": {"uv": [7, 3, 8, 15], "texture": "#2"},
				"east": {"uv": [7, 3, 8, 15], "texture": "#2"},
				"south": {"uv": [7, 3, 8, 15], "texture": "#2"},
				"west": {"uv": [7, 3, 8, 15], "texture": "#2"}
			}
		},
		{
			"from": [11, 1, 4],
			"to": [12, 13, 5],
			"faces": {
				"north": {"uv": [7, 3, 8, 15], "texture": "#2"},
				"east": {"uv": [7, 3, 8, 15], "texture": "#2"},
				"south": {"uv": [7, 3, 8, 15], "texture": "#2"},
				"west": {"uv": [7, 3, 8, 15], "texture": "#2"},
				"down": {"uv": [7, 3, 8, 4], "rotation": 270, "texture": "#2"}
			}
		},
		{
			"from": [11, 1, 10],
			"to": [12, 13, 11],
			"faces": {
				"north": {"uv": [0, 0, 1, 12], "texture": "#2"},
				"east": {"uv": [0, 0, 1, 12], "texture": "#2"},
				"south": {"uv": [0, 0, 1, 12], "texture": "#2"},
				"west": {"uv": [0, 0, 1, 12], "texture": "#2"},
				"down": {"uv": [0, 0, 1, 1], "rotation": 270, "texture": "#2"}
			}
		},
		{
			"from": [6, 2, 3.2],
			"to": [11, 12, 4],
			"faces": {
				"north": {"uv": [7, 3, 12, 13], "texture": "#2"},
				"east": {"uv": [7, 3, 7.8, 13], "texture": "#2"},
				"south": {"uv": [7, 3, 12, 13], "texture": "#2"},
				"west": {"uv": [7, 3, 7.8, 13], "texture": "#2"},
				"down": {"uv": [7, 3, 12, 3.8], "texture": "#2"}
			}
		},
		{
			"from": [6, 1, 3],
			"to": [11, 2, 4],
			"faces": {
				"north": {"uv": [7, 3, 12, 13], "texture": "#2"},
				"east": {"uv": [7, 3, 7.8, 13], "texture": "#2"},
				"south": {"uv": [7, 3, 12, 13], "texture": "#2"},
				"west": {"uv": [7, 3, 7.8, 13], "texture": "#2"},
				"down": {"uv": [7, 3, 12, 3.8], "texture": "#2"}
			}
		},
		{
			"from": [5, 13, 10],
			"to": [6, 14, 11],
			"faces": {
				"north": {"uv": [0, 0, 1, 1], "texture": "#2"},
				"east": {"uv": [0, 0, 1, 1], "texture": "#2"},
				"south": {"uv": [0, 0, 1, 1], "texture": "#2"},
				"west": {"uv": [0, 0, 1, 1], "texture": "#2"}
			}
		},
		{
			"from": [5, 13, 4],
			"to": [6, 14, 5],
			"faces": {
				"north": {"uv": [0, 0, 1, 1], "texture": "#2"},
				"east": {"uv": [0, 0, 1, 1], "texture": "#2"},
				"south": {"uv": [0, 0, 1, 1], "texture": "#2"},
				"west": {"uv": [0, 0, 1, 1], "texture": "#2"}
			}
		},
		{
			"from": [11, 13, 4],
			"to": [12, 14, 5],
			"faces": {
				"north": {"uv": [0, 0, 1, 1], "texture": "#2"},
				"east": {"uv": [0, 0, 1, 1], "texture": "#2"},
				"south": {"uv": [0, 0, 1, 1], "texture": "#2"},
				"west": {"uv": [0, 0, 1, 1], "texture": "#2"}
			}
		},
		{
			"from": [11, 13, 10],
			"to": [12, 14, 11],
			"faces": {
				"north": {"uv": [0, 0, 1, 1], "texture": "#2"},
				"east": {"uv": [0, 0, 1, 1], "texture": "#2"},
				"south": {"uv": [0, 0, 1, 1], "texture": "#2"},
				"west": {"uv": [0, 0, 1, 1], "texture": "#2"}
			}
		},
		{
			"from": [4, 13, 5],
			"to": [5, 14, 10],
			"faces": {
				"north": {"uv": [0, 0, 1, 1], "texture": "#2"},
				"east": {"uv": [0, 0, 5, 1], "texture": "#2"},
				"south": {"uv": [0, 0, 1, 1], "texture": "#2"}
			}
		},
		{
			"from": [12, 13, 5],
			"to": [13, 14, 10],
			"faces": {
				"north": {"uv": [0, 0, 1, 1], "texture": "#2"},
				"south": {"uv": [0, 0, 1, 1], "texture": "#2"},
				"west": {"uv": [0, 0, 5, 1], "texture": "#2"}
			}
		},
		{
			"from": [6, 13, 11],
			"to": [11, 14, 12],
			"faces": {
				"north": {"uv": [0, 0, 5, 1], "texture": "#2"},
				"east": {"uv": [0, 0, 1, 1], "texture": "#2"},
				"west": {"uv": [0, 0, 1, 1], "texture": "#2"}
			}
		},
		{
			"from": [6, 13, 3],
			"to": [11, 14, 4],
			"faces": {
				"east": {"uv": [0, 0, 1, 1], "texture": "#2"},
				"south": {"uv": [0, 0, 5, 1], "texture": "#2"},
				"west": {"uv": [0, 0, 1, 1], "texture": "#2"}
			}
		},
		{
			"name": "ICON",
			"from": [4, 4, 11],
			"to": [12, 12, 11],
			"faces": {
				"south": {"uv": [0, 0, 16, 16], "texture": "#3"}
			}
		}
	],
	"gui_light": "front",
	"display": {
		"thirdperson_righthand": {
			"translation": [-0.75, 4, 2],
			"scale": [0.59, 0.59, 0.59]
		},
		"thirdperson_lefthand": {
			"translation": [0, 4, 2.5],
			"scale": [0.59, 0.59, 0.59]
		},
		"firstperson_righthand": {
			"rotation": [-26, -35, 0],
			"translation": [5.25, 2.5, -7.25]
		},
		"firstperson_lefthand": {
			"rotation": [-26, -35, 0],
			"translation": [6.75, 2.75, -7.5]
		},
		"ground": {
			"translation": [-0.5, 1.75, 0],
			"scale": [0.69, 0.69, 0.69]
		},
		"gui": {
			"scale": [2, 2, 2]
		},
		"head": {
			"translation": [-0.5, 7.5, 0.5],
			"scale": [1.07625, 1.07625, 1.07625]
		}
	},
	"groups": [
		{
			"name": "group",
			"origin": [0, 0, 0],
			"color": 0,
			"children": [0, 1, 2, 3, 4, 5, 6, 7, 8, 9, 10, 11, 12, 13, 14, 15, 16, 17, 18, 19, 20, 21, 22, 23, 24, 25, 26, 27, 28, 29, 30, 31, 32, 33, 34, 35, 36, 37, 38, 39, 40]
		},
		{
			"name": "group",
			"origin": [0, 0, 0],
			"color": 0,
			"children": [41, 42, 43, 44, 45, 46, 47, 48, 49, 50, 51, 52, 53, 54, 55, 56, 57]
		},
		{
			"name": "group",
			"origin": [0, 0, 0],
			"color": 0,
			"children": [58, 59, 60, 61, 62, 63, 64, 65, 66, 67, 68, 69, 70, 71, 72, 73, 74]
		},
		{
			"name": "group",
			"origin": [0, 0, 0],
			"color": 0,
			"children": [
				75,
				76,
				77,
				78,
				79,
				80,
				81,
				82,
				83,
				84,
				85,
				86,
				87,
				88,
				89,
				90,
				91,
				92,
				93,
				94,
				95,
				96,
				97,
				98,
				99,
				100,
				101,
				102,
				103,
				104,
				105,
				106,
				107,
				108,
				109,
				110,
				111,
				112,
				113,
				114,
				115,
				116,
				117,
				118,
				119,
				120,
				121,
				122,
				123,
				124,
				125,
				126,
				127,
				128,
				129,
				130,
				131,
				132,
				133,
				134,
				135,
				136,
				137,
				138,
				139,
				140,
				141
			]
		},
		142
	]
}