{
	"credit": "Made with Blockbench",
	"textures": {
		"0": "custom/crab_bottom",
		"1": "custom/crab_shell",
		"2": "custom/crab_eye",
		"particle": "custom/crab_shell"
	},
	"elements": [
		{
			"from": [10.7, -7.5, 7.5],
			"to": [11.7, -3.5, 8.5],
			"rotation": {"angle": 45, "axis": "z", "origin": [3, 0, 0.5]},
			"faces": {
				"north": {"uv": [1, 8, 2, 12], "texture": "#1"},
				"east": {"uv": [1, 8, 2, 12], "texture": "#1"},
				"south": {"uv": [1, 8, 2, 12], "texture": "#1"},
				"west": {"uv": [1, 8, 2, 12], "texture": "#0"},
				"up": {"uv": [1, 8, 2, 9], "texture": "#1"},
				"down": {"uv": [1, 8, 2, 9], "texture": "#0"}
			}
		},
		{
			"from": [10.7, -7.5, 5.5],
			"to": [11.7, -3.5, 6.5],
			"rotation": {"angle": 45, "axis": "z", "origin": [3, 0, 0.5]},
			"faces": {
				"north": {"uv": [1, 8, 2, 12], "texture": "#1"},
				"east": {"uv": [1, 8, 2, 12], "texture": "#1"},
				"south": {"uv": [1, 8, 2, 12], "texture": "#1"},
				"west": {"uv": [1, 8, 2, 12], "texture": "#0"},
				"up": {"uv": [1, 8, 2, 9], "texture": "#1"},
				"down": {"uv": [1, 8, 2, 9], "texture": "#0"}
			}
		},
		{
			"from": [10.7, -7.5, 9.5],
			"to": [11.7, -3.5, 10.5],
			"rotation": {"angle": 45, "axis": "z", "origin": [3, 0, 0.5]},
			"faces": {
				"north": {"uv": [1, 8, 2, 12], "texture": "#1"},
				"east": {"uv": [1, 8, 2, 12], "texture": "#1"},
				"south": {"uv": [1, 8, 2, 12], "texture": "#1"},
				"west": {"uv": [1, 8, 2, 12], "texture": "#0"},
				"up": {"uv": [1, 8, 2, 9], "texture": "#1"},
				"down": {"uv": [1, 8, 2, 9], "texture": "#0"}
			}
		},
		{
			"from": [2, -1.7, 9.5],
			"to": [3, 2.3, 10.5],
			"rotation": {"angle": -45, "axis": "z", "origin": [5, 0, 0.5]},
			"faces": {
				"north": {"uv": [1, 8, 2, 12], "texture": "#1"},
				"east": {"uv": [1, 8, 2, 12], "texture": "#0"},
				"south": {"uv": [1, 8, 2, 12], "texture": "#1"},
				"west": {"uv": [1, 8, 2, 12], "texture": "#1"},
				"up": {"uv": [1, 8, 2, 9], "texture": "#1"},
				"down": {"uv": [1, 8, 2, 9], "texture": "#0"}
			}
		},
		{
			"from": [2, -1.7, 7.6],
			"to": [3, 2.3, 8.6],
			"rotation": {"angle": -45, "axis": "z", "origin": [5, 0, 0.5]},
			"faces": {
				"north": {"uv": [1, 8, 2, 12], "texture": "#1"},
				"east": {"uv": [1, 8, 2, 12], "texture": "#0"},
				"south": {"uv": [1, 8, 2, 12], "texture": "#1"},
				"west": {"uv": [1, 8, 2, 12], "texture": "#1"},
				"up": {"uv": [1, 8, 2, 9], "texture": "#1"},
				"down": {"uv": [1, 8, 2, 9], "texture": "#0"}
			}
		},
		{
			"from": [2, -1.7, 5.6],
			"to": [3, 2.3, 6.6],
			"rotation": {"angle": -45, "axis": "z", "origin": [5, 0, 0.5]},
			"faces": {
				"north": {"uv": [1, 8, 2, 12], "texture": "#1"},
				"east": {"uv": [1, 8, 2, 12], "texture": "#0"},
				"south": {"uv": [1, 8, 2, 12], "texture": "#1"},
				"west": {"uv": [1, 8, 2, 12], "texture": "#1"},
				"up": {"uv": [1, 8, 2, 9], "texture": "#1"},
				"down": {"uv": [1, 8, 2, 9], "texture": "#0"}
			}
		},
		{
			"from": [4, 3, 6],
			"to": [12, 6, 11],
			"rotation": {"angle": 0, "axis": "y", "origin": [5, 0, 0]},
			"faces": {
				"north": {"uv": [1, 6, 9, 9], "texture": "#1"},
				"east": {"uv": [1, 8, 6, 11], "texture": "#1"},
				"south": {"uv": [1, 6, 9, 9], "texture": "#1"},
				"west": {"uv": [1, 8, 6, 11], "texture": "#1"},
				"up": {"uv": [1, 8, 9, 13], "texture": "#1"},
				"down": {"uv": [1, 8, 9, 13], "texture": "#0"}
			}
		},
		{
			"from": [4, 4, 5],
			"to": [12, 6, 6],
			"rotation": {"angle": 0, "axis": "y", "origin": [5, 0, 0]},
			"faces": {
				"north": {"uv": [1, 6, 9, 8], "texture": "#1"},
				"east": {"uv": [1, 8, 2, 10], "texture": "#1"},
				"south": {"uv": [1, 6, 9, 8], "texture": "#1"},
				"west": {"uv": [1, 8, 2, 10], "texture": "#1"},
				"up": {"uv": [1, 8, 9, 9], "texture": "#1"},
				"down": {"uv": [1, 8, 9, 9], "texture": "#0"}
			}
		},
		{
			"from": [4, 3, 5],
			"to": [12, 4, 6],
			"rotation": {"angle": 0, "axis": "y", "origin": [5, 0, 0]},
			"faces": {
				"north": {"uv": [0, 3, 8, 4], "texture": "#0"},
				"east": {"uv": [0, 5, 1, 6], "texture": "#0"},
				"south": {"uv": [0, 3, 8, 4], "texture": "#0"},
				"west": {"uv": [0, 5, 1, 6], "texture": "#0"},
				"up": {"uv": [0, 5, 8, 6], "texture": "#0"},
				"down": {"uv": [0, 5, 8, 6], "texture": "#0"}
			}
		},
		{
			"from": [5, 6, 5],
			"to": [7, 7, 7],
			"rotation": {"angle": 0, "axis": "y", "origin": [2, 0, 0]},
			"faces": {
				"north": {"uv": [1, 8, 3, 9], "texture": "#1"},
				"east": {"uv": [1, 8, 3, 9], "texture": "#1"},
				"south": {"uv": [1, 8, 3, 9], "texture": "#1"},
				"west": {"uv": [1, 8, 3, 9], "texture": "#1"},
				"up": {"uv": [1, 8, 3, 10], "texture": "#1"},
				"down": {"uv": [1, 8, 3, 10], "texture": "#1"}
			}
		},
		{
			"from": [9, 6, 5],
			"to": [11, 7, 7],
			"rotation": {"angle": 0, "axis": "y", "origin": [2, 0, 0]},
			"faces": {
				"north": {"uv": [1, 8, 3, 9], "texture": "#1"},
				"east": {"uv": [1, 8, 3, 9], "texture": "#1"},
				"south": {"uv": [1, 8, 3, 9], "texture": "#1"},
				"west": {"uv": [1, 8, 3, 9], "texture": "#1"},
				"up": {"uv": [1, 8, 3, 10], "texture": "#1"},
				"down": {"uv": [1, 8, 3, 10], "texture": "#1"}
			}
		},
		{
			"from": [5, 7, 5],
			"to": [7, 9, 7],
			"rotation": {"angle": 0, "axis": "y", "origin": [2, 0, 0]},
			"faces": {
				"north": {"uv": [8, 6, 12, 10], "texture": "#2"},
				"east": {"uv": [6, 6, 10, 10], "texture": "#2"},
				"south": {"uv": [6, 6, 10, 10], "texture": "#2"},
				"west": {"uv": [8, 6, 12, 10], "rotation": 270, "texture": "#2"},
				"up": {"uv": [8, 6, 12, 10], "rotation": 270, "texture": "#2"},
				"down": {"uv": [8, 6, 12, 10], "texture": "#2"}
			}
		},
		{
			"from": [9, 7, 5],
			"to": [11, 9, 7],
			"rotation": {"angle": 0, "axis": "y", "origin": [2, 0, 0]},
			"faces": {
				"north": {"uv": [8, 6, 12, 10], "texture": "#2"},
				"east": {"uv": [6, 6, 10, 10], "texture": "#2"},
				"south": {"uv": [6, 6, 10, 10], "texture": "#2"},
				"west": {"uv": [8, 6, 12, 10], "rotation": 270, "texture": "#2"},
				"up": {"uv": [8, 6, 12, 10], "rotation": 270, "texture": "#2"},
				"down": {"uv": [8, 6, 12, 10], "texture": "#2"}
			}
		},
		{
			"from": [0.8, 3, 6.5],
			"to": [5.8, 4, 9.5],
			"rotation": {"angle": 22.5, "axis": "z", "origin": [2.4, 1, -0.5]},
			"faces": {
				"north": {"uv": [1, 8, 6, 9], "texture": "#1"},
				"east": {"uv": [1, 8, 4, 9], "texture": "#1"},
				"south": {"uv": [1, 8, 6, 9], "texture": "#1"},
				"west": {"uv": [1, 8, 4, 9], "texture": "#1"},
				"up": {"uv": [1, 8, 6, 11], "texture": "#1"},
				"down": {"uv": [1, 8, 6, 11], "texture": "#1"}
			}
		},
		{
			"from": [4.8, 4, 6.5],
			"to": [5.8, 5, 6.5],
			"rotation": {"angle": 22.5, "axis": "z", "origin": [2.4, 1, -0.5]},
			"faces": {
				"north": {"uv": [1, 8, 2, 9], "texture": "#1"},
				"east": {"uv": [1, 8, 1, 9], "texture": "#1"},
				"south": {"uv": [1, 8, 2, 9], "texture": "#1"},
				"west": {"uv": [1, 8, 1, 9], "texture": "#1"},
				"up": {"uv": [1, 8, 2, 8], "texture": "#1"},
				"down": {"uv": [1, 8, 2, 8], "texture": "#1"}
			}
		},
		{
			"from": [2.8, 4, 6.5],
			"to": [3.8, 5, 6.5],
			"rotation": {"angle": 22.5, "axis": "z", "origin": [2.4, 1, -0.5]},
			"faces": {
				"north": {"uv": [1, 8, 2, 9], "texture": "#1"},
				"east": {"uv": [1, 8, 1, 9], "texture": "#1"},
				"south": {"uv": [1, 8, 2, 9], "texture": "#1"},
				"west": {"uv": [1, 8, 1, 9], "texture": "#1"},
				"up": {"uv": [1, 8, 2, 8], "texture": "#1"},
				"down": {"uv": [1, 8, 2, 8], "texture": "#1"}
			}
		},
		{
			"from": [0.8, 4, 6.5],
			"to": [1.8, 5, 6.5],
			"rotation": {"angle": 22.5, "axis": "z", "origin": [2.4, 1, -0.5]},
			"faces": {
				"north": {"uv": [1, 8, 2, 9], "texture": "#1"},
				"east": {"uv": [1, 8, 1, 9], "texture": "#1"},
				"south": {"uv": [1, 8, 2, 9], "texture": "#1"},
				"west": {"uv": [1, 8, 1, 9], "texture": "#1"},
				"up": {"uv": [1, 8, 2, 8], "texture": "#1"},
				"down": {"uv": [1, 8, 2, 8], "texture": "#1"}
			}
		},
		{
			"from": [4.8, 4, 9.5],
			"to": [5.8, 5, 9.5],
			"rotation": {"angle": 22.5, "axis": "z", "origin": [2.4, 1, -0.5]},
			"faces": {
				"north": {"uv": [1, 8, 2, 9], "texture": "#1"},
				"east": {"uv": [1, 8, 1, 9], "texture": "#1"},
				"south": {"uv": [1, 8, 2, 9], "texture": "#1"},
				"west": {"uv": [1, 8, 1, 9], "texture": "#1"},
				"up": {"uv": [1, 8, 2, 8], "texture": "#1"},
				"down": {"uv": [1, 8, 2, 8], "texture": "#1"}
			}
		},
		{
			"from": [2.8, 4, 9.5],
			"to": [3.8, 5, 9.5],
			"rotation": {"angle": 22.5, "axis": "z", "origin": [2.4, 1, -0.5]},
			"faces": {
				"north": {"uv": [1, 8, 2, 9], "texture": "#1"},
				"east": {"uv": [1, 8, 1, 9], "texture": "#1"},
				"south": {"uv": [1, 8, 2, 9], "texture": "#1"},
				"west": {"uv": [1, 8, 1, 9], "texture": "#1"},
				"up": {"uv": [1, 8, 2, 8], "texture": "#1"},
				"down": {"uv": [1, 8, 2, 8], "texture": "#1"}
			}
		},
		{
			"from": [0.8, 4, 9.5],
			"to": [1.8, 5, 9.5],
			"rotation": {"angle": 22.5, "axis": "z", "origin": [2.4, 1, -0.5]},
			"faces": {
				"north": {"uv": [1, 8, 2, 9], "texture": "#1"},
				"east": {"uv": [1, 8, 1, 9], "texture": "#1"},
				"south": {"uv": [1, 8, 2, 9], "texture": "#1"},
				"west": {"uv": [1, 8, 1, 9], "texture": "#1"},
				"up": {"uv": [1, 8, 2, 8], "texture": "#1"},
				"down": {"uv": [1, 8, 2, 8], "texture": "#1"}
			}
		},
		{
			"from": [0.8, 4, 8.5],
			"to": [0.8, 5, 9.5],
			"rotation": {"angle": 22.5, "axis": "z", "origin": [2.4, 1, -0.5]},
			"faces": {
				"north": {"uv": [1, 8, 1, 9], "texture": "#1"},
				"east": {"uv": [1, 8, 2, 9], "texture": "#1"},
				"south": {"uv": [1, 8, 1, 9], "texture": "#1"},
				"west": {"uv": [1, 8, 2, 9], "texture": "#1"},
				"up": {"uv": [1, 8, 1, 9], "texture": "#1"},
				"down": {"uv": [1, 8, 1, 9], "texture": "#1"}
			}
		},
		{
			"from": [0.8, 4, 6.5],
			"to": [0.8, 5, 7.5],
			"rotation": {"angle": 22.5, "axis": "z", "origin": [2.4, 1, -0.5]},
			"faces": {
				"north": {"uv": [1, 8, 1, 9], "texture": "#1"},
				"east": {"uv": [1, 8, 2, 9], "texture": "#1"},
				"south": {"uv": [1, 8, 1, 9], "texture": "#1"},
				"west": {"uv": [1, 8, 2, 9], "texture": "#1"},
				"up": {"uv": [1, 8, 1, 9], "texture": "#1"},
				"down": {"uv": [1, 8, 1, 9], "texture": "#1"}
			}
		},
		{
			"from": [1, 5, 9.5],
			"to": [2, 6, 9.5],
			"rotation": {"angle": -22.5, "axis": "z", "origin": [2.4, 1, -0.5]},
			"faces": {
				"north": {"uv": [1, 8, 2, 9], "texture": "#1"},
				"east": {"uv": [1, 8, 1, 9], "texture": "#1"},
				"south": {"uv": [1, 8, 2, 9], "texture": "#1"},
				"west": {"uv": [1, 8, 1, 9], "texture": "#1"},
				"up": {"uv": [1, 8, 2, 8], "texture": "#1"},
				"down": {"uv": [1, 8, 2, 8], "texture": "#1"}
			}
		},
		{
			"from": [1, 5, 6.5],
			"to": [2, 6, 6.5],
			"rotation": {"angle": -22.5, "axis": "z", "origin": [2.4, 1, -0.5]},
			"faces": {
				"north": {"uv": [1, 8, 2, 9], "texture": "#1"},
				"east": {"uv": [1, 8, 1, 9], "texture": "#1"},
				"south": {"uv": [1, 8, 2, 9], "texture": "#1"},
				"west": {"uv": [1, 8, 1, 9], "texture": "#1"},
				"up": {"uv": [1, 8, 2, 8], "texture": "#1"},
				"down": {"uv": [1, 8, 2, 8], "texture": "#1"}
			}
		},
		{
			"from": [-1, 5, 6.5],
			"to": [0, 6, 6.5],
			"rotation": {"angle": -22.5, "axis": "z", "origin": [2.4, 1, -0.5]},
			"faces": {
				"north": {"uv": [1, 8, 2, 9], "texture": "#1"},
				"east": {"uv": [1, 8, 1, 9], "texture": "#1"},
				"south": {"uv": [1, 8, 2, 9], "texture": "#1"},
				"west": {"uv": [1, 8, 1, 9], "texture": "#1"},
				"up": {"uv": [1, 8, 2, 8], "texture": "#1"},
				"down": {"uv": [1, 8, 2, 8], "texture": "#1"}
			}
		},
		{
			"from": [-1, 5, 9.5],
			"to": [0, 6, 9.5],
			"rotation": {"angle": -22.5, "axis": "z", "origin": [2.4, 1, -0.5]},
			"faces": {
				"north": {"uv": [1, 8, 2, 9], "texture": "#1"},
				"east": {"uv": [1, 8, 1, 9], "texture": "#1"},
				"south": {"uv": [1, 8, 2, 9], "texture": "#1"},
				"west": {"uv": [1, 8, 1, 9], "texture": "#1"},
				"up": {"uv": [1, 8, 2, 8], "texture": "#1"},
				"down": {"uv": [1, 8, 2, 8], "texture": "#1"}
			}
		},
		{
			"from": [-3, 5, 6.5],
			"to": [-2, 6, 6.5],
			"rotation": {"angle": -22.5, "axis": "z", "origin": [2.4, 1, 0]},
			"faces": {
				"north": {"uv": [1, 8, 2, 9], "texture": "#1"},
				"east": {"uv": [1, 8, 1, 9], "texture": "#1"},
				"south": {"uv": [1, 8, 2, 9], "texture": "#1"},
				"west": {"uv": [1, 8, 1, 9], "texture": "#1"},
				"up": {"uv": [1, 8, 2, 8], "texture": "#1"},
				"down": {"uv": [1, 8, 2, 8], "texture": "#1"}
			}
		},
		{
			"from": [-3, 5, 9.5],
			"to": [-2, 6, 9.5],
			"rotation": {"angle": -22.5, "axis": "z", "origin": [2.4, 1, -0.5]},
			"faces": {
				"north": {"uv": [1, 8, 2, 9], "texture": "#1"},
				"east": {"uv": [1, 8, 1, 9], "texture": "#1"},
				"south": {"uv": [1, 8, 2, 9], "texture": "#1"},
				"west": {"uv": [1, 8, 1, 9], "texture": "#1"},
				"up": {"uv": [1, 8, 2, 8], "texture": "#1"},
				"down": {"uv": [1, 8, 2, 8], "texture": "#1"}
			}
		},
		{
			"from": [-3, 5, 8.5],
			"to": [-3, 6, 9.5],
			"rotation": {"angle": -22.5, "axis": "z", "origin": [2.4, 1, -0.5]},
			"faces": {
				"north": {"uv": [1, 8, 1, 9], "texture": "#1"},
				"east": {"uv": [1, 8, 2, 9], "texture": "#1"},
				"south": {"uv": [1, 8, 1, 9], "texture": "#1"},
				"west": {"uv": [1, 8, 2, 9], "texture": "#1"},
				"up": {"uv": [1, 8, 1, 9], "texture": "#1"},
				"down": {"uv": [1, 8, 1, 9], "texture": "#1"}
			}
		},
		{
			"from": [-3, 5, 6.5],
			"to": [-3, 6, 7.5],
			"rotation": {"angle": -22.5, "axis": "z", "origin": [2.4, 1, -0.5]},
			"faces": {
				"north": {"uv": [1, 8, 1, 9], "texture": "#1"},
				"east": {"uv": [1, 8, 2, 9], "texture": "#1"},
				"south": {"uv": [1, 8, 1, 9], "texture": "#1"},
				"west": {"uv": [1, 8, 2, 9], "texture": "#1"},
				"up": {"uv": [1, 8, 1, 9], "texture": "#1"},
				"down": {"uv": [1, 8, 1, 9], "texture": "#1"}
			}
		},
		{
			"from": [-3, 6, 6.5],
			"to": [2, 8, 9.5],
			"rotation": {"angle": -22.5, "axis": "z", "origin": [2.4, 1, -0.5]},
			"faces": {
				"north": {"uv": [1, 8, 6, 10], "texture": "#1"},
				"east": {"uv": [1, 8, 4, 10], "texture": "#1"},
				"south": {"uv": [1, 8, 6, 10], "texture": "#1"},
				"west": {"uv": [1, 8, 4, 10], "texture": "#1"},
				"up": {"uv": [1, 8, 6, 11], "texture": "#1"},
				"down": {"uv": [1, 8, 6, 11], "texture": "#1"}
			}
		},
		{
			"from": [16.4, -3.4, 9.5],
			"to": [17.4, -2.4, 9.5],
			"rotation": {"angle": 22.5, "axis": "z", "origin": [-8.4, 0.6, -0.5]},
			"faces": {
				"north": {"uv": [1, 8, 2, 9], "texture": "#1"},
				"east": {"uv": [1, 8, 1, 9], "texture": "#1"},
				"south": {"uv": [1, 8, 2, 9], "texture": "#1"},
				"west": {"uv": [1, 8, 1, 9], "texture": "#1"},
				"up": {"uv": [1, 8, 2, 8], "rotation": 180, "texture": "#1"},
				"down": {"uv": [1, 8, 2, 8], "rotation": 180, "texture": "#1"}
			}
		},
		{
			"from": [14.4, -3.4, 9.5],
			"to": [15.4, -2.4, 9.5],
			"rotation": {"angle": 22.5, "axis": "z", "origin": [-8.4, 0.6, -0.5]},
			"faces": {
				"north": {"uv": [1, 8, 2, 9], "texture": "#1"},
				"east": {"uv": [1, 8, 1, 9], "texture": "#1"},
				"south": {"uv": [1, 8, 2, 9], "texture": "#1"},
				"west": {"uv": [1, 8, 1, 9], "texture": "#1"},
				"up": {"uv": [1, 8, 2, 8], "rotation": 180, "texture": "#1"},
				"down": {"uv": [1, 8, 2, 8], "rotation": 180, "texture": "#1"}
			}
		},
		{
			"from": [12.4, -3.4, 9.5],
			"to": [13.4, -2.4, 9.5],
			"rotation": {"angle": 22.5, "axis": "z", "origin": [-8.4, 0.6, -0.5]},
			"faces": {
				"north": {"uv": [1, 8, 2, 9], "texture": "#1"},
				"east": {"uv": [1, 8, 1, 9], "texture": "#1"},
				"south": {"uv": [1, 8, 2, 9], "texture": "#1"},
				"west": {"uv": [1, 8, 1, 9], "texture": "#1"},
				"up": {"uv": [1, 8, 2, 8], "rotation": 180, "texture": "#1"},
				"down": {"uv": [1, 8, 2, 8], "rotation": 180, "texture": "#1"}
			}
		},
		{
			"from": [8.5, 12.3, 9.5],
			"to": [9.5, 13.3, 9.5],
			"rotation": {"angle": -22.5, "axis": "z", "origin": [-8.4, 0.6, -0.5]},
			"faces": {
				"north": {"uv": [1, 8, 2, 9], "texture": "#1"},
				"east": {"uv": [1, 8, 1, 9], "texture": "#1"},
				"south": {"uv": [1, 8, 2, 9], "texture": "#1"},
				"west": {"uv": [1, 8, 1, 9], "texture": "#1"},
				"up": {"uv": [1, 8, 2, 8], "rotation": 180, "texture": "#1"},
				"down": {"uv": [1, 8, 2, 8], "rotation": 180, "texture": "#1"}
			}
		},
		{
			"from": [8.5, 11.3, 6.5],
			"to": [13.5, 12.3, 9.5],
			"rotation": {"angle": -22.5, "axis": "z", "origin": [-8.4, 0.6, -0.5]},
			"faces": {
				"north": {"uv": [1, 8, 6, 9], "texture": "#1"},
				"east": {"uv": [1, 8, 4, 9], "texture": "#1"},
				"south": {"uv": [1, 8, 6, 9], "texture": "#1"},
				"west": {"uv": [1, 8, 4, 9], "texture": "#1"},
				"up": {"uv": [1, 8, 6, 11], "rotation": 180, "texture": "#1"},
				"down": {"uv": [1, 8, 6, 11], "rotation": 180, "texture": "#1"}
			}
		},
		{
			"from": [10.5, 12.3, 9.5],
			"to": [11.5, 13.3, 9.5],
			"rotation": {"angle": -22.5, "axis": "z", "origin": [-8.4, 0.6, -0.5]},
			"faces": {
				"north": {"uv": [1, 8, 2, 9], "texture": "#1"},
				"east": {"uv": [1, 8, 1, 9], "texture": "#1"},
				"south": {"uv": [1, 8, 2, 9], "texture": "#1"},
				"west": {"uv": [1, 8, 1, 9], "texture": "#1"},
				"up": {"uv": [1, 8, 2, 8], "rotation": 180, "texture": "#1"},
				"down": {"uv": [1, 8, 2, 8], "rotation": 180, "texture": "#1"}
			}
		},
		{
			"from": [10.5, 12.3, 6.5],
			"to": [11.5, 13.3, 6.5],
			"rotation": {"angle": -22.5, "axis": "z", "origin": [-8.4, 0.6, -0.5]},
			"faces": {
				"north": {"uv": [1, 8, 2, 9], "texture": "#1"},
				"east": {"uv": [1, 8, 1, 9], "texture": "#1"},
				"south": {"uv": [1, 8, 2, 9], "texture": "#1"},
				"west": {"uv": [1, 8, 1, 9], "texture": "#1"},
				"up": {"uv": [1, 8, 2, 8], "rotation": 180, "texture": "#1"},
				"down": {"uv": [1, 8, 2, 8], "rotation": 180, "texture": "#1"}
			}
		},
		{
			"from": [12.5, 12.3, 6.5],
			"to": [13.5, 13.3, 6.5],
			"rotation": {"angle": -22.5, "axis": "z", "origin": [-8.4, 0.6, -0.5]},
			"faces": {
				"north": {"uv": [1, 8, 2, 9], "texture": "#1"},
				"east": {"uv": [1, 8, 1, 9], "texture": "#1"},
				"south": {"uv": [1, 8, 2, 9], "texture": "#1"},
				"west": {"uv": [1, 8, 1, 9], "texture": "#1"},
				"up": {"uv": [1, 8, 2, 8], "rotation": 180, "texture": "#1"},
				"down": {"uv": [1, 8, 2, 8], "rotation": 180, "texture": "#1"}
			}
		},
		{
			"from": [12.5, 12.3, 9.5],
			"to": [13.5, 13.3, 9.5],
			"rotation": {"angle": -22.5, "axis": "z", "origin": [-8.4, 0.6, -0.5]},
			"faces": {
				"north": {"uv": [1, 8, 2, 9], "texture": "#1"},
				"east": {"uv": [1, 8, 1, 9], "texture": "#1"},
				"south": {"uv": [1, 8, 2, 9], "texture": "#1"},
				"west": {"uv": [1, 8, 1, 9], "texture": "#1"},
				"up": {"uv": [1, 8, 2, 8], "rotation": 180, "texture": "#1"},
				"down": {"uv": [1, 8, 2, 8], "rotation": 180, "texture": "#1"}
			}
		},
		{
			"from": [13.5, 12.3, 8.5],
			"to": [13.5, 13.3, 9.5],
			"rotation": {"angle": -22.5, "axis": "z", "origin": [-8.4, 0.6, -0.5]},
			"faces": {
				"north": {"uv": [1, 8, 1, 9], "texture": "#1"},
				"east": {"uv": [1, 8, 2, 9], "texture": "#1"},
				"south": {"uv": [1, 8, 1, 9], "texture": "#1"},
				"west": {"uv": [1, 8, 2, 9], "texture": "#1"},
				"up": {"uv": [1, 8, 1, 9], "rotation": 180, "texture": "#1"},
				"down": {"uv": [1, 8, 1, 9], "rotation": 180, "texture": "#1"}
			}
		},
		{
			"from": [13.5, 12.3, 6.5],
			"to": [13.5, 13.3, 7.5],
			"rotation": {"angle": -22.5, "axis": "z", "origin": [-8.4, 0.6, -0.5]},
			"faces": {
				"north": {"uv": [1, 8, 1, 9], "texture": "#1"},
				"east": {"uv": [1, 8, 2, 9], "texture": "#1"},
				"south": {"uv": [1, 8, 1, 9], "texture": "#1"},
				"west": {"uv": [1, 8, 2, 9], "texture": "#1"},
				"up": {"uv": [1, 8, 1, 9], "rotation": 180, "texture": "#1"},
				"down": {"uv": [1, 8, 1, 9], "rotation": 180, "texture": "#1"}
			}
		},
		{
			"from": [8.5, 12.3, 6.5],
			"to": [9.5, 13.3, 6.5],
			"rotation": {"angle": -22.5, "axis": "z", "origin": [-8.4, 0.6, -0.5]},
			"faces": {
				"north": {"uv": [1, 8, 2, 9], "texture": "#1"},
				"east": {"uv": [1, 8, 1, 9], "texture": "#1"},
				"south": {"uv": [1, 8, 2, 9], "texture": "#1"},
				"west": {"uv": [1, 8, 1, 9], "texture": "#1"},
				"up": {"uv": [1, 8, 2, 8], "rotation": 180, "texture": "#1"},
				"down": {"uv": [1, 8, 2, 8], "rotation": 180, "texture": "#1"}
			}
		},
		{
			"from": [12.4, -3.4, 6.5],
			"to": [13.4, -2.4, 6.5],
			"rotation": {"angle": 22.5, "axis": "z", "origin": [-8.4, 0.6, -0.5]},
			"faces": {
				"north": {"uv": [1, 8, 2, 9], "texture": "#1"},
				"east": {"uv": [1, 8, 1, 9], "texture": "#1"},
				"south": {"uv": [1, 8, 2, 9], "texture": "#1"},
				"west": {"uv": [1, 8, 1, 9], "texture": "#1"},
				"up": {"uv": [1, 8, 2, 8], "rotation": 180, "texture": "#1"},
				"down": {"uv": [1, 8, 2, 8], "rotation": 180, "texture": "#1"}
			}
		},
		{
			"from": [12.4, -2.4, 6.5],
			"to": [17.4, -0.4, 9.5],
			"rotation": {"angle": 22.5, "axis": "z", "origin": [-8.4, 0.6, -0.5]},
			"faces": {
				"north": {"uv": [1, 8, 6, 10], "texture": "#1"},
				"east": {"uv": [1, 8, 4, 10], "texture": "#1"},
				"south": {"uv": [1, 8, 6, 10], "texture": "#1"},
				"west": {"uv": [1, 8, 4, 10], "texture": "#1"},
				"up": {"uv": [1, 8, 6, 11], "rotation": 180, "texture": "#1"},
				"down": {"uv": [1, 8, 6, 11], "rotation": 180, "texture": "#1"}
			}
		},
		{
			"from": [14.4, -3.4, 6.5],
			"to": [15.4, -2.4, 6.5],
			"rotation": {"angle": 22.5, "axis": "z", "origin": [-8.4, 0.6, -0.5]},
			"faces": {
				"north": {"uv": [1, 8, 2, 9], "texture": "#1"},
				"east": {"uv": [1, 8, 1, 9], "texture": "#1"},
				"south": {"uv": [1, 8, 2, 9], "texture": "#1"},
				"west": {"uv": [1, 8, 1, 9], "texture": "#1"},
				"up": {"uv": [1, 8, 2, 8], "rotation": 180, "texture": "#1"},
				"down": {"uv": [1, 8, 2, 8], "rotation": 180, "texture": "#1"}
			}
		},
		{
			"from": [16.4, -3.4, 6.5],
			"to": [17.4, -2.4, 6.5],
			"rotation": {"angle": 22.5, "axis": "z", "origin": [-8.4, 0.6, -0.5]},
			"faces": {
				"north": {"uv": [1, 8, 2, 9], "texture": "#1"},
				"east": {"uv": [1, 8, 1, 9], "texture": "#1"},
				"south": {"uv": [1, 8, 2, 9], "texture": "#1"},
				"west": {"uv": [1, 8, 1, 9], "texture": "#1"},
				"up": {"uv": [1, 8, 2, 8], "rotation": 180, "texture": "#1"},
				"down": {"uv": [1, 8, 2, 8], "rotation": 180, "texture": "#1"}
			}
		},
		{
			"from": [17.4, -3.4, 6.5],
			"to": [17.4, -2.4, 7.5],
			"rotation": {"angle": 22.5, "axis": "z", "origin": [-8.4, 0.6, -0.5]},
			"faces": {
				"north": {"uv": [1, 8, 1, 9], "texture": "#1"},
				"east": {"uv": [1, 8, 2, 9], "texture": "#1"},
				"south": {"uv": [1, 8, 1, 9], "texture": "#1"},
				"west": {"uv": [1, 8, 2, 9], "texture": "#1"},
				"up": {"uv": [1, 8, 1, 9], "rotation": 180, "texture": "#1"},
				"down": {"uv": [1, 8, 1, 9], "rotation": 180, "texture": "#1"}
			}
		},
		{
			"from": [17.4, -3.4, 8.5],
			"to": [17.4, -2.4, 9.5],
			"rotation": {"angle": 22.5, "axis": "z", "origin": [-8.4, 0.6, -0.5]},
			"faces": {
				"north": {"uv": [1, 8, 1, 9], "texture": "#1"},
				"east": {"uv": [1, 8, 2, 9], "texture": "#1"},
				"south": {"uv": [1, 8, 1, 9], "texture": "#1"},
				"west": {"uv": [1, 8, 2, 9], "texture": "#1"},
				"up": {"uv": [1, 8, 1, 9], "rotation": 180, "texture": "#1"},
				"down": {"uv": [1, 8, 1, 9], "rotation": 180, "texture": "#1"}
			}
		}
	],
	"display": {
		"fixed": {
			"translation": [0, 1.9625, 0],
			"rotation": [0, 0, 0],
			"scale": [0.8, 0.8, 0.8]
		}
	}
}