{
	"credit": "Made with Blockbench",
	"textures": {
		"4": "custom/beehive_end",
		"5": "custom/chain",
		"6": "custom/oak_log",
		"7": "custom/iron_block",
		"8": "custom/crabtrapicon_5",
		"particle": "custom/beehive_end"
	},
	"elements": [
		{
			"from": [-4, 0, -1],
			"to": [0, 2, 3],
			"faces": {
				"north": {"uv": [0, 0, 4, 2], "texture": "#6"},
				"east": {"uv": [0, 0, 4, 2], "texture": "#6"},
				"south": {"uv": [0, 0, 4, 2], "texture": "#6"},
				"west": {"uv": [0, 0, 4, 2], "texture": "#6"},
				"up": {"uv": [0, 0, 4, 4], "texture": "#6"},
				"down": {"uv": [0, 0, 4, 4], "texture": "#6"}
			}
		},
		{
			"from": [16, 0, -1],
			"to": [20, 2, 3],
			"faces": {
				"north": {"uv": [0, 0, 4, 2], "texture": "#6"},
				"east": {"uv": [0, 0, 4, 2], "texture": "#6"},
				"south": {"uv": [0, 0, 4, 2], "texture": "#6"},
				"west": {"uv": [0, 0, 4, 2], "texture": "#6"},
				"up": {"uv": [0, 0, 4, 4], "texture": "#6"},
				"down": {"uv": [0, 0, 4, 4], "texture": "#6"}
			}
		},
		{
			"from": [16, 0, 13],
			"to": [20, 2, 17],
			"faces": {
				"north": {"uv": [0, 0, 4, 2], "texture": "#6"},
				"east": {"uv": [0, 0, 4, 2], "texture": "#6"},
				"south": {"uv": [0, 0, 4, 2], "texture": "#6"},
				"west": {"uv": [0, 0, 4, 2], "texture": "#6"},
				"up": {"uv": [0, 0, 4, 4], "texture": "#6"},
				"down": {"uv": [0, 0, 4, 4], "texture": "#6"}
			}
		},
		{
			"from": [-4, 0, 13],
			"to": [0, 2, 17],
			"faces": {
				"north": {"uv": [0, 0, 4, 2], "texture": "#6"},
				"east": {"uv": [0, 0, 4, 2], "texture": "#6"},
				"south": {"uv": [0, 0, 4, 2], "texture": "#6"},
				"west": {"uv": [0, 0, 4, 2], "texture": "#6"},
				"up": {"uv": [0, 0, 4, 4], "texture": "#6"},
				"down": {"uv": [0, 0, 4, 4], "texture": "#6"}
			}
		},
		{
			"from": [-3, 2, 13],
			"to": [0, 10, 16],
			"faces": {
				"north": {"uv": [0, 0, 3, 8], "texture": "#4"},
				"east": {"uv": [0, 0, 3, 8], "texture": "#4"},
				"south": {"uv": [1, 0, 4, 8], "texture": "#4"},
				"west": {"uv": [4, 0, 1, 8], "texture": "#4"},
				"up": {"uv": [0, 0, 3, 3], "texture": "#4"},
				"down": {"uv": [0, 0, 3, 3], "texture": "#4"}
			}
		},
		{
			"from": [-3, 2, 0],
			"to": [0, 10, 3],
			"faces": {
				"north": {"uv": [4, 0, 1, 8], "texture": "#4"},
				"east": {"uv": [0, 0, 3, 8], "texture": "#4"},
				"south": {"uv": [0, 0, 3, 8], "texture": "#4"},
				"west": {"uv": [1, 0, 4, 8], "texture": "#4"},
				"up": {"uv": [0, 0, 3, 3], "texture": "#4"},
				"down": {"uv": [0, 0, 3, 3], "texture": "#4"}
			}
		},
		{
			"from": [16, 2, 0],
			"to": [19, 10, 3],
			"faces": {
				"north": {"uv": [1, 0, 4, 8], "texture": "#4"},
				"east": {"uv": [4, 0, 1, 8], "texture": "#4"},
				"south": {"uv": [0, 0, 3, 8], "texture": "#4"},
				"west": {"uv": [0, 0, 3, 8], "texture": "#4"},
				"up": {"uv": [3, 0, 0, 3], "texture": "#4"},
				"down": {"uv": [0, 0, 3, 3], "texture": "#4"}
			}
		},
		{
			"from": [17, 0, 3],
			"to": [19, 2, 13],
			"faces": {
				"north": {"uv": [0, 0, 2, 2], "texture": "#6"},
				"east": {"uv": [0, 0, 10, 2], "texture": "#6"},
				"south": {"uv": [0, 0, 2, 2], "texture": "#6"},
				"west": {"uv": [0, 0, 10, 2], "texture": "#6"},
				"up": {"uv": [0, 0, 2, 10], "texture": "#6"},
				"down": {"uv": [0, 0, 2, 10], "texture": "#6"}
			}
		},
		{
			"from": [-1, 0.1, 1],
			"to": [17, 1, 15],
			"faces": {
				"north": {"uv": [0, 0, 16, 0.9], "texture": "#4"},
				"east": {"uv": [0, 0, 14, 0.9], "texture": "#4"},
				"south": {"uv": [0, 0, 16, 0.9], "texture": "#4"},
				"west": {"uv": [0, 0, 14, 0.9], "texture": "#4"},
				"up": {"uv": [0, 0, 16, 14], "texture": "#4"},
				"down": {"uv": [0, 0, 16, 14], "texture": "#4"}
			}
		},
		{
			"from": [0, 0, 14],
			"to": [16, 2, 16],
			"faces": {
				"north": {"uv": [0, 0, 16, 2], "texture": "#6"},
				"east": {"uv": [0, 0, 2, 2], "texture": "#6"},
				"south": {"uv": [0, 0, 16, 2], "texture": "#6"},
				"west": {"uv": [0, 0, 2, 2], "texture": "#6"},
				"up": {"uv": [0, 0, 16, 2], "texture": "#6"},
				"down": {"uv": [0, 0, 16, 2], "texture": "#6"}
			}
		},
		{
			"from": [0, 8, 15],
			"to": [16, 10, 16],
			"faces": {
				"north": {"uv": [0, 0, 16, 2], "texture": "#4"},
				"east": {"uv": [0, 0, 1, 2], "texture": "#4"},
				"south": {"uv": [0, 4, 16, 6], "texture": "#4"},
				"west": {"uv": [0, 0, 1, 2], "texture": "#4"},
				"up": {"uv": [0, 0, 16, 1], "texture": "#4"},
				"down": {"uv": [0, 0, 16, 1], "texture": "#4"}
			}
		},
		{
			"from": [14, 8, 0],
			"to": [16, 10, 1],
			"faces": {
				"north": {"uv": [2, 0, 0, 2], "texture": "#4"},
				"east": {"uv": [0, 0, 1, 2], "texture": "#4"},
				"south": {"uv": [0, 0, 2, 2], "texture": "#4"},
				"west": {"uv": [0, 0, 1, 2], "texture": "#4"},
				"up": {"uv": [0, 0, 2, 1], "texture": "#4"},
				"down": {"uv": [0, 0, 2, 1], "texture": "#4"}
			}
		},
		{
			"from": [12, 0, 0],
			"to": [16, 2, 2],
			"faces": {
				"north": {"uv": [0, 0, 4, 2], "texture": "#6"},
				"east": {"uv": [0, 0, 2, 2], "texture": "#6"},
				"south": {"uv": [0, 0, 4, 2], "texture": "#6"},
				"west": {"uv": [0, 0, 2, 2], "texture": "#6"},
				"up": {"uv": [0, 0, 4, 2], "texture": "#6"},
				"down": {"uv": [0, 0, 4, 2], "texture": "#6"}
			}
		},
		{
			"from": [0, 0, 0],
			"to": [4, 2, 2],
			"faces": {
				"north": {"uv": [0, 0, 4, 2], "texture": "#6"},
				"east": {"uv": [0, 0, 2, 2], "texture": "#6"},
				"south": {"uv": [0, 0, 4, 2], "texture": "#6"},
				"west": {"uv": [0, 0, 2, 2], "texture": "#6"},
				"up": {"uv": [0, 0, 4, 2], "texture": "#6"},
				"down": {"uv": [0, 0, 4, 2], "texture": "#6"}
			}
		},
		{
			"from": [12, 2, 0],
			"to": [14, 10, 1],
			"faces": {
				"north": {"uv": [0, 0, 2, 8], "texture": "#4"},
				"east": {"uv": [0, 0, 1, 8], "texture": "#4"},
				"south": {"uv": [0, 0, 2, 8], "texture": "#4"},
				"west": {"uv": [0, 0, 1, 8], "texture": "#4"},
				"up": {"uv": [0, 0, 2, 1], "texture": "#4"},
				"down": {"uv": [0, 0, 2, 1], "texture": "#4"}
			}
		},
		{
			"from": [3, 0, -1.7],
			"to": [4, 10, -0.7],
			"rotation": {"angle": 22.5, "axis": "y", "origin": [0, 0, 0]},
			"faces": {
				"north": {"uv": [0, 0, 1, 10], "texture": "#6"},
				"east": {"uv": [0, 0, 1, 10], "texture": "#6"},
				"south": {"uv": [0, 0, 1, 10], "texture": "#6"},
				"west": {"uv": [0, 0, 1, 10], "texture": "#6"},
				"up": {"uv": [0, 0, 1, 1], "rotation": 90, "texture": "#6"},
				"down": {"uv": [0, 0, 1, 1], "rotation": 270, "texture": "#6"}
			}
		},
		{
			"from": [3, 0, 1.3],
			"to": [4, 10, 2.3],
			"rotation": {"angle": 22.5, "axis": "y", "origin": [0, 0, 0]},
			"faces": {
				"north": {"uv": [0, 0, 1, 10], "texture": "#6"},
				"east": {"uv": [0, 0, 1, 10], "texture": "#6"},
				"south": {"uv": [0, 0, 1, 10], "texture": "#6"},
				"west": {"uv": [0, 0, 1, 10], "texture": "#6"},
				"up": {"uv": [0, 0, 1, 1], "rotation": 90, "texture": "#6"},
				"down": {"uv": [0, 0, 1, 1], "rotation": 270, "texture": "#6"}
			}
		},
		{
			"from": [3, 8, -0.7],
			"to": [4, 10, 1.3],
			"rotation": {"angle": 22.5, "axis": "y", "origin": [0, 0, 0]},
			"faces": {
				"north": {"uv": [0, 0, 1, 2], "texture": "#6"},
				"east": {"uv": [0, 0, 2, 2], "texture": "#6"},
				"south": {"uv": [0, 0, 1, 2], "texture": "#6"},
				"west": {"uv": [0, 0, 2, 2], "texture": "#6"},
				"up": {"uv": [0, 0, 2, 1], "rotation": 90, "texture": "#6"},
				"down": {"uv": [0, 0, 2, 1], "rotation": 270, "texture": "#6"}
			}
		},
		{
			"from": [3, 0, -0.7],
			"to": [4, 2, 1.3],
			"rotation": {"angle": 22.5, "axis": "y", "origin": [0, 0, 0]},
			"faces": {
				"north": {"uv": [0, 0, 1, 2], "texture": "#6"},
				"east": {"uv": [0, 0, 2, 2], "texture": "#6"},
				"south": {"uv": [0, 0, 1, 2], "texture": "#6"},
				"west": {"uv": [0, 0, 2, 2], "texture": "#6"},
				"up": {"uv": [0, 0, 2, 1], "rotation": 90, "texture": "#6"},
				"down": {"uv": [0, 0, 2, 1], "rotation": 270, "texture": "#6"}
			}
		},
		{
			"from": [10.9, 0, -8.8],
			"to": [11.9, 10, -7.8],
			"rotation": {"angle": -22.5, "axis": "y", "origin": [0, 0, 0]},
			"faces": {
				"north": {"uv": [0, 0, 1, 10], "texture": "#6"},
				"east": {"uv": [0, 0, 1, 10], "texture": "#6"},
				"south": {"uv": [0, 0, 1, 10], "texture": "#6"},
				"west": {"uv": [0, 0, 1, 10], "texture": "#6"},
				"up": {"uv": [0, 0, 1, 1], "rotation": 90, "texture": "#6"},
				"down": {"uv": [0, 0, 1, 1], "rotation": 270, "texture": "#6"}
			}
		},
		{
			"from": [10.9, 0, -5.8],
			"to": [11.9, 10, -4.8],
			"rotation": {"angle": -22.5, "axis": "y", "origin": [0, 0, 0]},
			"faces": {
				"north": {"uv": [0, 0, 1, 10], "texture": "#6"},
				"east": {"uv": [0, 0, 1, 10], "texture": "#6"},
				"south": {"uv": [0, 0, 1, 10], "texture": "#6"},
				"west": {"uv": [0, 0, 1, 10], "texture": "#6"},
				"up": {"uv": [0, 0, 1, 1], "rotation": 90, "texture": "#6"},
				"down": {"uv": [0, 0, 1, 1], "rotation": 270, "texture": "#6"}
			}
		},
		{
			"from": [10.9, 8, -7.8],
			"to": [11.9, 10, -5.8],
			"rotation": {"angle": -22.5, "axis": "y", "origin": [0, 0, 0]},
			"faces": {
				"north": {"uv": [0, 0, 1, 2], "texture": "#6"},
				"east": {"uv": [0, 0, 2, 2], "texture": "#6"},
				"south": {"uv": [0, 0, 1, 2], "texture": "#6"},
				"west": {"uv": [0, 0, 2, 2], "texture": "#6"},
				"up": {"uv": [0, 0, 2, 1], "rotation": 90, "texture": "#6"},
				"down": {"uv": [0, 0, 2, 1], "rotation": 270, "texture": "#6"}
			}
		},
		{
			"from": [10.9, 0, -7.8],
			"to": [11.9, 2, -5.8],
			"rotation": {"angle": -22.5, "axis": "y", "origin": [0, 0, 0]},
			"faces": {
				"north": {"uv": [0, 0, 1, 2], "texture": "#6"},
				"east": {"uv": [0, 0, 2, 2], "texture": "#6"},
				"south": {"uv": [0, 0, 1, 2], "texture": "#6"},
				"west": {"uv": [0, 0, 2, 2], "texture": "#6"},
				"up": {"uv": [0, 0, 2, 1], "rotation": 90, "texture": "#6"},
				"down": {"uv": [0, 0, 2, 1], "rotation": 270, "texture": "#6"}
			}
		},
		{
			"from": [2, 2, 0],
			"to": [4, 10, 1],
			"faces": {
				"north": {"uv": [0, 0, 2, 8], "texture": "#4"},
				"east": {"uv": [0, 0, 1, 8], "texture": "#4"},
				"south": {"uv": [0, 0, 2, 8], "texture": "#4"},
				"west": {"uv": [0, 0, 1, 8], "texture": "#4"},
				"up": {"uv": [0, 0, 2, 1], "texture": "#4"},
				"down": {"uv": [0, 0, 2, 1], "texture": "#4"}
			}
		},
		{
			"from": [0, 8, 0],
			"to": [2, 10, 1],
			"faces": {
				"north": {"uv": [0, 0, 2, 2], "texture": "#4"},
				"east": {"uv": [0, 0, 1, 2], "texture": "#4"},
				"south": {"uv": [0, 0, 2, 2], "texture": "#4"},
				"west": {"uv": [0, 0, 1, 2], "texture": "#4"},
				"up": {"uv": [0, 0, 2, 1], "texture": "#4"},
				"down": {"uv": [0, 0, 2, 1], "texture": "#4"}
			}
		},
		{
			"from": [16, 8, 3],
			"to": [19, 10, 13],
			"faces": {
				"north": {"uv": [0, 0, 3, 2], "texture": "#4"},
				"east": {"uv": [5, 3, 7, 13], "rotation": 90, "texture": "#4"},
				"south": {"uv": [0, 0, 3, 2], "texture": "#4"},
				"west": {"uv": [0, 0, 10, 2], "texture": "#4"},
				"up": {"uv": [5, 3, 2, 13], "texture": "#4"},
				"down": {"uv": [0, 0, 3, 10], "texture": "#4"}
			}
		},
		{
			"from": [-3, 8, 3],
			"to": [0, 10, 13],
			"faces": {
				"north": {"uv": [0, 0, 3, 2], "texture": "#4"},
				"east": {"uv": [0, 0, 10, 2], "texture": "#4"},
				"south": {"uv": [0, 0, 3, 2], "texture": "#4"},
				"west": {"uv": [6, 3, 8, 13], "rotation": 90, "texture": "#4"},
				"up": {"uv": [6, 3, 9, 13], "texture": "#4"},
				"down": {"uv": [0, 0, 3, 10], "texture": "#4"}
			}
		},
		{
			"from": [-3, 0, 3],
			"to": [-1, 2, 13],
			"faces": {
				"north": {"uv": [0, 0, 2, 2], "texture": "#6"},
				"east": {"uv": [0, 0, 10, 2], "texture": "#6"},
				"south": {"uv": [0, 0, 2, 2], "texture": "#6"},
				"west": {"uv": [0, 0, 10, 2], "texture": "#6"},
				"up": {"uv": [0, 0, 2, 10], "texture": "#6"},
				"down": {"uv": [0, 0, 2, 10], "texture": "#6"}
			}
		},
		{
			"from": [16, 2, 13],
			"to": [19, 10, 16],
			"faces": {
				"north": {"uv": [0, 0, 3, 8], "texture": "#4"},
				"east": {"uv": [1, 0, 4, 8], "texture": "#4"},
				"south": {"uv": [4, 0, 1, 8], "texture": "#4"},
				"west": {"uv": [0, 0, 3, 8], "texture": "#4"},
				"up": {"uv": [3, 3, 0, 0], "texture": "#4"},
				"down": {"uv": [0, 0, 3, 3], "texture": "#4"}
			}
		},
		{
			"from": [13, 10, 0],
			"to": [16, 13, 16],
			"faces": {
				"north": {"uv": [0, 0, 3, 3], "texture": "#4"},
				"east": {"uv": [1, 0, 4, 16], "rotation": 90, "texture": "#4"},
				"south": {"uv": [3, 0, 0, 3], "texture": "#4"},
				"west": {"uv": [0, 0, 16, 3], "texture": "#4"},
				"up": {"uv": [4, 0, 1, 16], "texture": "#4"},
				"down": {"uv": [0, 0, 3, 16], "texture": "#4"}
			}
		},
		{
			"from": [0, 10, 0],
			"to": [3, 13, 16],
			"faces": {
				"north": {"uv": [3, 0, 0, 3], "texture": "#4"},
				"east": {"uv": [0, 0, 16, 3], "texture": "#4"},
				"south": {"uv": [0, 0, 3, 3], "texture": "#4"},
				"west": {"uv": [4, 0, 1, 16], "rotation": 270, "texture": "#4"},
				"up": {"uv": [1, 0, 4, 16], "texture": "#4"},
				"down": {"uv": [0, 0, 3, 16], "texture": "#4"}
			}
		},
		{
			"from": [3, 10, 0],
			"to": [13, 14, 16],
			"faces": {
				"north": {"uv": [1, 0, 11, 4], "texture": "#4"},
				"east": {"uv": [6, 0, 9, 16], "rotation": 90, "texture": "#4"},
				"south": {"uv": [11, 4, 1, 0], "rotation": 180, "texture": "#4"},
				"west": {"uv": [6, 0, 9, 16], "rotation": 90, "texture": "#4"},
				"up": {"uv": [5, 0, 15, 16], "texture": "#4"},
				"down": {"uv": [0, 0, 10, 16], "texture": "#4"}
			}
		},
		{
			"from": [-1, 2.5, 2.5],
			"to": [-1, 4.5, 13.5],
			"faces": {
				"north": {"uv": [0, 0, 0, 2], "texture": "#5"},
				"east": {"uv": [0, 0, 3, 16], "rotation": 90, "texture": "#5"},
				"south": {"uv": [0, 0, 0, 2], "texture": "#5"},
				"west": {"uv": [0, 0, 3, 16], "rotation": 90, "texture": "#5"},
				"up": {"uv": [0, 0, 0, 8], "texture": "#5"},
				"down": {"uv": [0, 0, 0, 8], "texture": "#5"}
			}
		},
		{
			"from": [-1, 5.5, 2.5],
			"to": [-1, 7.5, 13.5],
			"faces": {
				"north": {"uv": [0, 0, 0, 2], "texture": "#5"},
				"east": {"uv": [0, 0, 3, 16], "rotation": 90, "texture": "#5"},
				"south": {"uv": [0, 0, 0, 2], "texture": "#5"},
				"west": {"uv": [0, 0, 3, 16], "rotation": 90, "texture": "#5"},
				"up": {"uv": [0, 0, 0, 8], "texture": "#5"},
				"down": {"uv": [0, 0, 0, 8], "texture": "#5"}
			}
		},
		{
			"from": [-2, 3.5, 0.5],
			"to": [0, 3.5, 11.5],
			"faces": {
				"north": {"uv": [0, 0, 0, 2], "rotation": 270, "texture": "#5"},
				"east": {"uv": [0, 0, 0, 8], "rotation": 90, "texture": "#5"},
				"south": {"uv": [0, 0, 0, 2], "rotation": 90, "texture": "#5"},
				"west": {"uv": [0, 0, 0, 8], "rotation": 90, "texture": "#5"},
				"up": {"uv": [0, 0, 3, 16], "rotation": 180, "texture": "#5"},
				"down": {"uv": [0, 0, 3, 16], "texture": "#5"}
			}
		},
		{
			"from": [-2, 6.5, 0.5],
			"to": [0, 6.5, 11.5],
			"faces": {
				"north": {"uv": [0, 0, 0, 2], "rotation": 270, "texture": "#5"},
				"east": {"uv": [0, 0, 0, 8], "rotation": 90, "texture": "#5"},
				"south": {"uv": [0, 0, 0, 2], "rotation": 90, "texture": "#5"},
				"west": {"uv": [0, 0, 0, 8], "rotation": 90, "texture": "#5"},
				"up": {"uv": [0, 0, 3, 16], "rotation": 180, "texture": "#5"},
				"down": {"uv": [0, 0, 3, 16], "texture": "#5"}
			}
		},
		{
			"from": [16, 3.5, 0.5],
			"to": [18, 3.5, 11.5],
			"faces": {
				"north": {"uv": [0, 0, 0, 2], "rotation": 270, "texture": "#5"},
				"east": {"uv": [0, 0, 0, 8], "rotation": 90, "texture": "#5"},
				"south": {"uv": [0, 0, 0, 2], "rotation": 90, "texture": "#5"},
				"west": {"uv": [0, 0, 0, 8], "rotation": 90, "texture": "#5"},
				"up": {"uv": [0, 0, 3, 16], "rotation": 180, "texture": "#5"},
				"down": {"uv": [0, 0, 3, 16], "texture": "#5"}
			}
		},
		{
			"from": [17, 2.5, 2.5],
			"to": [17, 4.5, 13.5],
			"faces": {
				"north": {"uv": [0, 0, 0, 2], "texture": "#5"},
				"east": {"uv": [0, 0, 3, 16], "rotation": 90, "texture": "#5"},
				"south": {"uv": [0, 0, 0, 2], "texture": "#5"},
				"west": {"uv": [0, 0, 3, 16], "rotation": 90, "texture": "#5"},
				"up": {"uv": [0, 0, 0, 8], "texture": "#5"},
				"down": {"uv": [0, 0, 0, 8], "texture": "#5"}
			}
		},
		{
			"from": [17, 5.5, 2.5],
			"to": [17, 7.5, 13.5],
			"faces": {
				"north": {"uv": [0, 0, 0, 2], "texture": "#5"},
				"east": {"uv": [0, 0, 3, 16], "rotation": 90, "texture": "#5"},
				"south": {"uv": [0, 0, 0, 2], "texture": "#5"},
				"west": {"uv": [0, 0, 3, 16], "rotation": 90, "texture": "#5"},
				"up": {"uv": [0, 0, 0, 8], "texture": "#5"},
				"down": {"uv": [0, 0, 0, 8], "texture": "#5"}
			}
		},
		{
			"from": [16, 6.5, 0.5],
			"to": [18, 6.5, 11.5],
			"faces": {
				"north": {"uv": [0, 0, 0, 2], "rotation": 270, "texture": "#5"},
				"east": {"uv": [0, 0, 0, 8], "rotation": 90, "texture": "#5"},
				"south": {"uv": [0, 0, 0, 2], "rotation": 90, "texture": "#5"},
				"west": {"uv": [0, 0, 0, 8], "rotation": 90, "texture": "#5"},
				"up": {"uv": [0, 0, 3, 16], "rotation": 180, "texture": "#5"},
				"down": {"uv": [0, 0, 3, 16], "texture": "#5"}
			}
		},
		{
			"from": [-1.5, 2.5, 15],
			"to": [9.5, 4.5, 15],
			"faces": {
				"north": {"uv": [0, 16, 3, 0], "rotation": 90, "texture": "#5"},
				"east": {"uv": [0, 0, 0, 2], "texture": "#5"},
				"south": {"uv": [0, 0, 3, 16], "rotation": 90, "texture": "#5"},
				"west": {"uv": [0, 0, 0, 2], "texture": "#5"},
				"up": {"uv": [0, 0, 0, 8], "rotation": 90, "texture": "#5"},
				"down": {"uv": [0, 0, 0, 8], "rotation": 270, "texture": "#5"}
			}
		},
		{
			"from": [0.5, 3.5, 14],
			"to": [11.5, 3.5, 16],
			"faces": {
				"north": {"uv": [0, 0, 0, 8], "rotation": 90, "texture": "#5"},
				"east": {"uv": [0, 0, 0, 2], "rotation": 270, "texture": "#5"},
				"south": {"uv": [0, 0, 0, 8], "rotation": 90, "texture": "#5"},
				"west": {"uv": [0, 0, 0, 2], "rotation": 90, "texture": "#5"},
				"up": {"uv": [0, 0, 3, 16], "rotation": 270, "texture": "#5"},
				"down": {"uv": [0, 0, 3, 16], "rotation": 270, "texture": "#5"}
			}
		},
		{
			"from": [8.9, 2.5, 15],
			"to": [15.9, 4.5, 15],
			"faces": {
				"north": {"uv": [0, 12, 3, 1], "rotation": 90, "texture": "#5"},
				"east": {"uv": [0, 1, 0, 0], "texture": "#5"},
				"south": {"uv": [0, 1, 3, 12], "rotation": 90, "texture": "#5"},
				"west": {"uv": [0, 1, 0, 0], "texture": "#5"},
				"up": {"uv": [0, 1, 0, 4], "rotation": 90, "texture": "#5"},
				"down": {"uv": [0, 1, 0, 4], "rotation": 270, "texture": "#5"}
			}
		},
		{
			"from": [12.1, 3.5, 14],
			"to": [19.1, 3.5, 16],
			"faces": {
				"north": {"uv": [0, 1, 0, 4], "rotation": 90, "texture": "#5"},
				"east": {"uv": [0, 1, 0, 0], "rotation": 270, "texture": "#5"},
				"south": {"uv": [0, 1, 0, 4], "rotation": 90, "texture": "#5"},
				"west": {"uv": [0, 1, 0, 0], "rotation": 90, "texture": "#5"},
				"up": {"uv": [0, 1, 3, 12], "rotation": 270, "texture": "#5"},
				"down": {"uv": [0, 1, 3, 12], "rotation": 270, "texture": "#5"}
			}
		},
		{
			"from": [8.9, 5.5, 15],
			"to": [15.9, 7.5, 15],
			"faces": {
				"north": {"uv": [0, 12, 3, 1], "rotation": 90, "texture": "#5"},
				"east": {"uv": [0, 1, 0, 0], "texture": "#5"},
				"south": {"uv": [0, 1, 3, 12], "rotation": 90, "texture": "#5"},
				"west": {"uv": [0, 1, 0, 0], "texture": "#5"},
				"up": {"uv": [0, 1, 0, 4], "rotation": 90, "texture": "#5"},
				"down": {"uv": [0, 1, 0, 4], "rotation": 270, "texture": "#5"}
			}
		},
		{
			"from": [12.1, 6.5, 14],
			"to": [19.1, 6.5, 16],
			"faces": {
				"north": {"uv": [0, 1, 0, 4], "rotation": 90, "texture": "#5"},
				"east": {"uv": [0, 1, 0, 0], "rotation": 270, "texture": "#5"},
				"south": {"uv": [0, 1, 0, 4], "rotation": 90, "texture": "#5"},
				"west": {"uv": [0, 1, 0, 0], "rotation": 90, "texture": "#5"},
				"up": {"uv": [0, 1, 3, 12], "rotation": 270, "texture": "#5"},
				"down": {"uv": [0, 1, 3, 12], "rotation": 270, "texture": "#5"}
			}
		},
		{
			"from": [-1.5, 5.5, 15],
			"to": [9.5, 7.5, 15],
			"faces": {
				"north": {"uv": [0, 16, 3, 0], "rotation": 90, "texture": "#5"},
				"east": {"uv": [0, 0, 0, 2], "texture": "#5"},
				"south": {"uv": [0, 0, 3, 16], "rotation": 90, "texture": "#5"},
				"west": {"uv": [0, 0, 0, 2], "texture": "#5"},
				"up": {"uv": [0, 0, 0, 8], "rotation": 90, "texture": "#5"},
				"down": {"uv": [0, 0, 0, 8], "rotation": 270, "texture": "#5"}
			}
		},
		{
			"from": [0.5, 6.5, 14],
			"to": [11.5, 6.5, 16],
			"faces": {
				"north": {"uv": [0, 0, 0, 8], "rotation": 90, "texture": "#5"},
				"east": {"uv": [0, 0, 0, 2], "rotation": 270, "texture": "#5"},
				"south": {"uv": [0, 0, 0, 8], "rotation": 90, "texture": "#5"},
				"west": {"uv": [0, 0, 0, 2], "rotation": 90, "texture": "#5"},
				"up": {"uv": [0, 0, 3, 16], "rotation": 270, "texture": "#5"},
				"down": {"uv": [0, 0, 3, 16], "rotation": 270, "texture": "#5"}
			}
		},
		{
			"from": [14, 2.5, 0.5],
			"to": [17, 4.5, 0.5],
			"faces": {
				"north": {"uv": [0, 1, 3, 5], "rotation": 90, "texture": "#5"},
				"east": {"uv": [0, 1, 0, 1], "texture": "#5"},
				"south": {"uv": [0, 1, 3, 5], "rotation": 90, "texture": "#5"},
				"west": {"uv": [0, 1, 0, 1], "texture": "#5"},
				"up": {"uv": [0, 1, 0, 1], "rotation": 90, "texture": "#5"},
				"down": {"uv": [0, 1, 0, 1], "rotation": 270, "texture": "#5"}
			}
		},
		{
			"from": [13.6, 3.5, 0],
			"to": [16.6, 3.5, 2],
			"faces": {
				"north": {"uv": [0, 1, 0, 1], "rotation": 90, "texture": "#5"},
				"east": {"uv": [0, 1, 0, 1], "rotation": 270, "texture": "#5"},
				"south": {"uv": [0, 1, 0, 1], "rotation": 90, "texture": "#5"},
				"west": {"uv": [0, 1, 0, 1], "rotation": 90, "texture": "#5"},
				"up": {"uv": [0, 6, 3, 10], "rotation": 270, "texture": "#5"},
				"down": {"uv": [0, 1, 3, 5], "rotation": 270, "texture": "#5"}
			}
		},
		{
			"from": [13.6, 6.5, 0],
			"to": [16.6, 6.5, 2],
			"faces": {
				"north": {"uv": [0, 1, 0, 1], "rotation": 90, "texture": "#5"},
				"east": {"uv": [0, 1, 0, 1], "rotation": 270, "texture": "#5"},
				"south": {"uv": [0, 1, 0, 1], "rotation": 90, "texture": "#5"},
				"west": {"uv": [0, 1, 0, 1], "rotation": 90, "texture": "#5"},
				"up": {"uv": [0, 6, 3, 10], "rotation": 270, "texture": "#5"},
				"down": {"uv": [0, 1, 3, 5], "rotation": 270, "texture": "#5"}
			}
		},
		{
			"from": [14, 5.5, 0.5],
			"to": [17, 7.5, 0.5],
			"faces": {
				"north": {"uv": [0, 1, 3, 5], "rotation": 90, "texture": "#5"},
				"east": {"uv": [0, 1, 0, 1], "texture": "#5"},
				"south": {"uv": [0, 1, 3, 5], "rotation": 90, "texture": "#5"},
				"west": {"uv": [0, 1, 0, 1], "texture": "#5"},
				"up": {"uv": [0, 1, 0, 1], "rotation": 90, "texture": "#5"},
				"down": {"uv": [0, 1, 0, 1], "rotation": 270, "texture": "#5"}
			}
		},
		{
			"from": [-0.4, 3.5, 0],
			"to": [2.6, 3.5, 2],
			"faces": {
				"north": {"uv": [0, 1, 0, 1], "rotation": 90, "texture": "#5"},
				"east": {"uv": [0, 1, 0, 1], "rotation": 270, "texture": "#5"},
				"south": {"uv": [0, 1, 0, 1], "rotation": 90, "texture": "#5"},
				"west": {"uv": [0, 1, 0, 1], "rotation": 90, "texture": "#5"},
				"up": {"uv": [0, 6, 3, 10], "rotation": 270, "texture": "#5"},
				"down": {"uv": [0, 1, 3, 5], "rotation": 270, "texture": "#5"}
			}
		},
		{
			"from": [0, 2.5, 0.5],
			"to": [3, 4.5, 0.5],
			"faces": {
				"north": {"uv": [0, 1, 3, 5], "rotation": 90, "texture": "#5"},
				"east": {"uv": [0, 1, 0, 1], "texture": "#5"},
				"south": {"uv": [0, 1, 3, 5], "rotation": 90, "texture": "#5"},
				"west": {"uv": [0, 1, 0, 1], "texture": "#5"},
				"up": {"uv": [0, 1, 0, 1], "rotation": 90, "texture": "#5"},
				"down": {"uv": [0, 1, 0, 1], "rotation": 270, "texture": "#5"}
			}
		},
		{
			"from": [0, 5.5, 0.5],
			"to": [3, 7.5, 0.5],
			"faces": {
				"north": {"uv": [0, 1, 3, 5], "rotation": 90, "texture": "#5"},
				"east": {"uv": [0, 1, 0, 1], "texture": "#5"},
				"south": {"uv": [0, 1, 3, 5], "rotation": 90, "texture": "#5"},
				"west": {"uv": [0, 1, 0, 1], "texture": "#5"},
				"up": {"uv": [0, 1, 0, 1], "rotation": 90, "texture": "#5"},
				"down": {"uv": [0, 1, 0, 1], "rotation": 270, "texture": "#5"}
			}
		},
		{
			"from": [-0.4, 6.5, 0],
			"to": [2.6, 6.5, 2],
			"faces": {
				"north": {"uv": [0, 1, 0, 1], "rotation": 90, "texture": "#5"},
				"east": {"uv": [0, 1, 0, 1], "rotation": 270, "texture": "#5"},
				"south": {"uv": [0, 1, 0, 1], "rotation": 90, "texture": "#5"},
				"west": {"uv": [0, 1, 0, 1], "rotation": 90, "texture": "#5"},
				"up": {"uv": [0, 6, 3, 10], "rotation": 270, "texture": "#5"},
				"down": {"uv": [0, 1, 3, 5], "rotation": 270, "texture": "#5"}
			}
		},
		{
			"from": [16, 10, 7],
			"to": [18, 17, 9],
			"faces": {
				"north": {"uv": [0, 0, 2, 7], "texture": "#6"},
				"east": {"uv": [0, 0, 2, 7], "texture": "#6"},
				"south": {"uv": [0, 0, 2, 7], "texture": "#6"},
				"west": {"uv": [0, 0, 2, 7], "texture": "#6"},
				"up": {"uv": [0, 0, 2, 2], "texture": "#6"},
				"down": {"uv": [0, 0, 2, 2], "texture": "#6"}
			}
		},
		{
			"from": [0, 15.2, 7.2],
			"to": [16, 16.8, 8.8],
			"faces": {
				"north": {"uv": [0, 5, 16, 7], "texture": "#7"},
				"east": {"uv": [0, 5, 1.6, 7], "texture": "#7"},
				"south": {"uv": [0, 5, 16, 7], "texture": "#7"},
				"west": {"uv": [0, 5, 1.6, 7], "texture": "#7"},
				"up": {"uv": [0, 5, 16, 7], "texture": "#7"},
				"down": {"uv": [0, 5, 16, 7], "texture": "#7"}
			}
		},
		{
			"from": [-2, 10, 7],
			"to": [0, 17, 9],
			"faces": {
				"north": {"uv": [0, 0, 2, 7], "texture": "#6"},
				"east": {"uv": [0, 0, 2, 7], "texture": "#6"},
				"south": {"uv": [0, 0, 2, 7], "texture": "#6"},
				"west": {"uv": [0, 0, 2, 7], "texture": "#6"},
				"up": {"uv": [0, 0, 2, 2], "texture": "#6"},
				"down": {"uv": [0, 0, 2, 2], "texture": "#6"}
			}
		},
		{
			"name": "ICON",
			"from": [0, 1, -1],
			"to": [16, 1, 15],
			"faces": {
				"down": {"uv": [0, 0, 16, 16], "texture": "#8"}
			}
		}
	],
	"gui_light": "front",
	"display": {
		"thirdperson_righthand": {
			"rotation": [90, 90, 0],
			"translation": [0.75, -2, -2.5],
			"scale": [0.4, 0.4, 0.4]
		},
		"thirdperson_lefthand": {
			"rotation": [90, 90, 0],
			"translation": [1, 0, -2.5],
			"scale": [0.4, 0.4, 0.4]
		},
		"firstperson_righthand": {
			"rotation": [-38, 143, 0],
			"translation": [0.75, 3.75, 0],
			"scale": [0.4, 0.4, 0.4]
		},
		"firstperson_lefthand": {
			"rotation": [-38, 143, 0],
			"translation": [0, 3.25, -0.5],
			"scale": [0.4, 0.4, 0.4]
		},
		"ground": {
			"translation": [0, 3.5, 0],
			"scale": [0.5, 0.5, 0.5]
		},
		"gui": {
			"rotation": [-90, 0, 0],
			"translation": [0, -1, 0]
		},
		"fixed": {
			"rotation": [0, 0, 0],
			"translation": [0, 4.75, 0],
			"scale": [0.6, 0.6, 0.6]
		}
	}
}