{
	"credit": "Made with Blockbench",
	"textures": {
		"0": "custom/crab_bottom",
		"1": "custom/crab_shell",
		"2": "custom/crab_eye",
		"4": "custom/beehive_end",
		"5": "custom/chain",
		"6": "custom/oak_log",
		"7": "custom/iron_block",
		"8": "custom/crabtrapicon_0",
		"particle": "custom/crab_shell"
	},
	"elements": [
		{
			"from": [-4, 0, -1],
			"to": [0, 2, 3],
			"faces": {
				"north": {"uv": [0, 0, 4, 2], "texture": "#6"},
				"east": {"uv": [0, 0, 4, 2], "texture": "#6"},
				"south": {"uv": [0, 0, 4, 2], "texture": "#6"},
				"west": {"uv": [0, 0, 4, 2], "texture": "#6"},
				"up": {"uv": [0, 0, 4, 4], "texture": "#6"},
				"down": {"uv": [0, 0, 4, 4], "texture": "#6"}
			}
		},
		{
			"from": [16, 0, -1],
			"to": [20, 2, 3],
			"faces": {
				"north": {"uv": [0, 0, 4, 2], "texture": "#6"},
				"east": {"uv": [0, 0, 4, 2], "texture": "#6"},
				"south": {"uv": [0, 0, 4, 2], "texture": "#6"},
				"west": {"uv": [0, 0, 4, 2], "texture": "#6"},
				"up": {"uv": [0, 0, 4, 4], "texture": "#6"},
				"down": {"uv": [0, 0, 4, 4], "texture": "#6"}
			}
		},
		{
			"from": [16, 0, 13],
			"to": [20, 2, 17],
			"faces": {
				"north": {"uv": [0, 0, 4, 2], "texture": "#6"},
				"east": {"uv": [0, 0, 4, 2], "texture": "#6"},
				"south": {"uv": [0, 0, 4, 2], "texture": "#6"},
				"west": {"uv": [0, 0, 4, 2], "texture": "#6"},
				"up": {"uv": [0, 0, 4, 4], "texture": "#6"},
				"down": {"uv": [0, 0, 4, 4], "texture": "#6"}
			}
		},
		{
			"from": [-4, 0, 13],
			"to": [0, 2, 17],
			"faces": {
				"north": {"uv": [0, 0, 4, 2], "texture": "#6"},
				"east": {"uv": [0, 0, 4, 2], "texture": "#6"},
				"south": {"uv": [0, 0, 4, 2], "texture": "#6"},
				"west": {"uv": [0, 0, 4, 2], "texture": "#6"},
				"up": {"uv": [0, 0, 4, 4], "texture": "#6"},
				"down": {"uv": [0, 0, 4, 4], "texture": "#6"}
			}
		},
		{
			"from": [-3, 2, 13],
			"to": [0, 10, 16],
			"faces": {
				"north": {"uv": [0, 0, 3, 8], "texture": "#4"},
				"east": {"uv": [0, 0, 3, 8], "texture": "#4"},
				"south": {"uv": [1, 0, 4, 8], "texture": "#4"},
				"west": {"uv": [4, 0, 1, 8], "texture": "#4"},
				"up": {"uv": [0, 0, 3, 3], "texture": "#4"},
				"down": {"uv": [0, 0, 3, 3], "texture": "#4"}
			}
		},
		{
			"from": [-3, 2, 0],
			"to": [0, 10, 3],
			"faces": {
				"north": {"uv": [4, 0, 1, 8], "texture": "#4"},
				"east": {"uv": [0, 0, 3, 8], "texture": "#4"},
				"south": {"uv": [0, 0, 3, 8], "texture": "#4"},
				"west": {"uv": [1, 0, 4, 8], "texture": "#4"},
				"up": {"uv": [0, 0, 3, 3], "texture": "#4"},
				"down": {"uv": [0, 0, 3, 3], "texture": "#4"}
			}
		},
		{
			"from": [16, 2, 0],
			"to": [19, 10, 3],
			"faces": {
				"north": {"uv": [1, 0, 4, 8], "texture": "#4"},
				"east": {"uv": [4, 0, 1, 8], "texture": "#4"},
				"south": {"uv": [0, 0, 3, 8], "texture": "#4"},
				"west": {"uv": [0, 0, 3, 8], "texture": "#4"},
				"up": {"uv": [3, 0, 0, 3], "texture": "#4"},
				"down": {"uv": [0, 0, 3, 3], "texture": "#4"}
			}
		},
		{
			"from": [17, 0, 3],
			"to": [19, 2, 13],
			"faces": {
				"north": {"uv": [0, 0, 2, 2], "texture": "#6"},
				"east": {"uv": [0, 0, 10, 2], "texture": "#6"},
				"south": {"uv": [0, 0, 2, 2], "texture": "#6"},
				"west": {"uv": [0, 0, 10, 2], "texture": "#6"},
				"up": {"uv": [0, 0, 2, 10], "texture": "#6"},
				"down": {"uv": [0, 0, 2, 10], "texture": "#6"}
			}
		},
		{
			"from": [-1, 0.1, 1],
			"to": [17, 1, 15],
			"faces": {
				"north": {"uv": [0, 0, 16, 0.9], "texture": "#4"},
				"east": {"uv": [0, 0, 14, 0.9], "texture": "#4"},
				"south": {"uv": [0, 0, 16, 0.9], "texture": "#4"},
				"west": {"uv": [0, 0, 14, 0.9], "texture": "#4"},
				"up": {"uv": [0, 0, 16, 14], "texture": "#4"},
				"down": {"uv": [0, 0, 16, 14], "texture": "#4"}
			}
		},
		{
			"from": [0, 0, 14],
			"to": [16, 2, 16],
			"faces": {
				"north": {"uv": [0, 0, 16, 2], "texture": "#6"},
				"east": {"uv": [0, 0, 2, 2], "texture": "#6"},
				"south": {"uv": [0, 0, 16, 2], "texture": "#6"},
				"west": {"uv": [0, 0, 2, 2], "texture": "#6"},
				"up": {"uv": [0, 0, 16, 2], "texture": "#6"},
				"down": {"uv": [0, 0, 16, 2], "texture": "#6"}
			}
		},
		{
			"from": [0, 8, 15],
			"to": [16, 10, 16],
			"faces": {
				"north": {"uv": [0, 0, 16, 2], "texture": "#4"},
				"east": {"uv": [0, 0, 1, 2], "texture": "#4"},
				"south": {"uv": [0, 4, 16, 6], "texture": "#4"},
				"west": {"uv": [0, 0, 1, 2], "texture": "#4"},
				"up": {"uv": [0, 0, 16, 1], "texture": "#4"},
				"down": {"uv": [0, 0, 16, 1], "texture": "#4"}
			}
		},
		{
			"from": [14, 8, 0],
			"to": [16, 10, 1],
			"faces": {
				"north": {"uv": [2, 0, 0, 2], "texture": "#4"},
				"east": {"uv": [0, 0, 1, 2], "texture": "#4"},
				"south": {"uv": [0, 0, 2, 2], "texture": "#4"},
				"west": {"uv": [0, 0, 1, 2], "texture": "#4"},
				"up": {"uv": [0, 0, 2, 1], "texture": "#4"},
				"down": {"uv": [0, 0, 2, 1], "texture": "#4"}
			}
		},
		{
			"from": [12, 0, 0],
			"to": [16, 2, 2],
			"faces": {
				"north": {"uv": [0, 0, 4, 2], "texture": "#6"},
				"east": {"uv": [0, 0, 2, 2], "texture": "#6"},
				"south": {"uv": [0, 0, 4, 2], "texture": "#6"},
				"west": {"uv": [0, 0, 2, 2], "texture": "#6"},
				"up": {"uv": [0, 0, 4, 2], "texture": "#6"},
				"down": {"uv": [0, 0, 4, 2], "texture": "#6"}
			}
		},
		{
			"from": [0, 0, 0],
			"to": [4, 2, 2],
			"faces": {
				"north": {"uv": [0, 0, 4, 2], "texture": "#6"},
				"east": {"uv": [0, 0, 2, 2], "texture": "#6"},
				"south": {"uv": [0, 0, 4, 2], "texture": "#6"},
				"west": {"uv": [0, 0, 2, 2], "texture": "#6"},
				"up": {"uv": [0, 0, 4, 2], "texture": "#6"},
				"down": {"uv": [0, 0, 4, 2], "texture": "#6"}
			}
		},
		{
			"from": [12, 2, 0],
			"to": [14, 10, 1],
			"faces": {
				"north": {"uv": [0, 0, 2, 8], "texture": "#4"},
				"east": {"uv": [0, 0, 1, 8], "texture": "#4"},
				"south": {"uv": [0, 0, 2, 8], "texture": "#4"},
				"west": {"uv": [0, 0, 1, 8], "texture": "#4"},
				"up": {"uv": [0, 0, 2, 1], "texture": "#4"},
				"down": {"uv": [0, 0, 2, 1], "texture": "#4"}
			}
		},
		{
			"from": [7, 0, 0.1],
			"to": [8, 10, 1.1],
			"faces": {
				"north": {"uv": [0, 0, 1, 10], "texture": "#6"},
				"east": {"uv": [0, 0, 1, 10], "texture": "#6"},
				"south": {"uv": [0, 0, 1, 10], "texture": "#6"},
				"west": {"uv": [0, 0, 1, 10], "texture": "#6"},
				"up": {"uv": [0, 0, 1, 1], "rotation": 180, "texture": "#6"},
				"down": {"uv": [0, 0, 1, 1], "rotation": 180, "texture": "#6"}
			}
		},
		{
			"from": [4, 0, 0.1],
			"to": [5, 10, 1.1],
			"faces": {
				"north": {"uv": [0, 0, 1, 10], "texture": "#6"},
				"east": {"uv": [0, 0, 1, 10], "texture": "#6"},
				"south": {"uv": [0, 0, 1, 10], "texture": "#6"},
				"west": {"uv": [0, 0, 1, 10], "texture": "#6"},
				"up": {"uv": [0, 0, 1, 1], "rotation": 180, "texture": "#6"},
				"down": {"uv": [0, 0, 1, 1], "rotation": 180, "texture": "#6"}
			}
		},
		{
			"from": [5, 8, 0.1],
			"to": [7, 10, 1.1],
			"faces": {
				"north": {"uv": [0, 0, 2, 2], "texture": "#6"},
				"east": {"uv": [0, 0, 1, 2], "texture": "#6"},
				"south": {"uv": [0, 0, 2, 2], "texture": "#6"},
				"west": {"uv": [0, 0, 1, 2], "texture": "#6"},
				"up": {"uv": [0, 0, 2, 1], "rotation": 180, "texture": "#6"},
				"down": {"uv": [0, 0, 2, 1], "rotation": 180, "texture": "#6"}
			}
		},
		{
			"from": [5, 0, 0.1],
			"to": [7, 2, 1.1],
			"faces": {
				"north": {"uv": [0, 0, 2, 2], "texture": "#6"},
				"east": {"uv": [0, 0, 1, 2], "texture": "#6"},
				"south": {"uv": [0, 0, 2, 2], "texture": "#6"},
				"west": {"uv": [0, 0, 1, 2], "texture": "#6"},
				"up": {"uv": [0, 0, 2, 1], "rotation": 180, "texture": "#6"},
				"down": {"uv": [0, 0, 2, 1], "rotation": 180, "texture": "#6"}
			}
		},
		{
			"from": [8, 0, 0.1],
			"to": [9, 10, 1.1],
			"faces": {
				"north": {"uv": [0, 0, 1, 10], "texture": "#6"},
				"east": {"uv": [0, 0, 1, 10], "texture": "#6"},
				"south": {"uv": [0, 0, 1, 10], "texture": "#6"},
				"west": {"uv": [0, 0, 1, 10], "texture": "#6"},
				"up": {"uv": [0, 0, 1, 1], "texture": "#6"},
				"down": {"uv": [0, 0, 1, 1], "texture": "#6"}
			}
		},
		{
			"from": [11, 0, 0.1],
			"to": [12, 10, 1.1],
			"faces": {
				"north": {"uv": [0, 0, 1, 10], "texture": "#6"},
				"east": {"uv": [0, 0, 1, 10], "texture": "#6"},
				"south": {"uv": [0, 0, 1, 10], "texture": "#6"},
				"west": {"uv": [0, 0, 1, 10], "texture": "#6"},
				"up": {"uv": [0, 0, 1, 1], "texture": "#6"},
				"down": {"uv": [0, 0, 1, 1], "texture": "#6"}
			}
		},
		{
			"from": [9, 8, 0.1],
			"to": [11, 10, 1.1],
			"faces": {
				"north": {"uv": [0, 0, 2, 2], "texture": "#6"},
				"east": {"uv": [0, 0, 1, 2], "texture": "#6"},
				"south": {"uv": [0, 0, 2, 2], "texture": "#6"},
				"west": {"uv": [0, 0, 1, 2], "texture": "#6"},
				"up": {"uv": [0, 0, 2, 1], "texture": "#6"},
				"down": {"uv": [0, 0, 2, 1], "texture": "#6"}
			}
		},
		{
			"from": [9, 0, 0.1],
			"to": [11, 2, 1.1],
			"faces": {
				"north": {"uv": [0, 0, 2, 2], "texture": "#6"},
				"east": {"uv": [0, 0, 1, 2], "texture": "#6"},
				"south": {"uv": [0, 0, 2, 2], "texture": "#6"},
				"west": {"uv": [0, 0, 1, 2], "texture": "#6"},
				"up": {"uv": [0, 0, 2, 1], "texture": "#6"},
				"down": {"uv": [0, 0, 2, 1], "texture": "#6"}
			}
		},
		{
			"from": [2, 2, 0],
			"to": [4, 10, 1],
			"faces": {
				"north": {"uv": [0, 0, 2, 8], "texture": "#4"},
				"east": {"uv": [0, 0, 1, 8], "texture": "#4"},
				"south": {"uv": [0, 0, 2, 8], "texture": "#4"},
				"west": {"uv": [0, 0, 1, 8], "texture": "#4"},
				"up": {"uv": [0, 0, 2, 1], "texture": "#4"},
				"down": {"uv": [0, 0, 2, 1], "texture": "#4"}
			}
		},
		{
			"from": [0, 8, 0],
			"to": [2, 10, 1],
			"faces": {
				"north": {"uv": [0, 0, 2, 2], "texture": "#4"},
				"east": {"uv": [0, 0, 1, 2], "texture": "#4"},
				"south": {"uv": [0, 0, 2, 2], "texture": "#4"},
				"west": {"uv": [0, 0, 1, 2], "texture": "#4"},
				"up": {"uv": [0, 0, 2, 1], "texture": "#4"},
				"down": {"uv": [0, 0, 2, 1], "texture": "#4"}
			}
		},
		{
			"from": [16, 8, 3],
			"to": [19, 10, 13],
			"faces": {
				"north": {"uv": [0, 0, 3, 2], "texture": "#4"},
				"east": {"uv": [5, 3, 7, 13], "rotation": 90, "texture": "#4"},
				"south": {"uv": [0, 0, 3, 2], "texture": "#4"},
				"west": {"uv": [0, 0, 10, 2], "texture": "#4"},
				"up": {"uv": [5, 3, 2, 13], "texture": "#4"},
				"down": {"uv": [0, 0, 3, 10], "texture": "#4"}
			}
		},
		{
			"from": [-3, 8, 3],
			"to": [0, 10, 13],
			"faces": {
				"north": {"uv": [0, 0, 3, 2], "texture": "#4"},
				"east": {"uv": [0, 0, 10, 2], "texture": "#4"},
				"south": {"uv": [0, 0, 3, 2], "texture": "#4"},
				"west": {"uv": [6, 3, 8, 13], "rotation": 90, "texture": "#4"},
				"up": {"uv": [6, 3, 9, 13], "texture": "#4"},
				"down": {"uv": [0, 0, 3, 10], "texture": "#4"}
			}
		},
		{
			"from": [-3, 0, 3],
			"to": [-1, 2, 13],
			"faces": {
				"north": {"uv": [0, 0, 2, 2], "texture": "#6"},
				"east": {"uv": [0, 0, 10, 2], "texture": "#6"},
				"south": {"uv": [0, 0, 2, 2], "texture": "#6"},
				"west": {"uv": [0, 0, 10, 2], "texture": "#6"},
				"up": {"uv": [0, 0, 2, 10], "texture": "#6"},
				"down": {"uv": [0, 0, 2, 10], "texture": "#6"}
			}
		},
		{
			"from": [16, 2, 13],
			"to": [19, 10, 16],
			"faces": {
				"north": {"uv": [0, 0, 3, 8], "texture": "#4"},
				"east": {"uv": [1, 0, 4, 8], "texture": "#4"},
				"south": {"uv": [4, 0, 1, 8], "texture": "#4"},
				"west": {"uv": [0, 0, 3, 8], "texture": "#4"},
				"up": {"uv": [3, 3, 0, 0], "texture": "#4"},
				"down": {"uv": [0, 0, 3, 3], "texture": "#4"}
			}
		},
		{
			"from": [13, 10, 0],
			"to": [16, 13, 16],
			"faces": {
				"north": {"uv": [0, 0, 3, 3], "texture": "#4"},
				"east": {"uv": [1, 0, 4, 16], "rotation": 90, "texture": "#4"},
				"south": {"uv": [3, 0, 0, 3], "texture": "#4"},
				"west": {"uv": [0, 0, 16, 3], "texture": "#4"},
				"up": {"uv": [4, 0, 1, 16], "texture": "#4"},
				"down": {"uv": [0, 0, 3, 16], "texture": "#4"}
			}
		},
		{
			"from": [0, 10, 0],
			"to": [3, 13, 16],
			"faces": {
				"north": {"uv": [3, 0, 0, 3], "texture": "#4"},
				"east": {"uv": [0, 0, 16, 3], "texture": "#4"},
				"south": {"uv": [0, 0, 3, 3], "texture": "#4"},
				"west": {"uv": [4, 0, 1, 16], "rotation": 270, "texture": "#4"},
				"up": {"uv": [1, 0, 4, 16], "texture": "#4"},
				"down": {"uv": [0, 0, 3, 16], "texture": "#4"}
			}
		},
		{
			"from": [3, 10, 0],
			"to": [13, 14, 16],
			"faces": {
				"north": {"uv": [1, 0, 11, 4], "texture": "#4"},
				"east": {"uv": [6, 0, 9, 16], "rotation": 90, "texture": "#4"},
				"south": {"uv": [11, 4, 1, 0], "rotation": 180, "texture": "#4"},
				"west": {"uv": [6, 0, 9, 16], "rotation": 90, "texture": "#4"},
				"up": {"uv": [5, 0, 15, 16], "texture": "#4"},
				"down": {"uv": [0, 0, 10, 16], "texture": "#4"}
			}
		},
		{
			"from": [-1, 2.5, 2.5],
			"to": [-1, 4.5, 13.5],
			"faces": {
				"north": {"uv": [0, 0, 0, 2], "texture": "#5"},
				"east": {"uv": [0, 0, 3, 16], "rotation": 90, "texture": "#5"},
				"south": {"uv": [0, 0, 0, 2], "texture": "#5"},
				"west": {"uv": [0, 0, 3, 16], "rotation": 90, "texture": "#5"},
				"up": {"uv": [0, 0, 0, 8], "texture": "#5"},
				"down": {"uv": [0, 0, 0, 8], "texture": "#5"}
			}
		},
		{
			"from": [-1, 5.5, 2.5],
			"to": [-1, 7.5, 13.5],
			"faces": {
				"north": {"uv": [0, 0, 0, 2], "texture": "#5"},
				"east": {"uv": [0, 0, 3, 16], "rotation": 90, "texture": "#5"},
				"south": {"uv": [0, 0, 0, 2], "texture": "#5"},
				"west": {"uv": [0, 0, 3, 16], "rotation": 90, "texture": "#5"},
				"up": {"uv": [0, 0, 0, 8], "texture": "#5"},
				"down": {"uv": [0, 0, 0, 8], "texture": "#5"}
			}
		},
		{
			"from": [-2, 3.5, 0.5],
			"to": [0, 3.5, 11.5],
			"faces": {
				"north": {"uv": [0, 0, 0, 2], "rotation": 270, "texture": "#5"},
				"east": {"uv": [0, 0, 0, 8], "rotation": 90, "texture": "#5"},
				"south": {"uv": [0, 0, 0, 2], "rotation": 90, "texture": "#5"},
				"west": {"uv": [0, 0, 0, 8], "rotation": 90, "texture": "#5"},
				"up": {"uv": [0, 0, 3, 16], "rotation": 180, "texture": "#5"},
				"down": {"uv": [0, 0, 3, 16], "texture": "#5"}
			}
		},
		{
			"from": [-2, 6.5, 0.5],
			"to": [0, 6.5, 11.5],
			"faces": {
				"north": {"uv": [0, 0, 0, 2], "rotation": 270, "texture": "#5"},
				"east": {"uv": [0, 0, 0, 8], "rotation": 90, "texture": "#5"},
				"south": {"uv": [0, 0, 0, 2], "rotation": 90, "texture": "#5"},
				"west": {"uv": [0, 0, 0, 8], "rotation": 90, "texture": "#5"},
				"up": {"uv": [0, 0, 3, 16], "rotation": 180, "texture": "#5"},
				"down": {"uv": [0, 0, 3, 16], "texture": "#5"}
			}
		},
		{
			"from": [16, 3.5, 0.5],
			"to": [18, 3.5, 11.5],
			"faces": {
				"north": {"uv": [0, 0, 0, 2], "rotation": 270, "texture": "#5"},
				"east": {"uv": [0, 0, 0, 8], "rotation": 90, "texture": "#5"},
				"south": {"uv": [0, 0, 0, 2], "rotation": 90, "texture": "#5"},
				"west": {"uv": [0, 0, 0, 8], "rotation": 90, "texture": "#5"},
				"up": {"uv": [0, 0, 3, 16], "rotation": 180, "texture": "#5"},
				"down": {"uv": [0, 0, 3, 16], "texture": "#5"}
			}
		},
		{
			"from": [17, 2.5, 2.5],
			"to": [17, 4.5, 13.5],
			"faces": {
				"north": {"uv": [0, 0, 0, 2], "texture": "#5"},
				"east": {"uv": [0, 0, 3, 16], "rotation": 90, "texture": "#5"},
				"south": {"uv": [0, 0, 0, 2], "texture": "#5"},
				"west": {"uv": [0, 0, 3, 16], "rotation": 90, "texture": "#5"},
				"up": {"uv": [0, 0, 0, 8], "texture": "#5"},
				"down": {"uv": [0, 0, 0, 8], "texture": "#5"}
			}
		},
		{
			"from": [17, 5.5, 2.5],
			"to": [17, 7.5, 13.5],
			"faces": {
				"north": {"uv": [0, 0, 0, 2], "texture": "#5"},
				"east": {"uv": [0, 0, 3, 16], "rotation": 90, "texture": "#5"},
				"south": {"uv": [0, 0, 0, 2], "texture": "#5"},
				"west": {"uv": [0, 0, 3, 16], "rotation": 90, "texture": "#5"},
				"up": {"uv": [0, 0, 0, 8], "texture": "#5"},
				"down": {"uv": [0, 0, 0, 8], "texture": "#5"}
			}
		},
		{
			"from": [16, 6.5, 0.5],
			"to": [18, 6.5, 11.5],
			"faces": {
				"north": {"uv": [0, 0, 0, 2], "rotation": 270, "texture": "#5"},
				"east": {"uv": [0, 0, 0, 8], "rotation": 90, "texture": "#5"},
				"south": {"uv": [0, 0, 0, 2], "rotation": 90, "texture": "#5"},
				"west": {"uv": [0, 0, 0, 8], "rotation": 90, "texture": "#5"},
				"up": {"uv": [0, 0, 3, 16], "rotation": 180, "texture": "#5"},
				"down": {"uv": [0, 0, 3, 16], "texture": "#5"}
			}
		},
		{
			"from": [-1.5, 2.5, 15],
			"to": [9.5, 4.5, 15],
			"faces": {
				"north": {"uv": [0, 16, 3, 0], "rotation": 90, "texture": "#5"},
				"east": {"uv": [0, 0, 0, 2], "texture": "#5"},
				"south": {"uv": [0, 0, 3, 16], "rotation": 90, "texture": "#5"},
				"west": {"uv": [0, 0, 0, 2], "texture": "#5"},
				"up": {"uv": [0, 0, 0, 8], "rotation": 90, "texture": "#5"},
				"down": {"uv": [0, 0, 0, 8], "rotation": 270, "texture": "#5"}
			}
		},
		{
			"from": [0.5, 3.5, 14],
			"to": [11.5, 3.5, 16],
			"faces": {
				"north": {"uv": [0, 0, 0, 8], "rotation": 90, "texture": "#5"},
				"east": {"uv": [0, 0, 0, 2], "rotation": 270, "texture": "#5"},
				"south": {"uv": [0, 0, 0, 8], "rotation": 90, "texture": "#5"},
				"west": {"uv": [0, 0, 0, 2], "rotation": 90, "texture": "#5"},
				"up": {"uv": [0, 0, 3, 16], "rotation": 270, "texture": "#5"},
				"down": {"uv": [0, 0, 3, 16], "rotation": 270, "texture": "#5"}
			}
		},
		{
			"from": [8.9, 2.5, 15],
			"to": [15.9, 4.5, 15],
			"faces": {
				"north": {"uv": [0, 12, 3, 1], "rotation": 90, "texture": "#5"},
				"east": {"uv": [0, 1, 0, 0], "texture": "#5"},
				"south": {"uv": [0, 1, 3, 12], "rotation": 90, "texture": "#5"},
				"west": {"uv": [0, 1, 0, 0], "texture": "#5"},
				"up": {"uv": [0, 1, 0, 4], "rotation": 90, "texture": "#5"},
				"down": {"uv": [0, 1, 0, 4], "rotation": 270, "texture": "#5"}
			}
		},
		{
			"from": [12.1, 3.5, 14],
			"to": [19.1, 3.5, 16],
			"faces": {
				"north": {"uv": [0, 1, 0, 4], "rotation": 90, "texture": "#5"},
				"east": {"uv": [0, 1, 0, 0], "rotation": 270, "texture": "#5"},
				"south": {"uv": [0, 1, 0, 4], "rotation": 90, "texture": "#5"},
				"west": {"uv": [0, 1, 0, 0], "rotation": 90, "texture": "#5"},
				"up": {"uv": [0, 1, 3, 12], "rotation": 270, "texture": "#5"},
				"down": {"uv": [0, 1, 3, 12], "rotation": 270, "texture": "#5"}
			}
		},
		{
			"from": [8.9, 5.5, 15],
			"to": [15.9, 7.5, 15],
			"faces": {
				"north": {"uv": [0, 12, 3, 1], "rotation": 90, "texture": "#5"},
				"east": {"uv": [0, 1, 0, 0], "texture": "#5"},
				"south": {"uv": [0, 1, 3, 12], "rotation": 90, "texture": "#5"},
				"west": {"uv": [0, 1, 0, 0], "texture": "#5"},
				"up": {"uv": [0, 1, 0, 4], "rotation": 90, "texture": "#5"},
				"down": {"uv": [0, 1, 0, 4], "rotation": 270, "texture": "#5"}
			}
		},
		{
			"from": [12.1, 6.5, 14],
			"to": [19.1, 6.5, 16],
			"faces": {
				"north": {"uv": [0, 1, 0, 4], "rotation": 90, "texture": "#5"},
				"east": {"uv": [0, 1, 0, 0], "rotation": 270, "texture": "#5"},
				"south": {"uv": [0, 1, 0, 4], "rotation": 90, "texture": "#5"},
				"west": {"uv": [0, 1, 0, 0], "rotation": 90, "texture": "#5"},
				"up": {"uv": [0, 1, 3, 12], "rotation": 270, "texture": "#5"},
				"down": {"uv": [0, 1, 3, 12], "rotation": 270, "texture": "#5"}
			}
		},
		{
			"from": [-1.5, 5.5, 15],
			"to": [9.5, 7.5, 15],
			"faces": {
				"north": {"uv": [0, 16, 3, 0], "rotation": 90, "texture": "#5"},
				"east": {"uv": [0, 0, 0, 2], "texture": "#5"},
				"south": {"uv": [0, 0, 3, 16], "rotation": 90, "texture": "#5"},
				"west": {"uv": [0, 0, 0, 2], "texture": "#5"},
				"up": {"uv": [0, 0, 0, 8], "rotation": 90, "texture": "#5"},
				"down": {"uv": [0, 0, 0, 8], "rotation": 270, "texture": "#5"}
			}
		},
		{
			"from": [0.5, 6.5, 14],
			"to": [11.5, 6.5, 16],
			"faces": {
				"north": {"uv": [0, 0, 0, 8], "rotation": 90, "texture": "#5"},
				"east": {"uv": [0, 0, 0, 2], "rotation": 270, "texture": "#5"},
				"south": {"uv": [0, 0, 0, 8], "rotation": 90, "texture": "#5"},
				"west": {"uv": [0, 0, 0, 2], "rotation": 90, "texture": "#5"},
				"up": {"uv": [0, 0, 3, 16], "rotation": 270, "texture": "#5"},
				"down": {"uv": [0, 0, 3, 16], "rotation": 270, "texture": "#5"}
			}
		},
		{
			"from": [14, 2.5, 0.5],
			"to": [17, 4.5, 0.5],
			"faces": {
				"north": {"uv": [0, 1, 3, 5], "rotation": 90, "texture": "#5"},
				"east": {"uv": [0, 1, 0, 1], "texture": "#5"},
				"south": {"uv": [0, 1, 3, 5], "rotation": 90, "texture": "#5"},
				"west": {"uv": [0, 1, 0, 1], "texture": "#5"},
				"up": {"uv": [0, 1, 0, 1], "rotation": 90, "texture": "#5"},
				"down": {"uv": [0, 1, 0, 1], "rotation": 270, "texture": "#5"}
			}
		},
		{
			"from": [13.6, 3.5, 0],
			"to": [16.6, 3.5, 2],
			"faces": {
				"north": {"uv": [0, 1, 0, 1], "rotation": 90, "texture": "#5"},
				"east": {"uv": [0, 1, 0, 1], "rotation": 270, "texture": "#5"},
				"south": {"uv": [0, 1, 0, 1], "rotation": 90, "texture": "#5"},
				"west": {"uv": [0, 1, 0, 1], "rotation": 90, "texture": "#5"},
				"up": {"uv": [0, 6, 3, 10], "rotation": 270, "texture": "#5"},
				"down": {"uv": [0, 1, 3, 5], "rotation": 270, "texture": "#5"}
			}
		},
		{
			"from": [13.6, 6.5, 0],
			"to": [16.6, 6.5, 2],
			"faces": {
				"north": {"uv": [0, 1, 0, 1], "rotation": 90, "texture": "#5"},
				"east": {"uv": [0, 1, 0, 1], "rotation": 270, "texture": "#5"},
				"south": {"uv": [0, 1, 0, 1], "rotation": 90, "texture": "#5"},
				"west": {"uv": [0, 1, 0, 1], "rotation": 90, "texture": "#5"},
				"up": {"uv": [0, 6, 3, 10], "rotation": 270, "texture": "#5"},
				"down": {"uv": [0, 1, 3, 5], "rotation": 270, "texture": "#5"}
			}
		},
		{
			"from": [14, 5.5, 0.5],
			"to": [17, 7.5, 0.5],
			"faces": {
				"north": {"uv": [0, 1, 3, 5], "rotation": 90, "texture": "#5"},
				"east": {"uv": [0, 1, 0, 1], "texture": "#5"},
				"south": {"uv": [0, 1, 3, 5], "rotation": 90, "texture": "#5"},
				"west": {"uv": [0, 1, 0, 1], "texture": "#5"},
				"up": {"uv": [0, 1, 0, 1], "rotation": 90, "texture": "#5"},
				"down": {"uv": [0, 1, 0, 1], "rotation": 270, "texture": "#5"}
			}
		},
		{
			"from": [-0.4, 3.5, 0],
			"to": [2.6, 3.5, 2],
			"faces": {
				"north": {"uv": [0, 1, 0, 1], "rotation": 90, "texture": "#5"},
				"east": {"uv": [0, 1, 0, 1], "rotation": 270, "texture": "#5"},
				"south": {"uv": [0, 1, 0, 1], "rotation": 90, "texture": "#5"},
				"west": {"uv": [0, 1, 0, 1], "rotation": 90, "texture": "#5"},
				"up": {"uv": [0, 6, 3, 10], "rotation": 270, "texture": "#5"},
				"down": {"uv": [0, 1, 3, 5], "rotation": 270, "texture": "#5"}
			}
		},
		{
			"from": [0, 2.5, 0.5],
			"to": [3, 4.5, 0.5],
			"faces": {
				"north": {"uv": [0, 1, 3, 5], "rotation": 90, "texture": "#5"},
				"east": {"uv": [0, 1, 0, 1], "texture": "#5"},
				"south": {"uv": [0, 1, 3, 5], "rotation": 90, "texture": "#5"},
				"west": {"uv": [0, 1, 0, 1], "texture": "#5"},
				"up": {"uv": [0, 1, 0, 1], "rotation": 90, "texture": "#5"},
				"down": {"uv": [0, 1, 0, 1], "rotation": 270, "texture": "#5"}
			}
		},
		{
			"from": [0, 5.5, 0.5],
			"to": [3, 7.5, 0.5],
			"faces": {
				"north": {"uv": [0, 1, 3, 5], "rotation": 90, "texture": "#5"},
				"east": {"uv": [0, 1, 0, 1], "texture": "#5"},
				"south": {"uv": [0, 1, 3, 5], "rotation": 90, "texture": "#5"},
				"west": {"uv": [0, 1, 0, 1], "texture": "#5"},
				"up": {"uv": [0, 1, 0, 1], "rotation": 90, "texture": "#5"},
				"down": {"uv": [0, 1, 0, 1], "rotation": 270, "texture": "#5"}
			}
		},
		{
			"from": [-0.4, 6.5, 0],
			"to": [2.6, 6.5, 2],
			"faces": {
				"north": {"uv": [0, 1, 0, 1], "rotation": 90, "texture": "#5"},
				"east": {"uv": [0, 1, 0, 1], "rotation": 270, "texture": "#5"},
				"south": {"uv": [0, 1, 0, 1], "rotation": 90, "texture": "#5"},
				"west": {"uv": [0, 1, 0, 1], "rotation": 90, "texture": "#5"},
				"up": {"uv": [0, 6, 3, 10], "rotation": 270, "texture": "#5"},
				"down": {"uv": [0, 1, 3, 5], "rotation": 270, "texture": "#5"}
			}
		},
		{
			"from": [16, 10, 7],
			"to": [18, 17, 9],
			"faces": {
				"north": {"uv": [0, 0, 2, 7], "texture": "#6"},
				"east": {"uv": [0, 0, 2, 7], "texture": "#6"},
				"south": {"uv": [0, 0, 2, 7], "texture": "#6"},
				"west": {"uv": [0, 0, 2, 7], "texture": "#6"},
				"up": {"uv": [0, 0, 2, 2], "texture": "#6"},
				"down": {"uv": [0, 0, 2, 2], "texture": "#6"}
			}
		},
		{
			"from": [0, 15.2, 7.2],
			"to": [16, 16.8, 8.8],
			"faces": {
				"north": {"uv": [0, 5, 16, 7], "texture": "#7"},
				"east": {"uv": [0, 5, 1.6, 7], "texture": "#7"},
				"south": {"uv": [0, 5, 16, 7], "texture": "#7"},
				"west": {"uv": [0, 5, 1.6, 7], "texture": "#7"},
				"up": {"uv": [0, 5, 16, 7], "texture": "#7"},
				"down": {"uv": [0, 5, 16, 7], "texture": "#7"}
			}
		},
		{
			"from": [-2, 10, 7],
			"to": [0, 17, 9],
			"faces": {
				"north": {"uv": [0, 0, 2, 7], "texture": "#6"},
				"east": {"uv": [0, 0, 2, 7], "texture": "#6"},
				"south": {"uv": [0, 0, 2, 7], "texture": "#6"},
				"west": {"uv": [0, 0, 2, 7], "texture": "#6"},
				"up": {"uv": [0, 0, 2, 2], "texture": "#6"},
				"down": {"uv": [0, 0, 2, 2], "texture": "#6"}
			}
		},
		{
			"name": "ICON",
			"from": [0, 1, -1],
			"to": [16, 1, 15],
			"faces": {
				"down": {"uv": [0, 0, 16, 16], "texture": "#8"}
			}
		},
		{
			"from": [10.7, -7.5, 7.5],
			"to": [11.7, -3.5, 8.5],
			"rotation": {"angle": 45, "axis": "z", "origin": [3, 0, 0.5]},
			"faces": {
				"north": {"uv": [1, 8, 2, 12], "texture": "#1"},
				"east": {"uv": [1, 8, 2, 12], "texture": "#1"},
				"south": {"uv": [1, 8, 2, 12], "texture": "#1"},
				"west": {"uv": [1, 8, 2, 12], "texture": "#0"},
				"up": {"uv": [1, 8, 2, 9], "texture": "#1"},
				"down": {"uv": [1, 8, 2, 9], "texture": "#0"}
			}
		},
		{
			"from": [10.7, -7.5, 5.5],
			"to": [11.7, -3.5, 6.5],
			"rotation": {"angle": 45, "axis": "z", "origin": [3, 0, 0.5]},
			"faces": {
				"north": {"uv": [1, 8, 2, 12], "texture": "#1"},
				"east": {"uv": [1, 8, 2, 12], "texture": "#1"},
				"south": {"uv": [1, 8, 2, 12], "texture": "#1"},
				"west": {"uv": [1, 8, 2, 12], "texture": "#0"},
				"up": {"uv": [1, 8, 2, 9], "texture": "#1"},
				"down": {"uv": [1, 8, 2, 9], "texture": "#0"}
			}
		},
		{
			"from": [10.7, -7.5, 9.5],
			"to": [11.7, -3.5, 10.5],
			"rotation": {"angle": 45, "axis": "z", "origin": [3, 0, 0.5]},
			"faces": {
				"north": {"uv": [1, 8, 2, 12], "texture": "#1"},
				"east": {"uv": [1, 8, 2, 12], "texture": "#1"},
				"south": {"uv": [1, 8, 2, 12], "texture": "#1"},
				"west": {"uv": [1, 8, 2, 12], "texture": "#0"},
				"up": {"uv": [1, 8, 2, 9], "texture": "#1"},
				"down": {"uv": [1, 8, 2, 9], "texture": "#0"}
			}
		},
		{
			"from": [2, -1.7, 9.5],
			"to": [3, 2.3, 10.5],
			"rotation": {"angle": -45, "axis": "z", "origin": [5, 0, 0.5]},
			"faces": {
				"north": {"uv": [1, 8, 2, 12], "texture": "#1"},
				"east": {"uv": [1, 8, 2, 12], "texture": "#0"},
				"south": {"uv": [1, 8, 2, 12], "texture": "#1"},
				"west": {"uv": [1, 8, 2, 12], "texture": "#1"},
				"up": {"uv": [1, 8, 2, 9], "texture": "#1"},
				"down": {"uv": [1, 8, 2, 9], "texture": "#0"}
			}
		},
		{
			"from": [2, -1.7, 7.6],
			"to": [3, 2.3, 8.6],
			"rotation": {"angle": -45, "axis": "z", "origin": [5, 0, 0.5]},
			"faces": {
				"north": {"uv": [1, 8, 2, 12], "texture": "#1"},
				"east": {"uv": [1, 8, 2, 12], "texture": "#0"},
				"south": {"uv": [1, 8, 2, 12], "texture": "#1"},
				"west": {"uv": [1, 8, 2, 12], "texture": "#1"},
				"up": {"uv": [1, 8, 2, 9], "texture": "#1"},
				"down": {"uv": [1, 8, 2, 9], "texture": "#0"}
			}
		},
		{
			"from": [2, -1.7, 5.6],
			"to": [3, 2.3, 6.6],
			"rotation": {"angle": -45, "axis": "z", "origin": [5, 0, 0.5]},
			"faces": {
				"north": {"uv": [1, 8, 2, 12], "texture": "#1"},
				"east": {"uv": [1, 8, 2, 12], "texture": "#0"},
				"south": {"uv": [1, 8, 2, 12], "texture": "#1"},
				"west": {"uv": [1, 8, 2, 12], "texture": "#1"},
				"up": {"uv": [1, 8, 2, 9], "texture": "#1"},
				"down": {"uv": [1, 8, 2, 9], "texture": "#0"}
			}
		},
		{
			"from": [4, 3, 6],
			"to": [12, 6, 11],
			"rotation": {"angle": 0, "axis": "y", "origin": [5, 0, 0]},
			"faces": {
				"north": {"uv": [1, 6, 9, 9], "texture": "#1"},
				"east": {"uv": [1, 8, 6, 11], "texture": "#1"},
				"south": {"uv": [1, 6, 9, 9], "texture": "#1"},
				"west": {"uv": [1, 8, 6, 11], "texture": "#1"},
				"up": {"uv": [1, 8, 9, 13], "texture": "#1"},
				"down": {"uv": [1, 8, 9, 13], "texture": "#0"}
			}
		},
		{
			"from": [4, 4, 5],
			"to": [12, 6, 6],
			"rotation": {"angle": 0, "axis": "y", "origin": [5, 0, 0]},
			"faces": {
				"north": {"uv": [1, 6, 9, 8], "texture": "#1"},
				"east": {"uv": [1, 8, 2, 10], "texture": "#1"},
				"south": {"uv": [1, 6, 9, 8], "texture": "#1"},
				"west": {"uv": [1, 8, 2, 10], "texture": "#1"},
				"up": {"uv": [1, 8, 9, 9], "texture": "#1"},
				"down": {"uv": [1, 8, 9, 9], "texture": "#0"}
			}
		},
		{
			"from": [4, 3, 5],
			"to": [12, 4, 6],
			"rotation": {"angle": 0, "axis": "y", "origin": [5, 0, 0]},
			"faces": {
				"north": {"uv": [0, 3, 8, 4], "texture": "#0"},
				"east": {"uv": [0, 5, 1, 6], "texture": "#0"},
				"south": {"uv": [0, 3, 8, 4], "texture": "#0"},
				"west": {"uv": [0, 5, 1, 6], "texture": "#0"},
				"up": {"uv": [0, 5, 8, 6], "texture": "#0"},
				"down": {"uv": [0, 5, 8, 6], "texture": "#0"}
			}
		},
		{
			"from": [5, 6, 5],
			"to": [7, 7, 7],
			"rotation": {"angle": 0, "axis": "y", "origin": [2, 0, 0]},
			"faces": {
				"north": {"uv": [1, 8, 3, 9], "texture": "#1"},
				"east": {"uv": [1, 8, 3, 9], "texture": "#1"},
				"south": {"uv": [1, 8, 3, 9], "texture": "#1"},
				"west": {"uv": [1, 8, 3, 9], "texture": "#1"},
				"up": {"uv": [1, 8, 3, 10], "texture": "#1"},
				"down": {"uv": [1, 8, 3, 10], "texture": "#1"}
			}
		},
		{
			"from": [9, 6, 5],
			"to": [11, 7, 7],
			"rotation": {"angle": 0, "axis": "y", "origin": [2, 0, 0]},
			"faces": {
				"north": {"uv": [1, 8, 3, 9], "texture": "#1"},
				"east": {"uv": [1, 8, 3, 9], "texture": "#1"},
				"south": {"uv": [1, 8, 3, 9], "texture": "#1"},
				"west": {"uv": [1, 8, 3, 9], "texture": "#1"},
				"up": {"uv": [1, 8, 3, 10], "texture": "#1"},
				"down": {"uv": [1, 8, 3, 10], "texture": "#1"}
			}
		},
		{
			"from": [5, 7, 5],
			"to": [7, 9, 7],
			"rotation": {"angle": 0, "axis": "y", "origin": [2, 0, 0]},
			"faces": {
				"north": {"uv": [8, 6, 12, 10], "texture": "#2"},
				"east": {"uv": [6, 6, 10, 10], "texture": "#2"},
				"south": {"uv": [6, 6, 10, 10], "texture": "#2"},
				"west": {"uv": [8, 6, 12, 10], "rotation": 270, "texture": "#2"},
				"up": {"uv": [8, 6, 12, 10], "rotation": 270, "texture": "#2"},
				"down": {"uv": [8, 6, 12, 10], "texture": "#2"}
			}
		},
		{
			"from": [9, 7, 5],
			"to": [11, 9, 7],
			"rotation": {"angle": 0, "axis": "y", "origin": [2, 0, 0]},
			"faces": {
				"north": {"uv": [8, 6, 12, 10], "texture": "#2"},
				"east": {"uv": [6, 6, 10, 10], "texture": "#2"},
				"south": {"uv": [6, 6, 10, 10], "texture": "#2"},
				"west": {"uv": [8, 6, 12, 10], "rotation": 270, "texture": "#2"},
				"up": {"uv": [8, 6, 12, 10], "rotation": 270, "texture": "#2"},
				"down": {"uv": [8, 6, 12, 10], "texture": "#2"}
			}
		},
		{
			"from": [0.8, 3, 6.5],
			"to": [5.8, 4, 9.5],
			"rotation": {"angle": 22.5, "axis": "z", "origin": [2.4, 1, -0.5]},
			"faces": {
				"north": {"uv": [1, 8, 6, 9], "texture": "#1"},
				"east": {"uv": [1, 8, 4, 9], "texture": "#1"},
				"south": {"uv": [1, 8, 6, 9], "texture": "#1"},
				"west": {"uv": [1, 8, 4, 9], "texture": "#1"},
				"up": {"uv": [1, 8, 6, 11], "texture": "#1"},
				"down": {"uv": [1, 8, 6, 11], "texture": "#1"}
			}
		},
		{
			"from": [4.8, 4, 6.5],
			"to": [5.8, 5, 6.5],
			"rotation": {"angle": 22.5, "axis": "z", "origin": [2.4, 1, -0.5]},
			"faces": {
				"north": {"uv": [1, 8, 2, 9], "texture": "#1"},
				"east": {"uv": [1, 8, 1, 9], "texture": "#1"},
				"south": {"uv": [1, 8, 2, 9], "texture": "#1"},
				"west": {"uv": [1, 8, 1, 9], "texture": "#1"},
				"up": {"uv": [1, 8, 2, 8], "texture": "#1"},
				"down": {"uv": [1, 8, 2, 8], "texture": "#1"}
			}
		},
		{
			"from": [2.8, 4, 6.5],
			"to": [3.8, 5, 6.5],
			"rotation": {"angle": 22.5, "axis": "z", "origin": [2.4, 1, -0.5]},
			"faces": {
				"north": {"uv": [1, 8, 2, 9], "texture": "#1"},
				"east": {"uv": [1, 8, 1, 9], "texture": "#1"},
				"south": {"uv": [1, 8, 2, 9], "texture": "#1"},
				"west": {"uv": [1, 8, 1, 9], "texture": "#1"},
				"up": {"uv": [1, 8, 2, 8], "texture": "#1"},
				"down": {"uv": [1, 8, 2, 8], "texture": "#1"}
			}
		},
		{
			"from": [0.8, 4, 6.5],
			"to": [1.8, 5, 6.5],
			"rotation": {"angle": 22.5, "axis": "z", "origin": [2.4, 1, -0.5]},
			"faces": {
				"north": {"uv": [1, 8, 2, 9], "texture": "#1"},
				"east": {"uv": [1, 8, 1, 9], "texture": "#1"},
				"south": {"uv": [1, 8, 2, 9], "texture": "#1"},
				"west": {"uv": [1, 8, 1, 9], "texture": "#1"},
				"up": {"uv": [1, 8, 2, 8], "texture": "#1"},
				"down": {"uv": [1, 8, 2, 8], "texture": "#1"}
			}
		},
		{
			"from": [4.8, 4, 9.5],
			"to": [5.8, 5, 9.5],
			"rotation": {"angle": 22.5, "axis": "z", "origin": [2.4, 1, -0.5]},
			"faces": {
				"north": {"uv": [1, 8, 2, 9], "texture": "#1"},
				"east": {"uv": [1, 8, 1, 9], "texture": "#1"},
				"south": {"uv": [1, 8, 2, 9], "texture": "#1"},
				"west": {"uv": [1, 8, 1, 9], "texture": "#1"},
				"up": {"uv": [1, 8, 2, 8], "texture": "#1"},
				"down": {"uv": [1, 8, 2, 8], "texture": "#1"}
			}
		},
		{
			"from": [2.8, 4, 9.5],
			"to": [3.8, 5, 9.5],
			"rotation": {"angle": 22.5, "axis": "z", "origin": [2.4, 1, -0.5]},
			"faces": {
				"north": {"uv": [1, 8, 2, 9], "texture": "#1"},
				"east": {"uv": [1, 8, 1, 9], "texture": "#1"},
				"south": {"uv": [1, 8, 2, 9], "texture": "#1"},
				"west": {"uv": [1, 8, 1, 9], "texture": "#1"},
				"up": {"uv": [1, 8, 2, 8], "texture": "#1"},
				"down": {"uv": [1, 8, 2, 8], "texture": "#1"}
			}
		},
		{
			"from": [0.8, 4, 9.5],
			"to": [1.8, 5, 9.5],
			"rotation": {"angle": 22.5, "axis": "z", "origin": [2.4, 1, -0.5]},
			"faces": {
				"north": {"uv": [1, 8, 2, 9], "texture": "#1"},
				"east": {"uv": [1, 8, 1, 9], "texture": "#1"},
				"south": {"uv": [1, 8, 2, 9], "texture": "#1"},
				"west": {"uv": [1, 8, 1, 9], "texture": "#1"},
				"up": {"uv": [1, 8, 2, 8], "texture": "#1"},
				"down": {"uv": [1, 8, 2, 8], "texture": "#1"}
			}
		},
		{
			"from": [0.8, 4, 8.5],
			"to": [0.8, 5, 9.5],
			"rotation": {"angle": 22.5, "axis": "z", "origin": [2.4, 1, -0.5]},
			"faces": {
				"north": {"uv": [1, 8, 1, 9], "texture": "#1"},
				"east": {"uv": [1, 8, 2, 9], "texture": "#1"},
				"south": {"uv": [1, 8, 1, 9], "texture": "#1"},
				"west": {"uv": [1, 8, 2, 9], "texture": "#1"},
				"up": {"uv": [1, 8, 1, 9], "texture": "#1"},
				"down": {"uv": [1, 8, 1, 9], "texture": "#1"}
			}
		},
		{
			"from": [0.8, 4, 6.5],
			"to": [0.8, 5, 7.5],
			"rotation": {"angle": 22.5, "axis": "z", "origin": [2.4, 1, -0.5]},
			"faces": {
				"north": {"uv": [1, 8, 1, 9], "texture": "#1"},
				"east": {"uv": [1, 8, 2, 9], "texture": "#1"},
				"south": {"uv": [1, 8, 1, 9], "texture": "#1"},
				"west": {"uv": [1, 8, 2, 9], "texture": "#1"},
				"up": {"uv": [1, 8, 1, 9], "texture": "#1"},
				"down": {"uv": [1, 8, 1, 9], "texture": "#1"}
			}
		},
		{
			"from": [1, 5, 9.5],
			"to": [2, 6, 9.5],
			"rotation": {"angle": -22.5, "axis": "z", "origin": [2.4, 1, -0.5]},
			"faces": {
				"north": {"uv": [1, 8, 2, 9], "texture": "#1"},
				"east": {"uv": [1, 8, 1, 9], "texture": "#1"},
				"south": {"uv": [1, 8, 2, 9], "texture": "#1"},
				"west": {"uv": [1, 8, 1, 9], "texture": "#1"},
				"up": {"uv": [1, 8, 2, 8], "texture": "#1"},
				"down": {"uv": [1, 8, 2, 8], "texture": "#1"}
			}
		},
		{
			"from": [1, 5, 6.5],
			"to": [2, 6, 6.5],
			"rotation": {"angle": -22.5, "axis": "z", "origin": [2.4, 1, -0.5]},
			"faces": {
				"north": {"uv": [1, 8, 2, 9], "texture": "#1"},
				"east": {"uv": [1, 8, 1, 9], "texture": "#1"},
				"south": {"uv": [1, 8, 2, 9], "texture": "#1"},
				"west": {"uv": [1, 8, 1, 9], "texture": "#1"},
				"up": {"uv": [1, 8, 2, 8], "texture": "#1"},
				"down": {"uv": [1, 8, 2, 8], "texture": "#1"}
			}
		},
		{
			"from": [-1, 5, 6.5],
			"to": [0, 6, 6.5],
			"rotation": {"angle": -22.5, "axis": "z", "origin": [2.4, 1, -0.5]},
			"faces": {
				"north": {"uv": [1, 8, 2, 9], "texture": "#1"},
				"east": {"uv": [1, 8, 1, 9], "texture": "#1"},
				"south": {"uv": [1, 8, 2, 9], "texture": "#1"},
				"west": {"uv": [1, 8, 1, 9], "texture": "#1"},
				"up": {"uv": [1, 8, 2, 8], "texture": "#1"},
				"down": {"uv": [1, 8, 2, 8], "texture": "#1"}
			}
		},
		{
			"from": [-1, 5, 9.5],
			"to": [0, 6, 9.5],
			"rotation": {"angle": -22.5, "axis": "z", "origin": [2.4, 1, -0.5]},
			"faces": {
				"north": {"uv": [1, 8, 2, 9], "texture": "#1"},
				"east": {"uv": [1, 8, 1, 9], "texture": "#1"},
				"south": {"uv": [1, 8, 2, 9], "texture": "#1"},
				"west": {"uv": [1, 8, 1, 9], "texture": "#1"},
				"up": {"uv": [1, 8, 2, 8], "texture": "#1"},
				"down": {"uv": [1, 8, 2, 8], "texture": "#1"}
			}
		},
		{
			"from": [-3, 5, 6.5],
			"to": [-2, 6, 6.5],
			"rotation": {"angle": -22.5, "axis": "z", "origin": [2.4, 1, 0]},
			"faces": {
				"north": {"uv": [1, 8, 2, 9], "texture": "#1"},
				"east": {"uv": [1, 8, 1, 9], "texture": "#1"},
				"south": {"uv": [1, 8, 2, 9], "texture": "#1"},
				"west": {"uv": [1, 8, 1, 9], "texture": "#1"},
				"up": {"uv": [1, 8, 2, 8], "texture": "#1"},
				"down": {"uv": [1, 8, 2, 8], "texture": "#1"}
			}
		},
		{
			"from": [-3, 5, 9.5],
			"to": [-2, 6, 9.5],
			"rotation": {"angle": -22.5, "axis": "z", "origin": [2.4, 1, -0.5]},
			"faces": {
				"north": {"uv": [1, 8, 2, 9], "texture": "#1"},
				"east": {"uv": [1, 8, 1, 9], "texture": "#1"},
				"south": {"uv": [1, 8, 2, 9], "texture": "#1"},
				"west": {"uv": [1, 8, 1, 9], "texture": "#1"},
				"up": {"uv": [1, 8, 2, 8], "texture": "#1"},
				"down": {"uv": [1, 8, 2, 8], "texture": "#1"}
			}
		},
		{
			"from": [-3, 5, 8.5],
			"to": [-3, 6, 9.5],
			"rotation": {"angle": -22.5, "axis": "z", "origin": [2.4, 1, -0.5]},
			"faces": {
				"north": {"uv": [1, 8, 1, 9], "texture": "#1"},
				"east": {"uv": [1, 8, 2, 9], "texture": "#1"},
				"south": {"uv": [1, 8, 1, 9], "texture": "#1"},
				"west": {"uv": [1, 8, 2, 9], "texture": "#1"},
				"up": {"uv": [1, 8, 1, 9], "texture": "#1"},
				"down": {"uv": [1, 8, 1, 9], "texture": "#1"}
			}
		},
		{
			"from": [-3, 5, 6.5],
			"to": [-3, 6, 7.5],
			"rotation": {"angle": -22.5, "axis": "z", "origin": [2.4, 1, -0.5]},
			"faces": {
				"north": {"uv": [1, 8, 1, 9], "texture": "#1"},
				"east": {"uv": [1, 8, 2, 9], "texture": "#1"},
				"south": {"uv": [1, 8, 1, 9], "texture": "#1"},
				"west": {"uv": [1, 8, 2, 9], "texture": "#1"},
				"up": {"uv": [1, 8, 1, 9], "texture": "#1"},
				"down": {"uv": [1, 8, 1, 9], "texture": "#1"}
			}
		},
		{
			"from": [-3, 6, 6.5],
			"to": [2, 8, 9.5],
			"rotation": {"angle": -22.5, "axis": "z", "origin": [2.4, 1, -0.5]},
			"faces": {
				"north": {"uv": [1, 8, 6, 10], "texture": "#1"},
				"east": {"uv": [1, 8, 4, 10], "texture": "#1"},
				"south": {"uv": [1, 8, 6, 10], "texture": "#1"},
				"west": {"uv": [1, 8, 4, 10], "texture": "#1"},
				"up": {"uv": [1, 8, 6, 11], "texture": "#1"},
				"down": {"uv": [1, 8, 6, 11], "texture": "#1"}
			}
		},
		{
			"from": [16.4, -3.4, 9.5],
			"to": [17.4, -2.4, 9.5],
			"rotation": {"angle": 22.5, "axis": "z", "origin": [-8.4, 0.6, -0.5]},
			"faces": {
				"north": {"uv": [1, 8, 2, 9], "texture": "#1"},
				"east": {"uv": [1, 8, 1, 9], "texture": "#1"},
				"south": {"uv": [1, 8, 2, 9], "texture": "#1"},
				"west": {"uv": [1, 8, 1, 9], "texture": "#1"},
				"up": {"uv": [1, 8, 2, 8], "rotation": 180, "texture": "#1"},
				"down": {"uv": [1, 8, 2, 8], "rotation": 180, "texture": "#1"}
			}
		},
		{
			"from": [14.4, -3.4, 9.5],
			"to": [15.4, -2.4, 9.5],
			"rotation": {"angle": 22.5, "axis": "z", "origin": [-8.4, 0.6, -0.5]},
			"faces": {
				"north": {"uv": [1, 8, 2, 9], "texture": "#1"},
				"east": {"uv": [1, 8, 1, 9], "texture": "#1"},
				"south": {"uv": [1, 8, 2, 9], "texture": "#1"},
				"west": {"uv": [1, 8, 1, 9], "texture": "#1"},
				"up": {"uv": [1, 8, 2, 8], "rotation": 180, "texture": "#1"},
				"down": {"uv": [1, 8, 2, 8], "rotation": 180, "texture": "#1"}
			}
		},
		{
			"from": [12.4, -3.4, 9.5],
			"to": [13.4, -2.4, 9.5],
			"rotation": {"angle": 22.5, "axis": "z", "origin": [-8.4, 0.6, -0.5]},
			"faces": {
				"north": {"uv": [1, 8, 2, 9], "texture": "#1"},
				"east": {"uv": [1, 8, 1, 9], "texture": "#1"},
				"south": {"uv": [1, 8, 2, 9], "texture": "#1"},
				"west": {"uv": [1, 8, 1, 9], "texture": "#1"},
				"up": {"uv": [1, 8, 2, 8], "rotation": 180, "texture": "#1"},
				"down": {"uv": [1, 8, 2, 8], "rotation": 180, "texture": "#1"}
			}
		},
		{
			"from": [8.5, 12.3, 9.5],
			"to": [9.5, 13.3, 9.5],
			"rotation": {"angle": -22.5, "axis": "z", "origin": [-8.4, 0.6, -0.5]},
			"faces": {
				"north": {"uv": [1, 8, 2, 9], "texture": "#1"},
				"east": {"uv": [1, 8, 1, 9], "texture": "#1"},
				"south": {"uv": [1, 8, 2, 9], "texture": "#1"},
				"west": {"uv": [1, 8, 1, 9], "texture": "#1"},
				"up": {"uv": [1, 8, 2, 8], "rotation": 180, "texture": "#1"},
				"down": {"uv": [1, 8, 2, 8], "rotation": 180, "texture": "#1"}
			}
		},
		{
			"from": [8.5, 11.3, 6.5],
			"to": [13.5, 12.3, 9.5],
			"rotation": {"angle": -22.5, "axis": "z", "origin": [-8.4, 0.6, -0.5]},
			"faces": {
				"north": {"uv": [1, 8, 6, 9], "texture": "#1"},
				"east": {"uv": [1, 8, 4, 9], "texture": "#1"},
				"south": {"uv": [1, 8, 6, 9], "texture": "#1"},
				"west": {"uv": [1, 8, 4, 9], "texture": "#1"},
				"up": {"uv": [1, 8, 6, 11], "rotation": 180, "texture": "#1"},
				"down": {"uv": [1, 8, 6, 11], "rotation": 180, "texture": "#1"}
			}
		},
		{
			"from": [10.5, 12.3, 9.5],
			"to": [11.5, 13.3, 9.5],
			"rotation": {"angle": -22.5, "axis": "z", "origin": [-8.4, 0.6, -0.5]},
			"faces": {
				"north": {"uv": [1, 8, 2, 9], "texture": "#1"},
				"east": {"uv": [1, 8, 1, 9], "texture": "#1"},
				"south": {"uv": [1, 8, 2, 9], "texture": "#1"},
				"west": {"uv": [1, 8, 1, 9], "texture": "#1"},
				"up": {"uv": [1, 8, 2, 8], "rotation": 180, "texture": "#1"},
				"down": {"uv": [1, 8, 2, 8], "rotation": 180, "texture": "#1"}
			}
		},
		{
			"from": [10.5, 12.3, 6.5],
			"to": [11.5, 13.3, 6.5],
			"rotation": {"angle": -22.5, "axis": "z", "origin": [-8.4, 0.6, -0.5]},
			"faces": {
				"north": {"uv": [1, 8, 2, 9], "texture": "#1"},
				"east": {"uv": [1, 8, 1, 9], "texture": "#1"},
				"south": {"uv": [1, 8, 2, 9], "texture": "#1"},
				"west": {"uv": [1, 8, 1, 9], "texture": "#1"},
				"up": {"uv": [1, 8, 2, 8], "rotation": 180, "texture": "#1"},
				"down": {"uv": [1, 8, 2, 8], "rotation": 180, "texture": "#1"}
			}
		},
		{
			"from": [12.5, 12.3, 6.5],
			"to": [13.5, 13.3, 6.5],
			"rotation": {"angle": -22.5, "axis": "z", "origin": [-8.4, 0.6, -0.5]},
			"faces": {
				"north": {"uv": [1, 8, 2, 9], "texture": "#1"},
				"east": {"uv": [1, 8, 1, 9], "texture": "#1"},
				"south": {"uv": [1, 8, 2, 9], "texture": "#1"},
				"west": {"uv": [1, 8, 1, 9], "texture": "#1"},
				"up": {"uv": [1, 8, 2, 8], "rotation": 180, "texture": "#1"},
				"down": {"uv": [1, 8, 2, 8], "rotation": 180, "texture": "#1"}
			}
		},
		{
			"from": [12.5, 12.3, 9.5],
			"to": [13.5, 13.3, 9.5],
			"rotation": {"angle": -22.5, "axis": "z", "origin": [-8.4, 0.6, -0.5]},
			"faces": {
				"north": {"uv": [1, 8, 2, 9], "texture": "#1"},
				"east": {"uv": [1, 8, 1, 9], "texture": "#1"},
				"south": {"uv": [1, 8, 2, 9], "texture": "#1"},
				"west": {"uv": [1, 8, 1, 9], "texture": "#1"},
				"up": {"uv": [1, 8, 2, 8], "rotation": 180, "texture": "#1"},
				"down": {"uv": [1, 8, 2, 8], "rotation": 180, "texture": "#1"}
			}
		},
		{
			"from": [13.5, 12.3, 8.5],
			"to": [13.5, 13.3, 9.5],
			"rotation": {"angle": -22.5, "axis": "z", "origin": [-8.4, 0.6, -0.5]},
			"faces": {
				"north": {"uv": [1, 8, 1, 9], "texture": "#1"},
				"east": {"uv": [1, 8, 2, 9], "texture": "#1"},
				"south": {"uv": [1, 8, 1, 9], "texture": "#1"},
				"west": {"uv": [1, 8, 2, 9], "texture": "#1"},
				"up": {"uv": [1, 8, 1, 9], "rotation": 180, "texture": "#1"},
				"down": {"uv": [1, 8, 1, 9], "rotation": 180, "texture": "#1"}
			}
		},
		{
			"from": [13.5, 12.3, 6.5],
			"to": [13.5, 13.3, 7.5],
			"rotation": {"angle": -22.5, "axis": "z", "origin": [-8.4, 0.6, -0.5]},
			"faces": {
				"north": {"uv": [1, 8, 1, 9], "texture": "#1"},
				"east": {"uv": [1, 8, 2, 9], "texture": "#1"},
				"south": {"uv": [1, 8, 1, 9], "texture": "#1"},
				"west": {"uv": [1, 8, 2, 9], "texture": "#1"},
				"up": {"uv": [1, 8, 1, 9], "rotation": 180, "texture": "#1"},
				"down": {"uv": [1, 8, 1, 9], "rotation": 180, "texture": "#1"}
			}
		},
		{
			"from": [8.5, 12.3, 6.5],
			"to": [9.5, 13.3, 6.5],
			"rotation": {"angle": -22.5, "axis": "z", "origin": [-8.4, 0.6, -0.5]},
			"faces": {
				"north": {"uv": [1, 8, 2, 9], "texture": "#1"},
				"east": {"uv": [1, 8, 1, 9], "texture": "#1"},
				"south": {"uv": [1, 8, 2, 9], "texture": "#1"},
				"west": {"uv": [1, 8, 1, 9], "texture": "#1"},
				"up": {"uv": [1, 8, 2, 8], "rotation": 180, "texture": "#1"},
				"down": {"uv": [1, 8, 2, 8], "rotation": 180, "texture": "#1"}
			}
		},
		{
			"from": [12.4, -3.4, 6.5],
			"to": [13.4, -2.4, 6.5],
			"rotation": {"angle": 22.5, "axis": "z", "origin": [-8.4, 0.6, -0.5]},
			"faces": {
				"north": {"uv": [1, 8, 2, 9], "texture": "#1"},
				"east": {"uv": [1, 8, 1, 9], "texture": "#1"},
				"south": {"uv": [1, 8, 2, 9], "texture": "#1"},
				"west": {"uv": [1, 8, 1, 9], "texture": "#1"},
				"up": {"uv": [1, 8, 2, 8], "rotation": 180, "texture": "#1"},
				"down": {"uv": [1, 8, 2, 8], "rotation": 180, "texture": "#1"}
			}
		},
		{
			"from": [12.4, -2.4, 6.5],
			"to": [17.4, -0.4, 9.5],
			"rotation": {"angle": 22.5, "axis": "z", "origin": [-8.4, 0.6, -0.5]},
			"faces": {
				"north": {"uv": [1, 8, 6, 10], "texture": "#1"},
				"east": {"uv": [1, 8, 4, 10], "texture": "#1"},
				"south": {"uv": [1, 8, 6, 10], "texture": "#1"},
				"west": {"uv": [1, 8, 4, 10], "texture": "#1"},
				"up": {"uv": [1, 8, 6, 11], "rotation": 180, "texture": "#1"},
				"down": {"uv": [1, 8, 6, 11], "rotation": 180, "texture": "#1"}
			}
		},
		{
			"from": [14.4, -3.4, 6.5],
			"to": [15.4, -2.4, 6.5],
			"rotation": {"angle": 22.5, "axis": "z", "origin": [-8.4, 0.6, -0.5]},
			"faces": {
				"north": {"uv": [1, 8, 2, 9], "texture": "#1"},
				"east": {"uv": [1, 8, 1, 9], "texture": "#1"},
				"south": {"uv": [1, 8, 2, 9], "texture": "#1"},
				"west": {"uv": [1, 8, 1, 9], "texture": "#1"},
				"up": {"uv": [1, 8, 2, 8], "rotation": 180, "texture": "#1"},
				"down": {"uv": [1, 8, 2, 8], "rotation": 180, "texture": "#1"}
			}
		},
		{
			"from": [16.4, -3.4, 6.5],
			"to": [17.4, -2.4, 6.5],
			"rotation": {"angle": 22.5, "axis": "z", "origin": [-8.4, 0.6, -0.5]},
			"faces": {
				"north": {"uv": [1, 8, 2, 9], "texture": "#1"},
				"east": {"uv": [1, 8, 1, 9], "texture": "#1"},
				"south": {"uv": [1, 8, 2, 9], "texture": "#1"},
				"west": {"uv": [1, 8, 1, 9], "texture": "#1"},
				"up": {"uv": [1, 8, 2, 8], "rotation": 180, "texture": "#1"},
				"down": {"uv": [1, 8, 2, 8], "rotation": 180, "texture": "#1"}
			}
		},
		{
			"from": [17.4, -3.4, 6.5],
			"to": [17.4, -2.4, 7.5],
			"rotation": {"angle": 22.5, "axis": "z", "origin": [-8.4, 0.6, -0.5]},
			"faces": {
				"north": {"uv": [1, 8, 1, 9], "texture": "#1"},
				"east": {"uv": [1, 8, 2, 9], "texture": "#1"},
				"south": {"uv": [1, 8, 1, 9], "texture": "#1"},
				"west": {"uv": [1, 8, 2, 9], "texture": "#1"},
				"up": {"uv": [1, 8, 1, 9], "rotation": 180, "texture": "#1"},
				"down": {"uv": [1, 8, 1, 9], "rotation": 180, "texture": "#1"}
			}
		},
		{
			"from": [17.4, -3.4, 8.5],
			"to": [17.4, -2.4, 9.5],
			"rotation": {"angle": 22.5, "axis": "z", "origin": [-8.4, 0.6, -0.5]},
			"faces": {
				"north": {"uv": [1, 8, 1, 9], "texture": "#1"},
				"east": {"uv": [1, 8, 2, 9], "texture": "#1"},
				"south": {"uv": [1, 8, 1, 9], "texture": "#1"},
				"west": {"uv": [1, 8, 2, 9], "texture": "#1"},
				"up": {"uv": [1, 8, 1, 9], "rotation": 180, "texture": "#1"},
				"down": {"uv": [1, 8, 1, 9], "rotation": 180, "texture": "#1"}
			}
		}
	],
	"gui_light": "front",
	"display": {
		"thirdperson_righthand": {
			"rotation": [90, 90, 0],
			"translation": [0.75, -2, -2.5],
			"scale": [0.4, 0.4, 0.4]
		},
		"thirdperson_lefthand": {
			"rotation": [90, 90, 0],
			"translation": [1, 0, -2.5],
			"scale": [0.4, 0.4, 0.4]
		},
		"firstperson_righthand": {
			"rotation": [-38, 143, 0],
			"translation": [0.75, 3.75, 0],
			"scale": [0.4, 0.4, 0.4]
		},
		"firstperson_lefthand": {
			"rotation": [-38, 143, 0],
			"translation": [0, 3.25, -0.5],
			"scale": [0.4, 0.4, 0.4]
		},
		"ground": {
			"translation": [0, 3.5, 0],
			"scale": [0.5, 0.5, 0.5]
		},
		"gui": {
			"rotation": [-90, 0, 0],
			"translation": [0, -1, 0]
		},
		"fixed": {
			"rotation": [0, 0, 0],
			"translation": [0, 2, 0],
			"scale": [0.8, 0.8, 0.8]
		}
	},
	"groups": [
		0,
		1,
		2,
		3,
		4,
		5,
		6,
		7,
		8,
		9,
		10,
		11,
		12,
		13,
		14,
		15,
		16,
		17,
		18,
		19,
		20,
		21,
		22,
		23,
		24,
		25,
		26,
		27,
		28,
		29,
		30,
		31,
		32,
		33,
		34,
		35,
		36,
		37,
		38,
		39,
		40,
		41,
		42,
		43,
		44,
		45,
		46,
		47,
		48,
		49,
		50,
		51,
		52,
		53,
		54,
		55,
		56,
		57,
		58,
		59,
		{
			"name": "crab",
			"origin": [8, 8, 8],
			"color": 0,
			"children": [
				60,
				61,
				62,
				63,
				64,
				65,
				66,
				67,
				68,
				69,
				70,
				71,
				72,
				73,
				74,
				75,
				76,
				77,
				78,
				79,
				80,
				81,
				82,
				83,
				84,
				85,
				86,
				87,
				88,
				89,
				90,
				91,
				92,
				93,
				94,
				95,
				96,
				97,
				98,
				99,
				100,
				101,
				102,
				103,
				104,
				105,
				106,
				107,
				108
			]
		}
	]
}