{
	"credit": "Made with Blockbench",
	"textures": {
		"0": "hat/black_wool",
		"1": "block/black_stained_glass",
		"2": "block/barrel_bottom",
		"3": "block/barrel_side",
		"4": "block/barrel_top",
		"5": "block/dead_tube_coral_block",
		"6": "custom/black",
		"7": "block/spruce_planks",
		"11": "block/sponge",
		"particle": "hat/black_wool",
		"1_3": "hat/gray_wool",
		"1_4": "hat/hat_skull"
	},
	"elements": [
		{
			"from": [4, 3, 0],
			"to": [12, 11, 1],
			"rotation": {"angle": 0, "axis": "y", "origin": [16, 11, 8]},
			"faces": {
				"north": {"uv": [0, 0, 16, 16], "texture": "#1"},
				"east": {"uv": [0, 0, 1, 8], "texture": "#1"},
				"west": {"uv": [0, 0, 1, 8], "texture": "#1"},
				"up": {"uv": [0, 0, 8, 1], "texture": "#1"},
				"down": {"uv": [0, 0, 8, 1], "texture": "#1"}
			}
		},
		{
			"from": [12, 3, 1],
			"to": [13, 11, 4],
			"rotation": {"angle": 0, "axis": "y", "origin": [17, 11, 9]},
			"faces": {
				"north": {"uv": [0, 0, 1, 8], "texture": "#1"},
				"east": {"uv": [0, 0, 3, 8], "texture": "#1"},
				"up": {"uv": [0, 0, 1, 3], "texture": "#1"},
				"down": {"uv": [0, 0, 1, 3], "texture": "#1"}
			}
		},
		{
			"from": [3, 3, 1],
			"to": [4, 11, 4],
			"rotation": {"angle": 0, "axis": "y", "origin": [8, 11, 9]},
			"faces": {
				"north": {"uv": [0, 0, 1, 8], "texture": "#1"},
				"west": {"uv": [13, 0, 16, 8], "texture": "#1"},
				"up": {"uv": [0, 0, 1, 3], "texture": "#1"},
				"down": {"uv": [0, 0, 1, 3], "texture": "#1"}
			}
		},
		{
			"from": [3, 3, 4],
			"to": [4, 11, 13],
			"rotation": {"angle": 0, "axis": "y", "origin": [8, 11, 10]},
			"faces": {
				"north": {"uv": [0, 0, 1, 8], "texture": "#6"},
				"east": {"uv": [0, 0, 9, 8], "texture": "#11"},
				"south": {"uv": [0, 0, 1, 8], "texture": "#6"},
				"west": {"uv": [0, 1, 15, 15], "texture": "#6"},
				"up": {"uv": [0, 0, 1, 9], "texture": "#6"},
				"down": {"uv": [0, 0, 1, 9], "texture": "#6"}
			}
		},
		{
			"from": [12, 3, 4],
			"to": [13, 11, 13],
			"rotation": {"angle": 0, "axis": "y", "origin": [17, 11, 10]},
			"faces": {
				"north": {"uv": [0, 0, 1, 8], "texture": "#6"},
				"east": {"uv": [1, 1, 16, 15], "texture": "#6"},
				"south": {"uv": [0, 0, 1, 8], "texture": "#6"},
				"west": {"uv": [0, 0, 9, 8], "texture": "#11"},
				"up": {"uv": [0, 0, 1, 9], "texture": "#6"},
				"down": {"uv": [0, 0, 1, 9], "texture": "#6"}
			}
		},
		{
			"from": [4, 11, 1],
			"to": [12, 12, 3],
			"rotation": {"angle": 0, "axis": "y", "origin": [9, 12, 9]},
			"faces": {
				"north": {"uv": [0, 0, 8, 1], "texture": "#1"},
				"east": {"uv": [0, 0, 2, 1], "texture": "#1"},
				"west": {"uv": [0, 0, 2, 1], "texture": "#1"},
				"up": {"uv": [5, 14, 13, 16], "texture": "#1"}
			}
		},
		{
			"from": [4, 2, 1],
			"to": [12, 3, 3],
			"rotation": {"angle": 0, "axis": "y", "origin": [9, 3, 9]},
			"faces": {
				"north": {"uv": [0, 0, 8, 1], "texture": "#1"},
				"east": {"uv": [0, 0, 2, 1], "texture": "#1"},
				"west": {"uv": [0, 0, 2, 1], "texture": "#1"},
				"down": {"uv": [0, 0, 8, 2], "texture": "#1"}
			}
		},
		{
			"from": [3, 2, 3],
			"to": [13, 3, 13],
			"rotation": {"angle": 0, "axis": "y", "origin": [9, 3, 10]},
			"faces": {
				"north": {"uv": [0, 0, 16, 1], "texture": "#6"},
				"east": {"uv": [0, 15, 16, 16], "texture": "#6"},
				"south": {"uv": [0, 0, 10, 1], "texture": "#6"},
				"west": {"uv": [0, 0, 16, 1], "texture": "#6"},
				"up": {"uv": [0, 0, 10, 10], "texture": "#11"},
				"down": {"uv": [0, 0, 16, 16], "texture": "#6"}
			}
		},
		{
			"from": [3, 11, 3],
			"to": [13, 12, 13],
			"rotation": {"angle": 0, "axis": "y", "origin": [9, 12, 10]},
			"faces": {
				"north": {"uv": [0, 0, 10, 1], "texture": "#6"},
				"east": {"uv": [0, 0, 16, 1], "texture": "#6"},
				"south": {"uv": [0, 0, 10, 1], "texture": "#6"},
				"west": {"uv": [0, 0, 16, 1], "texture": "#6"},
				"up": {"uv": [0, 0, 16, 16], "texture": "#6"},
				"down": {"uv": [0, 0, 10, 10], "texture": "#11"}
			}
		},
		{
			"from": [3, 2, 13],
			"to": [13, 12, 14],
			"rotation": {"angle": 0, "axis": "y", "origin": [9, 3, 14]},
			"faces": {
				"north": {"uv": [0, 0, 10, 10], "texture": "#11"},
				"east": {"uv": [0, 0, 1, 16], "texture": "#6"},
				"south": {"uv": [0, 0, 16, 16], "texture": "#6"},
				"west": {"uv": [0, 0, 1, 10], "texture": "#6"},
				"up": {"uv": [0, 0, 10, 1], "texture": "#6"},
				"down": {"uv": [0, 0, 10, 1], "texture": "#6"}
			}
		},
		{
			"from": [6, 3, 14],
			"to": [10, 7, 18],
			"rotation": {"angle": 0, "axis": "y", "origin": [14, 11, 22]},
			"faces": {
				"north": {"uv": [0, 0, 16, 16], "texture": "#3"},
				"east": {"uv": [0, 0, 16, 16], "texture": "#3"},
				"south": {"uv": [0, 0, 16, 16], "texture": "#3"},
				"west": {"uv": [0, 0, 16, 16], "texture": "#3"},
				"up": {"uv": [0, 0, 16, 16], "texture": "#4"},
				"down": {"uv": [0, 0, 16, 16], "texture": "#2"}
			}
		},
		{
			"from": [2, 7, 15],
			"to": [7, 9, 17],
			"rotation": {"angle": 0, "axis": "y", "origin": [14, 15, 23]},
			"faces": {
				"north": {"uv": [0, 0, 5, 2], "texture": "#5"},
				"east": {"uv": [0, 0, 2, 2], "texture": "#5"},
				"south": {"uv": [0, 0, 5, 2], "texture": "#5"},
				"west": {"uv": [0, 0, 2, 2], "texture": "#5"},
				"up": {"uv": [0, 0, 5, 2], "texture": "#5"},
				"down": {"uv": [0, 0, 5, 2], "texture": "#5"}
			}
		},
		{
			"from": [7, 7, 15],
			"to": [8, 8, 17],
			"rotation": {"angle": 0, "axis": "y", "origin": [15, 15, 23]},
			"faces": {
				"north": {"uv": [0, 0, 1, 1], "texture": "#5"},
				"east": {"uv": [0, 0, 2, 1], "texture": "#5"},
				"south": {"uv": [0, 0, 1, 1], "texture": "#5"},
				"west": {"uv": [0, 0, 2, 1], "texture": "#5"},
				"up": {"uv": [0, 0, 1, 2], "texture": "#5"},
				"down": {"uv": [0, 0, 1, 2], "texture": "#5"}
			}
		},
		{
			"from": [1, 7, 10],
			"to": [3, 9, 15],
			"rotation": {"angle": 0, "axis": "y", "origin": [10, 15, 21]},
			"faces": {
				"north": {"uv": [0, 0, 2, 2], "texture": "#5"},
				"east": {"uv": [0, 0, 5, 2], "texture": "#5"},
				"south": {"uv": [0, 0, 2, 2], "texture": "#5"},
				"west": {"uv": [0, 0, 5, 2], "texture": "#5"},
				"up": {"uv": [0, 0, 2, 5], "texture": "#5"},
				"down": {"uv": [0, 0, 2, 5], "texture": "#5"}
			}
		},
		{
			"from": [2, 7, 9],
			"to": [3, 9, 10],
			"rotation": {"angle": 0, "axis": "y", "origin": [10, 15, 20]},
			"faces": {
				"north": {"uv": [0, 0, 1, 2], "texture": "#5"},
				"east": {"uv": [0, 0, 1, 2], "texture": "#5"},
				"south": {"uv": [0, 0, 1, 2], "texture": "#5"},
				"west": {"uv": [0, 0, 1, 2], "texture": "#5"},
				"up": {"uv": [0, 0, 1, 1], "texture": "#5"},
				"down": {"uv": [0, 0, 1, 1], "texture": "#5"}
			}
		},
		{
			"from": [7.5, -5, 16],
			"to": [8.5, -3, 17],
			"rotation": {"angle": 45, "axis": "x", "origin": [16, 2, 24]},
			"faces": {
				"north": {"uv": [0, 0, 1, 2], "texture": "#7"},
				"east": {"uv": [0, 0, 9, 8], "texture": "#7"},
				"south": {"uv": [0, 0, 9, 8], "texture": "#7"},
				"west": {"uv": [0, 0, 9, 8], "texture": "#7"},
				"up": {"uv": [0, 0, 1, 1], "texture": "#7"},
				"down": {"uv": [0, 0, 1, 1], "texture": "#7"}
			}
		},
		{
			"from": [4, 12, 3],
			"to": [12, 16, 13],
			"rotation": {"angle": 0, "axis": "y", "origin": [0, 11, 0]},
			"faces": {
				"north": {"uv": [0, 0, 8, 4], "texture": "#0"},
				"east": {"uv": [0, 0, 10, 4], "texture": "#0"},
				"south": {"uv": [0, 0, 8, 4], "texture": "#0"},
				"west": {"uv": [0, 0, 10, 4], "texture": "#0"},
				"up": {"uv": [0, 0, 8, 10], "texture": "#0"},
				"down": {"uv": [0, 0, 8, 10], "texture": "#0"}
			}
		},
		{
			"from": [12, 12, 4],
			"to": [13, 16, 12],
			"rotation": {"angle": 0, "axis": "y", "origin": [0, 11, 0]},
			"faces": {
				"north": {"uv": [3, 4, 4, 8], "texture": "#0"},
				"east": {"uv": [3, 4, 11, 8], "texture": "#0"},
				"south": {"uv": [3, 4, 4, 8], "texture": "#0"},
				"west": {"uv": [3, 4, 11, 8], "texture": "#0"},
				"up": {"uv": [3, 4, 4, 12], "texture": "#0"},
				"down": {"uv": [3, 4, 4, 12], "texture": "#0"}
			}
		},
		{
			"from": [3, 12, 4],
			"to": [4, 16, 12],
			"rotation": {"angle": 0, "axis": "y", "origin": [0, 11, 0]},
			"faces": {
				"north": {"uv": [8, 5, 9, 9], "texture": "#0"},
				"east": {"uv": [8, 5, 16, 9], "texture": "#0"},
				"south": {"uv": [8, 5, 9, 9], "texture": "#0"},
				"west": {"uv": [8, 5, 16, 9], "texture": "#0"},
				"up": {"uv": [8, 5, 9, 13], "texture": "#0"},
				"down": {"uv": [8, 5, 9, 13], "texture": "#0"}
			}
		},
		{
			"from": [13.2, 12, -1.8],
			"to": [18.2, 13, -0.8],
			"rotation": {"angle": -22.5, "axis": "y", "origin": [0, 11, 0]},
			"faces": {
				"north": {"uv": [0, 0, 5, 1], "texture": "#0"},
				"east": {"uv": [0, 0, 1, 1], "texture": "#0"},
				"south": {"uv": [0, 0, 5, 1], "texture": "#0"},
				"west": {"uv": [0, 0, 1, 1], "texture": "#0"},
				"up": {"uv": [0, 0, 5, 1], "texture": "#0"},
				"down": {"uv": [0, 0, 5, 1], "texture": "#0"}
			}
		},
		{
			"from": [-3.4, 12, 4.32],
			"to": [1.6, 13, 5.32],
			"rotation": {"angle": 22.5, "axis": "y", "origin": [0, 11, 0]},
			"faces": {
				"north": {"uv": [0, 0, 5, 1], "texture": "#0"},
				"east": {"uv": [0, 0, 1, 1], "texture": "#0"},
				"south": {"uv": [0, 0, 5, 1], "texture": "#0"},
				"west": {"uv": [0, 0, 1, 1], "texture": "#0"},
				"up": {"uv": [0, 0, 5, 1], "texture": "#0"},
				"down": {"uv": [0, 0, 5, 1], "texture": "#0"}
			}
		},
		{
			"from": [0.6, 13, 4.32],
			"to": [1.6, 16, 5.32],
			"rotation": {"angle": 22.5, "axis": "y", "origin": [0, 11, 0]},
			"faces": {
				"north": {"uv": [0, 0, 1, 3], "texture": "#0"},
				"east": {"uv": [0, 0, 1, 3], "texture": "#0"},
				"south": {"uv": [0, 0, 1, 3], "texture": "#0"},
				"west": {"uv": [0, 0, 1, 3], "texture": "#0"},
				"up": {"uv": [0, 0, 1, 1], "texture": "#0"},
				"down": {"uv": [0, 0, 1, 1], "texture": "#0"}
			}
		},
		{
			"from": [13.2, 13, -1.8],
			"to": [14.2, 16, -0.8],
			"rotation": {"angle": -22.5, "axis": "y", "origin": [0, 11, 0]},
			"faces": {
				"north": {"uv": [0, 0, 1, 3], "texture": "#0"},
				"east": {"uv": [0, 0, 1, 3], "texture": "#0"},
				"south": {"uv": [0, 0, 1, 3], "texture": "#0"},
				"west": {"uv": [0, 0, 1, 3], "texture": "#0"},
				"up": {"uv": [0, 0, 1, 1], "texture": "#0"},
				"down": {"uv": [0, 0, 1, 1], "texture": "#0"}
			}
		},
		{
			"from": [5, 16, 3],
			"to": [11, 17, 4],
			"rotation": {"angle": 0, "axis": "y", "origin": [0, 11, 0]},
			"faces": {
				"north": {"uv": [0, 0, 6, 1], "texture": "#0"},
				"east": {"uv": [0, 0, 1, 1], "texture": "#0"},
				"south": {"uv": [0, 0, 6, 1], "texture": "#0"},
				"west": {"uv": [0, 0, 1, 1], "texture": "#0"},
				"up": {"uv": [0, 0, 6, 1], "texture": "#0"},
				"down": {"uv": [0, 0, 6, 1], "texture": "#0"}
			}
		},
		{
			"from": [3, 12, 3],
			"to": [4, 16, 4],
			"rotation": {"angle": 0, "axis": "y", "origin": [0, 11, 0]},
			"faces": {
				"north": {"uv": [0, 0, 1, 4], "texture": "#1_3"},
				"east": {"uv": [0, 0, 1, 4], "texture": "#1_3"},
				"south": {"uv": [0, 0, 1, 4], "texture": "#1_3"},
				"west": {"uv": [0, 0, 1, 4], "texture": "#1_3"},
				"up": {"uv": [0, 0, 1, 1], "texture": "#1_3"},
				"down": {"uv": [0, 0, 1, 1], "texture": "#1_3"}
			}
		},
		{
			"from": [12, 12, 3],
			"to": [13, 16, 4],
			"rotation": {"angle": 0, "axis": "y", "origin": [0, 11, 0]},
			"faces": {
				"north": {"uv": [0, 0, 1, 4], "texture": "#1_3"},
				"east": {"uv": [0, 0, 1, 4], "texture": "#1_3"},
				"south": {"uv": [0, 0, 1, 4], "texture": "#1_3"},
				"west": {"uv": [0, 0, 1, 4], "texture": "#1_3"},
				"up": {"uv": [0, 0, 1, 1], "texture": "#1_3"},
				"down": {"uv": [0, 0, 1, 1], "texture": "#1_3"}
			}
		},
		{
			"from": [11, 16, 3],
			"to": [12, 17, 4],
			"rotation": {"angle": 0, "axis": "y", "origin": [0, 11, 0]},
			"faces": {
				"north": {"uv": [0, 0, 1, 1], "texture": "#1_3"},
				"east": {"uv": [0, 0, 1, 1], "texture": "#1_3"},
				"south": {"uv": [0, 0, 1, 1], "texture": "#1_3"},
				"west": {"uv": [0, 0, 1, 1], "texture": "#1_3"},
				"up": {"uv": [0, 0, 1, 1], "texture": "#1_3"},
				"down": {"uv": [0, 0, 1, 1], "texture": "#1_3"}
			}
		},
		{
			"from": [4, 16, 3],
			"to": [5, 17, 4],
			"rotation": {"angle": 0, "axis": "y", "origin": [0, 11, 0]},
			"faces": {
				"north": {"uv": [0, 0, 1, 1], "texture": "#1_3"},
				"east": {"uv": [0, 0, 1, 1], "texture": "#1_3"},
				"south": {"uv": [0, 0, 1, 1], "texture": "#1_3"},
				"west": {"uv": [0, 0, 1, 1], "texture": "#1_3"},
				"up": {"uv": [0, 0, 1, 1], "texture": "#1_3"},
				"down": {"uv": [0, 0, 1, 1], "texture": "#1_3"}
			}
		},
		{
			"from": [4, 17, 3],
			"to": [12, 18, 4],
			"rotation": {"angle": 0, "axis": "y", "origin": [0, 11, 0]},
			"faces": {
				"north": {"uv": [0, 0, 8, 1], "texture": "#1_3"},
				"east": {"uv": [0, 0, 1, 1], "texture": "#1_3"},
				"south": {"uv": [0, 0, 8, 1], "texture": "#1_3"},
				"west": {"uv": [0, 0, 1, 1], "texture": "#1_3"},
				"up": {"uv": [0, 0, 8, 1], "texture": "#1_3"},
				"down": {"uv": [0, 0, 8, 1], "texture": "#1_3"}
			}
		},
		{
			"from": [4, 15.4, 12.1],
			"to": [12, 16.4, 13.1],
			"rotation": {"angle": 0, "axis": "y", "origin": [0, 10.4, 0.1]},
			"faces": {
				"north": {"uv": [0, 0, 8, 1], "texture": "#1_3"},
				"east": {"uv": [0, 0, 1, 1], "texture": "#1_3"},
				"south": {"uv": [0, 0, 8, 1], "texture": "#1_3"},
				"west": {"uv": [0, 0, 1, 1], "texture": "#1_3"},
				"up": {"uv": [0, 0, 8, 1], "texture": "#1_3"},
				"down": {"uv": [0, 0, 8, 1], "texture": "#1_3"}
			}
		},
		{
			"from": [12.2, 16, -1.8],
			"to": [15.2, 17, -0.8],
			"rotation": {"angle": -22.5, "axis": "y", "origin": [0, 11, 0]},
			"faces": {
				"north": {"uv": [0, 0, 3, 1], "texture": "#1_3"},
				"east": {"uv": [0, 0, 1, 1], "texture": "#1_3"},
				"south": {"uv": [0, 0, 3, 1], "texture": "#1_3"},
				"west": {"uv": [0, 0, 1, 1], "texture": "#1_3"},
				"up": {"uv": [0, 0, 3, 1], "texture": "#1_3"},
				"down": {"uv": [0, 0, 3, 1], "texture": "#1_3"}
			}
		},
		{
			"from": [9, 15.4, 5.5],
			"to": [12, 16.4, 6.5],
			"rotation": {"angle": -45, "axis": "y", "origin": [0, 10.4, 0.1]},
			"faces": {
				"north": {"uv": [0, 0, 3, 1], "texture": "#1_3"},
				"east": {"uv": [0, 0, 1, 1], "texture": "#1_3"},
				"south": {"uv": [0, 0, 3, 1], "texture": "#1_3"},
				"west": {"uv": [0, 0, 1, 1], "texture": "#1_3"},
				"up": {"uv": [0, 0, 3, 1], "texture": "#1_3"},
				"down": {"uv": [0, 0, 3, 1], "texture": "#1_3"}
			}
		},
		{
			"from": [9, 13.4, 5.5],
			"to": [10, 15.4, 6.5],
			"rotation": {"angle": -45, "axis": "y", "origin": [0, 10.4, 0.1]},
			"faces": {
				"north": {"uv": [0, 0, 1, 2], "texture": "#1_3"},
				"east": {"uv": [0, 0, 1, 2], "texture": "#1_3"},
				"south": {"uv": [0, 0, 1, 2], "texture": "#1_3"},
				"west": {"uv": [0, 0, 1, 2], "texture": "#1_3"},
				"up": {"uv": [0, 0, 1, 1], "texture": "#1_3"},
				"down": {"uv": [0, 0, 1, 1], "texture": "#1_3"}
			}
		},
		{
			"from": [7, 12.4, 5.5],
			"to": [10, 13.4, 6.5],
			"rotation": {"angle": -45, "axis": "y", "origin": [0, 10.4, 0.1]},
			"faces": {
				"north": {"uv": [0, 0, 3, 1], "texture": "#1_3"},
				"east": {"uv": [0, 0, 1, 1], "texture": "#1_3"},
				"south": {"uv": [0, 0, 3, 1], "texture": "#1_3"},
				"west": {"uv": [0, 0, 1, 1], "texture": "#1_3"},
				"up": {"uv": [0, 0, 3, 1], "texture": "#1_3"},
				"down": {"uv": [0, 0, 3, 1], "texture": "#1_3"}
			}
		},
		{
			"from": [10, 12.4, 5.5],
			"to": [12, 15.4, 6.5],
			"rotation": {"angle": -45, "axis": "y", "origin": [0, 10.4, 0.1]},
			"faces": {
				"north": {"uv": [0, 0, 2, 3], "texture": "#0"},
				"east": {"uv": [0, 0, 1, 3], "texture": "#0"},
				"south": {"uv": [0, 0, 2, 3], "texture": "#0"},
				"west": {"uv": [0, 0, 1, 3], "texture": "#0"},
				"up": {"uv": [0, 0, 2, 1], "texture": "#0"},
				"down": {"uv": [0, 0, 2, 1], "texture": "#0"}
			}
		},
		{
			"from": [7, 11.4, 5.5],
			"to": [12, 12.4, 6.5],
			"rotation": {"angle": -45, "axis": "y", "origin": [0, 10.4, 0.1]},
			"faces": {
				"north": {"uv": [0, 0, 5, 1], "texture": "#0"},
				"east": {"uv": [0, 0, 1, 1], "texture": "#0"},
				"south": {"uv": [0, 0, 5, 1], "texture": "#0"},
				"west": {"uv": [0, 0, 1, 1], "texture": "#0"},
				"up": {"uv": [0, 0, 5, 1], "texture": "#0"},
				"down": {"uv": [0, 0, 5, 1], "texture": "#0"}
			}
		},
		{
			"from": [14.2, 13, -1.8],
			"to": [15.2, 16, -0.8],
			"rotation": {"angle": -22.5, "axis": "y", "origin": [0, 11, 0]},
			"faces": {
				"north": {"uv": [0, 0, 1, 3], "texture": "#1_3"},
				"east": {"uv": [0, 0, 1, 3], "texture": "#1_3"},
				"south": {"uv": [0, 0, 1, 3], "texture": "#1_3"},
				"west": {"uv": [0, 0, 1, 3], "texture": "#1_3"},
				"up": {"uv": [0, 0, 1, 1], "texture": "#1_3"},
				"down": {"uv": [0, 0, 1, 1], "texture": "#1_3"}
			}
		},
		{
			"from": [15.2, 13, -1.8],
			"to": [18.2, 14, -0.8],
			"rotation": {"angle": -22.5, "axis": "y", "origin": [0, 11, 0]},
			"faces": {
				"north": {"uv": [0, 0, 3, 1], "texture": "#1_3"},
				"east": {"uv": [0, 0, 1, 1], "texture": "#1_3"},
				"south": {"uv": [0, 0, 3, 1], "texture": "#1_3"},
				"west": {"uv": [0, 0, 1, 1], "texture": "#1_3"},
				"up": {"uv": [0, 0, 3, 1], "texture": "#1_3"},
				"down": {"uv": [0, 0, 3, 1], "texture": "#1_3"}
			}
		},
		{
			"from": [-0.4, 16, 4.32],
			"to": [2.6, 17, 5.32],
			"rotation": {"angle": 22.5, "axis": "y", "origin": [0, 11, 0]},
			"faces": {
				"north": {"uv": [0, 0, 3, 1], "texture": "#1_3"},
				"east": {"uv": [0, 0, 1, 1], "texture": "#1_3"},
				"south": {"uv": [0, 0, 3, 1], "texture": "#1_3"},
				"west": {"uv": [0, 0, 1, 1], "texture": "#1_3"},
				"up": {"uv": [0, 0, 3, 1], "rotation": 180, "texture": "#1_3"},
				"down": {"uv": [0, 0, 3, 1], "rotation": 180, "texture": "#1_3"}
			}
		},
		{
			"from": [-0.7, 12.4, 16.82],
			"to": [1.3, 15.4, 17.82],
			"rotation": {"angle": 45, "axis": "y", "origin": [0, 10.4, 0.1]},
			"faces": {
				"north": {"uv": [0, 0, 2, 3], "texture": "#0"},
				"east": {"uv": [0, 0, 1, 3], "texture": "#0"},
				"south": {"uv": [0, 0, 2, 3], "texture": "#0"},
				"west": {"uv": [0, 0, 1, 3], "texture": "#0"},
				"up": {"uv": [0, 0, 2, 1], "texture": "#0"},
				"down": {"uv": [0, 0, 2, 1], "texture": "#0"}
			}
		},
		{
			"from": [-0.7, 11.4, 16.82],
			"to": [4.3, 12.4, 17.82],
			"rotation": {"angle": 45, "axis": "y", "origin": [0, 10.4, 0.1]},
			"faces": {
				"north": {"uv": [0, 0, 5, 1], "texture": "#0"},
				"east": {"uv": [0, 0, 1, 1], "texture": "#0"},
				"south": {"uv": [0, 0, 5, 1], "texture": "#0"},
				"west": {"uv": [0, 0, 1, 1], "texture": "#0"},
				"up": {"uv": [0, 0, 5, 1], "texture": "#0"},
				"down": {"uv": [0, 0, 5, 1], "texture": "#0"}
			}
		},
		{
			"from": [-0.7, 15.4, 16.82],
			"to": [2.3, 16.4, 17.82],
			"rotation": {"angle": 45, "axis": "y", "origin": [0, 10.4, 0.1]},
			"faces": {
				"north": {"uv": [0, 0, 3, 1], "texture": "#1_3"},
				"east": {"uv": [0, 0, 1, 1], "texture": "#1_3"},
				"south": {"uv": [0, 0, 3, 1], "texture": "#1_3"},
				"west": {"uv": [0, 0, 1, 1], "texture": "#1_3"},
				"up": {"uv": [0, 0, 3, 1], "rotation": 180, "texture": "#1_3"},
				"down": {"uv": [0, 0, 3, 1], "rotation": 180, "texture": "#1_3"}
			}
		},
		{
			"from": [1.3, 13.4, 16.82],
			"to": [2.3, 15.4, 17.82],
			"rotation": {"angle": 45, "axis": "y", "origin": [0, 10.4, 0.1]},
			"faces": {
				"north": {"uv": [0, 0, 1, 2], "texture": "#1_3"},
				"east": {"uv": [0, 0, 1, 2], "texture": "#1_3"},
				"south": {"uv": [0, 0, 1, 2], "texture": "#1_3"},
				"west": {"uv": [0, 0, 1, 2], "texture": "#1_3"},
				"up": {"uv": [0, 0, 1, 1], "rotation": 180, "texture": "#1_3"},
				"down": {"uv": [0, 0, 1, 1], "rotation": 180, "texture": "#1_3"}
			}
		},
		{
			"from": [1.3, 12.4, 16.82],
			"to": [4.3, 13.4, 17.82],
			"rotation": {"angle": 45, "axis": "y", "origin": [0, 10.4, 0.1]},
			"faces": {
				"north": {"uv": [0, 0, 3, 1], "texture": "#1_3"},
				"east": {"uv": [0, 0, 1, 1], "texture": "#1_3"},
				"south": {"uv": [0, 0, 3, 1], "texture": "#1_3"},
				"west": {"uv": [0, 0, 1, 1], "texture": "#1_3"},
				"up": {"uv": [0, 0, 3, 1], "rotation": 180, "texture": "#1_3"},
				"down": {"uv": [0, 0, 3, 1], "rotation": 180, "texture": "#1_3"}
			}
		},
		{
			"from": [-0.4, 13, 4.32],
			"to": [0.6, 16, 5.32],
			"rotation": {"angle": 22.5, "axis": "y", "origin": [0, 11, 0]},
			"faces": {
				"north": {"uv": [0, 0, 1, 3], "texture": "#1_3"},
				"east": {"uv": [0, 0, 1, 3], "texture": "#1_3"},
				"south": {"uv": [0, 0, 1, 3], "texture": "#1_3"},
				"west": {"uv": [0, 0, 1, 3], "texture": "#1_3"},
				"up": {"uv": [0, 0, 1, 1], "rotation": 180, "texture": "#1_3"},
				"down": {"uv": [0, 0, 1, 1], "rotation": 180, "texture": "#1_3"}
			}
		},
		{
			"from": [-3.4, 13, 4.32],
			"to": [-0.4, 14, 5.32],
			"rotation": {"angle": 22.5, "axis": "y", "origin": [0, 11, 0]},
			"faces": {
				"north": {"uv": [0, 0, 3, 1], "texture": "#1_3"},
				"east": {"uv": [0, 0, 1, 1], "texture": "#1_3"},
				"south": {"uv": [0, 0, 3, 1], "texture": "#1_3"},
				"west": {"uv": [0, 0, 1, 1], "texture": "#1_3"},
				"up": {"uv": [0, 0, 3, 1], "rotation": 180, "texture": "#1_3"},
				"down": {"uv": [0, 0, 3, 1], "rotation": 180, "texture": "#1_3"}
			}
		},
		{
			"from": [6, 12, 2.9],
			"to": [10, 16, 2.9],
			"rotation": {"angle": 0, "axis": "y", "origin": [0, 11, 0]},
			"faces": {
				"north": {"uv": [1, 1, 15, 15], "texture": "#1_4"}
			}
		}
	],
	"gui_light": "front",
	"display": {
		"gui": {
			"rotation": [0, 180, 0]
		},
		"head": {
			"rotation": [0, -56, 0],
			"translation": [-1.5, -21.75, 16],
			"scale": [1.63, 1.63, 1.63]
		}
	},
	"groups": [
		0,
		1,
		2,
		3,
		4,
		5,
		6,
		7,
		8,
		9,
		10,
		11,
		12,
		13,
		14,
		15,
		{
			"name": "default",
			"origin": [8, 8, 8],
			"color": 0,
			"children": [16, 17, 18, 19, 20, 21, 22, 23, 24, 25, 26, 27, 28, 29, 30, 31, 32, 33, 34, 35, 36, 37, 38, 39, 40, 41, 42, 43, 44, 45, 46]
		}
	]
}