{
	"credit": "Made with Blockbench",
	"textures": {
		"0": "block/chorus_plant",
		"1": "block/structure_block",
		"3": "block/polished_basalt_side",
		"4": "block/iron_block",
		"6": "custom/particle_canister",
		"8": "block/cauldron_inner",
		"9": "block/anvil",
		"10": "block/command_block_back",
		"12": "item/spyglass_model",
		"particle": "block/chorus_plant"
	},
	"elements": [
		{
			"from": [6, 7, -16],
			"to": [8, 9, 21.3],
			"faces": {
				"north": {"uv": [0, 0, 16, 16], "texture": "#8"},
				"east": {"uv": [0, 0, 16, 2], "texture": "#3"},
				"south": {"uv": [0, 0, 2, 2], "texture": "#3"},
				"west": {"uv": [0, 0, 16, 2], "texture": "#3"},
				"up": {"uv": [0, 0, 2, 16], "texture": "#3"},
				"down": {"uv": [0, 0, 2, 16], "texture": "#3"}
			}
		},
		{
			"from": [6.6, 6.3, -12.9],
			"to": [7.2, 6.9, -12.3],
			"faces": {
				"north": {"uv": [0, 0, 0.6, 0.6], "texture": "#0"},
				"east": {"uv": [0, 0, 0.6, 0.6], "texture": "#0"},
				"south": {"uv": [0, 0, 0.6, 0.6], "texture": "#0"},
				"west": {"uv": [0, 0, 0.6, 0.6], "texture": "#0"},
				"up": {"uv": [0, 0, 0.6, 0.6], "texture": "#0"},
				"down": {"uv": [0, 0, 0.6, 0.6], "texture": "#0"}
			}
		},
		{
			"from": [6.7, 6.4, -12.3],
			"to": [7.1, 6.8, 21.3],
			"faces": {
				"north": {"uv": [0, 0, 0.4, 0.4], "texture": "#0"},
				"east": {"uv": [0, 0, 16, 0.4], "texture": "#0"},
				"south": {"uv": [0, 0, 0.4, 0.4], "texture": "#0"},
				"west": {"uv": [0, 0, 16, 0.4], "texture": "#0"},
				"up": {"uv": [0, 0, 0.4, 16], "texture": "#0"},
				"down": {"uv": [0, 0, 0.4, 16], "texture": "#0"}
			}
		},
		{
			"from": [5.8, 6, -5],
			"to": [8.3, 7.91, 24.3],
			"faces": {
				"north": {"uv": [0, 0, 2.5, 1.91], "texture": "#0"},
				"east": {"uv": [0, 0, 16, 1.91], "texture": "#0"},
				"south": {"uv": [0, 0, 2.5, 1.91], "texture": "#0"},
				"west": {"uv": [0, 0, 16, 1.91], "texture": "#0"},
				"up": {"uv": [0, 0, 2.5, 16], "texture": "#0"},
				"down": {"uv": [0, 0, 2.5, 16], "texture": "#0"}
			}
		},
		{
			"from": [5.9, 4.36, 18.4],
			"to": [8.2, 6.06, 19.3],
			"faces": {
				"north": {"uv": [0, 0, 2.3, 1.7], "texture": "#1"},
				"east": {"uv": [0, 0, 0.9, 1.7], "texture": "#1"},
				"south": {"uv": [0, 0, 2.3, 1.7], "texture": "#1"},
				"west": {"uv": [0, 0, 0.9, 1.7], "texture": "#1"},
				"up": {"uv": [0, 0, 2.3, 0.9], "texture": "#1"},
				"down": {"uv": [0, 0, 2.3, 0.9], "texture": "#1"}
			}
		},
		{
			"from": [5.89, -3.35, 19.5],
			"to": [8.21, -1.55, 23.1],
			"rotation": {"angle": -22.5, "axis": "x", "origin": [0, 0, 0]},
			"faces": {
				"north": {"uv": [0, 0, 2.32, 1.8], "texture": "#1"},
				"east": {"uv": [0, 0, 3.6, 1.8], "texture": "#1"},
				"south": {"uv": [0, 0, 2.32, 1.8], "texture": "#1"},
				"west": {"uv": [0, 0, 3.6, 1.8], "texture": "#1"},
				"up": {"uv": [0, 0, 2.32, 3.6], "texture": "#1"},
				"down": {"uv": [0, 0, 2.32, 3.6], "texture": "#1"}
			}
		},
		{
			"from": [5.9, 4.35, 16.4],
			"to": [8.2, 5.25, 18.4],
			"faces": {
				"north": {"uv": [0, 0, 2.3, 0.9], "texture": "#1"},
				"east": {"uv": [0, 0, 2, 0.9], "texture": "#1"},
				"south": {"uv": [0, 0, 2.3, 0.9], "texture": "#1"},
				"west": {"uv": [0, 0, 2, 0.9], "texture": "#1"},
				"up": {"uv": [0, 0, 2.3, 2], "texture": "#1"},
				"down": {"uv": [0, 0, 2.3, 2], "texture": "#1"}
			}
		},
		{
			"from": [5.89, 10.3, 9.1],
			"to": [8.17, 11.1, 13.5],
			"rotation": {"angle": 22.5, "axis": "x", "origin": [0, 0, 0]},
			"faces": {
				"north": {"uv": [0, 0, 2.28, 0.8], "texture": "#1"},
				"east": {"uv": [0, 0, 4.4, 0.8], "texture": "#1"},
				"south": {"uv": [0, 0, 2.28, 0.8], "texture": "#1"},
				"west": {"uv": [0, 0, 4.4, 0.8], "texture": "#1"},
				"up": {"uv": [0, 0, 2.18, 4.1], "texture": "#1"},
				"down": {"uv": [0, 0, 2.28, 4.4], "texture": "#1"}
			}
		},
		{
			"from": [5.8, 14, 18],
			"to": [8.3, 16, 28],
			"rotation": {"angle": 22.5, "axis": "x", "origin": [0, 0, 0]},
			"faces": {
				"north": {"uv": [0, 0, 2.5, 2], "texture": "#0"},
				"east": {"uv": [0, 0, 10, 2], "texture": "#0"},
				"south": {"uv": [0, 0, 2.5, 2], "texture": "#0"},
				"west": {"uv": [0, 0, 10, 2], "texture": "#0"},
				"up": {"uv": [0, 0, 2.5, 10], "texture": "#0"},
				"down": {"uv": [0, 0, 2.5, 10], "texture": "#0"}
			}
		},
		{
			"from": [5.798, 6, 20.99],
			"to": [8.32, 8, 31.99],
			"faces": {
				"north": {"uv": [0, 0, 2.522, 2], "texture": "#0"},
				"east": {"uv": [0, 0, 11, 2], "texture": "#0"},
				"south": {"uv": [0, 0, 2.522, 2], "texture": "#0"},
				"west": {"uv": [0, 0, 11, 2], "texture": "#0"},
				"up": {"uv": [0, 0, 2.522, 11], "texture": "#0"},
				"down": {"uv": [0, 0, 2.522, 11], "texture": "#0"}
			}
		},
		{
			"from": [5.79, 4, 27.1],
			"to": [8.31, 7, 32],
			"faces": {
				"north": {"uv": [0, 0, 2.52, 3], "texture": "#0"},
				"east": {"uv": [0, 0, 4.9, 3], "texture": "#0"},
				"south": {"uv": [0, 0, 2.52, 3], "texture": "#0"},
				"west": {"uv": [0, 0, 4.9, 3], "texture": "#0"},
				"up": {"uv": [0, 0, 2.52, 4.9], "texture": "#0"},
				"down": {"uv": [0, 0, 2.52, 4.9], "texture": "#0"}
			}
		},
		{
			"from": [8, 15, 16.4],
			"to": [8.5, 18, 17.2],
			"rotation": {"angle": 22.5, "axis": "x", "origin": [0, 0, 0]},
			"faces": {
				"north": {"uv": [2, 3, 2.5, 6], "texture": "#4"},
				"east": {"uv": [2, 3, 2.8, 6], "texture": "#4"},
				"south": {"uv": [2, 3, 2.5, 6], "texture": "#4"},
				"west": {"uv": [2, 3, 2.8, 6], "texture": "#4"},
				"up": {"uv": [2, 3, 2.5, 3.8], "texture": "#4"},
				"down": {"uv": [2, 3, 2.5, 3.8], "texture": "#4"}
			}
		},
		{
			"from": [8.2, 8.9, 20.7],
			"to": [8.49, 9.5, 21.9],
			"faces": {
				"north": {"uv": [0, 0, 0.29, 0.6], "texture": "#4"},
				"east": {"uv": [0, 0, 1.2, 0.6], "texture": "#4"},
				"south": {"uv": [0, 0, 0.29, 0.6], "texture": "#4"},
				"west": {"uv": [0, 0, 1.2, 0.6], "texture": "#4"},
				"up": {"uv": [0, 0, 0.29, 1.2], "texture": "#4"},
				"down": {"uv": [0, 0, 0.29, 1.2], "texture": "#4"}
			}
		},
		{
			"from": [7.7, 7.5, 21.2],
			"to": [8.2, 10.5, 21.6],
			"faces": {
				"north": {"uv": [0, 0, 0.5, 3], "texture": "#4"},
				"east": {"uv": [0, 0, 0.4, 3], "texture": "#4"},
				"south": {"uv": [0, 0, 0.5, 3], "texture": "#4"},
				"west": {"uv": [0, 0, 0.4, 3], "texture": "#4"},
				"up": {"uv": [0, 0, 0.5, 0.4], "texture": "#4"},
				"down": {"uv": [0, 0, 0.5, 0.4], "texture": "#4"}
			}
		},
		{
			"from": [8, 7.1, 20.7],
			"to": [8.7, 8.1, 21.7],
			"faces": {
				"north": {"uv": [0, 0, 0.7, 1], "texture": "#4"},
				"east": {"uv": [0, 0, 1, 1], "texture": "#4"},
				"south": {"uv": [0, 0, 0.7, 1], "texture": "#4"},
				"west": {"uv": [0, 0, 1, 1], "texture": "#4"},
				"up": {"uv": [0, 0, 0.7, 1], "texture": "#4"},
				"down": {"uv": [0, 0, 0.7, 1], "texture": "#4"}
			}
		},
		{
			"from": [7.6, 7, 19.6],
			"to": [8.5, 8.1, 22.7],
			"faces": {
				"north": {"uv": [0, 0, 0.9, 1.1], "texture": "#4"},
				"east": {"uv": [0, 0, 3.1, 1.1], "texture": "#4"},
				"south": {"uv": [0, 0, 0.9, 1.1], "texture": "#4"},
				"west": {"uv": [0, 0, 3.1, 1.1], "texture": "#4"},
				"up": {"uv": [0, 0, 0.9, 3.1], "texture": "#4"},
				"down": {"uv": [0, 0, 0.9, 3.1], "texture": "#4"}
			}
		},
		{
			"from": [8, 6.4, 20.6],
			"to": [8.5, 8.1, 22.7],
			"faces": {
				"north": {"uv": [0, 0, 0.5, 1.7], "texture": "#4"},
				"east": {"uv": [0, 0, 2.1, 1.7], "texture": "#4"},
				"south": {"uv": [0, 0, 0.5, 1.7], "texture": "#4"},
				"west": {"uv": [0, 0, 2.1, 1.7], "texture": "#4"},
				"up": {"uv": [0, 0, 0.5, 2.1], "texture": "#4"},
				"down": {"uv": [0, 0, 0.5, 2.1], "texture": "#4"}
			}
		},
		{
			"from": [8.01, 13.8, 15],
			"to": [8.51, 15, 16.6],
			"rotation": {"angle": 22.5, "axis": "x", "origin": [0, 0, 0]},
			"faces": {
				"north": {"uv": [0, 0, 0.5, 1.2], "texture": "#4"},
				"east": {"uv": [0, 0, 1.6, 1.2], "texture": "#4"},
				"south": {"uv": [0, 0, 0.5, 1.2], "texture": "#4"},
				"west": {"uv": [0, 0, 1.6, 1.2], "texture": "#4"},
				"up": {"uv": [0, 0, 0.5, 1.6], "texture": "#4"},
				"down": {"uv": [0, 0, 0.5, 1.6], "texture": "#4"}
			}
		},
		{
			"from": [6.71, 11.6, 13.5],
			"to": [7.21, 13.2, 14],
			"rotation": {"angle": 22.5, "axis": "x", "origin": [0, 0, 0]},
			"faces": {
				"north": {"uv": [0, 0, 0.5, 1.6], "rotation": 180, "texture": "#4"},
				"east": {"uv": [0, 0, 1.6, 0.5], "rotation": 90, "texture": "#4"},
				"south": {"uv": [0, 0, 0.5, 1.6], "texture": "#4"},
				"west": {"uv": [0, 0, 1.6, 0.5], "rotation": 270, "texture": "#4"},
				"up": {"uv": [0, 0, 0.5, 0.5], "texture": "#4"},
				"down": {"uv": [0, 0, 0.5, 0.5], "rotation": 180, "texture": "#4"}
			}
		},
		{
			"from": [5.9, 5.5, 10],
			"to": [8, 6, 11.6],
			"faces": {
				"north": {"uv": [4, 3, 6.1, 3.5], "texture": "#0"},
				"east": {"uv": [4, 3, 5.6, 3.5], "texture": "#0"},
				"south": {"uv": [4, 3, 6.1, 3.5], "texture": "#0"},
				"west": {"uv": [4, 3, 5.6, 3.5], "texture": "#0"},
				"up": {"uv": [4, 3, 6.1, 4.6], "texture": "#0"},
				"down": {"uv": [4, 3, 6.1, 4.6], "texture": "#0"}
			}
		},
		{
			"from": [8, 5.6, 10],
			"to": [8.7, 8.1, 11.6],
			"faces": {
				"north": {"uv": [1, 9, 1.7, 11.5], "texture": "#0"},
				"east": {"uv": [1, 9, 2.6, 11.5], "texture": "#0"},
				"south": {"uv": [1, 9, 1.7, 11.5], "texture": "#0"},
				"west": {"uv": [1, 9, 2.6, 11.5], "texture": "#0"},
				"up": {"uv": [1, 9, 1.7, 10.6], "texture": "#0"},
				"down": {"uv": [1, 9, 1.7, 10.6], "texture": "#0"}
			}
		},
		{
			"from": [5.2, 5.6, 10],
			"to": [5.9, 9.4, 11.6],
			"faces": {
				"north": {"uv": [8, 3, 8.7, 6.8], "texture": "#0"},
				"east": {"uv": [8, 3, 9.6, 6.8], "texture": "#0"},
				"south": {"uv": [8, 3, 8.7, 6.8], "texture": "#0"},
				"west": {"uv": [8, 3, 9.6, 6.8], "texture": "#0"},
				"up": {"uv": [8, 3, 8.7, 4.6], "texture": "#0"},
				"down": {"uv": [8, 3, 8.7, 4.6], "texture": "#0"}
			}
		},
		{
			"from": [5.9, 5.5, -1],
			"to": [8, 6, 0.6],
			"faces": {
				"north": {"uv": [4, 3, 6.1, 3.5], "texture": "#0"},
				"east": {"uv": [4, 3, 5.6, 3.5], "texture": "#0"},
				"south": {"uv": [4, 3, 6.1, 3.5], "texture": "#0"},
				"west": {"uv": [4, 3, 5.6, 3.5], "texture": "#0"},
				"up": {"uv": [4, 3, 6.1, 4.6], "texture": "#0"},
				"down": {"uv": [4, 3, 6.1, 4.6], "texture": "#0"}
			}
		},
		{
			"from": [5.9, 9.2, -1],
			"to": [8, 9.7, 0.6],
			"faces": {
				"north": {"uv": [7, 4, 9.1, 4.5], "texture": "#0"},
				"east": {"uv": [7, 4, 8.6, 4.5], "texture": "#0"},
				"south": {"uv": [7, 4, 9.1, 4.5], "texture": "#0"},
				"west": {"uv": [7, 4, 8.6, 4.5], "texture": "#0"},
				"up": {"uv": [7, 4, 9.1, 5.6], "texture": "#0"},
				"down": {"uv": [7, 4, 9.1, 5.6], "texture": "#0"}
			}
		},
		{
			"from": [5.9, 9.2, 10],
			"to": [8, 9.8, 11.6],
			"faces": {
				"north": {"uv": [4, 3, 6.1, 3.5], "texture": "#0"},
				"east": {"uv": [4, 3, 5.6, 3.5], "texture": "#0"},
				"south": {"uv": [4, 3, 6.1, 3.5], "texture": "#0"},
				"west": {"uv": [4, 3, 5.6, 3.5], "texture": "#0"},
				"up": {"uv": [4, 3, 6.1, 4.6], "texture": "#0"},
				"down": {"uv": [4, 3, 6.1, 4.6], "texture": "#0"}
			}
		},
		{
			"from": [8, 5.6, -1],
			"to": [8.7, 8.1, 0.6],
			"faces": {
				"north": {"uv": [4, 3, 4.7, 5.5], "texture": "#0"},
				"east": {"uv": [4, 3, 5.6, 5.5], "texture": "#0"},
				"south": {"uv": [4, 3, 4.7, 5.5], "texture": "#0"},
				"west": {"uv": [4, 3, 5.6, 5.5], "texture": "#0"},
				"up": {"uv": [4, 3, 4.7, 4.6], "texture": "#0"},
				"down": {"uv": [4, 3, 4.7, 4.6], "texture": "#0"}
			}
		},
		{
			"from": [5.2, 5.6, -1],
			"to": [5.9, 9.4, 0.6],
			"faces": {
				"north": {"uv": [2, 3, 2.7, 6.8], "texture": "#0"},
				"east": {"uv": [2, 3, 3.6, 6.8], "texture": "#0"},
				"south": {"uv": [2, 3, 2.7, 6.8], "texture": "#0"},
				"west": {"uv": [2, 3, 3.6, 6.8], "texture": "#0"},
				"up": {"uv": [2, 3, 2.7, 4.6], "texture": "#0"},
				"down": {"uv": [2, 3, 2.7, 4.6], "texture": "#0"}
			}
		},
		{
			"from": [6.1, 6.5, -15],
			"to": [7.8, 7, -13.4],
			"faces": {
				"north": {"uv": [0, 0, 1.7, 0.5], "texture": "#0"},
				"east": {"uv": [0, 0, 1.6, 0.5], "texture": "#0"},
				"south": {"uv": [0, 0, 1.7, 0.5], "texture": "#0"},
				"west": {"uv": [0, 0, 1.6, 0.5], "texture": "#0"},
				"up": {"uv": [0, 0, 1.7, 1.6], "texture": "#0"},
				"down": {"uv": [0, 0, 1.7, 1.6], "texture": "#0"}
			}
		},
		{
			"from": [7.8, 6.6, -15],
			"to": [8.4, 8.9, -13.4],
			"faces": {
				"north": {"uv": [0, 0, 0.6, 2.3], "texture": "#0"},
				"east": {"uv": [0, 0, 1.6, 2.3], "texture": "#0"},
				"south": {"uv": [0, 0, 0.6, 2.3], "texture": "#0"},
				"west": {"uv": [0, 0, 1.6, 2.3], "texture": "#0"},
				"up": {"uv": [0, 0, 0.6, 1.6], "texture": "#0"},
				"down": {"uv": [0, 0, 0.6, 1.6], "texture": "#0"}
			}
		},
		{
			"from": [5.5, 6.6, -15],
			"to": [6.2, 8.9, -13.4],
			"faces": {
				"north": {"uv": [0, 0, 0.7, 2.3], "texture": "#0"},
				"east": {"uv": [0, 0, 1.6, 2.3], "texture": "#0"},
				"south": {"uv": [0, 0, 0.7, 2.3], "texture": "#0"},
				"west": {"uv": [0, 0, 1.6, 2.3], "texture": "#0"},
				"up": {"uv": [0, 0, 0.7, 1.6], "texture": "#0"},
				"down": {"uv": [0, 0, 0.7, 1.6], "texture": "#0"}
			}
		},
		{
			"from": [4.2, 5.7, 18.6],
			"to": [7.2, 7.7, 20.6],
			"faces": {
				"north": {"uv": [0, 0, 16, 16], "rotation": 90, "texture": "#6"},
				"east": {"uv": [0, 0, 2, 2], "texture": "#6"},
				"south": {"uv": [0, 0, 16, 16], "rotation": 90, "texture": "#6"},
				"west": {"uv": [0, 0, 2, 2], "texture": "#6"},
				"up": {"uv": [0, 0, 16, 16], "rotation": 90, "texture": "#6"},
				"down": {"uv": [0, 0, 16, 16], "rotation": 90, "texture": "#6"}
			}
		},
		{
			"from": [5.6, 5.6, 18.5],
			"to": [5.9, 7.8, 20.7],
			"faces": {
				"north": {"uv": [0, 0, 0.3, 2.2], "texture": "#8"},
				"east": {"uv": [0, 0, 2.2, 2.2], "texture": "#8"},
				"south": {"uv": [0, 0, 0.3, 2.2], "texture": "#8"},
				"west": {"uv": [0, 0, 16, 16], "texture": "#8"},
				"up": {"uv": [0, 0, 0.3, 2.2], "texture": "#8"},
				"down": {"uv": [0, 0, 0.3, 2.2], "texture": "#8"}
			}
		},
		{
			"from": [5.7, 6.3, 15.6],
			"to": [5.9, 6.5, 18.5],
			"faces": {
				"north": {"uv": [0, 0, 0.3, 0.1], "texture": "#9"},
				"east": {"uv": [0, 0, 2.2, 0.1], "texture": "#9"},
				"south": {"uv": [0, 0, 0.3, 0.1], "texture": "#9"},
				"west": {"uv": [0, 0, 2.2, 0.1], "texture": "#9"},
				"up": {"uv": [0, 0, 0.3, 2.2], "texture": "#9"},
				"down": {"uv": [0, 0, 0.3, 2.2], "texture": "#9"}
			}
		},
		{
			"from": [5.7, 7.3, 14.6],
			"to": [5.9, 7.5, 18.5],
			"faces": {
				"north": {"uv": [0, 0, 0.3, 0.1], "texture": "#9"},
				"east": {"uv": [0, 0, 2.2, 0.1], "texture": "#9"},
				"south": {"uv": [0, 0, 0.3, 0.1], "texture": "#9"},
				"west": {"uv": [0, 0, 2.2, 0.1], "texture": "#9"},
				"up": {"uv": [0, 0, 0.3, 2.2], "texture": "#9"},
				"down": {"uv": [0, 0, 0.3, 2.2], "texture": "#9"}
			}
		},
		{
			"from": [5.7, 6.9, 20.6],
			"to": [5.9, 7.1, 24.1],
			"faces": {
				"north": {"uv": [0, 0, 0.3, 0.1], "texture": "#9"},
				"east": {"uv": [0, 0, 2.2, 0.1], "texture": "#9"},
				"south": {"uv": [0, 0, 0.3, 0.1], "texture": "#9"},
				"west": {"uv": [0, 0, 2.2, 0.1], "texture": "#9"},
				"up": {"uv": [0, 0, 0.3, 2.2], "texture": "#9"},
				"down": {"uv": [0, 0, 0.3, 2.2], "texture": "#9"}
			}
		},
		{
			"from": [5.7, 6.4, 20.6],
			"to": [5.9, 6.6, 22.6],
			"faces": {
				"north": {"uv": [0, 0, 0.3, 0.1], "texture": "#9"},
				"east": {"uv": [0, 0, 2.2, 0.1], "texture": "#9"},
				"south": {"uv": [0, 0, 0.3, 0.1], "texture": "#9"},
				"west": {"uv": [0, 0, 2.2, 0.1], "texture": "#9"},
				"up": {"uv": [0, 0, 0.3, 2.2], "texture": "#9"},
				"down": {"uv": [0, 0, 0.3, 2.2], "texture": "#9"}
			}
		},
		{
			"from": [5.7, 6.8, 13.8],
			"to": [5.9, 7, 18.5],
			"faces": {
				"north": {"uv": [0, 0, 0.3, 0.1], "texture": "#9"},
				"east": {"uv": [0, 0, 2.2, 0.1], "texture": "#9"},
				"south": {"uv": [0, 0, 0.3, 0.1], "texture": "#9"},
				"west": {"uv": [0, 0, 2.2, 0.1], "texture": "#9"},
				"up": {"uv": [0, 0, 0.3, 2.2], "texture": "#9"},
				"down": {"uv": [0, 0, 0.3, 2.2], "texture": "#9"}
			}
		},
		{
			"from": [5.5, 5.5, 24.1],
			"to": [6, 7.7, 26.3],
			"faces": {
				"north": {"uv": [4, 4, 5, 7], "texture": "#10"},
				"east": {"uv": [4, 4, 7, 7], "texture": "#10"},
				"south": {"uv": [4, 4, 5, 7], "texture": "#10"},
				"west": {"uv": [4, 4, 13, 13], "texture": "#10"},
				"up": {"uv": [4, 4, 5, 7], "texture": "#10"},
				"down": {"uv": [4, 4, 5, 7], "texture": "#10"}
			}
		},
		{
			"from": [6, 9.8, 9.5],
			"to": [8, 11.8, 15.5],
			"faces": {
				"north": {"uv": [0, 0, 2, 2], "texture": "#12"},
				"east": {"uv": [0, 2, 2, 8], "rotation": 90, "texture": "#12"},
				"south": {"uv": [0, 0, 2, 2], "texture": "#12"},
				"west": {"uv": [0, 2, 2, 8], "rotation": 270, "texture": "#12"},
				"up": {"uv": [0, 2, 2, 8], "texture": "#12"},
				"down": {"uv": [0, 2, 2, 8], "rotation": 180, "texture": "#12"}
			}
		},
		{
			"from": [5.9, 9.7, -0.5],
			"to": [8.1, 11.9, 9.5],
			"faces": {
				"north": {"uv": [0, 13, 2, 15], "texture": "#12"},
				"east": {"uv": [0, 8, 2, 13], "rotation": 90, "texture": "#12"},
				"south": {"uv": [0, 8, 2, 10], "texture": "#12"},
				"west": {"uv": [0, 8, 2, 13], "rotation": 270, "texture": "#12"},
				"up": {"uv": [0, 8, 2, 13], "texture": "#12"},
				"down": {"uv": [0, 8, 2, 13], "rotation": 180, "texture": "#12"}
			}
		}
	],
	"gui_light": "front",
	"display": {
		"thirdperson_righthand": {
			"translation": [0.75, 1.25, -3.75],
			"scale": [0.57, 0.57, 0.57]
		},
		"thirdperson_lefthand": {
			"translation": [-0.5, 1.25, -3.5],
			"scale": [0.57, 0.57, 0.57]
		},
		"firstperson_righthand": {
			"translation": [8, 1.25, -16.5]
		},
		"firstperson_lefthand": {
			"translation": [5.25, 1, -14.25]
		},
		"ground": {
			"translation": [0.75, 0, -0.75],
			"scale": [0.68, 0.68, 0.68]
		},
		"gui": {
			"rotation": [-59, 43, 47],
			"translation": [-0.25, 0, 0],
			"scale": [0.42, 0.42, 0.42]
		},
		"head": {
			"rotation": [0, -109, -73],
			"translation": [3.5, -30.25, -5.75],
			"scale": [0.85, 0.85, 0.85]
		}
	},
	"groups": [
		0,
		1,
		2,
		3,
		4,
		5,
		6,
		7,
		8,
		9,
		10,
		11,
		12,
		13,
		14,
		15,
		16,
		17,
		18,
		19,
		20,
		21,
		22,
		23,
		24,
		25,
		26,
		27,
		28,
		29,
		30,
		31,
		32,
		33,
		34,
		35,
		36,
		37,
		{
			"name": "group",
			"origin": [0, 0, 0],
			"color": 0,
			"children": []
		},
		38,
		39
	]
}