{
	"credit": "Made with Blockbench",
	"textures": {
		"0": "block/light_blue_wool",
		"1": "block/black_concrete",
		"2": "block/light_gray_terracotta",
		"6": "block/black_wool",
		"14": "block/yellow_wool",
		"15": "block/lime_wool",
		"17": "block/gray_wool",
		"18": "block/light_gray_concrete_powder",
		"19": "block/white_concrete",
		"particle": "block/lime_wool"
	},
	"elements": [
		{
			"from": [10, 0, 6],
			"to": [11, 1, 10],
			"faces": {
				"north": {"uv": [0, 0, 1, 1], "texture": "#2"},
				"east": {"uv": [0, 0, 4, 1], "texture": "#2"},
				"south": {"uv": [0, 0, 1, 1], "texture": "#2"},
				"west": {"uv": [0, 0, 4, 1], "texture": "#2"},
				"up": {"uv": [0, 0, 1, 4], "texture": "#2"},
				"down": {"uv": [0, 0, 1, 4], "texture": "#2"}
			}
		},
		{
			"from": [10, 1, 8],
			"to": [11, 3, 9],
			"faces": {
				"north": {"uv": [0, 0, 1, 2], "texture": "#2"},
				"east": {"uv": [0, 0, 1, 2], "texture": "#2"},
				"south": {"uv": [0, 0, 1, 2], "texture": "#2"},
				"west": {"uv": [0, 0, 1, 2], "texture": "#2"}
			}
		},
		{
			"from": [8, 1, 8],
			"to": [9, 3, 9],
			"faces": {
				"north": {"uv": [0, 0, 1, 2], "texture": "#2"},
				"east": {"uv": [0, 0, 1, 2], "texture": "#2"},
				"south": {"uv": [0, 0, 1, 2], "texture": "#2"},
				"west": {"uv": [0, 0, 1, 2], "texture": "#2"}
			}
		},
		{
			"from": [8, 0, 6],
			"to": [9, 1, 10],
			"faces": {
				"north": {"uv": [0, 0, 1, 1], "texture": "#2"},
				"east": {"uv": [0, 0, 4, 1], "texture": "#2"},
				"south": {"uv": [0, 0, 1, 1], "texture": "#2"},
				"west": {"uv": [0, 0, 4, 1], "texture": "#2"},
				"up": {"uv": [0, 0, 1, 4], "texture": "#2"},
				"down": {"uv": [0, 0, 1, 4], "texture": "#2"}
			}
		},
		{
			"from": [8, 3, 7],
			"to": [11, 5, 10],
			"faces": {
				"north": {"uv": [0, 0, 3, 2], "texture": "#0"},
				"east": {"uv": [0, 0, 3, 2], "texture": "#0"},
				"west": {"uv": [0, 0, 3, 2], "texture": "#0"},
				"down": {"uv": [0, 0, 3, 3], "texture": "#0"}
			}
		},
		{
			"from": [7, 5, 7],
			"to": [12, 9, 10],
			"faces": {
				"north": {"uv": [0, 0, 5, 4], "texture": "#0"},
				"east": {"uv": [0, 0, 3, 4], "texture": "#0"},
				"south": {"uv": [0, 0, 5, 4], "texture": "#0"},
				"west": {"uv": [0, 0, 3, 4], "texture": "#0"},
				"up": {"uv": [0, 0, 5, 3], "texture": "#0"},
				"down": {"uv": [0, 0, 5, 3], "texture": "#0"}
			}
		},
		{
			"from": [8, 9, 5],
			"to": [11, 10, 8],
			"faces": {
				"north": {"uv": [0, 0, 3, 1], "texture": "#18"},
				"east": {"uv": [0, 0, 3, 1], "texture": "#18"},
				"south": {"uv": [0, 0, 3, 1], "texture": "#18"},
				"west": {"uv": [0, 0, 3, 1], "texture": "#18"},
				"down": {"uv": [0, 0, 3, 3], "texture": "#18"}
			}
		},
		{
			"from": [8, 11, 5],
			"to": [11, 12, 8],
			"faces": {
				"north": {"uv": [0, 0, 3, 1], "texture": "#0"},
				"east": {"uv": [0, 0, 3, 1], "texture": "#0"},
				"south": {"uv": [0, 0, 3, 1], "texture": "#0"},
				"west": {"uv": [0, 0, 3, 1], "texture": "#0"}
			}
		},
		{
			"from": [8, 10, 6],
			"to": [11, 11, 8],
			"faces": {
				"east": {"uv": [0, 0, 2, 1], "texture": "#0"},
				"south": {"uv": [0, 0, 3, 1], "texture": "#0"},
				"west": {"uv": [0, 0, 2, 1], "texture": "#0"}
			}
		},
		{
			"from": [10, 10, 5],
			"to": [11, 11, 6],
			"faces": {
				"north": {"uv": [0, 0, 1, 1], "texture": "#19"},
				"east": {"uv": [0, 0, 1, 1], "texture": "#19"}
			}
		},
		{
			"from": [8, 10, 5],
			"to": [9, 11, 6],
			"faces": {
				"north": {"uv": [0, 0, 1, 1], "texture": "#19"},
				"west": {"uv": [0, 0, 1, 1], "texture": "#19"}
			}
		},
		{
			"from": [9, 10, 5],
			"to": [10, 11, 6],
			"faces": {
				"north": {"uv": [0, 0, 1, 1], "texture": "#18"}
			}
		},
		{
			"from": [12, 2, 9],
			"to": [14, 5, 12],
			"rotation": {"angle": -22.5, "axis": "x", "origin": [0, 0, 0]},
			"faces": {
				"north": {"uv": [0, 0, 2, 3], "texture": "#0"},
				"east": {"uv": [0, 0, 3, 3], "texture": "#0"},
				"south": {"uv": [0, 0, 2, 3], "texture": "#0"},
				"west": {"uv": [0, 0, 3, 3], "texture": "#0"},
				"up": {"uv": [0, 0, 2, 3], "texture": "#0"}
			}
		},
		{
			"from": [12, 1, 9],
			"to": [14, 2, 12],
			"rotation": {"angle": -22.5, "axis": "x", "origin": [0, 0, 0]},
			"faces": {
				"north": {"uv": [0, 0, 2, 1], "texture": "#15"},
				"east": {"uv": [0, 0, 3, 1], "texture": "#15"},
				"south": {"uv": [0, 0, 2, 1], "texture": "#15"},
				"west": {"uv": [0, 0, 3, 1], "texture": "#15"},
				"down": {"uv": [0, 0, 2, 3], "texture": "#15"}
			}
		},
		{
			"from": [13, 0, 9],
			"to": [14, 1, 12],
			"rotation": {"angle": -22.5, "axis": "x", "origin": [0, 0, 0]},
			"faces": {
				"north": {"uv": [0, 0, 1, 1], "texture": "#14"},
				"east": {"uv": [0, 0, 3, 1], "texture": "#14"},
				"south": {"uv": [0, 0, 1, 1], "texture": "#14"},
				"west": {"uv": [0, 0, 3, 1], "texture": "#14"}
			}
		},
		{
			"from": [13, -1, 9],
			"to": [14, 0, 12],
			"rotation": {"angle": -22.5, "axis": "x", "origin": [0, 0, 0]},
			"faces": {
				"north": {"uv": [0, 0, 1, 1], "texture": "#0"},
				"east": {"uv": [0, 0, 3, 1], "texture": "#0"},
				"south": {"uv": [0, 0, 1, 1], "texture": "#0"},
				"west": {"uv": [0, 0, 3, 1], "texture": "#0"},
				"down": {"uv": [0, 0, 1, 3], "texture": "#0"}
			}
		},
		{
			"from": [5, 2, 9],
			"to": [7, 5, 12],
			"rotation": {"angle": -22.5, "axis": "x", "origin": [0, 0, 0]},
			"faces": {
				"north": {"uv": [0, 0, 2, 3], "texture": "#0"},
				"east": {"uv": [0, 0, 3, 3], "texture": "#0"},
				"south": {"uv": [0, 0, 2, 3], "texture": "#0"},
				"west": {"uv": [0, 0, 3, 3], "texture": "#0"},
				"up": {"uv": [0, 0, 2, 3], "texture": "#0"}
			}
		},
		{
			"from": [5, 1, 9],
			"to": [7, 2, 12],
			"rotation": {"angle": -22.5, "axis": "x", "origin": [0, 0, 0]},
			"faces": {
				"north": {"uv": [0, 0, 2, 1], "texture": "#15"},
				"east": {"uv": [0, 0, 3, 1], "texture": "#15"},
				"south": {"uv": [0, 0, 2, 1], "texture": "#15"},
				"west": {"uv": [0, 0, 3, 1], "texture": "#15"},
				"down": {"uv": [0, 0, 2, 3], "texture": "#15"}
			}
		},
		{
			"from": [5, 0, 9],
			"to": [6, 1, 12],
			"rotation": {"angle": -22.5, "axis": "x", "origin": [0, 0, 0]},
			"faces": {
				"north": {"uv": [0, 0, 1, 1], "texture": "#14"},
				"east": {"uv": [0, 0, 3, 1], "texture": "#14"},
				"south": {"uv": [0, 0, 1, 1], "texture": "#14"},
				"west": {"uv": [0, 0, 3, 1], "texture": "#14"}
			}
		},
		{
			"from": [5, -1, 9],
			"to": [6, 0, 12],
			"rotation": {"angle": -22.5, "axis": "x", "origin": [0, 0, 0]},
			"faces": {
				"north": {"uv": [0, 0, 1, 1], "texture": "#0"},
				"east": {"uv": [0, 0, 3, 1], "texture": "#0"},
				"south": {"uv": [0, 0, 1, 1], "texture": "#0"},
				"west": {"uv": [0, 0, 3, 1], "texture": "#0"},
				"down": {"uv": [0, 0, 1, 3], "texture": "#0"}
			}
		},
		{
			"from": [7, 7, 6],
			"to": [12, 9, 7],
			"faces": {
				"north": {"uv": [0, 0, 5, 2], "texture": "#0"},
				"east": {"uv": [0, 0, 1, 2], "texture": "#0"},
				"west": {"uv": [0, 0, 1, 2], "texture": "#0"},
				"up": {"uv": [0, 0, 5, 1], "texture": "#0"},
				"down": {"uv": [0, 0, 5, 1], "texture": "#0"}
			}
		},
		{
			"from": [8, 6, 6],
			"to": [11, 7, 7],
			"faces": {
				"north": {"uv": [0, 0, 3, 1], "texture": "#0"},
				"east": {"uv": [0, 0, 1, 1], "texture": "#0"},
				"west": {"uv": [0, 0, 1, 1], "texture": "#0"},
				"down": {"uv": [0, 0, 3, 1], "texture": "#0"}
			}
		},
		{
			"from": [9, 9, 4],
			"to": [10, 10, 5],
			"faces": {
				"north": {"uv": [0, 0, 1, 1], "texture": "#2"},
				"east": {"uv": [0, 0, 1, 1], "texture": "#2"},
				"west": {"uv": [0, 0, 1, 1], "texture": "#2"},
				"up": {"uv": [0, 0, 1, 1], "texture": "#2"},
				"down": {"uv": [0, 0, 1, 1], "texture": "#2"}
			}
		},
		{
			"from": [9, 0, 10],
			"to": [10, 5, 11],
			"faces": {
				"north": {"uv": [0, 0, 1, 5], "texture": "#0"},
				"east": {"uv": [0, 0, 1, 5], "texture": "#0"},
				"south": {"uv": [0, 0, 1, 5], "texture": "#0"},
				"west": {"uv": [0, 0, 1, 5], "texture": "#0"},
				"up": {"uv": [0, 0, 1, 1], "texture": "#0"},
				"down": {"uv": [0, 0, 1, 1], "texture": "#0"}
			}
		},
		{
			"from": [10, 1, 10],
			"to": [11, 5, 11],
			"faces": {
				"north": {"uv": [0, 0, 1, 4], "texture": "#0"},
				"east": {"uv": [0, 0, 1, 4], "texture": "#0"},
				"south": {"uv": [0, 0, 1, 4], "texture": "#0"},
				"up": {"uv": [0, 0, 1, 1], "texture": "#0"},
				"down": {"uv": [0, 0, 1, 1], "texture": "#0"}
			}
		},
		{
			"from": [8, 1, 10],
			"to": [9, 5, 11],
			"faces": {
				"north": {"uv": [0, 0, 1, 4], "texture": "#0"},
				"south": {"uv": [0, 0, 1, 4], "texture": "#0"},
				"west": {"uv": [0, 0, 1, 4], "texture": "#0"},
				"up": {"uv": [0, 0, 1, 1], "texture": "#0"},
				"down": {"uv": [0, 0, 1, 1], "texture": "#0"}
			}
		},
		{
			"from": [8, 12, 9],
			"to": [9, 13, 13],
			"rotation": {"angle": 22.5, "axis": "y", "origin": [0, -2, 1]},
			"faces": {
				"north": {"uv": [0, 0, 1, 1], "texture": "#6"},
				"east": {"uv": [0, 0, 4, 1], "texture": "#6"},
				"south": {"uv": [0, 0, 1, 1], "texture": "#6"},
				"west": {"uv": [0, 0, 4, 1], "texture": "#6"},
				"up": {"uv": [0, 0, 1, 4], "texture": "#6"},
				"down": {"uv": [0, 0, 1, 4], "texture": "#6"}
			}
		},
		{
			"from": [8, 12, 5],
			"to": [11, 14, 8],
			"rotation": {"angle": 0, "axis": "y", "origin": [0, -2, 1]},
			"faces": {
				"north": {"uv": [0, 0, 3, 2], "texture": "#6"},
				"east": {"uv": [0, 0, 4, 2], "texture": "#6"},
				"south": {"uv": [0, 0, 3, 2], "texture": "#6"},
				"west": {"uv": [0, 0, 4, 2], "texture": "#6"},
				"up": {"uv": [0, 0, 3, 4], "texture": "#17"}
			}
		},
		{
			"from": [8.6, 12, 1.75],
			"to": [9.6, 13, 5.75],
			"rotation": {"angle": -22.5, "axis": "y", "origin": [0, -2, 1]},
			"faces": {
				"north": {"uv": [0, 0, 1, 1], "texture": "#6"},
				"east": {"uv": [0, 0, 4, 1], "texture": "#6"},
				"south": {"uv": [0, 0, 1, 1], "texture": "#6"},
				"west": {"uv": [0, 0, 4, 1], "texture": "#6"},
				"up": {"uv": [0, 0, 1, 4], "texture": "#6"},
				"down": {"uv": [0, 0, 1, 4], "texture": "#6"}
			}
		},
		{
			"from": [7.9, 10.4, 4.9],
			"to": [8.5, 11, 5.5],
			"faces": {
				"north": {"uv": [0, 0, 0.6, 0.6], "texture": "#1"},
				"east": {"uv": [0, 0, 0.6, 0.6], "texture": "#1"},
				"south": {"uv": [0, 0, 0.6, 0.6], "texture": "#1"},
				"west": {"uv": [0, 0, 0.6, 0.6], "texture": "#1"},
				"up": {"uv": [0, 0, 0.6, 0.6], "texture": "#1"},
				"down": {"uv": [0, 0, 0.6, 0.6], "texture": "#1"}
			}
		},
		{
			"from": [10.5, 10, 4.9],
			"to": [11.1, 10.6, 5.5],
			"faces": {
				"north": {"uv": [0, 0, 0.6, 0.6], "texture": "#1"},
				"east": {"uv": [0, 0, 0.6, 0.6], "texture": "#1"},
				"south": {"uv": [0, 0, 0.6, 0.6], "texture": "#1"},
				"west": {"uv": [0, 0, 0.6, 0.6], "texture": "#1"},
				"up": {"uv": [0, 0, 0.6, 0.6], "texture": "#1"},
				"down": {"uv": [0, 0, 0.6, 0.6], "texture": "#1"}
			}
		}
	],
	"display": {
		"thirdperson_righthand": {
			"rotation": [64, 0, 0],
			"translation": [0, 0.25, 15.5],
			"scale": [0.57, 0.57, 0.57]
		},
		"thirdperson_lefthand": {
			"rotation": [64, 0, 0],
			"translation": [1.75, 0, 15.5],
			"scale": [0.57, 0.57, 0.56]
		},
		"firstperson_righthand": {
			"rotation": [0, 104, 0],
			"translation": [4, 0.75, -1]
		},
		"firstperson_lefthand": {
			"rotation": [0, 112, 0],
			"translation": [1.25, 1.5, -2.5]
		},
		"ground": {
			"translation": [0, 5.75, 0]
		},
		"gui": {
			"rotation": [45, 140, -28],
			"translation": [0.5, 0, 0],
			"scale": [0.87, 0.87, 0.87]
		},
		"head": {
			"translation": [-2.75, -15.5, -0.75],
			"scale": [2, 2, 2]
		}
	}
}