{
	"credit": "Made with Blockbench",
	"textures": {
		"0": "custom/yzero",
		"1": "custom/evtema",
		"2": "custom/chronos",
		"3": "block/slime_block",
		"4": "block/observer_front",
		"5": "block/observer_back",
		"6": "block/observer_side",
		"7": "block/observer_top",
		"8": "block/piston_bottom",
		"10": "block/piston_side",
		"11": "block/piston_top",
		"12": "block/piston_top_sticky",
		"13": "block/tnt_bottom",
		"14": "block/tnt_side",
		"15": "block/tnt_top",
		"16": "block/redstone_block",
		"17": "block/white_stained_glass",
		"18": "block/oak_log",
		"19": "block/red_wool",
		"20": "custom/rrsmall",
		"particle": "block/piston_top"
	},
	"elements": [
		{
			"from": [7.71, 4.5, 6.99],
			"to": [8.81, 7.01, 9.01],
			"rotation": {"angle": 0, "axis": "y", "origin": [7.8, 1, 8]},
			"faces": {
				"north": {"uv": [7, 9.25, 8, 12], "texture": "#0"},
				"east": {"uv": [5, 9.25, 7, 12], "texture": "#0"},
				"south": {"uv": [4, 9.25, 5, 12], "texture": "#0"},
				"west": {"uv": [8, 9.25, 10, 12], "texture": "#0"},
				"up": {"uv": [5, 8.25, 7, 9.5], "rotation": 90, "texture": "#0"},
				"down": {"uv": [5, 9.25, 7, 10.5], "rotation": 270, "texture": "#0"}
			}
		},
		{
			"from": [6.39, 1.69, 7.99],
			"to": [7.41, 4.5, 9.01],
			"rotation": {"angle": -22.5, "axis": "z", "origin": [7.8, 1, 8]},
			"faces": {
				"north": {"uv": [3, 13, 4, 16], "texture": "#0"},
				"east": {"uv": [3, 13, 4, 16], "texture": "#0"},
				"south": {"uv": [2, 13, 3, 16], "texture": "#0"},
				"west": {"uv": [1, 13, 2, 16], "texture": "#0"},
				"up": {"uv": [3, 13, 4, 14.5], "rotation": 90, "texture": "#0"},
				"down": {"uv": [3, 13, 4, 14.5], "rotation": 270, "texture": "#0"}
			}
		},
		{
			"from": [5.09, 5.89, 5.99],
			"to": [6.11, 8.39, 7.01],
			"rotation": {"angle": -22.5, "axis": "z", "origin": [7.8, 1, 8]},
			"faces": {
				"north": {"uv": [10, 9, 11, 11.5], "rotation": 180, "texture": "#0"},
				"east": {"uv": [13, 9, 14, 11.5], "rotation": 180, "texture": "#0"},
				"south": {"uv": [10, 9, 11, 11.5], "rotation": 180, "texture": "#0"},
				"west": {"uv": [11, 9, 12, 11.5], "rotation": 180, "texture": "#0"},
				"up": {"uv": [11, 8.5, 12, 9], "rotation": 90, "texture": "#0"},
				"down": {"uv": [11, 8, 12, 9], "rotation": 270, "texture": "#0"}
			}
		},
		{
			"from": [3.59, 5.99, 6.99],
			"to": [5.61, 8.01, 9.01],
			"rotation": {"angle": -22.5, "axis": "z", "origin": [7.8, 1, 8]},
			"faces": {
				"north": {"uv": [11.75, 2, 13.75, 4], "rotation": 90, "texture": "#0"},
				"east": {"uv": [10, 2, 12, 4], "rotation": 180, "texture": "#0"},
				"south": {"uv": [8, 2, 10, 4], "rotation": 270, "texture": "#0"},
				"west": {"uv": [10, 0, 12, 2], "texture": "#0"},
				"up": {"uv": [10, 2, 12, 4], "rotation": 270, "texture": "#0"},
				"down": {"uv": [13.75, 2, 15.75, 4], "rotation": 270, "texture": "#0"}
			}
		},
		{
			"from": [5.39, 5.99, 8.99],
			"to": [6.41, 8.49, 10.01],
			"rotation": {"angle": -22.5, "axis": "z", "origin": [7.8, 1, 8]},
			"faces": {
				"north": {"uv": [15, 13, 16, 15.5], "rotation": 180, "texture": "#0"},
				"east": {"uv": [15, 13, 16, 15.5], "rotation": 180, "texture": "#0"},
				"south": {"uv": [14, 13, 15, 15.5], "rotation": 180, "texture": "#0"},
				"west": {"uv": [13, 13.25, 14, 15.75], "rotation": 180, "texture": "#0"},
				"up": {"uv": [13, 13, 14, 13.5], "rotation": 90, "texture": "#0"},
				"down": {"uv": [13, 12, 14, 13], "rotation": 270, "texture": "#0"}
			}
		},
		{
			"from": [7.8, 1.7, 7],
			"to": [8.8, 4.5, 8],
			"rotation": {"angle": 0, "axis": "z", "origin": [7.8, 1, 8]},
			"faces": {
				"north": {"uv": [2, 5, 3, 8], "texture": "#0"},
				"east": {"uv": [1, 5, 2, 8], "texture": "#0"},
				"south": {"uv": [2, 4.75, 3, 7.75], "texture": "#0"},
				"west": {"uv": [0, 5, 1, 8], "texture": "#0"},
				"up": {"uv": [3, 4.75, 4, 6.25], "rotation": 90, "texture": "#0"},
				"down": {"uv": [3, 4.75, 4, 6.25], "rotation": 270, "texture": "#0"}
			}
		},
		{
			"from": [5.1, 5.9, 6],
			"to": [6.1, 8.6, 7],
			"rotation": {"angle": -22.5, "axis": "z", "origin": [7.8, 1, 8]},
			"faces": {
				"north": {"uv": [10.25, 5, 11.25, 8], "rotation": 180, "texture": "#0"},
				"east": {"uv": [12.25, 5, 13.25, 8], "rotation": 180, "texture": "#0"},
				"south": {"uv": [10.25, 5, 11.25, 8], "rotation": 180, "texture": "#0"},
				"west": {"uv": [11.25, 5, 12.25, 8], "rotation": 180, "texture": "#0"},
				"up": {"uv": [12, 4, 13, 5], "rotation": 90, "texture": "#0"},
				"down": {"uv": [11, 4, 12, 5], "rotation": 270, "texture": "#0"}
			}
		},
		{
			"from": [5.4, 6, 9],
			"to": [6.4, 8.7, 10],
			"rotation": {"angle": -22.5, "axis": "z", "origin": [7.8, 1, 8]},
			"faces": {
				"north": {"uv": [8, 13, 9, 16], "rotation": 180, "texture": "#0"},
				"east": {"uv": [10, 13, 11, 16], "rotation": 180, "texture": "#0"},
				"south": {"uv": [8, 13, 9, 16], "rotation": 180, "texture": "#0"},
				"west": {"uv": [9, 13, 10, 16], "rotation": 180, "texture": "#0"},
				"up": {"uv": [10, 12, 11, 13], "rotation": 90, "texture": "#0"},
				"down": {"uv": [9, 12, 10, 13], "rotation": 270, "texture": "#0"}
			}
		},
		{
			"from": [6.59, 24.9, 11.09],
			"to": [8.61, 27.4, 12.19],
			"rotation": {"angle": 22.5, "axis": "y", "origin": [1, -2, 0]},
			"faces": {
				"north": {"uv": [5, 9.25, 7, 12], "texture": "#1"},
				"east": {"uv": [5, 9.25, 6, 12], "texture": "#1"},
				"south": {"uv": [8, 9.5, 10, 12.25], "texture": "#1"},
				"west": {"uv": [5, 9.25, 6, 12], "texture": "#1"},
				"up": {"uv": [5, 9.25, 7, 10.5], "texture": "#1"},
				"down": {"uv": [5, 9.25, 7, 10.5], "texture": "#1"}
			}
		},
		{
			"from": [11.6, 23.2, -3.2],
			"to": [12.6, 26, -2.2],
			"rotation": {"angle": 22.5, "axis": "x", "origin": [1, -2, 0]},
			"faces": {
				"north": {"uv": [7, 13, 8, 16], "texture": "#1"},
				"east": {"uv": [6, 13, 7, 16], "texture": "#1"},
				"south": {"uv": [5, 13, 6, 16], "texture": "#1"},
				"west": {"uv": [7, 13, 8, 16], "texture": "#1"},
				"up": {"uv": [7, 13, 8, 14.5], "texture": "#1"},
				"down": {"uv": [7, 13, 8, 14.5], "texture": "#1"}
			}
		},
		{
			"from": [-15.49, 24.69, 8.09],
			"to": [-12.99, 25.51, 9.11],
			"rotation": {"angle": -45, "axis": "z", "origin": [1, -2, 0]},
			"faces": {
				"north": {"uv": [11, 9, 11.725, 11.5], "rotation": 270, "texture": "#1"},
				"east": {"uv": [11, 8, 12, 9], "rotation": 90, "texture": "#1"},
				"south": {"uv": [12, 9, 12.775, 11.5], "rotation": 90, "texture": "#1"},
				"west": {"uv": [11, 8.5, 12, 9], "rotation": 90, "texture": "#1"},
				"up": {"uv": [10, 9, 11, 11.5], "rotation": 90, "texture": "#1"},
				"down": {"uv": [10, 9, 11, 11.5], "rotation": 90, "texture": "#1"}
			}
		},
		{
			"from": [10.4, 27.4, 7.2],
			"to": [12.4, 29.4, 9.2],
			"rotation": {"angle": 0, "axis": "y", "origin": [1, -2, 0]},
			"faces": {
				"north": {"uv": [2, 2, 4, 4], "texture": "#1"},
				"east": {"uv": [0, 2, 2, 4], "texture": "#1"},
				"south": {"uv": [6, 2, 8, 4], "texture": "#1"},
				"west": {"uv": [4, 2, 6, 4], "texture": "#1"},
				"up": {"uv": [2, 0, 4, 2], "texture": "#1"},
				"down": {"uv": [4, 0, 6, 2], "texture": "#1"}
			}
		},
		{
			"from": [6.6, 22.1, 11.1],
			"to": [7.6, 24.9, 12.1],
			"rotation": {"angle": 22.5, "axis": "y", "origin": [1, -2, 0]},
			"faces": {
				"north": {"uv": [1, 5, 2, 8], "texture": "#1"},
				"east": {"uv": [2, 4.75, 3, 7.75], "texture": "#1"},
				"south": {"uv": [0, 5, 1, 8], "texture": "#1"},
				"west": {"uv": [2, 5, 3, 8], "texture": "#1"},
				"up": {"uv": [3, 4.75, 4, 6.25], "texture": "#1"},
				"down": {"uv": [3, 4.75, 4, 6.25], "texture": "#1"}
			}
		},
		{
			"from": [8.6, 24.7, 11.1],
			"to": [9.4, 27.4, 12.1],
			"rotation": {"angle": 22.5, "axis": "y", "origin": [1, -2, 0]},
			"faces": {
				"north": {"uv": [9, 13, 9.75, 16], "texture": "#1"},
				"east": {"uv": [8, 13, 9, 16], "texture": "#1"},
				"south": {"uv": [10.75, 13, 11.5, 16], "texture": "#1"},
				"west": {"uv": [8, 13, 9, 16], "texture": "#1"},
				"up": {"uv": [9.025, 12, 9.75, 13], "texture": "#1"},
				"down": {"uv": [9.75, 12, 10.5, 13], "texture": "#1"}
			}
		},
		{
			"from": [-15.7, 24.7, 8.1],
			"to": [-13, 25.5, 9.1],
			"rotation": {"angle": -45, "axis": "z", "origin": [1, -2, 0]},
			"faces": {
				"north": {"uv": [9, 13, 9.75, 16], "rotation": 270, "texture": "#1"},
				"east": {"uv": [9, 12, 9.75, 13], "rotation": 90, "texture": "#1"},
				"south": {"uv": [10.8, 13, 11.475, 16], "rotation": 90, "texture": "#1"},
				"west": {"uv": [9.75, 12, 10.5, 13], "rotation": 90, "texture": "#1"},
				"up": {"uv": [8, 13, 9, 16], "rotation": 90, "texture": "#1"},
				"down": {"uv": [8, 13, 9, 16], "rotation": 90, "texture": "#1"}
			}
		},
		{
			"from": [5.6, 29.75, 8.2],
			"to": [7, 31.15, 8.21],
			"rotation": {"angle": 0, "axis": "y", "origin": [-8, 4, 0]},
			"faces": {
				"north": {"uv": [0, 0, 16, 16], "texture": "#20"}
			}
		},
		{
			"from": [-4.31, 21.69, 6.99],
			"to": [-3.29, 24.5, 8.01],
			"rotation": {"angle": -45, "axis": "z", "origin": [-2.3, -2, 6]},
			"faces": {
				"north": {"uv": [1, 5, 2, 8], "texture": "#2"},
				"east": {"uv": [0, 5, 1, 8], "texture": "#2"},
				"south": {"uv": [2, 5, 3, 8], "texture": "#2"},
				"west": {"uv": [2, 5, 3, 8], "texture": "#2"},
				"up": {"uv": [2, 5, 3, 6.5], "rotation": 270, "texture": "#2"},
				"down": {"uv": [2, 4.25, 3, 5.75], "rotation": 90, "texture": "#2"}
			}
		},
		{
			"from": [14.7, 17.5, 7],
			"to": [15.7, 20, 9],
			"rotation": {"angle": 0, "axis": "y", "origin": [-2.3, -2, 6]},
			"faces": {
				"north": {"uv": [5, 5, 6, 7.5], "texture": "#2"},
				"east": {"uv": [8, 5.25, 10, 7.75], "texture": "#2"},
				"south": {"uv": [5, 5, 6, 7.5], "texture": "#2"},
				"west": {"uv": [5, 5, 7, 7.5], "texture": "#2"},
				"up": {"uv": [5, 5, 7, 6], "rotation": 270, "texture": "#2"},
				"down": {"uv": [5, 5, 7, 6], "rotation": 90, "texture": "#2"}
			}
		},
		{
			"from": [10.6, 20, -5.7],
			"to": [12.6, 22, -3.7],
			"rotation": {"angle": -45, "axis": "y", "origin": [-2.3, -2, 6]},
			"faces": {
				"north": {"uv": [0, 2, 2, 4], "texture": "#2"},
				"east": {"uv": [6, 2, 8, 4], "texture": "#2"},
				"south": {"uv": [4, 2, 6, 4], "texture": "#2"},
				"west": {"uv": [2, 2, 4, 4], "texture": "#2"},
				"up": {"uv": [2, 0, 4, 2], "rotation": 90, "texture": "#2"},
				"down": {"uv": [4, 0, 6, 2], "rotation": 90, "texture": "#2"}
			}
		},
		{
			"from": [-4.3, 21.7, 8],
			"to": [-3.3, 24.5, 9.001],
			"rotation": {"angle": -45, "axis": "z", "origin": [-2.3, -2, 6]},
			"faces": {
				"north": {"uv": [12.25, 4.75, 13.25, 7.75], "texture": "#2"},
				"east": {"uv": [10.25, 5, 11.25, 8], "texture": "#2"},
				"south": {"uv": [12.25, 5, 13.25, 8], "texture": "#2"},
				"west": {"uv": [11.25, 5, 12.25, 8], "texture": "#2"},
				"up": {"uv": [13.25, 4.75, 14.25, 6.25], "rotation": 270, "texture": "#2"},
				"down": {"uv": [12, 4, 13, 5.5], "rotation": 90, "texture": "#2"}
			}
		},
		{
			"from": [13, 19, 9],
			"to": [15.7, 20, 10],
			"rotation": {"angle": 0, "axis": "z", "origin": [-2.3, -2, 6]},
			"faces": {
				"north": {"uv": [10.25, 5, 11.25, 8], "rotation": 270, "texture": "#2"},
				"east": {"uv": [11, 4, 12, 5], "texture": "#2"},
				"south": {"uv": [10.25, 5, 11.25, 8], "rotation": 90, "texture": "#2"},
				"west": {"uv": [12, 4, 13, 5], "rotation": 180, "texture": "#2"},
				"up": {"uv": [11.25, 5, 12.25, 8], "rotation": 90, "texture": "#2"},
				"down": {"uv": [12.25, 5, 13.25, 8], "rotation": 90, "texture": "#2"}
			}
		},
		{
			"from": [13, 19, 6],
			"to": [15.7, 20, 7],
			"rotation": {"angle": 0, "axis": "z", "origin": [-2.3, -2, 6]},
			"faces": {
				"north": {"uv": [0, 5, 1, 8], "rotation": 270, "texture": "#2"},
				"east": {"uv": [1, 4, 2, 5], "texture": "#2"},
				"south": {"uv": [0, 5, 1, 8], "rotation": 90, "texture": "#2"},
				"west": {"uv": [2, 4, 3, 5], "rotation": 180, "texture": "#2"},
				"up": {"uv": [1, 5, 2, 8], "rotation": 90, "texture": "#2"},
				"down": {"uv": [2, 5, 3, 8], "rotation": 90, "texture": "#2"}
			}
		},
		{
			"from": [9, 4, 8],
			"to": [11, 6, 10],
			"rotation": {"angle": 0, "axis": "x", "origin": [1, -2, 0]},
			"faces": {
				"south": {"uv": [0, 0, 16, 16], "texture": "#3"},
				"west": {"uv": [0, 0, 16, 16], "texture": "#3"},
				"up": {"uv": [0, 0, 16, 16], "texture": "#3"},
				"down": {"uv": [0, 0, 16, 16], "texture": "#3"}
			}
		},
		{
			"from": [11, 16, 8],
			"to": [13, 18, 10],
			"rotation": {"angle": 0, "axis": "x", "origin": [1, -2, 0]},
			"faces": {
				"east": {"uv": [0, 0, 16, 16], "texture": "#3"},
				"south": {"uv": [0, 0, 16, 16], "texture": "#3"},
				"down": {"uv": [0, 0, 16, 16], "texture": "#3"}
			}
		},
		{
			"from": [11, 18, 6],
			"to": [13, 20, 8],
			"rotation": {"angle": 0, "axis": "x", "origin": [1, -2, 0]},
			"faces": {
				"north": {"uv": [0, 0, 16, 16], "texture": "#3"},
				"east": {"uv": [0, 0, 16, 16], "texture": "#3"}
			}
		},
		{
			"from": [11, 16, 6],
			"to": [13, 18, 8],
			"rotation": {"angle": 0, "axis": "x", "origin": [1, -2, 0]},
			"faces": {
				"north": {"uv": [0, 0, 16, 16], "texture": "#16"},
				"east": {"uv": [0, 0, 16, 16], "texture": "#16"},
				"south": {"uv": [0, 0, 16, 16], "texture": "#16"},
				"west": {"uv": [0, 0, 16, 16], "texture": "#16"},
				"down": {"uv": [0, 0, 16, 16], "texture": "#16"}
			}
		},
		{
			"from": [11, 6, 8],
			"to": [13, 8, 10],
			"rotation": {"angle": 0, "axis": "x", "origin": [1, -2, 0]},
			"faces": {
				"east": {"uv": [0, 0, 16, 16], "texture": "#3"},
				"south": {"uv": [0, 0, 16, 16], "texture": "#3"},
				"west": {"uv": [0, 0, 16, 16], "texture": "#3"}
			}
		},
		{
			"from": [11, 8, 8],
			"to": [13, 10, 10],
			"rotation": {"angle": 0, "axis": "x", "origin": [1, -2, 0]},
			"faces": {
				"east": {"uv": [0, 0, 16, 16], "texture": "#3"},
				"south": {"uv": [0, 0, 16, 16], "texture": "#3"}
			}
		},
		{
			"from": [9, 6, 6],
			"to": [11, 8, 8],
			"rotation": {"angle": 0, "axis": "x", "origin": [1, -2, 0]},
			"faces": {
				"north": {"uv": [0, 0, 16, 16], "texture": "#15"},
				"south": {"uv": [0, 0, 16, 16], "texture": "#13"},
				"west": {"uv": [0, 0, 16, 16], "rotation": 270, "texture": "#14"}
			}
		},
		{
			"from": [9, 8, 6],
			"to": [11, 10, 8],
			"rotation": {"angle": 0, "axis": "x", "origin": [1, -2, 0]},
			"faces": {
				"north": {"uv": [0, 0, 16, 16], "texture": "#15"},
				"south": {"uv": [0, 0, 16, 16], "texture": "#13"},
				"west": {"uv": [0, 0, 16, 16], "rotation": 270, "texture": "#14"}
			}
		},
		{
			"from": [9, 10, 6],
			"to": [11, 12, 8],
			"rotation": {"angle": 0, "axis": "x", "origin": [1, -2, 0]},
			"faces": {
				"north": {"uv": [0, 0, 16, 16], "texture": "#15"},
				"east": {"uv": [0, 0, 16, 16], "rotation": 90, "texture": "#14"},
				"west": {"uv": [0, 0, 16, 16], "rotation": 270, "texture": "#14"}
			}
		},
		{
			"from": [11, 6, 6],
			"to": [13, 8, 8],
			"rotation": {"angle": 0, "axis": "x", "origin": [1, -2, 0]},
			"faces": {
				"north": {"uv": [0, 0, 16, 16], "texture": "#15"},
				"east": {"uv": [0, 0, 16, 16], "rotation": 90, "texture": "#14"},
				"south": {"uv": [0, 0, 16, 16], "texture": "#13"}
			}
		},
		{
			"from": [11, 8, 6],
			"to": [13, 10, 8],
			"rotation": {"angle": 0, "axis": "x", "origin": [1, -2, 0]},
			"faces": {
				"north": {"uv": [0, 0, 16, 16], "texture": "#15"},
				"east": {"uv": [0, 0, 16, 16], "rotation": 90, "texture": "#14"},
				"south": {"uv": [0, 0, 16, 16], "texture": "#13"},
				"up": {"uv": [0, 0, 16, 16], "texture": "#14"}
			}
		},
		{
			"from": [11, 10, 8],
			"to": [13, 12, 10],
			"rotation": {"angle": 0, "axis": "x", "origin": [1, -2, 0]},
			"faces": {
				"north": {"uv": [0, 0, 16, 16], "texture": "#15"},
				"east": {"uv": [0, 0, 16, 16], "rotation": 90, "texture": "#14"},
				"south": {"uv": [0, 0, 16, 16], "texture": "#13"}
			}
		},
		{
			"from": [9, 12, 6],
			"to": [11, 14, 8],
			"rotation": {"angle": 0, "axis": "x", "origin": [1, -2, 0]},
			"faces": {
				"north": {"uv": [0, 0, 16, 16], "texture": "#15"},
				"east": {"uv": [0, 0, 16, 16], "rotation": 90, "texture": "#14"},
				"west": {"uv": [0, 0, 16, 16], "rotation": 270, "texture": "#14"},
				"up": {"uv": [0, 0, 16, 16], "texture": "#14"}
			}
		},
		{
			"from": [9, 12, 8],
			"to": [11, 14, 10],
			"rotation": {"angle": 0, "axis": "x", "origin": [1, -2, 0]},
			"faces": {
				"south": {"uv": [0, 0, 16, 16], "texture": "#13"},
				"west": {"uv": [0, 0, 16, 16], "rotation": 270, "texture": "#14"},
				"up": {"uv": [0, 0, 16, 16], "texture": "#14"}
			}
		},
		{
			"from": [9, 16, 8],
			"to": [11, 18, 10],
			"rotation": {"angle": 0, "axis": "x", "origin": [1, -2, 0]},
			"faces": {
				"north": {"uv": [0, 0, 16, 16], "texture": "#15"},
				"east": {"uv": [0, 0, 16, 16], "rotation": 90, "texture": "#14"},
				"south": {"uv": [0, 0, 16, 16], "texture": "#13"},
				"west": {"uv": [0, 0, 16, 16], "rotation": 270, "texture": "#14"},
				"down": {"uv": [0, 0, 16, 16], "rotation": 180, "texture": "#14"}
			}
		},
		{
			"from": [9, 18, 8],
			"to": [11, 20, 10],
			"rotation": {"angle": 0, "axis": "x", "origin": [1, -2, 0]},
			"faces": {
				"south": {"uv": [0, 0, 16, 16], "texture": "#13"},
				"west": {"uv": [0, 0, 16, 16], "rotation": 270, "texture": "#14"}
			}
		},
		{
			"from": [11, 20, 8],
			"to": [13, 22, 10],
			"rotation": {"angle": 0, "axis": "x", "origin": [1, -2, 0]},
			"faces": {
				"east": {"uv": [0, 0, 16, 16], "rotation": 90, "texture": "#14"},
				"south": {"uv": [0, 0, 16, 16], "texture": "#13"},
				"up": {"uv": [0, 0, 16, 16], "texture": "#14"}
			}
		},
		{
			"from": [11, 20, 6],
			"to": [13, 22, 8],
			"rotation": {"angle": 0, "axis": "x", "origin": [1, -2, 0]},
			"faces": {
				"north": {"uv": [0, 0, 16, 16], "texture": "#15"},
				"east": {"uv": [0, 0, 16, 16], "rotation": 90, "texture": "#14"},
				"up": {"uv": [0, 0, 16, 16], "texture": "#14"},
				"down": {"uv": [0, 0, 16, 16], "rotation": 180, "texture": "#14"}
			}
		},
		{
			"from": [9, 20, 6],
			"to": [11, 22, 8],
			"rotation": {"angle": 0, "axis": "x", "origin": [1, -2, 0]},
			"faces": {
				"north": {"uv": [0, 0, 16, 16], "texture": "#15"},
				"west": {"uv": [0, 0, 16, 16], "rotation": 270, "texture": "#14"},
				"up": {"uv": [0, 0, 16, 16], "texture": "#14"}
			}
		},
		{
			"from": [9, 20, 8],
			"to": [11, 22, 10],
			"rotation": {"angle": 0, "axis": "x", "origin": [1, -2, 0]},
			"faces": {
				"south": {"uv": [0, 0, 16, 16], "texture": "#13"},
				"west": {"uv": [0, 0, 16, 16], "rotation": 270, "texture": "#14"},
				"up": {"uv": [0, 0, 16, 16], "texture": "#14"}
			}
		},
		{
			"from": [11, 18, 8],
			"to": [13, 20, 10],
			"rotation": {"angle": 0, "axis": "x", "origin": [1, -2, 0]},
			"faces": {
				"east": {"uv": [0, 0, 16, 16], "rotation": 90, "texture": "#14"},
				"south": {"uv": [0, 0, 16, 16], "texture": "#13"},
				"down": {"uv": [0, 0, 16, 16], "rotation": 180, "texture": "#14"}
			}
		},
		{
			"from": [9, 18, 6],
			"to": [11, 20, 8],
			"rotation": {"angle": 0, "axis": "x", "origin": [1, -2, 0]},
			"faces": {
				"north": {"uv": [0, 0, 16, 16], "texture": "#15"},
				"east": {"uv": [0, 0, 16, 16], "rotation": 90, "texture": "#14"},
				"west": {"uv": [0, 0, 16, 16], "rotation": 270, "texture": "#14"},
				"down": {"uv": [0, 0, 16, 16], "rotation": 180, "texture": "#14"}
			}
		},
		{
			"from": [11, 4, 8],
			"to": [13, 6, 10],
			"rotation": {"angle": 0, "axis": "x", "origin": [1, -2, 0]},
			"faces": {
				"east": {"uv": [0, 0, 16, 16], "texture": "#10"},
				"south": {"uv": [0, 0, 16, 16], "texture": "#10"},
				"west": {"uv": [0, 0, 16, 16], "texture": "#10"},
				"up": {"uv": [0, 0, 16, 16], "texture": "#11"},
				"down": {"uv": [0, 0, 16, 16], "rotation": 180, "texture": "#8"}
			}
		},
		{
			"from": [11, 12, 8],
			"to": [13, 14, 10],
			"rotation": {"angle": 0, "axis": "x", "origin": [1, -2, 0]},
			"faces": {
				"north": {"uv": [0, 0, 16, 16], "texture": "#10"},
				"east": {"uv": [0, 0, 16, 16], "texture": "#10"},
				"south": {"uv": [0, 0, 16, 16], "texture": "#10"},
				"up": {"uv": [0, 0, 16, 16], "texture": "#11"}
			}
		},
		{
			"from": [9, 8, 8.01],
			"to": [11, 10, 10.02],
			"rotation": {"angle": 0, "axis": "x", "origin": [1, -2, 0]},
			"faces": {
				"north": {"uv": [0, 0, 16, 16], "rotation": 180, "texture": "#10"},
				"east": {"uv": [0, 0, 16, 16], "rotation": 180, "texture": "#10"},
				"south": {"uv": [0, 0, 16, 16], "rotation": 180, "texture": "#10"},
				"west": {"uv": [0, 0, 16, 16], "rotation": 180, "texture": "#10"},
				"up": {"uv": [0, 0, 16, 16], "texture": "#8"},
				"down": {"uv": [0, 0, 16, 16], "rotation": 180, "texture": "#12"}
			}
		},
		{
			"from": [9, 4, 6],
			"to": [11, 6, 8],
			"rotation": {"angle": 0, "axis": "x", "origin": [1, -2, 0]},
			"faces": {
				"north": {"uv": [0, 0, 16, 16], "texture": "#3"},
				"west": {"uv": [0, 0, 16, 16], "texture": "#3"},
				"down": {"uv": [0, 0, 16, 16], "texture": "#3"}
			}
		},
		{
			"from": [11, 4, 6],
			"to": [13, 6, 8],
			"rotation": {"angle": 0, "axis": "x", "origin": [1, -2, 0]},
			"faces": {
				"north": {"uv": [0, 0, 16, 16], "rotation": 180, "texture": "#4"},
				"east": {"uv": [0, 0, 16, 16], "rotation": 180, "texture": "#6"},
				"west": {"uv": [0, 0, 16, 16], "texture": "#6"},
				"down": {"uv": [0, 0, 16, 16], "texture": "#7"}
			}
		},
		{
			"from": [9, 10, 8],
			"to": [11, 12, 10],
			"rotation": {"angle": 0, "axis": "x", "origin": [1, -2, 0]},
			"faces": {
				"south": {"uv": [0, 0, 16, 16], "rotation": 180, "texture": "#7"},
				"west": {"uv": [0, 0, 16, 16], "rotation": 90, "texture": "#6"},
				"down": {"uv": [0, 0, 16, 16], "rotation": 180, "texture": "#5"}
			}
		},
		{
			"from": [11, 10, 6],
			"to": [13, 12, 8],
			"rotation": {"angle": 0, "axis": "x", "origin": [1, -2, 0]},
			"faces": {
				"north": {"uv": [0, 0, 16, 16], "texture": "#17"},
				"east": {"uv": [0, 0, 16, 16], "texture": "#17"},
				"up": {"uv": [0, 0, 16, 16], "texture": "#17"}
			}
		},
		{
			"from": [8.5, 27.2, 8.5],
			"to": [8.7, 31.2, 8.7],
			"rotation": {"angle": 0, "axis": "y", "origin": [-8, -2, 0]},
			"faces": {
				"north": {"uv": [0, 0, 0.2, 14], "texture": "#18"},
				"east": {"uv": [0, 0, 0.2, 14], "texture": "#18"},
				"south": {"uv": [0, 0, 0.2, 14], "texture": "#18"},
				"west": {"uv": [0, 0, 0.2, 14], "texture": "#18"},
				"up": {"uv": [0, 0, 0.2, 10.2], "texture": "#18"},
				"down": {"uv": [0, 0, 0.2, 10.2], "texture": "#18"}
			}
		},
		{
			"from": [6.1, 29.6, 8.5],
			"to": [8.5, 31.2, 8.7],
			"rotation": {"angle": 0, "axis": "y", "origin": [-8, -2, 0]},
			"faces": {
				"north": {"uv": [0, 0, 6.4, 5.6], "texture": "#19"},
				"south": {"uv": [4, 3, 10.4, 8.6], "texture": "#19"},
				"west": {"uv": [0, 0, 4.2, 5.6], "texture": "#19"},
				"up": {"uv": [0, 0, 6.4, 4.2], "texture": "#19"},
				"down": {"uv": [0, 0, 6.4, 4.2], "texture": "#19"}
			}
		},
		{
			"from": [5.1, 29.7, 8.3],
			"to": [7.4, 31.1, 8.5],
			"rotation": {"angle": 0, "axis": "y", "origin": [-8, -2, 0]},
			"faces": {
				"north": {"uv": [4, 1, 10.3, 6.4], "texture": "#19"},
				"east": {"uv": [0, 0, 4.2, 5.4], "texture": "#19"},
				"south": {"uv": [5, 0, 11.3, 5.4], "texture": "#19"},
				"west": {"uv": [0, 0, 4.2, 5.4], "texture": "#19"},
				"up": {"uv": [0, 0, 6.3, 4.2], "texture": "#19"},
				"down": {"uv": [0, 0, 6.3, 4.2], "texture": "#19"}
			}
		},
		{
			"from": [3, 29.6, 8.1],
			"to": [5.3, 30.8, 8.3],
			"rotation": {"angle": 0, "axis": "y", "origin": [-8, -2, 0]},
			"faces": {
				"north": {"uv": [5.7, 0, 12, 5.2], "texture": "#19"},
				"east": {"uv": [0, 0, 4.2, 5.2], "texture": "#19"},
				"south": {"uv": [7, 0, 13.3, 5.2], "texture": "#19"},
				"west": {"uv": [0, 0, 4.2, 5.2], "texture": "#19"},
				"up": {"uv": [0, 0, 6.3, 4.2], "texture": "#19"},
				"down": {"uv": [0, 0, 6.3, 4.2], "texture": "#19"}
			}
		},
		{
			"from": [6.4, 1.7, 8],
			"to": [7.4, 4.5, 9],
			"rotation": {"angle": -22.5, "axis": "z", "origin": [7.8, 1, 8]},
			"faces": {
				"north": {"uv": [7, 13, 8, 16], "texture": "#0"},
				"east": {"uv": [7, 13, 8, 16], "texture": "#0"},
				"south": {"uv": [6, 13, 7, 16], "texture": "#0"},
				"west": {"uv": [5, 13, 6, 16], "texture": "#0"},
				"up": {"uv": [7, 13, 8, 14.5], "rotation": 90, "texture": "#0"},
				"down": {"uv": [7, 13, 8, 14.5], "rotation": 270, "texture": "#0"}
			}
		},
		{
			"from": [7.8, 4.5, 7],
			"to": [8.8, 7, 9],
			"rotation": {"angle": 0, "axis": "y", "origin": [7.8, 1, 8]},
			"faces": {
				"north": {"uv": [5, 5, 6, 7.5], "texture": "#0"},
				"east": {"uv": [5, 5, 7, 7.5], "texture": "#0"},
				"south": {"uv": [5, 5, 6, 7.5], "texture": "#0"},
				"west": {"uv": [8, 5.25, 10, 7.75], "texture": "#0"},
				"up": {"uv": [5, 5, 7, 6], "rotation": 90, "texture": "#0"},
				"down": {"uv": [5, 5, 7, 6], "rotation": 270, "texture": "#0"}
			}
		},
		{
			"from": [3.6, 6, 7],
			"to": [5.6, 8, 9],
			"rotation": {"angle": -22.5, "axis": "z", "origin": [7.8, 1, 8]},
			"faces": {
				"north": {"uv": [4, 2, 6, 4], "rotation": 90, "texture": "#0"},
				"east": {"uv": [4, 0, 6, 2], "rotation": 180, "texture": "#0"},
				"south": {"uv": [0, 2, 2, 4], "rotation": 270, "texture": "#0"},
				"west": {"uv": [2, 0, 4, 2], "texture": "#0"},
				"up": {"uv": [2, 2, 4, 4], "rotation": 270, "texture": "#0"},
				"down": {"uv": [6, 2, 8, 4], "rotation": 270, "texture": "#0"}
			}
		},
		{
			"from": [6.6, 24.9, 11.1],
			"to": [8.6, 27.4, 12.1],
			"rotation": {"angle": 22.5, "axis": "y", "origin": [1, -2, 0]},
			"faces": {
				"north": {"uv": [5, 5, 7, 7.5], "texture": "#1"},
				"east": {"uv": [5, 5, 6, 7.5], "texture": "#1"},
				"south": {"uv": [8, 5.25, 10, 7.75], "texture": "#1"},
				"west": {"uv": [5, 5, 6, 7.5], "texture": "#1"},
				"up": {"uv": [5, 4, 7, 5], "texture": "#1"},
				"down": {"uv": [5, 5, 7, 6], "texture": "#1"}
			}
		}
	],
	"display": {
		"head": {
			"translation": [-11.25, -19, 0],
			"scale": [4, 4, 4]
		}
	},
	"groups": [
		{
			"name": "yzero",
			"origin": [0, 0, 0],
			"color": 0,
			"children": [0, 1, 2, 3, 4, 5, 6, 7]
		},
		{
			"name": "evtema",
			"origin": [0, 0, 0],
			"color": 0,
			"children": [8, 9, 10, 11, 12, 13, 14, 15]
		},
		{
			"name": "chronos",
			"origin": [0, 0, 0],
			"color": 0,
			"children": [16, 17, 18, 19, 20, 21]
		},
		{
			"name": "missile",
			"origin": [8, 8, 8],
			"color": 0,
			"children": [22, 23, 24, 25, 26, 27, 28, 29, 30, 31, 32, 33, 34, 35, 36, 37, 38, 39, 40, 41, 42, 43, 44, 45, 46, 47, 48, 49, 50]
		},
		51,
		52,
		53,
		54,
		55,
		56,
		57,
		58
	]
}