{
	"credit": "Made with Blockbench",
	"textures": {
		"main": "custom/seagull_anim"
	},
	"elements": [
		{
			"from": [6, 11, -1],
			"to": [10, 15, 3],
			"rotation": {"angle": 0, "axis": "y", "origin": [0, -1, -1]},
			"faces": {
				"north": {"uv": [2.875, 0.125, 3.375, 0.625], "texture": "#main"},
				"east": {"uv": [2.875, 0.125, 3.375, 0.625], "texture": "#main"},
				"south": {"uv": [2.875, 0.125, 3.375, 0.625], "texture": "#main"},
				"west": {"uv": [2.875, 0.125, 3.375, 0.625], "texture": "#main"},
				"up": {"uv": [2.875, 0.125, 3.375, 0.625], "texture": "#main"},
				"down": {"uv": [2.875, 0.125, 3.375, 0.625], "texture": "#main"}
			}
		},
		{
			"from": [5.9, 11, -1],
			"to": [10.1, 15, 3],
			"rotation": {"angle": 0, "axis": "y", "origin": [0, -1, -1]},
			"faces": {
				"east": {"uv": [1.5, 2.625, 0.5, 3.625], "texture": "#main"},
				"west": {"uv": [0.5, 2.625, 1.5, 3.625], "texture": "#main"}
			}
		},
		{
			"from": [6.5, 4, 7.5],
			"to": [9.5, 8.7, 10.7],
			"rotation": {"angle": -45, "axis": "x", "origin": [0, 1, 0]},
			"faces": {
				"north": {"uv": [2.375, 0.5, 2.75, 1.0875], "texture": "#main"},
				"east": {"uv": [2.375, 0.5, 2.775, 1.0875], "texture": "#main"},
				"south": {"uv": [2.375, 0.5, 2.75, 1.0875], "texture": "#main"},
				"west": {"uv": [2.375, 0.5, 2.775, 1.0875], "texture": "#main"},
				"up": {"uv": [2.375, 0.5, 2.75, 0.9], "texture": "#main"},
				"down": {"uv": [2.375, 0.5, 2.75, 0.9], "texture": "#main"}
			}
		},
		{
			"from": [5.5, 7.7, 3.2],
			"to": [10.5, 11.7, 12.9],
			"faces": {
				"north": {"uv": [2.375, 0.5, 3, 1], "texture": "#main"},
				"east": {"uv": [2.375, 0.5, 3.5875, 1], "texture": "#main"},
				"south": {"uv": [2.375, 0.5, 3, 1], "texture": "#main"},
				"west": {"uv": [2.375, 0.5, 3.5875, 1], "texture": "#main"},
				"up": {"uv": [2.375, 0.5, 3, 1.7125], "texture": "#main"},
				"down": {"uv": [2.375, 0.5, 3, 1.7125], "texture": "#main"}
			}
		},
		{
			"from": [5.5, 11.7, 6.2],
			"to": [10.5, 12.7, 11.9],
			"faces": {
				"north": {"uv": [2.375, 0.5, 3, 0.625], "texture": "#main"},
				"east": {"uv": [2.375, 0.5, 3.0875, 0.625], "texture": "#main"},
				"south": {"uv": [2.375, 0.5, 3, 0.625], "texture": "#main"},
				"west": {"uv": [2.375, 0.5, 3.0875, 0.625], "texture": "#main"},
				"up": {"uv": [2.375, 0.5, 3, 1.2125], "texture": "#main"},
				"down": {"uv": [2.375, 0.5, 3, 1.2125], "texture": "#main"}
			}
		},
		{
			"from": [5.6, 8.4, 8.3],
			"to": [10.4, 9.4, 10.6],
			"rotation": {"angle": -22.5, "axis": "x", "origin": [0, 0, 0]},
			"faces": {
				"north": {"uv": [2.375, 0.5, 2.975, 0.625], "texture": "#main"},
				"east": {"uv": [2.375, 0.5, 2.6625, 0.625], "texture": "#main"},
				"south": {"uv": [2.375, 0.5, 2.975, 0.625], "texture": "#main"},
				"west": {"uv": [2.375, 0.5, 2.6625, 0.625], "texture": "#main"},
				"up": {"uv": [2.375, 0.5, 2.975, 0.7875], "texture": "#main"},
				"down": {"uv": [2.375, 0.5, 2.975, 0.7875], "texture": "#main"}
			}
		},
		{
			"from": [5.5, 7.2, 4.2],
			"to": [10.5, 7.7, 6.9],
			"faces": {
				"north": {"uv": [2.375, 0.5, 3, 0.5625], "texture": "#main"},
				"east": {"uv": [2.375, 0.5, 2.7125, 0.5625], "texture": "#main"},
				"south": {"uv": [2.375, 0.5, 3, 0.5625], "texture": "#main"},
				"west": {"uv": [2.375, 0.5, 2.7125, 0.5625], "texture": "#main"},
				"up": {"uv": [2.375, 0.5, 3, 0.8375], "texture": "#main"},
				"down": {"uv": [2.375, 0.5, 3, 0.8375], "texture": "#main"}
			}
		},
		{
			"from": [6.5, 7.2, 6.9],
			"to": [9.5, 7.7, 9.6],
			"faces": {
				"north": {"uv": [2.375, 0.5, 2.75, 0.5625], "texture": "#main"},
				"east": {"uv": [2.375, 0.5, 2.7125, 0.5625], "texture": "#main"},
				"south": {"uv": [2.375, 0.5, 2.75, 0.5625], "texture": "#main"},
				"west": {"uv": [2.375, 0.5, 2.7125, 0.5625], "texture": "#main"},
				"up": {"uv": [2.375, 0.5, 2.75, 0.8375], "texture": "#main"},
				"down": {"uv": [2.375, 0.5, 2.75, 0.8375], "texture": "#main"}
			}
		},
		{
			"from": [6, 0.4, 12.7],
			"to": [7, 3.1, 12.7],
			"rotation": {"angle": -22.5, "axis": "x", "origin": [0, 0.3, 0]},
			"faces": {
				"north": {"uv": [0.625, 0.375, 0.75, 0.7125], "rotation": 180, "texture": "#main"},
				"east": {"uv": [0.625, 0.375, 0.9625, 0.375], "rotation": 270, "texture": "#main"},
				"south": {"uv": [0.625, 0.375, 0.75, 0.7125], "texture": "#main"},
				"west": {"uv": [0.625, 0.375, 0.9625, 0.375], "rotation": 90, "texture": "#main"},
				"up": {"uv": [0.625, 0.375, 0.75, 0.375], "rotation": 180, "texture": "#main"},
				"down": {"uv": [0.625, 0.375, 0.75, 0.375], "texture": "#main"}
			}
		},
		{
			"from": [5, 11.1, 4.7],
			"to": [7, 12.1, 4.7],
			"rotation": {"angle": 45, "axis": "x", "origin": [0, 0.3, 0]},
			"faces": {
				"north": {"uv": [0.625, 0.375, 0.875, 0.5], "rotation": 180, "texture": "#main"},
				"east": {"uv": [0.625, 0.375, 0.75, 0.375], "rotation": 270, "texture": "#main"},
				"south": {"uv": [0.625, 0.375, 0.875, 0.5], "texture": "#main"},
				"west": {"uv": [0.625, 0.375, 0.75, 0.375], "rotation": 90, "texture": "#main"},
				"up": {"uv": [0.625, 0.375, 0.875, 0.375], "rotation": 180, "texture": "#main"},
				"down": {"uv": [0.625, 0.375, 0.875, 0.375], "texture": "#main"}
			}
		},
		{
			"from": [9, 11.1, 4.7],
			"to": [11, 12.1, 4.7],
			"rotation": {"angle": 45, "axis": "x", "origin": [0, 0.3, 0]},
			"faces": {
				"north": {"uv": [0.875, 0.375, 0.625, 0.5], "rotation": 180, "texture": "#main"},
				"east": {"uv": [0.625, 0.375, 0.75, 0.375], "rotation": 270, "texture": "#main"},
				"south": {"uv": [0.625, 0.375, 0.875, 0.5], "texture": "#main"},
				"west": {"uv": [0.625, 0.375, 0.75, 0.375], "rotation": 90, "texture": "#main"},
				"up": {"uv": [0.625, 0.375, 0.875, 0.375], "rotation": 180, "texture": "#main"},
				"down": {"uv": [0.625, 0.375, 0.875, 0.375], "texture": "#main"}
			}
		},
		{
			"from": [9, 10.1, 4.7],
			"to": [10, 11.1, 4.7],
			"rotation": {"angle": 45, "axis": "x", "origin": [0, 0.3, 0]},
			"faces": {
				"north": {"uv": [0.625, 0.375, 0.75, 0.5], "rotation": 180, "texture": "#main"},
				"east": {"uv": [0.625, 0.375, 0.75, 0.375], "rotation": 270, "texture": "#main"},
				"south": {"uv": [0.625, 0.375, 0.75, 0.5], "texture": "#main"},
				"west": {"uv": [0.625, 0.375, 0.75, 0.375], "rotation": 90, "texture": "#main"},
				"up": {"uv": [0.625, 0.375, 0.75, 0.375], "rotation": 180, "texture": "#main"},
				"down": {"uv": [0.625, 0.375, 0.75, 0.375], "texture": "#main"}
			}
		},
		{
			"from": [6, 10.1, 4.7],
			"to": [7, 11.1, 4.7],
			"rotation": {"angle": 45, "axis": "x", "origin": [0, 0.3, 0]},
			"faces": {
				"north": {"uv": [0.625, 0.375, 0.75, 0.5], "rotation": 180, "texture": "#main"},
				"east": {"uv": [0.625, 0.375, 0.75, 0.375], "rotation": 270, "texture": "#main"},
				"south": {"uv": [0.625, 0.375, 0.75, 0.5], "texture": "#main"},
				"west": {"uv": [0.625, 0.375, 0.75, 0.375], "rotation": 90, "texture": "#main"},
				"up": {"uv": [0.625, 0.375, 0.75, 0.375], "rotation": 180, "texture": "#main"},
				"down": {"uv": [0.625, 0.375, 0.75, 0.375], "texture": "#main"}
			}
		},
		{
			"from": [9, 0.4, 12.7],
			"to": [10, 3.1, 12.7],
			"rotation": {"angle": -22.5, "axis": "x", "origin": [0, 0.3, 0]},
			"faces": {
				"north": {"uv": [0.625, 0.375, 0.75, 0.7125], "rotation": 180, "texture": "#main"},
				"east": {"uv": [0.625, 0.375, 0.9625, 0.375], "rotation": 270, "texture": "#main"},
				"south": {"uv": [0.625, 0.375, 0.75, 0.7125], "texture": "#main"},
				"west": {"uv": [0.625, 0.375, 0.9625, 0.375], "rotation": 90, "texture": "#main"},
				"up": {"uv": [0.625, 0.375, 0.75, 0.375], "rotation": 180, "texture": "#main"},
				"down": {"uv": [0.625, 0.375, 0.75, 0.375], "texture": "#main"}
			}
		},
		{
			"from": [6.5, 12.7, 7.4],
			"to": [9.5, 15.7, 10.4],
			"rotation": {"angle": 22.5, "axis": "x", "origin": [0, 0, 0]},
			"faces": {
				"north": {"uv": [2.375, 0.5, 2.75, 0.875], "texture": "#main"},
				"east": {"uv": [2.375, 0.5, 2.75, 0.875], "texture": "#main"},
				"south": {"uv": [2.375, 0.5, 2.75, 0.875], "texture": "#main"},
				"west": {"uv": [2.375, 0.5, 2.75, 0.875], "texture": "#main"},
				"up": {"uv": [2.375, 0.5, 2.75, 0.875], "texture": "#main"},
				"down": {"uv": [2.375, 0.5, 2.75, 0.875], "texture": "#main"}
			}
		},
		{
			"from": [6.5, 14.7, 10.4],
			"to": [9.5, 15.7, 14.4],
			"rotation": {"angle": 22.5, "axis": "x", "origin": [0, 0, 0]},
			"faces": {
				"north": {"uv": [2.375, 0.5, 2.75, 0.625], "texture": "#main"},
				"east": {"uv": [2.375, 0.5, 2.875, 0.625], "texture": "#main"},
				"south": {"uv": [2.375, 0.5, 2.75, 0.625], "texture": "#main"},
				"west": {"uv": [2.375, 0.5, 2.875, 0.625], "texture": "#main"},
				"up": {"uv": [2.375, 0.5, 2.75, 1], "texture": "#main"},
				"down": {"uv": [2.375, 0.5, 2.75, 1], "texture": "#main"}
			}
		},
		{
			"from": [1.9, 9.7, 15.4],
			"to": [4.9, 10.7, 19.4],
			"rotation": {"angle": 22.5, "axis": "y", "origin": [0.4, 0, 0]},
			"faces": {
				"north": {"uv": [2.375, 0.5, 2.75, 0.625], "texture": "#main"},
				"east": {"uv": [2.375, 0.5, 2.875, 0.625], "texture": "#main"},
				"south": {"uv": [2.375, 0.5, 2.75, 0.625], "texture": "#main"},
				"west": {"uv": [2.375, 0.5, 2.875, 0.625], "texture": "#main"},
				"up": {"uv": [2.75, 0.5, 2.375, 1], "texture": "#main"},
				"down": {"uv": [2.375, 0.5, 2.75, 1], "texture": "#main"}
			}
		},
		{
			"from": [9.9, 9.7, 9.4],
			"to": [12.9, 10.7, 13.4],
			"rotation": {"angle": -22.5, "axis": "y", "origin": [0.4, 0, 0]},
			"faces": {
				"north": {"uv": [2.375, 0.5, 2.75, 0.625], "texture": "#main"},
				"east": {"uv": [2.375, 0.5, 2.875, 0.625], "texture": "#main"},
				"south": {"uv": [2.375, 0.5, 2.75, 0.625], "texture": "#main"},
				"west": {"uv": [2.375, 0.5, 2.875, 0.625], "texture": "#main"},
				"up": {"uv": [2.375, 0.5, 2.75, 1], "texture": "#main"},
				"down": {"uv": [2.375, 0.5, 2.75, 1], "texture": "#main"}
			}
		},
		{
			"from": [7, 12.1, -3.7],
			"to": [9, 13.1, -0.9],
			"rotation": {"angle": 0, "axis": "y", "origin": [0, -0.9, -0.9]},
			"faces": {
				"north": {"uv": [0.75, 0.25, 1, 0.375], "texture": "#main"},
				"east": {"uv": [0.75, 0.25, 1.1, 0.375], "texture": "#main"},
				"south": {"uv": [0.75, 0.25, 1, 0.375], "texture": "#main"},
				"west": {"uv": [0.75, 0.25, 1.1, 0.375], "texture": "#main"},
				"up": {"uv": [0.75, 0.25, 1, 0.6], "texture": "#main"},
				"down": {"uv": [0.75, 0.25, 1, 0.6], "texture": "#main"}
			}
		},
		{
			"from": [7.01, 10.1, -8.4],
			"to": [8.99, 11.1, -6.4],
			"rotation": {"angle": 22.5, "axis": "x", "origin": [0, -0.9, -0.9]},
			"faces": {
				"north": {"uv": [0, 1.125, 0.24975, 1.25], "texture": "#main"},
				"east": {"uv": [0, 1.125, 0.3625, 1.25], "texture": "#main"},
				"south": {"uv": [0, 1.125, 0.24975, 1.25], "texture": "#main"},
				"west": {"uv": [0, 1, 0.3625, 1.125], "texture": "#main"},
				"up": {"uv": [0, 0.875, 0.24975, 1.2375], "texture": "#main"},
				"down": {"uv": [0, 0.875, 0.24975, 1.2375], "texture": "#main"}
			}
		},
		{
			"from": [7.01, 10.1, -6.4],
			"to": [8.99, 11.1, -5.5],
			"rotation": {"angle": 22.5, "axis": "x", "origin": [0, -0.9, -0.9]},
			"faces": {
				"north": {"uv": [0.625, 1.875, 0.87475, 2], "texture": "#main"},
				"east": {"uv": [0.625, 1.875, 0.7375, 2], "texture": "#main"},
				"south": {"uv": [0.625, 1.875, 0.87475, 2], "texture": "#main"},
				"west": {"uv": [0.75, 1.875, 0.8625, 2], "texture": "#main"},
				"up": {"uv": [0.625, 1.875, 0.87475, 1.9875], "texture": "#main"},
				"down": {"uv": [0.625, 1.875, 0.87475, 1.9875], "texture": "#main"}
			}
		},
		{
			"from": [0.5, 10.5, 6],
			"to": [5.5, 11.7, 10],
			"faces": {
				"north": {"uv": [4.5, 0.5, 5.125, 0.775], "texture": "#main"},
				"east": {"uv": [4.5, 0.5, 5, 0.775], "texture": "#main"},
				"south": {"uv": [4.5, 0.5, 5.125, 0.775], "texture": "#main"},
				"west": {"uv": [4.5, 0.5, 5, 0.775], "texture": "#main"},
				"up": {"uv": [4.5, 0.5, 5.125, 1], "texture": "#main"},
				"down": {"uv": [4.5, 0.5, 5.125, 1], "texture": "#main"}
			}
		},
		{
			"from": [10.5, 10.5, 6],
			"to": [15.5, 11.7, 10],
			"faces": {
				"north": {"uv": [4.5, 0.5, 5.125, 0.775], "texture": "#main"},
				"east": {"uv": [4.5, 0.5, 5, 0.775], "texture": "#main"},
				"south": {"uv": [4.5, 0.5, 5.125, 0.775], "texture": "#main"},
				"west": {"uv": [4.5, 0.5, 5, 0.775], "texture": "#main"},
				"up": {"uv": [5.125, 0.5, 4.5, 1], "texture": "#main"},
				"down": {"uv": [4.5, 0.5, 5.125, 1], "texture": "#main"}
			}
		},
		{
			"from": [14.5, 10.7, 7.5],
			"to": [19.5, 11.2, 11],
			"faces": {
				"north": {"uv": [4.5, 0.5, 5.125, 0.6875], "texture": "#main"},
				"east": {"uv": [4.5, 0.5, 4.9375, 0.6875], "texture": "#main"},
				"south": {"uv": [4.5, 0.5, 5.125, 0.6875], "texture": "#main"},
				"west": {"uv": [4.5, 0.5, 4.9375, 0.6875], "texture": "#main"},
				"up": {"uv": [5.125, 0.5, 4.5, 0.9375], "texture": "#main"},
				"down": {"uv": [4.5, 0.5, 5.125, 0.9375], "texture": "#main"}
			}
		},
		{
			"from": [-3.5, 10.7, 7.5],
			"to": [1.5, 11.2, 11],
			"faces": {
				"north": {"uv": [4.5, 0.5, 5.125, 0.6875], "texture": "#main"},
				"east": {"uv": [4.5, 0.5, 4.9375, 0.6875], "texture": "#main"},
				"south": {"uv": [4.5, 0.5, 5.125, 0.6875], "texture": "#main"},
				"west": {"uv": [4.5, 0.5, 4.9375, 0.6875], "texture": "#main"},
				"up": {"uv": [4.5, 0.5, 5.125, 0.9375], "texture": "#main"},
				"down": {"uv": [4.5, 0.5, 5.125, 0.9375], "texture": "#main"}
			}
		},
		{
			"from": [-6.5, 10.2, 8.5],
			"to": [-2.5, 11.2, 12],
			"faces": {
				"north": {"uv": [4.5, 0.5, 5, 0.625], "texture": "#main"},
				"east": {"uv": [4.5, 0.5, 4.9375, 0.625], "texture": "#main"},
				"south": {"uv": [4.5, 0.5, 5, 0.625], "texture": "#main"},
				"west": {"uv": [4.5, 0.5, 4.9375, 0.625], "texture": "#main"},
				"up": {"uv": [4.5, 0.5, 5, 0.9375], "texture": "#main"},
				"down": {"uv": [4.5, 0.5, 5, 0.9375], "texture": "#main"}
			}
		},
		{
			"from": [18.5, 10.2, 8.5],
			"to": [22.5, 11.2, 12],
			"faces": {
				"north": {"uv": [4.5, 0.5, 5, 0.625], "texture": "#main"},
				"east": {"uv": [4.5, 0.5, 4.9375, 0.625], "texture": "#main"},
				"south": {"uv": [4.5, 0.5, 5, 0.625], "texture": "#main"},
				"west": {"uv": [4.5, 0.5, 4.9375, 0.625], "texture": "#main"},
				"up": {"uv": [5, 0.5, 4.5, 0.9375], "texture": "#main"},
				"down": {"uv": [4.5, 0.5, 5, 0.9375], "texture": "#main"}
			}
		},
		{
			"from": [-5, 10.6, 10],
			"to": [5.6, 10.6, 16],
			"faces": {
				"up": {"uv": [7.325, 0.5, 6, 1.25], "texture": "#main"},
				"down": {"uv": [7.325, 1.25, 6, 0.5], "texture": "#main"}
			}
		},
		{
			"from": [10.4, 10.6, 10],
			"to": [21, 10.6, 16],
			"faces": {
				"north": {"uv": [7.325, 0.25, 6, 0.3], "texture": "#main"},
				"east": {"uv": [6.75, 0.25, 6, 0.3], "texture": "#main"},
				"south": {"uv": [7.325, 0.25, 6, 0.3], "texture": "#main"},
				"west": {"uv": [6.75, 0.25, 6, 0.3], "texture": "#main"},
				"up": {"uv": [6, 0.5, 7.325, 1.25], "texture": "#main"},
				"down": {"uv": [6, 1.25, 7.325, 0.5], "texture": "#main"}
			}
		},
		{
			"from": [6, 11, -1],
			"to": [10, 15, 3],
			"rotation": {"angle": 0, "axis": "y", "origin": [0, -1, -1]},
			"faces": {
				"north": {"uv": [10.875, 0.125, 11.375, 0.625], "texture": "#main"},
				"east": {"uv": [10.875, 0.125, 11.375, 0.625], "texture": "#main"},
				"south": {"uv": [10.875, 0.125, 11.375, 0.625], "texture": "#main"},
				"west": {"uv": [10.875, 0.125, 11.375, 0.625], "texture": "#main"},
				"up": {"uv": [10.875, 0.125, 11.375, 0.625], "texture": "#main"},
				"down": {"uv": [10.875, 0.125, 11.375, 0.625], "texture": "#main"}
			}
		},
		{
			"from": [5.9, 11, -1],
			"to": [10.1, 15, 3],
			"rotation": {"angle": 0, "axis": "y", "origin": [0, -1, -1]},
			"faces": {
				"east": {"uv": [9.5, 2.625, 8.5, 3.625], "texture": "#main"},
				"west": {"uv": [8.5, 2.625, 9.5, 3.625], "texture": "#main"}
			}
		},
		{
			"from": [6.5, 4, 7.5],
			"to": [9.5, 8.7, 10.7],
			"rotation": {"angle": -45, "axis": "x", "origin": [0, 1, 0]},
			"faces": {
				"north": {"uv": [10.375, 0.5, 10.75, 1.0875], "texture": "#main"},
				"east": {"uv": [10.375, 0.5, 10.775, 1.0875], "texture": "#main"},
				"south": {"uv": [10.375, 0.5, 10.75, 1.0875], "texture": "#main"},
				"west": {"uv": [10.375, 0.5, 10.775, 1.0875], "texture": "#main"},
				"up": {"uv": [10.375, 0.5, 10.75, 0.9], "texture": "#main"},
				"down": {"uv": [10.375, 0.5, 10.75, 0.9], "texture": "#main"}
			}
		},
		{
			"from": [5.5, 7.7, 3.2],
			"to": [10.5, 11.7, 12.9],
			"faces": {
				"north": {"uv": [10.375, 0.5, 11, 1], "texture": "#main"},
				"east": {"uv": [10.375, 0.5, 11.5875, 1], "texture": "#main"},
				"south": {"uv": [10.375, 0.5, 11, 1], "texture": "#main"},
				"west": {"uv": [10.375, 0.5, 11.5875, 1], "texture": "#main"},
				"up": {"uv": [10.375, 0.5, 11, 1.7125], "texture": "#main"},
				"down": {"uv": [10.375, 0.5, 11, 1.7125], "texture": "#main"}
			}
		},
		{
			"from": [5.5, 11.7, 6.2],
			"to": [10.5, 12.7, 11.9],
			"faces": {
				"north": {"uv": [10.375, 0.5, 11, 0.625], "texture": "#main"},
				"east": {"uv": [10.375, 0.5, 11.0875, 0.625], "texture": "#main"},
				"south": {"uv": [10.375, 0.5, 11, 0.625], "texture": "#main"},
				"west": {"uv": [10.375, 0.5, 11.0875, 0.625], "texture": "#main"},
				"up": {"uv": [10.375, 0.5, 11, 1.2125], "texture": "#main"},
				"down": {"uv": [10.375, 0.5, 11, 1.2125], "texture": "#main"}
			}
		},
		{
			"from": [5.6, 8.4, 8.3],
			"to": [10.4, 9.4, 10.6],
			"rotation": {"angle": -22.5, "axis": "x", "origin": [0, 0, 0]},
			"faces": {
				"north": {"uv": [10.375, 0.5, 10.975, 0.625], "texture": "#main"},
				"east": {"uv": [10.375, 0.5, 10.6625, 0.625], "texture": "#main"},
				"south": {"uv": [10.375, 0.5, 10.975, 0.625], "texture": "#main"},
				"west": {"uv": [10.375, 0.5, 10.6625, 0.625], "texture": "#main"},
				"up": {"uv": [10.375, 0.5, 10.975, 0.7875], "texture": "#main"},
				"down": {"uv": [10.375, 0.5, 10.975, 0.7875], "texture": "#main"}
			}
		},
		{
			"from": [5.5, 7.2, 4.2],
			"to": [10.5, 7.7, 6.9],
			"faces": {
				"north": {"uv": [10.375, 0.5, 11, 0.5625], "texture": "#main"},
				"east": {"uv": [10.375, 0.5, 10.7125, 0.5625], "texture": "#main"},
				"south": {"uv": [10.375, 0.5, 11, 0.5625], "texture": "#main"},
				"west": {"uv": [10.375, 0.5, 10.7125, 0.5625], "texture": "#main"},
				"up": {"uv": [10.375, 0.5, 11, 0.8375], "texture": "#main"},
				"down": {"uv": [10.375, 0.5, 11, 0.8375], "texture": "#main"}
			}
		},
		{
			"from": [6.5, 7.2, 6.9],
			"to": [9.5, 7.7, 9.6],
			"faces": {
				"north": {"uv": [10.375, 0.5, 10.75, 0.5625], "texture": "#main"},
				"east": {"uv": [10.375, 0.5, 10.7125, 0.5625], "texture": "#main"},
				"south": {"uv": [10.375, 0.5, 10.75, 0.5625], "texture": "#main"},
				"west": {"uv": [10.375, 0.5, 10.7125, 0.5625], "texture": "#main"},
				"up": {"uv": [10.375, 0.5, 10.75, 0.8375], "texture": "#main"},
				"down": {"uv": [10.375, 0.5, 10.75, 0.8375], "texture": "#main"}
			}
		},
		{
			"from": [6, 0.4, 12.7],
			"to": [7, 3.1, 12.7],
			"rotation": {"angle": -22.5, "axis": "x", "origin": [0, 0.3, 0]},
			"faces": {
				"north": {"uv": [8.625, 0.375, 8.75, 0.7125], "rotation": 180, "texture": "#main"},
				"east": {"uv": [8.625, 0.375, 8.9625, 0.375], "rotation": 270, "texture": "#main"},
				"south": {"uv": [8.625, 0.375, 8.75, 0.7125], "texture": "#main"},
				"west": {"uv": [8.625, 0.375, 8.9625, 0.375], "rotation": 90, "texture": "#main"},
				"up": {"uv": [8.625, 0.375, 8.75, 0.375], "rotation": 180, "texture": "#main"},
				"down": {"uv": [8.625, 0.375, 8.75, 0.375], "texture": "#main"}
			}
		},
		{
			"from": [5, 11.1, 4.7],
			"to": [7, 12.1, 4.7],
			"rotation": {"angle": 45, "axis": "x", "origin": [0, 0.3, 0]},
			"faces": {
				"north": {"uv": [8.625, 0.375, 8.875, 0.5], "rotation": 180, "texture": "#main"},
				"east": {"uv": [8.625, 0.375, 8.75, 0.375], "rotation": 270, "texture": "#main"},
				"south": {"uv": [8.625, 0.375, 8.875, 0.5], "texture": "#main"},
				"west": {"uv": [8.625, 0.375, 8.75, 0.375], "rotation": 90, "texture": "#main"},
				"up": {"uv": [8.625, 0.375, 8.875, 0.375], "rotation": 180, "texture": "#main"},
				"down": {"uv": [8.625, 0.375, 8.875, 0.375], "texture": "#main"}
			}
		},
		{
			"from": [9, 11.1, 4.7],
			"to": [11, 12.1, 4.7],
			"rotation": {"angle": 45, "axis": "x", "origin": [0, 0.3, 0]},
			"faces": {
				"north": {"uv": [8.875, 0.375, 8.625, 0.5], "rotation": 180, "texture": "#main"},
				"east": {"uv": [8.625, 0.375, 8.75, 0.375], "rotation": 270, "texture": "#main"},
				"south": {"uv": [8.625, 0.375, 8.875, 0.5], "texture": "#main"},
				"west": {"uv": [8.625, 0.375, 8.75, 0.375], "rotation": 90, "texture": "#main"},
				"up": {"uv": [8.625, 0.375, 8.875, 0.375], "rotation": 180, "texture": "#main"},
				"down": {"uv": [8.625, 0.375, 8.875, 0.375], "texture": "#main"}
			}
		},
		{
			"from": [9, 10.1, 4.7],
			"to": [10, 11.1, 4.7],
			"rotation": {"angle": 45, "axis": "x", "origin": [0, 0.3, 0]},
			"faces": {
				"north": {"uv": [8.625, 0.375, 8.75, 0.5], "rotation": 180, "texture": "#main"},
				"east": {"uv": [8.625, 0.375, 8.75, 0.375], "rotation": 270, "texture": "#main"},
				"south": {"uv": [8.625, 0.375, 8.75, 0.5], "texture": "#main"},
				"west": {"uv": [8.625, 0.375, 8.75, 0.375], "rotation": 90, "texture": "#main"},
				"up": {"uv": [8.625, 0.375, 8.75, 0.375], "rotation": 180, "texture": "#main"},
				"down": {"uv": [8.625, 0.375, 8.75, 0.375], "texture": "#main"}
			}
		},
		{
			"from": [6, 10.1, 4.7],
			"to": [7, 11.1, 4.7],
			"rotation": {"angle": 45, "axis": "x", "origin": [0, 0.3, 0]},
			"faces": {
				"north": {"uv": [8.625, 0.375, 8.75, 0.5], "rotation": 180, "texture": "#main"},
				"east": {"uv": [8.625, 0.375, 8.75, 0.375], "rotation": 270, "texture": "#main"},
				"south": {"uv": [8.625, 0.375, 8.75, 0.5], "texture": "#main"},
				"west": {"uv": [8.625, 0.375, 8.75, 0.375], "rotation": 90, "texture": "#main"},
				"up": {"uv": [8.625, 0.375, 8.75, 0.375], "rotation": 180, "texture": "#main"},
				"down": {"uv": [8.625, 0.375, 8.75, 0.375], "texture": "#main"}
			}
		},
		{
			"from": [9, 0.4, 12.7],
			"to": [10, 3.1, 12.7],
			"rotation": {"angle": -22.5, "axis": "x", "origin": [0, 0.3, 0]},
			"faces": {
				"north": {"uv": [8.625, 0.375, 8.75, 0.7125], "rotation": 180, "texture": "#main"},
				"east": {"uv": [8.625, 0.375, 8.9625, 0.375], "rotation": 270, "texture": "#main"},
				"south": {"uv": [8.625, 0.375, 8.75, 0.7125], "texture": "#main"},
				"west": {"uv": [8.625, 0.375, 8.9625, 0.375], "rotation": 90, "texture": "#main"},
				"up": {"uv": [8.625, 0.375, 8.75, 0.375], "rotation": 180, "texture": "#main"},
				"down": {"uv": [8.625, 0.375, 8.75, 0.375], "texture": "#main"}
			}
		},
		{
			"from": [6.5, 12.7, 7.4],
			"to": [9.5, 15.7, 10.4],
			"rotation": {"angle": 22.5, "axis": "x", "origin": [0, 0, 0]},
			"faces": {
				"north": {"uv": [10.375, 0.5, 10.75, 0.875], "texture": "#main"},
				"east": {"uv": [10.375, 0.5, 10.75, 0.875], "texture": "#main"},
				"south": {"uv": [10.375, 0.5, 10.75, 0.875], "texture": "#main"},
				"west": {"uv": [10.375, 0.5, 10.75, 0.875], "texture": "#main"},
				"up": {"uv": [10.375, 0.5, 10.75, 0.875], "texture": "#main"},
				"down": {"uv": [10.375, 0.5, 10.75, 0.875], "texture": "#main"}
			}
		},
		{
			"from": [6.5, 14.7, 10.4],
			"to": [9.5, 15.7, 14.4],
			"rotation": {"angle": 22.5, "axis": "x", "origin": [0, 0, 0]},
			"faces": {
				"north": {"uv": [10.375, 0.5, 10.75, 0.625], "texture": "#main"},
				"east": {"uv": [10.375, 0.5, 10.875, 0.625], "texture": "#main"},
				"south": {"uv": [10.375, 0.5, 10.75, 0.625], "texture": "#main"},
				"west": {"uv": [10.375, 0.5, 10.875, 0.625], "texture": "#main"},
				"up": {"uv": [10.375, 0.5, 10.75, 1], "texture": "#main"},
				"down": {"uv": [10.375, 0.5, 10.75, 1], "texture": "#main"}
			}
		},
		{
			"from": [1.9, 9.7, 15.4],
			"to": [4.9, 10.7, 19.4],
			"rotation": {"angle": 22.5, "axis": "y", "origin": [0.4, 0, 0]},
			"faces": {
				"north": {"uv": [10.375, 0.5, 10.75, 0.625], "texture": "#main"},
				"east": {"uv": [10.375, 0.5, 10.875, 0.625], "texture": "#main"},
				"south": {"uv": [10.375, 0.5, 10.75, 0.625], "texture": "#main"},
				"west": {"uv": [10.375, 0.5, 10.875, 0.625], "texture": "#main"},
				"up": {"uv": [10.75, 0.5, 10.375, 1], "texture": "#main"},
				"down": {"uv": [10.375, 0.5, 10.75, 1], "texture": "#main"}
			}
		},
		{
			"from": [9.9, 9.7, 9.4],
			"to": [12.9, 10.7, 13.4],
			"rotation": {"angle": -22.5, "axis": "y", "origin": [0.4, 0, 0]},
			"faces": {
				"north": {"uv": [10.375, 0.5, 10.75, 0.625], "texture": "#main"},
				"east": {"uv": [10.375, 0.5, 10.875, 0.625], "texture": "#main"},
				"south": {"uv": [10.375, 0.5, 10.75, 0.625], "texture": "#main"},
				"west": {"uv": [10.375, 0.5, 10.875, 0.625], "texture": "#main"},
				"up": {"uv": [10.375, 0.5, 10.75, 1], "texture": "#main"},
				"down": {"uv": [10.375, 0.5, 10.75, 1], "texture": "#main"}
			}
		},
		{
			"from": [7, 12.1, -3.7],
			"to": [9, 13.1, -0.9],
			"rotation": {"angle": 0, "axis": "y", "origin": [0, -0.9, -0.9]},
			"faces": {
				"north": {"uv": [8.75, 0.25, 9, 0.375], "texture": "#main"},
				"east": {"uv": [8.75, 0.25, 9.1, 0.375], "texture": "#main"},
				"south": {"uv": [8.75, 0.25, 9, 0.375], "texture": "#main"},
				"west": {"uv": [8.75, 0.25, 9.1, 0.375], "texture": "#main"},
				"up": {"uv": [8.75, 0.25, 9, 0.6], "texture": "#main"},
				"down": {"uv": [8.75, 0.25, 9, 0.6], "texture": "#main"}
			}
		},
		{
			"from": [7.01, 10.1, -8.4],
			"to": [8.99, 11.1, -6.4],
			"rotation": {"angle": 22.5, "axis": "x", "origin": [0, -0.9, -0.9]},
			"faces": {
				"north": {"uv": [8, 1.125, 8.24975, 1.25], "texture": "#main"},
				"east": {"uv": [8, 1.125, 8.3625, 1.25], "texture": "#main"},
				"south": {"uv": [8, 1.125, 8.24975, 1.25], "texture": "#main"},
				"west": {"uv": [8, 1, 8.3625, 1.125], "texture": "#main"},
				"up": {"uv": [8, 0.875, 8.24975, 1.2375], "texture": "#main"},
				"down": {"uv": [8, 0.875, 8.24975, 1.2375], "texture": "#main"}
			}
		},
		{
			"from": [7.01, 10.1, -6.4],
			"to": [8.99, 11.1, -5.5],
			"rotation": {"angle": 22.5, "axis": "x", "origin": [0, -0.9, -0.9]},
			"faces": {
				"north": {"uv": [8.625, 1.875, 8.87475, 2], "texture": "#main"},
				"east": {"uv": [8.625, 1.875, 8.7375, 2], "texture": "#main"},
				"south": {"uv": [8.625, 1.875, 8.87475, 2], "texture": "#main"},
				"west": {"uv": [8.75, 1.875, 8.8625, 2], "texture": "#main"},
				"up": {"uv": [8.625, 1.875, 8.87475, 1.9875], "texture": "#main"},
				"down": {"uv": [8.625, 1.875, 8.87475, 1.9875], "texture": "#main"}
			}
		},
		{
			"from": [4.5, 7.5, 6],
			"to": [9.5, 8.7, 10],
			"rotation": {"angle": 22.5, "axis": "z", "origin": [0, 0, 0]},
			"faces": {
				"north": {"uv": [12.5, 0.5, 13.125, 0.775], "texture": "#main"},
				"east": {"uv": [12.5, 0.5, 13, 0.775], "texture": "#main"},
				"south": {"uv": [12.5, 0.5, 13.125, 0.775], "texture": "#main"},
				"west": {"uv": [12.5, 0.5, 13, 0.775], "texture": "#main"},
				"up": {"uv": [12.5, 0.5, 13.125, 1], "texture": "#main"},
				"down": {"uv": [12.5, 0.5, 13.125, 1], "texture": "#main"}
			}
		},
		{
			"from": [5.3, 13.6, 6],
			"to": [10.3, 14.8, 10],
			"rotation": {"angle": -22.5, "axis": "z", "origin": [0, 0, 0]},
			"faces": {
				"north": {"uv": [12.5, 0.5, 13.125, 0.775], "texture": "#main"},
				"east": {"uv": [12.5, 0.5, 13, 0.775], "texture": "#main"},
				"south": {"uv": [12.5, 0.5, 13.125, 0.775], "texture": "#main"},
				"west": {"uv": [12.5, 0.5, 13, 0.775], "texture": "#main"},
				"up": {"uv": [13.125, 0.5, 12.5, 1], "texture": "#main"},
				"down": {"uv": [12.5, 0.5, 13.125, 1], "texture": "#main"}
			}
		},
		{
			"from": [9.3, 13.8, 7.5],
			"to": [14.3, 14.3, 11],
			"rotation": {"angle": -22.5, "axis": "z", "origin": [0, 0, 0]},
			"faces": {
				"north": {"uv": [12.5, 0.5, 13.125, 0.6875], "texture": "#main"},
				"east": {"uv": [12.5, 0.5, 12.9375, 0.6875], "texture": "#main"},
				"south": {"uv": [12.5, 0.5, 13.125, 0.6875], "texture": "#main"},
				"west": {"uv": [12.5, 0.5, 12.9375, 0.6875], "texture": "#main"},
				"up": {"uv": [13.125, 0.5, 12.5, 0.9375], "texture": "#main"},
				"down": {"uv": [12.5, 0.5, 13.125, 0.9375], "texture": "#main"}
			}
		},
		{
			"from": [0.5, 7.7, 7.5],
			"to": [5.5, 8.2, 11],
			"rotation": {"angle": 22.5, "axis": "z", "origin": [0, 0, 0]},
			"faces": {
				"north": {"uv": [12.5, 0.5, 13.125, 0.6875], "texture": "#main"},
				"east": {"uv": [12.5, 0.5, 12.9375, 0.6875], "texture": "#main"},
				"south": {"uv": [12.5, 0.5, 13.125, 0.6875], "texture": "#main"},
				"west": {"uv": [12.5, 0.5, 12.9375, 0.6875], "texture": "#main"},
				"up": {"uv": [12.5, 0.5, 13.125, 0.9375], "texture": "#main"},
				"down": {"uv": [12.5, 0.5, 13.125, 0.9375], "texture": "#main"}
			}
		},
		{
			"from": [-2.5, 7.2, 8.5],
			"to": [1.5, 8.2, 12],
			"rotation": {"angle": 22.5, "axis": "z", "origin": [0, 0, 0]},
			"faces": {
				"north": {"uv": [12.5, 0.5, 13, 0.625], "texture": "#main"},
				"east": {"uv": [12.5, 0.5, 12.9375, 0.625], "texture": "#main"},
				"south": {"uv": [12.5, 0.5, 13, 0.625], "texture": "#main"},
				"west": {"uv": [12.5, 0.5, 12.9375, 0.625], "texture": "#main"},
				"up": {"uv": [12.5, 0.5, 13, 0.9375], "texture": "#main"},
				"down": {"uv": [12.5, 0.5, 13, 0.9375], "texture": "#main"}
			}
		},
		{
			"from": [13.3, 13.3, 8.5],
			"to": [17.3, 14.3, 12],
			"rotation": {"angle": -22.5, "axis": "z", "origin": [0, 0, 0]},
			"faces": {
				"north": {"uv": [12.5, 0.5, 13, 0.625], "texture": "#main"},
				"east": {"uv": [12.5, 0.5, 12.9375, 0.625], "texture": "#main"},
				"south": {"uv": [12.5, 0.5, 13, 0.625], "texture": "#main"},
				"west": {"uv": [12.5, 0.5, 12.9375, 0.625], "texture": "#main"},
				"up": {"uv": [13, 0.5, 12.5, 0.9375], "texture": "#main"},
				"down": {"uv": [12.5, 0.5, 13, 0.9375], "texture": "#main"}
			}
		},
		{
			"from": [-1, 7.6, 10],
			"to": [9.6, 7.6, 16],
			"rotation": {"angle": 22.5, "axis": "z", "origin": [0, 0, 0]},
			"faces": {
				"up": {"uv": [15.325, 0.5, 14, 1.25], "texture": "#main"},
				"down": {"uv": [15.325, 1.25, 14, 0.5], "texture": "#main"}
			}
		},
		{
			"from": [5.2, 13.7, 10],
			"to": [15.8, 13.7, 16],
			"rotation": {"angle": -22.5, "axis": "z", "origin": [0, 0, 0]},
			"faces": {
				"north": {"uv": [15.325, 0.25, 14, 0.3], "texture": "#main"},
				"east": {"uv": [14.75, 0.25, 14, 0.3], "texture": "#main"},
				"south": {"uv": [15.325, 0.25, 14, 0.3], "texture": "#main"},
				"west": {"uv": [14.75, 0.25, 14, 0.3], "texture": "#main"},
				"up": {"uv": [14, 0.5, 15.325, 1.25], "texture": "#main"},
				"down": {"uv": [14, 1.25, 15.325, 0.5], "texture": "#main"}
			}
		},
		{
			"from": [6, 11, -1],
			"to": [10, 15, 3],
			"rotation": {"angle": 0, "axis": "y", "origin": [0, -1, -1]},
			"faces": {
				"north": {"uv": [2.875, 8.125, 3.375, 8.625], "texture": "#main"},
				"east": {"uv": [2.875, 8.125, 3.375, 8.625], "texture": "#main"},
				"south": {"uv": [2.875, 8.125, 3.375, 8.625], "texture": "#main"},
				"west": {"uv": [2.875, 8.125, 3.375, 8.625], "texture": "#main"},
				"up": {"uv": [2.875, 8.125, 3.375, 8.625], "texture": "#main"},
				"down": {"uv": [2.875, 8.125, 3.375, 8.625], "texture": "#main"}
			}
		},
		{
			"from": [5.9, 11, -1],
			"to": [10.1, 15, 3],
			"rotation": {"angle": 0, "axis": "y", "origin": [0, -1, -1]},
			"faces": {
				"east": {"uv": [1.5, 10.625, 0.5, 11.625], "texture": "#main"},
				"west": {"uv": [0.5, 10.625, 1.5, 11.625], "texture": "#main"}
			}
		},
		{
			"from": [6.5, 4, 7.5],
			"to": [9.5, 8.7, 10.7],
			"rotation": {"angle": -45, "axis": "x", "origin": [0, 1, 0]},
			"faces": {
				"north": {"uv": [2.375, 8.5, 2.75, 9.0875], "texture": "#main"},
				"east": {"uv": [2.375, 8.5, 2.775, 9.0875], "texture": "#main"},
				"south": {"uv": [2.375, 8.5, 2.75, 9.0875], "texture": "#main"},
				"west": {"uv": [2.375, 8.5, 2.775, 9.0875], "texture": "#main"},
				"up": {"uv": [2.375, 8.5, 2.75, 8.9], "texture": "#main"},
				"down": {"uv": [2.375, 8.5, 2.75, 8.9], "texture": "#main"}
			}
		},
		{
			"from": [5.5, 7.7, 3.2],
			"to": [10.5, 11.7, 12.9],
			"faces": {
				"north": {"uv": [2.375, 8.5, 3, 9], "texture": "#main"},
				"east": {"uv": [2.375, 8.5, 3.5875, 9], "texture": "#main"},
				"south": {"uv": [2.375, 8.5, 3, 9], "texture": "#main"},
				"west": {"uv": [2.375, 8.5, 3.5875, 9], "texture": "#main"},
				"up": {"uv": [2.375, 8.5, 3, 9.7125], "texture": "#main"},
				"down": {"uv": [2.375, 8.5, 3, 9.7125], "texture": "#main"}
			}
		},
		{
			"from": [5.5, 11.7, 6.2],
			"to": [10.5, 12.7, 11.9],
			"faces": {
				"north": {"uv": [2.375, 8.5, 3, 8.625], "texture": "#main"},
				"east": {"uv": [2.375, 8.5, 3.0875, 8.625], "texture": "#main"},
				"south": {"uv": [2.375, 8.5, 3, 8.625], "texture": "#main"},
				"west": {"uv": [2.375, 8.5, 3.0875, 8.625], "texture": "#main"},
				"up": {"uv": [2.375, 8.5, 3, 9.2125], "texture": "#main"},
				"down": {"uv": [2.375, 8.5, 3, 9.2125], "texture": "#main"}
			}
		},
		{
			"from": [5.6, 8.4, 8.3],
			"to": [10.4, 9.4, 10.6],
			"rotation": {"angle": -22.5, "axis": "x", "origin": [0, 0, 0]},
			"faces": {
				"north": {"uv": [2.375, 8.5, 2.975, 8.625], "texture": "#main"},
				"east": {"uv": [2.375, 8.5, 2.6625, 8.625], "texture": "#main"},
				"south": {"uv": [2.375, 8.5, 2.975, 8.625], "texture": "#main"},
				"west": {"uv": [2.375, 8.5, 2.6625, 8.625], "texture": "#main"},
				"up": {"uv": [2.375, 8.5, 2.975, 8.7875], "texture": "#main"},
				"down": {"uv": [2.375, 8.5, 2.975, 8.7875], "texture": "#main"}
			}
		},
		{
			"from": [5.5, 7.2, 4.2],
			"to": [10.5, 7.7, 6.9],
			"faces": {
				"north": {"uv": [2.375, 8.5, 3, 8.5625], "texture": "#main"},
				"east": {"uv": [2.375, 8.5, 2.7125, 8.5625], "texture": "#main"},
				"south": {"uv": [2.375, 8.5, 3, 8.5625], "texture": "#main"},
				"west": {"uv": [2.375, 8.5, 2.7125, 8.5625], "texture": "#main"},
				"up": {"uv": [2.375, 8.5, 3, 8.8375], "texture": "#main"},
				"down": {"uv": [2.375, 8.5, 3, 8.8375], "texture": "#main"}
			}
		},
		{
			"from": [6.5, 7.2, 6.9],
			"to": [9.5, 7.7, 9.6],
			"faces": {
				"north": {"uv": [2.375, 8.5, 2.75, 8.5625], "texture": "#main"},
				"east": {"uv": [2.375, 8.5, 2.7125, 8.5625], "texture": "#main"},
				"south": {"uv": [2.375, 8.5, 2.75, 8.5625], "texture": "#main"},
				"west": {"uv": [2.375, 8.5, 2.7125, 8.5625], "texture": "#main"},
				"up": {"uv": [2.375, 8.5, 2.75, 8.8375], "texture": "#main"},
				"down": {"uv": [2.375, 8.5, 2.75, 8.8375], "texture": "#main"}
			}
		},
		{
			"from": [6, 0.4, 12.7],
			"to": [7, 3.1, 12.7],
			"rotation": {"angle": -22.5, "axis": "x", "origin": [0, 0.3, 0]},
			"faces": {
				"north": {"uv": [0.625, 8.375, 0.75, 8.7125], "rotation": 180, "texture": "#main"},
				"east": {"uv": [0.625, 8.375, 0.9625, 8.375], "rotation": 270, "texture": "#main"},
				"south": {"uv": [0.625, 8.375, 0.75, 8.7125], "texture": "#main"},
				"west": {"uv": [0.625, 8.375, 0.9625, 8.375], "rotation": 90, "texture": "#main"},
				"up": {"uv": [0.625, 8.375, 0.75, 8.375], "rotation": 180, "texture": "#main"},
				"down": {"uv": [0.625, 8.375, 0.75, 8.375], "texture": "#main"}
			}
		},
		{
			"from": [5, 11.1, 4.7],
			"to": [7, 12.1, 4.7],
			"rotation": {"angle": 45, "axis": "x", "origin": [0, 0.3, 0]},
			"faces": {
				"north": {"uv": [0.625, 8.375, 0.875, 8.5], "rotation": 180, "texture": "#main"},
				"east": {"uv": [0.625, 8.375, 0.75, 8.375], "rotation": 270, "texture": "#main"},
				"south": {"uv": [0.625, 8.375, 0.875, 8.5], "texture": "#main"},
				"west": {"uv": [0.625, 8.375, 0.75, 8.375], "rotation": 90, "texture": "#main"},
				"up": {"uv": [0.625, 8.375, 0.875, 8.375], "rotation": 180, "texture": "#main"},
				"down": {"uv": [0.625, 8.375, 0.875, 8.375], "texture": "#main"}
			}
		},
		{
			"from": [9, 11.1, 4.7],
			"to": [11, 12.1, 4.7],
			"rotation": {"angle": 45, "axis": "x", "origin": [0, 0.3, 0]},
			"faces": {
				"north": {"uv": [0.875, 8.375, 0.625, 8.5], "rotation": 180, "texture": "#main"},
				"east": {"uv": [0.625, 8.375, 0.75, 8.375], "rotation": 270, "texture": "#main"},
				"south": {"uv": [0.625, 8.375, 0.875, 8.5], "texture": "#main"},
				"west": {"uv": [0.625, 8.375, 0.75, 8.375], "rotation": 90, "texture": "#main"},
				"up": {"uv": [0.625, 8.375, 0.875, 8.375], "rotation": 180, "texture": "#main"},
				"down": {"uv": [0.625, 8.375, 0.875, 8.375], "texture": "#main"}
			}
		},
		{
			"from": [9, 10.1, 4.7],
			"to": [10, 11.1, 4.7],
			"rotation": {"angle": 45, "axis": "x", "origin": [0, 0.3, 0]},
			"faces": {
				"north": {"uv": [0.625, 8.375, 0.75, 8.5], "rotation": 180, "texture": "#main"},
				"east": {"uv": [0.625, 8.375, 0.75, 8.375], "rotation": 270, "texture": "#main"},
				"south": {"uv": [0.625, 8.375, 0.75, 8.5], "texture": "#main"},
				"west": {"uv": [0.625, 8.375, 0.75, 8.375], "rotation": 90, "texture": "#main"},
				"up": {"uv": [0.625, 8.375, 0.75, 8.375], "rotation": 180, "texture": "#main"},
				"down": {"uv": [0.625, 8.375, 0.75, 8.375], "texture": "#main"}
			}
		},
		{
			"from": [6, 10.1, 4.7],
			"to": [7, 11.1, 4.7],
			"rotation": {"angle": 45, "axis": "x", "origin": [0, 0.3, 0]},
			"faces": {
				"north": {"uv": [0.625, 8.375, 0.75, 8.5], "rotation": 180, "texture": "#main"},
				"east": {"uv": [0.625, 8.375, 0.75, 8.375], "rotation": 270, "texture": "#main"},
				"south": {"uv": [0.625, 8.375, 0.75, 8.5], "texture": "#main"},
				"west": {"uv": [0.625, 8.375, 0.75, 8.375], "rotation": 90, "texture": "#main"},
				"up": {"uv": [0.625, 8.375, 0.75, 8.375], "rotation": 180, "texture": "#main"},
				"down": {"uv": [0.625, 8.375, 0.75, 8.375], "texture": "#main"}
			}
		},
		{
			"from": [9, 0.4, 12.7],
			"to": [10, 3.1, 12.7],
			"rotation": {"angle": -22.5, "axis": "x", "origin": [0, 0.3, 0]},
			"faces": {
				"north": {"uv": [0.625, 8.375, 0.75, 8.7125], "rotation": 180, "texture": "#main"},
				"east": {"uv": [0.625, 8.375, 0.9625, 8.375], "rotation": 270, "texture": "#main"},
				"south": {"uv": [0.625, 8.375, 0.75, 8.7125], "texture": "#main"},
				"west": {"uv": [0.625, 8.375, 0.9625, 8.375], "rotation": 90, "texture": "#main"},
				"up": {"uv": [0.625, 8.375, 0.75, 8.375], "rotation": 180, "texture": "#main"},
				"down": {"uv": [0.625, 8.375, 0.75, 8.375], "texture": "#main"}
			}
		},
		{
			"from": [6.5, 12.7, 7.4],
			"to": [9.5, 15.7, 10.4],
			"rotation": {"angle": 22.5, "axis": "x", "origin": [0, 0, 0]},
			"faces": {
				"north": {"uv": [2.375, 8.5, 2.75, 8.875], "texture": "#main"},
				"east": {"uv": [2.375, 8.5, 2.75, 8.875], "texture": "#main"},
				"south": {"uv": [2.375, 8.5, 2.75, 8.875], "texture": "#main"},
				"west": {"uv": [2.375, 8.5, 2.75, 8.875], "texture": "#main"},
				"up": {"uv": [2.375, 8.5, 2.75, 8.875], "texture": "#main"},
				"down": {"uv": [2.375, 8.5, 2.75, 8.875], "texture": "#main"}
			}
		},
		{
			"from": [6.5, 14.7, 10.4],
			"to": [9.5, 15.7, 14.4],
			"rotation": {"angle": 22.5, "axis": "x", "origin": [0, 0, 0]},
			"faces": {
				"north": {"uv": [2.375, 8.5, 2.75, 8.625], "texture": "#main"},
				"east": {"uv": [2.375, 8.5, 2.875, 8.625], "texture": "#main"},
				"south": {"uv": [2.375, 8.5, 2.75, 8.625], "texture": "#main"},
				"west": {"uv": [2.375, 8.5, 2.875, 8.625], "texture": "#main"},
				"up": {"uv": [2.375, 8.5, 2.75, 9], "texture": "#main"},
				"down": {"uv": [2.375, 8.5, 2.75, 9], "texture": "#main"}
			}
		},
		{
			"from": [1.9, 9.7, 15.4],
			"to": [4.9, 10.7, 19.4],
			"rotation": {"angle": 22.5, "axis": "y", "origin": [0.4, 0, 0]},
			"faces": {
				"north": {"uv": [2.375, 8.5, 2.75, 8.625], "texture": "#main"},
				"east": {"uv": [2.375, 8.5, 2.875, 8.625], "texture": "#main"},
				"south": {"uv": [2.375, 8.5, 2.75, 8.625], "texture": "#main"},
				"west": {"uv": [2.375, 8.5, 2.875, 8.625], "texture": "#main"},
				"up": {"uv": [2.75, 8.5, 2.375, 9], "texture": "#main"},
				"down": {"uv": [2.375, 8.5, 2.75, 9], "texture": "#main"}
			}
		},
		{
			"from": [9.9, 9.7, 9.4],
			"to": [12.9, 10.7, 13.4],
			"rotation": {"angle": -22.5, "axis": "y", "origin": [0.4, 0, 0]},
			"faces": {
				"north": {"uv": [2.375, 8.5, 2.75, 8.625], "texture": "#main"},
				"east": {"uv": [2.375, 8.5, 2.875, 8.625], "texture": "#main"},
				"south": {"uv": [2.375, 8.5, 2.75, 8.625], "texture": "#main"},
				"west": {"uv": [2.375, 8.5, 2.875, 8.625], "texture": "#main"},
				"up": {"uv": [2.375, 8.5, 2.75, 9], "texture": "#main"},
				"down": {"uv": [2.375, 8.5, 2.75, 9], "texture": "#main"}
			}
		},
		{
			"from": [7, 12.1, -3.7],
			"to": [9, 13.1, -0.9],
			"rotation": {"angle": 0, "axis": "y", "origin": [0, -0.9, -0.9]},
			"faces": {
				"north": {"uv": [0.75, 8.25, 1, 8.375], "texture": "#main"},
				"east": {"uv": [0.75, 8.25, 1.1, 8.375], "texture": "#main"},
				"south": {"uv": [0.75, 8.25, 1, 8.375], "texture": "#main"},
				"west": {"uv": [0.75, 8.25, 1.1, 8.375], "texture": "#main"},
				"up": {"uv": [0.75, 8.25, 1, 8.6], "texture": "#main"},
				"down": {"uv": [0.75, 8.25, 1, 8.6], "texture": "#main"}
			}
		},
		{
			"from": [7.01, 10.1, -8.4],
			"to": [8.99, 11.1, -6.4],
			"rotation": {"angle": 22.5, "axis": "x", "origin": [0, -0.9, -0.9]},
			"faces": {
				"north": {"uv": [0, 9.125, 0.24975, 9.25], "texture": "#main"},
				"east": {"uv": [0, 9.125, 0.3625, 9.25], "texture": "#main"},
				"south": {"uv": [0, 9.125, 0.24975, 9.25], "texture": "#main"},
				"west": {"uv": [0, 9, 0.3625, 9.125], "texture": "#main"},
				"up": {"uv": [0, 8.875, 0.24975, 9.2375], "texture": "#main"},
				"down": {"uv": [0, 8.875, 0.24975, 9.2375], "texture": "#main"}
			}
		},
		{
			"from": [7.01, 10.1, -6.4],
			"to": [8.99, 11.1, -5.5],
			"rotation": {"angle": 22.5, "axis": "x", "origin": [0, -0.9, -0.9]},
			"faces": {
				"north": {"uv": [0.625, 9.875, 0.87475, 10], "texture": "#main"},
				"east": {"uv": [0.625, 9.875, 0.7375, 10], "texture": "#main"},
				"south": {"uv": [0.625, 9.875, 0.87475, 10], "texture": "#main"},
				"west": {"uv": [0.75, 9.875, 0.8625, 10], "texture": "#main"},
				"up": {"uv": [0.625, 9.875, 0.87475, 9.9875], "texture": "#main"},
				"down": {"uv": [0.625, 9.875, 0.87475, 9.9875], "texture": "#main"}
			}
		},
		{
			"from": [7, 3.3, 6],
			"to": [12, 4.5, 10],
			"rotation": {"angle": 45, "axis": "z", "origin": [0, 0, 0]},
			"faces": {
				"north": {"uv": [4.5, 8.5, 5.125, 8.775], "texture": "#main"},
				"east": {"uv": [4.5, 8.5, 5, 8.775], "texture": "#main"},
				"south": {"uv": [4.5, 8.5, 5.125, 8.775], "texture": "#main"},
				"west": {"uv": [4.5, 8.5, 5, 8.775], "texture": "#main"},
				"up": {"uv": [4.5, 8.5, 5.125, 9], "texture": "#main"},
				"down": {"uv": [4.5, 8.5, 5.125, 9], "texture": "#main"}
			}
		},
		{
			"from": [-0.7, 14.6, 6],
			"to": [4.3, 15.8, 10],
			"rotation": {"angle": -45, "axis": "z", "origin": [0, 0, 0]},
			"faces": {
				"north": {"uv": [4.5, 8.5, 5.125, 8.775], "texture": "#main"},
				"east": {"uv": [4.5, 8.5, 5, 8.775], "texture": "#main"},
				"south": {"uv": [4.5, 8.5, 5.125, 8.775], "texture": "#main"},
				"west": {"uv": [4.5, 8.5, 5, 8.775], "texture": "#main"},
				"up": {"uv": [5.125, 8.5, 4.5, 9], "texture": "#main"},
				"down": {"uv": [4.5, 8.5, 5.125, 9], "texture": "#main"}
			}
		},
		{
			"from": [3.3, 14.8, 7.5],
			"to": [8.3, 15.3, 11],
			"rotation": {"angle": -45, "axis": "z", "origin": [0, 0, 0]},
			"faces": {
				"north": {"uv": [4.5, 8.5, 5.125, 8.6875], "texture": "#main"},
				"east": {"uv": [4.5, 8.5, 4.9375, 8.6875], "texture": "#main"},
				"south": {"uv": [4.5, 8.5, 5.125, 8.6875], "texture": "#main"},
				"west": {"uv": [4.5, 8.5, 4.9375, 8.6875], "texture": "#main"},
				"up": {"uv": [5.125, 8.5, 4.5, 8.9375], "texture": "#main"},
				"down": {"uv": [4.5, 8.5, 5.125, 8.9375], "texture": "#main"}
			}
		},
		{
			"from": [3, 3.5, 7.5],
			"to": [8, 4, 11],
			"rotation": {"angle": 45, "axis": "z", "origin": [0, 0, 0]},
			"faces": {
				"north": {"uv": [4.5, 8.5, 5.125, 8.6875], "texture": "#main"},
				"east": {"uv": [4.5, 8.5, 4.9375, 8.6875], "texture": "#main"},
				"south": {"uv": [4.5, 8.5, 5.125, 8.6875], "texture": "#main"},
				"west": {"uv": [4.5, 8.5, 4.9375, 8.6875], "texture": "#main"},
				"up": {"uv": [4.5, 8.5, 5.125, 8.9375], "texture": "#main"},
				"down": {"uv": [4.5, 8.5, 5.125, 8.9375], "texture": "#main"}
			}
		},
		{
			"from": [0, 3, 8.5],
			"to": [4, 4, 12],
			"rotation": {"angle": 45, "axis": "z", "origin": [0, 0, 0]},
			"faces": {
				"north": {"uv": [4.5, 8.5, 5, 8.625], "texture": "#main"},
				"east": {"uv": [4.5, 8.5, 4.9375, 8.625], "texture": "#main"},
				"south": {"uv": [4.5, 8.5, 5, 8.625], "texture": "#main"},
				"west": {"uv": [4.5, 8.5, 4.9375, 8.625], "texture": "#main"},
				"up": {"uv": [4.5, 8.5, 5, 8.9375], "texture": "#main"},
				"down": {"uv": [4.5, 8.5, 5, 8.9375], "texture": "#main"}
			}
		},
		{
			"from": [7.3, 14.3, 8.5],
			"to": [11.3, 15.3, 12],
			"rotation": {"angle": -45, "axis": "z", "origin": [0, 0, 0]},
			"faces": {
				"north": {"uv": [4.5, 8.5, 5, 8.625], "texture": "#main"},
				"east": {"uv": [4.5, 8.5, 4.9375, 8.625], "texture": "#main"},
				"south": {"uv": [4.5, 8.5, 5, 8.625], "texture": "#main"},
				"west": {"uv": [4.5, 8.5, 4.9375, 8.625], "texture": "#main"},
				"up": {"uv": [5, 8.5, 4.5, 8.9375], "texture": "#main"},
				"down": {"uv": [4.5, 8.5, 5, 8.9375], "texture": "#main"}
			}
		},
		{
			"from": [1.5, 3.4, 10],
			"to": [12.1, 3.4, 16],
			"rotation": {"angle": 45, "axis": "z", "origin": [0, 0, 0]},
			"faces": {
				"up": {"uv": [7.325, 8.5, 6, 9.25], "texture": "#main"},
				"down": {"uv": [7.325, 9.25, 6, 8.5], "texture": "#main"}
			}
		},
		{
			"from": [-0.8, 14.7, 10],
			"to": [9.8, 14.7, 16],
			"rotation": {"angle": -45, "axis": "z", "origin": [0, 0, 0]},
			"faces": {
				"north": {"uv": [7.325, 8.25, 6, 8.3], "texture": "#main"},
				"east": {"uv": [6.75, 8.25, 6, 8.3], "texture": "#main"},
				"south": {"uv": [7.325, 8.25, 6, 8.3], "texture": "#main"},
				"west": {"uv": [6.75, 8.25, 6, 8.3], "texture": "#main"},
				"up": {"uv": [6, 8.5, 7.325, 9.25], "texture": "#main"},
				"down": {"uv": [6, 9.25, 7.325, 8.5], "texture": "#main"}
			}
		},
		{
			"from": [6, 11, -1],
			"to": [10, 15, 3],
			"rotation": {"angle": 0, "axis": "y", "origin": [0, -1, -1]},
			"faces": {
				"north": {"uv": [10.875, 8.125, 11.375, 8.625], "texture": "#main"},
				"east": {"uv": [10.875, 8.125, 11.375, 8.625], "texture": "#main"},
				"south": {"uv": [10.875, 8.125, 11.375, 8.625], "texture": "#main"},
				"west": {"uv": [10.875, 8.125, 11.375, 8.625], "texture": "#main"},
				"up": {"uv": [10.875, 8.125, 11.375, 8.625], "texture": "#main"},
				"down": {"uv": [10.875, 8.125, 11.375, 8.625], "texture": "#main"}
			}
		},
		{
			"from": [5.9, 11, -1],
			"to": [10.1, 15, 3],
			"rotation": {"angle": 0, "axis": "y", "origin": [0, -1, -1]},
			"faces": {
				"east": {"uv": [9.5, 10.625, 8.5, 11.625], "texture": "#main"},
				"west": {"uv": [8.5, 10.625, 9.5, 11.625], "texture": "#main"}
			}
		},
		{
			"from": [6.5, 4, 7.5],
			"to": [9.5, 8.7, 10.7],
			"rotation": {"angle": -45, "axis": "x", "origin": [0, 1, 0]},
			"faces": {
				"north": {"uv": [10.375, 8.5, 10.75, 9.0875], "texture": "#main"},
				"east": {"uv": [10.375, 8.5, 10.775, 9.0875], "texture": "#main"},
				"south": {"uv": [10.375, 8.5, 10.75, 9.0875], "texture": "#main"},
				"west": {"uv": [10.375, 8.5, 10.775, 9.0875], "texture": "#main"},
				"up": {"uv": [10.375, 8.5, 10.75, 8.9], "texture": "#main"},
				"down": {"uv": [10.375, 8.5, 10.75, 8.9], "texture": "#main"}
			}
		},
		{
			"from": [5.5, 7.7, 3.2],
			"to": [10.5, 11.7, 12.9],
			"faces": {
				"north": {"uv": [10.375, 8.5, 11, 9], "texture": "#main"},
				"east": {"uv": [10.375, 8.5, 11.5875, 9], "texture": "#main"},
				"south": {"uv": [10.375, 8.5, 11, 9], "texture": "#main"},
				"west": {"uv": [10.375, 8.5, 11.5875, 9], "texture": "#main"},
				"up": {"uv": [10.375, 8.5, 11, 9.7125], "texture": "#main"},
				"down": {"uv": [10.375, 8.5, 11, 9.7125], "texture": "#main"}
			}
		},
		{
			"from": [5.5, 11.7, 6.2],
			"to": [10.5, 12.7, 11.9],
			"faces": {
				"north": {"uv": [10.375, 8.5, 11, 8.625], "texture": "#main"},
				"east": {"uv": [10.375, 8.5, 11.0875, 8.625], "texture": "#main"},
				"south": {"uv": [10.375, 8.5, 11, 8.625], "texture": "#main"},
				"west": {"uv": [10.375, 8.5, 11.0875, 8.625], "texture": "#main"},
				"up": {"uv": [10.375, 8.5, 11, 9.2125], "texture": "#main"},
				"down": {"uv": [10.375, 8.5, 11, 9.2125], "texture": "#main"}
			}
		},
		{
			"from": [5.6, 8.4, 8.3],
			"to": [10.4, 9.4, 10.6],
			"rotation": {"angle": -22.5, "axis": "x", "origin": [0, 0, 0]},
			"faces": {
				"north": {"uv": [10.375, 8.5, 10.975, 8.625], "texture": "#main"},
				"east": {"uv": [10.375, 8.5, 10.6625, 8.625], "texture": "#main"},
				"south": {"uv": [10.375, 8.5, 10.975, 8.625], "texture": "#main"},
				"west": {"uv": [10.375, 8.5, 10.6625, 8.625], "texture": "#main"},
				"up": {"uv": [10.375, 8.5, 10.975, 8.7875], "texture": "#main"},
				"down": {"uv": [10.375, 8.5, 10.975, 8.7875], "texture": "#main"}
			}
		},
		{
			"from": [5.5, 7.2, 4.2],
			"to": [10.5, 7.7, 6.9],
			"faces": {
				"north": {"uv": [10.375, 8.5, 11, 8.5625], "texture": "#main"},
				"east": {"uv": [10.375, 8.5, 10.7125, 8.5625], "texture": "#main"},
				"south": {"uv": [10.375, 8.5, 11, 8.5625], "texture": "#main"},
				"west": {"uv": [10.375, 8.5, 10.7125, 8.5625], "texture": "#main"},
				"up": {"uv": [10.375, 8.5, 11, 8.8375], "texture": "#main"},
				"down": {"uv": [10.375, 8.5, 11, 8.8375], "texture": "#main"}
			}
		},
		{
			"from": [6.5, 7.2, 6.9],
			"to": [9.5, 7.7, 9.6],
			"faces": {
				"north": {"uv": [10.375, 8.5, 10.75, 8.5625], "texture": "#main"},
				"east": {"uv": [10.375, 8.5, 10.7125, 8.5625], "texture": "#main"},
				"south": {"uv": [10.375, 8.5, 10.75, 8.5625], "texture": "#main"},
				"west": {"uv": [10.375, 8.5, 10.7125, 8.5625], "texture": "#main"},
				"up": {"uv": [10.375, 8.5, 10.75, 8.8375], "texture": "#main"},
				"down": {"uv": [10.375, 8.5, 10.75, 8.8375], "texture": "#main"}
			}
		},
		{
			"from": [6, 0.4, 12.7],
			"to": [7, 3.1, 12.7],
			"rotation": {"angle": -22.5, "axis": "x", "origin": [0, 0.3, 0]},
			"faces": {
				"north": {"uv": [8.625, 8.375, 8.75, 8.7125], "rotation": 180, "texture": "#main"},
				"east": {"uv": [8.625, 8.375, 8.9625, 8.375], "rotation": 270, "texture": "#main"},
				"south": {"uv": [8.625, 8.375, 8.75, 8.7125], "texture": "#main"},
				"west": {"uv": [8.625, 8.375, 8.9625, 8.375], "rotation": 90, "texture": "#main"},
				"up": {"uv": [8.625, 8.375, 8.75, 8.375], "rotation": 180, "texture": "#main"},
				"down": {"uv": [8.625, 8.375, 8.75, 8.375], "texture": "#main"}
			}
		},
		{
			"from": [5, 11.1, 4.7],
			"to": [7, 12.1, 4.7],
			"rotation": {"angle": 45, "axis": "x", "origin": [0, 0.3, 0]},
			"faces": {
				"north": {"uv": [8.625, 8.375, 8.875, 8.5], "rotation": 180, "texture": "#main"},
				"east": {"uv": [8.625, 8.375, 8.75, 8.375], "rotation": 270, "texture": "#main"},
				"south": {"uv": [8.625, 8.375, 8.875, 8.5], "texture": "#main"},
				"west": {"uv": [8.625, 8.375, 8.75, 8.375], "rotation": 90, "texture": "#main"},
				"up": {"uv": [8.625, 8.375, 8.875, 8.375], "rotation": 180, "texture": "#main"},
				"down": {"uv": [8.625, 8.375, 8.875, 8.375], "texture": "#main"}
			}
		},
		{
			"from": [9, 11.1, 4.7],
			"to": [11, 12.1, 4.7],
			"rotation": {"angle": 45, "axis": "x", "origin": [0, 0.3, 0]},
			"faces": {
				"north": {"uv": [8.875, 8.375, 8.625, 8.5], "rotation": 180, "texture": "#main"},
				"east": {"uv": [8.625, 8.375, 8.75, 8.375], "rotation": 270, "texture": "#main"},
				"south": {"uv": [8.625, 8.375, 8.875, 8.5], "texture": "#main"},
				"west": {"uv": [8.625, 8.375, 8.75, 8.375], "rotation": 90, "texture": "#main"},
				"up": {"uv": [8.625, 8.375, 8.875, 8.375], "rotation": 180, "texture": "#main"},
				"down": {"uv": [8.625, 8.375, 8.875, 8.375], "texture": "#main"}
			}
		},
		{
			"from": [9, 10.1, 4.7],
			"to": [10, 11.1, 4.7],
			"rotation": {"angle": 45, "axis": "x", "origin": [0, 0.3, 0]},
			"faces": {
				"north": {"uv": [8.625, 8.375, 8.75, 8.5], "rotation": 180, "texture": "#main"},
				"east": {"uv": [8.625, 8.375, 8.75, 8.375], "rotation": 270, "texture": "#main"},
				"south": {"uv": [8.625, 8.375, 8.75, 8.5], "texture": "#main"},
				"west": {"uv": [8.625, 8.375, 8.75, 8.375], "rotation": 90, "texture": "#main"},
				"up": {"uv": [8.625, 8.375, 8.75, 8.375], "rotation": 180, "texture": "#main"},
				"down": {"uv": [8.625, 8.375, 8.75, 8.375], "texture": "#main"}
			}
		},
		{
			"from": [6, 10.1, 4.7],
			"to": [7, 11.1, 4.7],
			"rotation": {"angle": 45, "axis": "x", "origin": [0, 0.3, 0]},
			"faces": {
				"north": {"uv": [8.625, 8.375, 8.75, 8.5], "rotation": 180, "texture": "#main"},
				"east": {"uv": [8.625, 8.375, 8.75, 8.375], "rotation": 270, "texture": "#main"},
				"south": {"uv": [8.625, 8.375, 8.75, 8.5], "texture": "#main"},
				"west": {"uv": [8.625, 8.375, 8.75, 8.375], "rotation": 90, "texture": "#main"},
				"up": {"uv": [8.625, 8.375, 8.75, 8.375], "rotation": 180, "texture": "#main"},
				"down": {"uv": [8.625, 8.375, 8.75, 8.375], "texture": "#main"}
			}
		},
		{
			"from": [9, 0.4, 12.7],
			"to": [10, 3.1, 12.7],
			"rotation": {"angle": -22.5, "axis": "x", "origin": [0, 0.3, 0]},
			"faces": {
				"north": {"uv": [8.625, 8.375, 8.75, 8.7125], "rotation": 180, "texture": "#main"},
				"east": {"uv": [8.625, 8.375, 8.9625, 8.375], "rotation": 270, "texture": "#main"},
				"south": {"uv": [8.625, 8.375, 8.75, 8.7125], "texture": "#main"},
				"west": {"uv": [8.625, 8.375, 8.9625, 8.375], "rotation": 90, "texture": "#main"},
				"up": {"uv": [8.625, 8.375, 8.75, 8.375], "rotation": 180, "texture": "#main"},
				"down": {"uv": [8.625, 8.375, 8.75, 8.375], "texture": "#main"}
			}
		},
		{
			"from": [6.5, 12.7, 7.4],
			"to": [9.5, 15.7, 10.4],
			"rotation": {"angle": 22.5, "axis": "x", "origin": [0, 0, 0]},
			"faces": {
				"north": {"uv": [10.375, 8.5, 10.75, 8.875], "texture": "#main"},
				"east": {"uv": [10.375, 8.5, 10.75, 8.875], "texture": "#main"},
				"south": {"uv": [10.375, 8.5, 10.75, 8.875], "texture": "#main"},
				"west": {"uv": [10.375, 8.5, 10.75, 8.875], "texture": "#main"},
				"up": {"uv": [10.375, 8.5, 10.75, 8.875], "texture": "#main"},
				"down": {"uv": [10.375, 8.5, 10.75, 8.875], "texture": "#main"}
			}
		},
		{
			"from": [6.5, 14.7, 10.4],
			"to": [9.5, 15.7, 14.4],
			"rotation": {"angle": 22.5, "axis": "x", "origin": [0, 0, 0]},
			"faces": {
				"north": {"uv": [10.375, 8.5, 10.75, 8.625], "texture": "#main"},
				"east": {"uv": [10.375, 8.5, 10.875, 8.625], "texture": "#main"},
				"south": {"uv": [10.375, 8.5, 10.75, 8.625], "texture": "#main"},
				"west": {"uv": [10.375, 8.5, 10.875, 8.625], "texture": "#main"},
				"up": {"uv": [10.375, 8.5, 10.75, 9], "texture": "#main"},
				"down": {"uv": [10.375, 8.5, 10.75, 9], "texture": "#main"}
			}
		},
		{
			"from": [1.9, 9.7, 15.4],
			"to": [4.9, 10.7, 19.4],
			"rotation": {"angle": 22.5, "axis": "y", "origin": [0.4, 0, 0]},
			"faces": {
				"north": {"uv": [10.375, 8.5, 10.75, 8.625], "texture": "#main"},
				"east": {"uv": [10.375, 8.5, 10.875, 8.625], "texture": "#main"},
				"south": {"uv": [10.375, 8.5, 10.75, 8.625], "texture": "#main"},
				"west": {"uv": [10.375, 8.5, 10.875, 8.625], "texture": "#main"},
				"up": {"uv": [10.75, 8.5, 10.375, 9], "texture": "#main"},
				"down": {"uv": [10.375, 8.5, 10.75, 9], "texture": "#main"}
			}
		},
		{
			"from": [9.9, 9.7, 9.4],
			"to": [12.9, 10.7, 13.4],
			"rotation": {"angle": -22.5, "axis": "y", "origin": [0.4, 0, 0]},
			"faces": {
				"north": {"uv": [10.375, 8.5, 10.75, 8.625], "texture": "#main"},
				"east": {"uv": [10.375, 8.5, 10.875, 8.625], "texture": "#main"},
				"south": {"uv": [10.375, 8.5, 10.75, 8.625], "texture": "#main"},
				"west": {"uv": [10.375, 8.5, 10.875, 8.625], "texture": "#main"},
				"up": {"uv": [10.375, 8.5, 10.75, 9], "texture": "#main"},
				"down": {"uv": [10.375, 8.5, 10.75, 9], "texture": "#main"}
			}
		},
		{
			"from": [7, 12.1, -3.7],
			"to": [9, 13.1, -0.9],
			"rotation": {"angle": 0, "axis": "y", "origin": [0, -0.9, -0.9]},
			"faces": {
				"north": {"uv": [8.75, 8.25, 9, 8.375], "texture": "#main"},
				"east": {"uv": [8.75, 8.25, 9.1, 8.375], "texture": "#main"},
				"south": {"uv": [8.75, 8.25, 9, 8.375], "texture": "#main"},
				"west": {"uv": [8.75, 8.25, 9.1, 8.375], "texture": "#main"},
				"up": {"uv": [8.75, 8.25, 9, 8.6], "texture": "#main"},
				"down": {"uv": [8.75, 8.25, 9, 8.6], "texture": "#main"}
			}
		},
		{
			"from": [7.01, 10.1, -8.4],
			"to": [8.99, 11.1, -6.4],
			"rotation": {"angle": 22.5, "axis": "x", "origin": [0, -0.9, -0.9]},
			"faces": {
				"north": {"uv": [8, 9.125, 8.24975, 9.25], "texture": "#main"},
				"east": {"uv": [8, 9.125, 8.3625, 9.25], "texture": "#main"},
				"south": {"uv": [8, 9.125, 8.24975, 9.25], "texture": "#main"},
				"west": {"uv": [8, 9, 8.3625, 9.125], "texture": "#main"},
				"up": {"uv": [8, 8.875, 8.24975, 9.2375], "texture": "#main"},
				"down": {"uv": [8, 8.875, 8.24975, 9.2375], "texture": "#main"}
			}
		},
		{
			"from": [7.01, 10.1, -6.4],
			"to": [8.99, 11.1, -5.5],
			"rotation": {"angle": 22.5, "axis": "x", "origin": [0, -0.9, -0.9]},
			"faces": {
				"north": {"uv": [8.625, 9.875, 8.87475, 10], "texture": "#main"},
				"east": {"uv": [8.625, 9.875, 8.7375, 10], "texture": "#main"},
				"south": {"uv": [8.625, 9.875, 8.87475, 10], "texture": "#main"},
				"west": {"uv": [8.75, 9.875, 8.8625, 10], "texture": "#main"},
				"up": {"uv": [8.625, 9.875, 8.87475, 9.9875], "texture": "#main"},
				"down": {"uv": [8.625, 9.875, 8.87475, 9.9875], "texture": "#main"}
			}
		},
		{
			"from": [-4.1, 11.5, 6],
			"to": [0.9, 12.7, 10],
			"rotation": {"angle": -22.5, "axis": "z", "origin": [0, 0, 0]},
			"faces": {
				"north": {"uv": [12.5, 8.5, 13.125, 8.775], "texture": "#main"},
				"east": {"uv": [12.5, 8.5, 13, 8.775], "texture": "#main"},
				"south": {"uv": [12.5, 8.5, 13.125, 8.775], "texture": "#main"},
				"west": {"uv": [12.5, 8.5, 13, 8.775], "texture": "#main"},
				"up": {"uv": [12.5, 8.5, 13.125, 9], "texture": "#main"},
				"down": {"uv": [12.5, 8.5, 13.125, 9], "texture": "#main"}
			}
		},
		{
			"from": [13.5, 5.5, 6],
			"to": [18.5, 6.7, 10],
			"rotation": {"angle": 22.5, "axis": "z", "origin": [0, 0, 0]},
			"faces": {
				"north": {"uv": [12.5, 8.5, 13.125, 8.775], "texture": "#main"},
				"east": {"uv": [12.5, 8.5, 13, 8.775], "texture": "#main"},
				"south": {"uv": [12.5, 8.5, 13.125, 8.775], "texture": "#main"},
				"west": {"uv": [12.5, 8.5, 13, 8.775], "texture": "#main"},
				"up": {"uv": [13.125, 8.5, 12.5, 9], "texture": "#main"},
				"down": {"uv": [12.5, 8.5, 13.125, 9], "texture": "#main"}
			}
		},
		{
			"from": [17.5, 5.7, 7.5],
			"to": [22.5, 6.2, 11],
			"rotation": {"angle": 22.5, "axis": "z", "origin": [0, 0, 0]},
			"faces": {
				"north": {"uv": [12.5, 8.5, 13.125, 8.6875], "texture": "#main"},
				"east": {"uv": [12.5, 8.5, 12.9375, 8.6875], "texture": "#main"},
				"south": {"uv": [12.5, 8.5, 13.125, 8.6875], "texture": "#main"},
				"west": {"uv": [12.5, 8.5, 12.9375, 8.6875], "texture": "#main"},
				"up": {"uv": [13.125, 8.5, 12.5, 8.9375], "texture": "#main"},
				"down": {"uv": [12.5, 8.5, 13.125, 8.9375], "texture": "#main"}
			}
		},
		{
			"from": [-8.1, 11.7, 7.5],
			"to": [-3.1, 12.2, 11],
			"rotation": {"angle": -22.5, "axis": "z", "origin": [0, 0, 0]},
			"faces": {
				"north": {"uv": [12.5, 8.5, 13.125, 8.6875], "texture": "#main"},
				"east": {"uv": [12.5, 8.5, 12.9375, 8.6875], "texture": "#main"},
				"south": {"uv": [12.5, 8.5, 13.125, 8.6875], "texture": "#main"},
				"west": {"uv": [12.5, 8.5, 12.9375, 8.6875], "texture": "#main"},
				"up": {"uv": [12.5, 8.5, 13.125, 8.9375], "texture": "#main"},
				"down": {"uv": [12.5, 8.5, 13.125, 8.9375], "texture": "#main"}
			}
		},
		{
			"from": [-11.1, 11.2, 8.5],
			"to": [-7.1, 12.2, 12],
			"rotation": {"angle": -22.5, "axis": "z", "origin": [0, 0, 0]},
			"faces": {
				"north": {"uv": [12.5, 8.5, 13, 8.625], "texture": "#main"},
				"east": {"uv": [12.5, 8.5, 12.9375, 8.625], "texture": "#main"},
				"south": {"uv": [12.5, 8.5, 13, 8.625], "texture": "#main"},
				"west": {"uv": [12.5, 8.5, 12.9375, 8.625], "texture": "#main"},
				"up": {"uv": [12.5, 8.5, 13, 8.9375], "texture": "#main"},
				"down": {"uv": [12.5, 8.5, 13, 8.9375], "texture": "#main"}
			}
		},
		{
			"from": [21.5, 5.2, 8.5],
			"to": [25.5, 6.2, 12],
			"rotation": {"angle": 22.5, "axis": "z", "origin": [0, 0, 0]},
			"faces": {
				"north": {"uv": [12.5, 8.5, 13, 8.625], "texture": "#main"},
				"east": {"uv": [12.5, 8.5, 12.9375, 8.625], "texture": "#main"},
				"south": {"uv": [12.5, 8.5, 13, 8.625], "texture": "#main"},
				"west": {"uv": [12.5, 8.5, 12.9375, 8.625], "texture": "#main"},
				"up": {"uv": [13, 8.5, 12.5, 8.9375], "texture": "#main"},
				"down": {"uv": [12.5, 8.5, 13, 8.9375], "texture": "#main"}
			}
		},
		{
			"from": [-9.6, 11.6, 10],
			"to": [1, 11.6, 16],
			"rotation": {"angle": -22.5, "axis": "z", "origin": [0, 0, 0]},
			"faces": {
				"up": {"uv": [15.325, 8.5, 14, 9.25], "texture": "#main"},
				"down": {"uv": [15.325, 9.25, 14, 8.5], "texture": "#main"}
			}
		},
		{
			"from": [13.4, 5.6, 10],
			"to": [24, 5.6, 16],
			"rotation": {"angle": 22.5, "axis": "z", "origin": [0, 0, 0]},
			"faces": {
				"north": {"uv": [15.325, 8.25, 14, 8.3], "texture": "#main"},
				"east": {"uv": [14.75, 8.25, 14, 8.3], "texture": "#main"},
				"south": {"uv": [15.325, 8.25, 14, 8.3], "texture": "#main"},
				"west": {"uv": [14.75, 8.25, 14, 8.3], "texture": "#main"},
				"up": {"uv": [14, 8.5, 15.325, 9.25], "texture": "#main"},
				"down": {"uv": [14, 9.25, 15.325, 8.5], "texture": "#main"}
			}
		}
	],
	"display": {
		"head": {
			"rotation": [-14, 70, 0],
			"translation": [-0.5, -44, 1.75],
			"scale": [1.45, 1.45, 1.45]
		}
	}
}