{
	"credit": "Made with Blockbench",
	"textures": {
		"0": "seagull_beak",
		"1": "seagull_feather",
		"2": "seagull_wing",
		"3": "seagull_wing_cut",
		"4": "seagull_eye",
		"particle": "seagull_beak"
	},
	"elements": [
		{
			"from": [6, 11, -1],
			"to": [10, 15, 3],
			"rotation": {"angle": 0, "axis": "y", "origin": [0, -1, -1]},
			"faces": {
				"north": {"uv": [7, 1, 11, 5], "texture": "#1"},
				"east": {"uv": [7, 1, 11, 5], "texture": "#1"},
				"south": {"uv": [7, 1, 11, 5], "texture": "#1"},
				"west": {"uv": [7, 1, 11, 5], "texture": "#1"},
				"up": {"uv": [7, 1, 11, 5], "texture": "#1"},
				"down": {"uv": [7, 1, 11, 5], "texture": "#1"}
			}
		},
		{
			"from": [5.9, 11, -1],
			"to": [10.1, 15, 3],
			"rotation": {"angle": 0, "axis": "y", "origin": [0, -1, -1]},
			"faces": {
				"north": {"uv": [0, 0, 0, 0], "texture": "#4"},
				"east": {"uv": [12, 5, 4, 13], "texture": "#4"},
				"south": {"uv": [0, 0, 0, 0], "texture": "#4"},
				"west": {"uv": [4, 5, 12, 13], "texture": "#4"},
				"up": {"uv": [0, 0, 0, 0], "texture": "#4"},
				"down": {"uv": [0, 0, 0, 0], "texture": "#4"}
			}
		},
		{
			"from": [6.5, 4, 7.5],
			"to": [9.5, 8.7, 10.7],
			"rotation": {"angle": -45, "axis": "x", "origin": [0, 1, 0]},
			"faces": {
				"north": {"uv": [3, 4, 6, 8.7], "texture": "#1"},
				"east": {"uv": [3, 4, 6.2, 8.7], "texture": "#1"},
				"south": {"uv": [3, 4, 6, 8.7], "texture": "#1"},
				"west": {"uv": [3, 4, 6.2, 8.7], "texture": "#1"},
				"up": {"uv": [3, 4, 6, 7.2], "texture": "#1"},
				"down": {"uv": [3, 4, 6, 7.2], "texture": "#1"}
			}
		},
		{
			"from": [5.5, 7.7, 3.2],
			"to": [10.5, 11.7, 12.9],
			"faces": {
				"north": {"uv": [3, 4, 8, 8], "texture": "#1"},
				"east": {"uv": [3, 4, 12.7, 8], "texture": "#1"},
				"south": {"uv": [3, 4, 8, 8], "texture": "#1"},
				"west": {"uv": [3, 4, 12.7, 8], "texture": "#1"},
				"up": {"uv": [3, 4, 8, 13.7], "texture": "#1"},
				"down": {"uv": [3, 4, 8, 13.7], "texture": "#1"}
			}
		},
		{
			"from": [5.5, 11.7, 6.2],
			"to": [10.5, 12.7, 11.9],
			"faces": {
				"north": {"uv": [3, 4, 8, 5], "texture": "#1"},
				"east": {"uv": [3, 4, 8.7, 5], "texture": "#1"},
				"south": {"uv": [3, 4, 8, 5], "texture": "#1"},
				"west": {"uv": [3, 4, 8.7, 5], "texture": "#1"},
				"up": {"uv": [3, 4, 8, 9.7], "texture": "#1"},
				"down": {"uv": [3, 4, 8, 9.7], "texture": "#1"}
			}
		},
		{
			"from": [5.6, 8.4, 8.3],
			"to": [10.4, 9.4, 10.6],
			"rotation": {"angle": -22.5, "axis": "x", "origin": [0, 0, 0]},
			"faces": {
				"north": {"uv": [3, 4, 7.8, 5], "texture": "#1"},
				"east": {"uv": [3, 4, 5.3, 5], "texture": "#1"},
				"south": {"uv": [3, 4, 7.8, 5], "texture": "#1"},
				"west": {"uv": [3, 4, 5.3, 5], "texture": "#1"},
				"up": {"uv": [3, 4, 7.8, 6.3], "texture": "#1"},
				"down": {"uv": [3, 4, 7.8, 6.3], "texture": "#1"}
			}
		},
		{
			"from": [5.5, 7.2, 4.2],
			"to": [10.5, 7.7, 6.9],
			"faces": {
				"north": {"uv": [3, 4, 8, 4.5], "texture": "#1"},
				"east": {"uv": [3, 4, 5.7, 4.5], "texture": "#1"},
				"south": {"uv": [3, 4, 8, 4.5], "texture": "#1"},
				"west": {"uv": [3, 4, 5.7, 4.5], "texture": "#1"},
				"up": {"uv": [3, 4, 8, 6.7], "texture": "#1"},
				"down": {"uv": [3, 4, 8, 6.7], "texture": "#1"}
			}
		},
		{
			"from": [6.5, 7.2, 6.9],
			"to": [9.5, 7.7, 9.6],
			"faces": {
				"north": {"uv": [3, 4, 6, 4.5], "texture": "#1"},
				"east": {"uv": [3, 4, 5.7, 4.5], "texture": "#1"},
				"south": {"uv": [3, 4, 6, 4.5], "texture": "#1"},
				"west": {"uv": [3, 4, 5.7, 4.5], "texture": "#1"},
				"up": {"uv": [3, 4, 6, 6.7], "texture": "#1"},
				"down": {"uv": [3, 4, 6, 6.7], "texture": "#1"}
			}
		},
		{
			"from": [6, 0.4, 12.7],
			"to": [7, 3.1, 12.7],
			"rotation": {"angle": -22.5, "axis": "x", "origin": [0, 0.3, 0]},
			"faces": {
				"north": {"uv": [5, 3, 6, 5.7], "rotation": 180, "texture": "#0"},
				"east": {"uv": [5, 3, 7.7, 3], "rotation": 270, "texture": "#0"},
				"south": {"uv": [5, 3, 6, 5.7], "texture": "#0"},
				"west": {"uv": [5, 3, 7.7, 3], "rotation": 90, "texture": "#0"},
				"up": {"uv": [5, 3, 6, 3], "rotation": 180, "texture": "#0"},
				"down": {"uv": [5, 3, 6, 3], "texture": "#0"}
			}
		},
		{
			"from": [5, 11.1, 4.7],
			"to": [7, 12.1, 4.7],
			"rotation": {"angle": 45, "axis": "x", "origin": [0, 0.3, 0]},
			"faces": {
				"north": {"uv": [5, 3, 7, 4], "rotation": 180, "texture": "#0"},
				"east": {"uv": [5, 3, 6, 3], "rotation": 270, "texture": "#0"},
				"south": {"uv": [5, 3, 7, 4], "texture": "#0"},
				"west": {"uv": [5, 3, 6, 3], "rotation": 90, "texture": "#0"},
				"up": {"uv": [5, 3, 7, 3], "rotation": 180, "texture": "#0"},
				"down": {"uv": [5, 3, 7, 3], "texture": "#0"}
			}
		},
		{
			"from": [9, 11.1, 4.7],
			"to": [11, 12.1, 4.7],
			"rotation": {"angle": 45, "axis": "x", "origin": [0, 0.3, 0]},
			"faces": {
				"north": {"uv": [7, 3, 5, 4], "rotation": 180, "texture": "#0"},
				"east": {"uv": [5, 3, 6, 3], "rotation": 270, "texture": "#0"},
				"south": {"uv": [5, 3, 7, 4], "texture": "#0"},
				"west": {"uv": [5, 3, 6, 3], "rotation": 90, "texture": "#0"},
				"up": {"uv": [5, 3, 7, 3], "rotation": 180, "texture": "#0"},
				"down": {"uv": [5, 3, 7, 3], "texture": "#0"}
			}
		},
		{
			"from": [9, 10.1, 4.7],
			"to": [10, 11.1, 4.7],
			"rotation": {"angle": 45, "axis": "x", "origin": [0, 0.3, 0]},
			"faces": {
				"north": {"uv": [5, 3, 6, 4], "rotation": 180, "texture": "#0"},
				"east": {"uv": [5, 3, 6, 3], "rotation": 270, "texture": "#0"},
				"south": {"uv": [5, 3, 6, 4], "texture": "#0"},
				"west": {"uv": [5, 3, 6, 3], "rotation": 90, "texture": "#0"},
				"up": {"uv": [5, 3, 6, 3], "rotation": 180, "texture": "#0"},
				"down": {"uv": [5, 3, 6, 3], "texture": "#0"}
			}
		},
		{
			"from": [6, 10.1, 4.7],
			"to": [7, 11.1, 4.7],
			"rotation": {"angle": 45, "axis": "x", "origin": [0, 0.3, 0]},
			"faces": {
				"north": {"uv": [5, 3, 6, 4], "rotation": 180, "texture": "#0"},
				"east": {"uv": [5, 3, 6, 3], "rotation": 270, "texture": "#0"},
				"south": {"uv": [5, 3, 6, 4], "texture": "#0"},
				"west": {"uv": [5, 3, 6, 3], "rotation": 90, "texture": "#0"},
				"up": {"uv": [5, 3, 6, 3], "rotation": 180, "texture": "#0"},
				"down": {"uv": [5, 3, 6, 3], "texture": "#0"}
			}
		},
		{
			"from": [9, 0.4, 12.7],
			"to": [10, 3.1, 12.7],
			"rotation": {"angle": -22.5, "axis": "x", "origin": [0, 0.3, 0]},
			"faces": {
				"north": {"uv": [5, 3, 6, 5.7], "rotation": 180, "texture": "#0"},
				"east": {"uv": [5, 3, 7.7, 3], "rotation": 270, "texture": "#0"},
				"south": {"uv": [5, 3, 6, 5.7], "texture": "#0"},
				"west": {"uv": [5, 3, 7.7, 3], "rotation": 90, "texture": "#0"},
				"up": {"uv": [5, 3, 6, 3], "rotation": 180, "texture": "#0"},
				"down": {"uv": [5, 3, 6, 3], "texture": "#0"}
			}
		},
		{
			"from": [6.5, 12.7, 7.4],
			"to": [9.5, 15.7, 10.4],
			"rotation": {"angle": 22.5, "axis": "x", "origin": [0, 0, 0]},
			"faces": {
				"north": {"uv": [3, 4, 6, 7], "texture": "#1"},
				"east": {"uv": [3, 4, 6, 7], "texture": "#1"},
				"south": {"uv": [3, 4, 6, 7], "texture": "#1"},
				"west": {"uv": [3, 4, 6, 7], "texture": "#1"},
				"up": {"uv": [3, 4, 6, 7], "texture": "#1"},
				"down": {"uv": [3, 4, 6, 7], "texture": "#1"}
			}
		},
		{
			"from": [6.5, 14.7, 10.4],
			"to": [9.5, 15.7, 14.4],
			"rotation": {"angle": 22.5, "axis": "x", "origin": [0, 0, 0]},
			"faces": {
				"north": {"uv": [3, 4, 6, 5], "texture": "#1"},
				"east": {"uv": [3, 4, 7, 5], "texture": "#1"},
				"south": {"uv": [3, 4, 6, 5], "texture": "#1"},
				"west": {"uv": [3, 4, 7, 5], "texture": "#1"},
				"up": {"uv": [3, 4, 6, 8], "texture": "#1"},
				"down": {"uv": [3, 4, 6, 8], "texture": "#1"}
			}
		},
		{
			"from": [1.9, 9.7, 15.4],
			"to": [4.9, 10.7, 19.4],
			"rotation": {"angle": 22.5, "axis": "y", "origin": [0.4, 0, 0]},
			"faces": {
				"north": {"uv": [3, 4, 6, 5], "texture": "#1"},
				"east": {"uv": [3, 4, 7, 5], "texture": "#1"},
				"south": {"uv": [3, 4, 6, 5], "texture": "#1"},
				"west": {"uv": [3, 4, 7, 5], "texture": "#1"},
				"up": {"uv": [6, 4, 3, 8], "texture": "#1"},
				"down": {"uv": [3, 4, 6, 8], "texture": "#1"}
			}
		},
		{
			"from": [9.9, 9.7, 9.4],
			"to": [12.9, 10.7, 13.4],
			"rotation": {"angle": -22.5, "axis": "y", "origin": [0.4, 0, 0]},
			"faces": {
				"north": {"uv": [3, 4, 6, 5], "texture": "#1"},
				"east": {"uv": [3, 4, 7, 5], "texture": "#1"},
				"south": {"uv": [3, 4, 6, 5], "texture": "#1"},
				"west": {"uv": [3, 4, 7, 5], "texture": "#1"},
				"up": {"uv": [3, 4, 6, 8], "texture": "#1"},
				"down": {"uv": [3, 4, 6, 8], "texture": "#1"}
			}
		},
		{
			"from": [7, 12.1, -3.7],
			"to": [9, 13.1, -0.9],
			"rotation": {"angle": 0, "axis": "y", "origin": [0, -0.9, -0.9]},
			"faces": {
				"north": {"uv": [6, 2, 8, 3], "texture": "#0"},
				"east": {"uv": [6, 2, 8.8, 3], "texture": "#0"},
				"south": {"uv": [6, 2, 8, 3], "texture": "#0"},
				"west": {"uv": [6, 2, 8.8, 3], "texture": "#0"},
				"up": {"uv": [6, 2, 8, 4.8], "texture": "#0"},
				"down": {"uv": [6, 2, 8, 4.8], "texture": "#0"}
			}
		},
		{
			"from": [7.001, 10.1, -8.4],
			"to": [8.999, 11.1, -6.4],
			"rotation": {"angle": 22.5, "axis": "x", "origin": [0, -0.9, -0.9]},
			"faces": {
				"north": {"uv": [0, 9, 1.998, 10], "texture": "#0"},
				"east": {"uv": [0, 9, 2.9, 10], "texture": "#0"},
				"south": {"uv": [0, 9, 1.998, 10], "texture": "#0"},
				"west": {"uv": [0, 8, 2.9, 9], "texture": "#0"},
				"up": {"uv": [0, 7, 1.998, 9.9], "texture": "#0"},
				"down": {"uv": [0, 7, 1.998, 9.9], "texture": "#0"}
			}
		},
		{
			"from": [7.001, 10.1, -6.4],
			"to": [8.999, 11.1, -5.5],
			"rotation": {"angle": 22.5, "axis": "x", "origin": [0, -0.9, -0.9]},
			"faces": {
				"north": {"uv": [5, 15, 6.998, 16], "texture": "#0"},
				"east": {"uv": [5, 15, 5.9, 16], "texture": "#0"},
				"south": {"uv": [5, 15, 6.998, 16], "texture": "#0"},
				"west": {"uv": [6, 15, 6.9, 16], "texture": "#0"},
				"up": {"uv": [5, 15, 6.998, 15.9], "texture": "#0"},
				"down": {"uv": [5, 15, 6.998, 15.9], "texture": "#0"}
			}
		},
		{
			"from": [0.5, 10.5, 6],
			"to": [5.5, 11.7, 10],
			"faces": {
				"north": {"uv": [4, 4, 9, 6.2], "texture": "#2"},
				"east": {"uv": [4, 4, 8, 6.2], "texture": "#2"},
				"south": {"uv": [4, 4, 9, 6.2], "texture": "#2"},
				"west": {"uv": [4, 4, 8, 6.2], "texture": "#2"},
				"up": {"uv": [4, 4, 9, 8], "texture": "#2"},
				"down": {"uv": [4, 4, 9, 8], "texture": "#2"}
			}
		},
		{
			"from": [10.5, 10.5, 6],
			"to": [15.5, 11.7, 10],
			"faces": {
				"north": {"uv": [4, 4, 9, 6.2], "texture": "#2"},
				"east": {"uv": [4, 4, 8, 6.2], "texture": "#2"},
				"south": {"uv": [4, 4, 9, 6.2], "texture": "#2"},
				"west": {"uv": [4, 4, 8, 6.2], "texture": "#2"},
				"up": {"uv": [9, 4, 4, 8], "texture": "#2"},
				"down": {"uv": [4, 4, 9, 8], "texture": "#2"}
			}
		},
		{
			"from": [14.5, 10.7, 7.5],
			"to": [19.5, 11.2, 11],
			"faces": {
				"north": {"uv": [4, 4, 9, 5.5], "texture": "#2"},
				"east": {"uv": [4, 4, 7.5, 5.5], "texture": "#2"},
				"south": {"uv": [4, 4, 9, 5.5], "texture": "#2"},
				"west": {"uv": [4, 4, 7.5, 5.5], "texture": "#2"},
				"up": {"uv": [9, 4, 4, 7.5], "texture": "#2"},
				"down": {"uv": [4, 4, 9, 7.5], "texture": "#2"}
			}
		},
		{
			"from": [-3.5, 10.7, 7.5],
			"to": [1.5, 11.2, 11],
			"faces": {
				"north": {"uv": [4, 4, 9, 5.5], "texture": "#2"},
				"east": {"uv": [4, 4, 7.5, 5.5], "texture": "#2"},
				"south": {"uv": [4, 4, 9, 5.5], "texture": "#2"},
				"west": {"uv": [4, 4, 7.5, 5.5], "texture": "#2"},
				"up": {"uv": [4, 4, 9, 7.5], "texture": "#2"},
				"down": {"uv": [4, 4, 9, 7.5], "texture": "#2"}
			}
		},
		{
			"from": [-6.5, 10.2, 8.5],
			"to": [-2.5, 11.2, 12],
			"faces": {
				"north": {"uv": [4, 4, 8, 5], "texture": "#2"},
				"east": {"uv": [4, 4, 7.5, 5], "texture": "#2"},
				"south": {"uv": [4, 4, 8, 5], "texture": "#2"},
				"west": {"uv": [4, 4, 7.5, 5], "texture": "#2"},
				"up": {"uv": [4, 4, 8, 7.5], "texture": "#2"},
				"down": {"uv": [4, 4, 8, 7.5], "texture": "#2"}
			}
		},
		{
			"from": [18.5, 10.2, 8.5],
			"to": [22.5, 11.2, 12],
			"faces": {
				"north": {"uv": [4, 4, 8, 5], "texture": "#2"},
				"east": {"uv": [4, 4, 7.5, 5], "texture": "#2"},
				"south": {"uv": [4, 4, 8, 5], "texture": "#2"},
				"west": {"uv": [4, 4, 7.5, 5], "texture": "#2"},
				"up": {"uv": [8, 4, 4, 7.5], "texture": "#2"},
				"down": {"uv": [4, 4, 8, 7.5], "texture": "#2"}
			}
		},
		{
			"from": [-5, 10.6, 10],
			"to": [5.6, 10.6, 16],
			"faces": {
				"up": {"uv": [10.6, 4, 0, 10], "texture": "#3"},
				"down": {"uv": [10.6, 10, 0, 4], "texture": "#3"}
			}
		},
		{
			"from": [10.4, 10.6, 10],
			"to": [21, 10.6, 16],
			"faces": {
				"north": {"uv": [10.6, 2, 0, 2.4], "texture": "#3"},
				"east": {"uv": [6, 2, 0, 2.4], "texture": "#3"},
				"south": {"uv": [10.6, 2, 0, 2.4], "texture": "#3"},
				"west": {"uv": [6, 2, 0, 2.4], "texture": "#3"},
				"up": {"uv": [0, 4, 10.6, 10], "texture": "#3"},
				"down": {"uv": [0, 10, 10.6, 4], "texture": "#3"}
			}
		}
	],
	"display": {
		"head": {
			"rotation": [-14, 70, 0],
			"translation": [-0.5, -44, 1.75],
			"scale": [1.45, 1.45, 1.45]
		}
	}
}