{
	"credit": "Made with Blockbench",
	"textures": {
		"1": "shark/shark_belly",
		"2": "shark/shark_skin",
		"3": "shark/shark_eye",
		"4": "shark/shark_mouth",
		"particle": "shark/shark_skin"
	},
	"elements": [
		{
			"from": [7, -2.9, -7.1],
			"to": [9, 1, 1.2],
			"rotation": {"angle": -45, "axis": "x", "origin": [0, -6, -14]},
			"faces": {
				"north": {"uv": [5, 8, 7, 11.9], "texture": "#2"},
				"east": {"uv": [0, 8, 8.3, 11.9], "texture": "#2"},
				"south": {"uv": [0, 0, 2, 3.9], "texture": "#2"},
				"west": {"uv": [0, 8, 8.3, 11.9], "texture": "#2"},
				"up": {"uv": [7, 0, 15, 16], "rotation": 180, "texture": "#4"},
				"down": {"uv": [1, 11, 9.3, 13], "rotation": 90, "texture": "#2"}
			}
		},
		{
			"from": [5.5, 6, -10.5],
			"to": [10.5, 15.2, -5.7],
			"rotation": {"angle": 0, "axis": "y", "origin": [0, -6, -14]},
			"faces": {
				"north": {"uv": [0, 0, 5, 15.2], "texture": "#2"},
				"east": {"uv": [0, 0, 5, 9], "texture": "#2"},
				"south": {"uv": [0, 0, 5, 9.2], "texture": "#2"},
				"west": {"uv": [0, 0, 5, 9], "texture": "#2"},
				"up": {"uv": [0, 0, 5, 4.8], "texture": "#2"},
				"down": {"uv": [0, 0, 5, 4.8], "texture": "#1"}
			}
		},
		{
			"from": [4.5, 5.7, -5.7],
			"to": [11.5, 15.9, 9.1],
			"rotation": {"angle": 0, "axis": "y", "origin": [0, -6, -14]},
			"faces": {
				"north": {"uv": [0, 0, 7.1, 16], "texture": "#2"},
				"east": {"uv": [0, 0, 15, 10], "texture": "#2"},
				"south": {"uv": [0, 0, 7, 16], "texture": "#2"},
				"west": {"uv": [0, 0, 15, 10], "texture": "#2"},
				"up": {"uv": [0.2, 1, 15, 8], "rotation": 90, "texture": "#2"},
				"down": {"uv": [4, 0, 11, 14.8], "texture": "#1"}
			}
		},
		{
			"from": [5.5, 6, 9.1],
			"to": [10.5, 15.2, 13.1],
			"rotation": {"angle": 0, "axis": "y", "origin": [0, -6, -14]},
			"faces": {
				"north": {"uv": [0, 0, 5, 9.2], "texture": "#2"},
				"east": {"uv": [7, 0, 11, 9], "texture": "#2"},
				"south": {"uv": [0, 0, 4, 12.2], "texture": "#2"},
				"west": {"uv": [7, 0, 11, 9], "texture": "#2"},
				"up": {"uv": [0, 0, 5, 4], "texture": "#2"},
				"down": {"uv": [4, 0, 9, 4], "texture": "#1"}
			}
		},
		{
			"from": [5.5, 6.7, 13.1],
			"to": [10.5, 14.2, 17.1],
			"rotation": {"angle": 0, "axis": "y", "origin": [0, -6, -14]},
			"faces": {
				"north": {"uv": [0, 0, 5, 7.5], "texture": "#2"},
				"east": {"uv": [7, 2.6, 11, 9.6], "texture": "#2"},
				"south": {"uv": [0, 0, 4, 10.5], "texture": "#2"},
				"west": {"uv": [7, 2.6, 11, 9.6], "texture": "#2"},
				"up": {"uv": [0, 0, 5, 4], "texture": "#2"},
				"down": {"uv": [4, 0, 9, 4], "texture": "#1"}
			}
		},
		{
			"from": [5.5, 7.5, 17.1],
			"to": [10.5, 13.2, 21.1],
			"rotation": {"angle": 0, "axis": "y", "origin": [0, -6, -14]},
			"faces": {
				"north": {"uv": [0, 0, 5, 5.7], "texture": "#2"},
				"east": {"uv": [4, 3, 8, 9], "texture": "#2"},
				"south": {"uv": [0, 0, 4, 8.7], "texture": "#2"},
				"west": {"uv": [4, 3, 8, 9], "texture": "#2"},
				"up": {"uv": [0, 0, 5, 4], "texture": "#2"},
				"down": {"uv": [5, 0, 10, 4], "texture": "#1"}
			}
		},
		{
			"from": [5.5, 8.5, 21.1],
			"to": [10.5, 13.2, 27.1],
			"rotation": {"angle": 0, "axis": "y", "origin": [0, -6, -14]},
			"faces": {
				"north": {"uv": [0, 0, 5, 4.7], "texture": "#2"},
				"east": {"uv": [6, 0, 12, 5], "texture": "#2"},
				"south": {"uv": [0, 1.3, 9, 11], "texture": "#2"},
				"west": {"uv": [6, 0, 12, 5], "texture": "#2"},
				"up": {"uv": [0, 0, 5, 6], "texture": "#2"},
				"down": {"uv": [5, 0, 10, 6], "texture": "#1"}
			}
		},
		{
			"from": [7.5, -10.5, 24.1],
			"to": [8.5, -5.8, 28.1],
			"rotation": {"angle": -22.5, "axis": "x", "origin": [0, -2, -14]},
			"faces": {
				"north": {"uv": [0, 0, 1, 4.7], "texture": "#2"},
				"east": {"uv": [10, 2, 14, 6.7], "texture": "#2"},
				"south": {"uv": [0, 0, 1, 4.7], "texture": "#2"},
				"west": {"uv": [10, 2, 14, 6.7], "texture": "#2"},
				"up": {"uv": [0, 0, 1, 4], "texture": "#2"},
				"down": {"uv": [0, 0, 1, 4], "texture": "#2"}
			}
		},
		{
			"from": [7.5, 25.5, 15.1],
			"to": [8.5, 31.5, 19.1],
			"rotation": {"angle": 22.5, "axis": "x", "origin": [0, 0, -14]},
			"faces": {
				"north": {"uv": [0, 0, 1, 6], "texture": "#2"},
				"east": {"uv": [10, 2, 14, 8], "texture": "#2"},
				"south": {"uv": [0, 0, 1, 6], "texture": "#2"},
				"west": {"uv": [10, 2, 14, 8], "texture": "#2"},
				"up": {"uv": [0, 0, 1, 4], "texture": "#2"},
				"down": {"uv": [0, 0, 1, 4], "texture": "#2"}
			}
		},
		{
			"from": [6.5, 20.5, -15.9],
			"to": [9.5, 28, -11.9],
			"rotation": {"angle": 45, "axis": "x", "origin": [0, 0, -14]},
			"faces": {
				"north": {"uv": [6, 0, 13.5, 4], "rotation": 90, "texture": "#2"},
				"east": {"uv": [6, 0, 13.5, 4], "rotation": 90, "texture": "#2"},
				"south": {"uv": [0, 0, 2, 7.5], "texture": "#2"},
				"west": {"uv": [6, 0, 13.5, 4], "rotation": 90, "texture": "#2"},
				"up": {"uv": [4, 2, 7, 6], "texture": "#2"},
				"down": {"uv": [0, 0, 3, 4], "texture": "#2"}
			}
		},
		{
			"from": [6.501, 17.5, -5.4],
			"to": [9.481, 25, -1.4],
			"rotation": {"angle": 22.5, "axis": "x", "origin": [0, 0, -14]},
			"faces": {
				"north": {"uv": [0, 0, 2, 7.5], "texture": "#2"},
				"east": {"uv": [0, 0, 4, 7.5], "texture": "#2"},
				"south": {"uv": [0, 0, 2, 7.5], "texture": "#2"},
				"west": {"uv": [0, 0, 4, 7.5], "texture": "#2"},
				"up": {"uv": [0, 0, 3, 4], "texture": "#2"},
				"down": {"uv": [0, 0, 3, 4], "texture": "#2"}
			}
		},
		{
			"from": [6, 7, -10],
			"to": [10, 12, -2.5],
			"rotation": {"angle": -22.5, "axis": "x", "origin": [0, -6, -14]},
			"faces": {
				"north": {"uv": [0, 0, 4, 5], "texture": "#2"},
				"east": {"uv": [0, 0, 8, 5], "texture": "#2"},
				"south": {"uv": [0, 0, 4, 5], "texture": "#2"},
				"west": {"uv": [0, 0, 8, 5], "texture": "#2"},
				"up": {"uv": [0, 0, 4, 7.5], "texture": "#2"},
				"down": {"uv": [0, 0, 4, 7.5], "texture": "#2"}
			}
		},
		{
			"from": [5.9, 5, -12],
			"to": [10.1, 12, -2.5],
			"rotation": {"angle": -22.5, "axis": "x", "origin": [0, -6, -14]},
			"faces": {
				"north": {"uv": [0, 0, 4.2, 5], "texture": "#3"},
				"east": {"uv": [12.5, 3, 1, 12], "texture": "#3"},
				"south": {"uv": [0, 0, 4.2, 5], "texture": "#3"},
				"west": {"uv": [1, 3, 12.5, 12], "texture": "#3"},
				"up": {"uv": [0, 0, 4.2, 7.5], "texture": "#3"},
				"down": {"uv": [0, 0, 4.2, 7.5], "texture": "#3"}
			}
		},
		{
			"from": [0.9, 5.5, 0],
			"to": [7.9, 7, 7],
			"rotation": {"angle": 22.5, "axis": "z", "origin": [0, 0, 0]},
			"faces": {
				"north": {"uv": [0, 0, 7, 1.5], "texture": "#2"},
				"east": {"uv": [0, 0, 7, 1.5], "texture": "#2"},
				"south": {"uv": [0, 0, 7, 1.5], "texture": "#2"},
				"west": {"uv": [0, 0, 7, 1.5], "texture": "#2"},
				"up": {"uv": [9, 1, 16, 8], "texture": "#2"},
				"down": {"uv": [9, 1, 16, 8], "texture": "#2"}
			}
		},
		{
			"from": [7.4, 1.5, 12],
			"to": [9.4, 1.6, 14],
			"rotation": {"angle": 45, "axis": "z", "origin": [0, 0, 0]},
			"faces": {
				"north": {"uv": [0, 0, 2, 0.1], "texture": "#2"},
				"east": {"uv": [0, 0, 2, 0.1], "texture": "#2"},
				"south": {"uv": [0, 0, 2, 0.1], "texture": "#2"},
				"west": {"uv": [0, 0, 2, 0.1], "texture": "#2"},
				"up": {"uv": [5, 5, 7, 7], "texture": "#2"},
				"down": {"uv": [5, 5, 7, 7], "texture": "#2"}
			}
		},
		{
			"from": [6.4, 1.5, 12],
			"to": [7.4, 1.6, 13],
			"rotation": {"angle": 45, "axis": "z", "origin": [0, 0, 0]},
			"faces": {
				"north": {"uv": [0, 5, 1, 5.1], "texture": "#2"},
				"east": {"uv": [0, 5, 1, 5.1], "texture": "#2"},
				"south": {"uv": [0, 5, 1, 5.1], "texture": "#2"},
				"west": {"uv": [0, 5, 1, 5.1], "texture": "#2"},
				"up": {"uv": [6, 1, 7, 2], "texture": "#2"},
				"down": {"uv": [6, 1, 7, 2], "texture": "#2"}
			}
		},
		{
			"from": [1.9, 12.8, 12],
			"to": [3.9, 12.9, 14],
			"rotation": {"angle": -45, "axis": "z", "origin": [0, 0, 0]},
			"faces": {
				"north": {"uv": [0, 0, 2, 0.1], "texture": "#2"},
				"east": {"uv": [0, 0, 2, 0.1], "texture": "#2"},
				"south": {"uv": [0, 0, 2, 0.1], "texture": "#2"},
				"west": {"uv": [0, 0, 2, 0.1], "texture": "#2"},
				"up": {"uv": [5, 5, 7, 7], "texture": "#2"},
				"down": {"uv": [5, 5, 7, 7], "texture": "#2"}
			}
		},
		{
			"from": [3.9, 12.8, 12],
			"to": [4.9, 12.9, 13],
			"rotation": {"angle": -45, "axis": "z", "origin": [0, 0, 0]},
			"faces": {
				"north": {"uv": [0, 5, 1, 5.1], "texture": "#2"},
				"east": {"uv": [0, 5, 1, 5.1], "texture": "#2"},
				"south": {"uv": [0, 5, 1, 5.1], "texture": "#2"},
				"west": {"uv": [0, 5, 1, 5.1], "texture": "#2"},
				"up": {"uv": [6, 1, 7, 2], "texture": "#2"},
				"down": {"uv": [6, 1, 7, 2], "texture": "#2"}
			}
		},
		{
			"from": [6.9, 11.5, 0],
			"to": [13.9, 13, 7],
			"rotation": {"angle": -22.5, "axis": "z", "origin": [0, 0, 0]},
			"faces": {
				"north": {"uv": [0, 0, 7, 1.5], "texture": "#2"},
				"east": {"uv": [0, 0, 7, 1.5], "texture": "#2"},
				"south": {"uv": [0, 0, 7, 1.5], "texture": "#2"},
				"west": {"uv": [0, 0, 7, 1.5], "texture": "#2"},
				"up": {"uv": [9, 1, 16, 8], "texture": "#2"},
				"down": {"uv": [9, 1, 16, 8], "texture": "#2"}
			}
		}
	],
	"display": {
		"head": {
			"translation": [-0.25, -25, 7.75],
			"scale": [2.5, 2.5, 2.5]
		}
	}
}