{
	"credit": "Made with Blockbench",
	"textures": {
		"main": "shark/shark_swim"
	},
	"elements": [
		{
			"from": [7, 6.1, -15.1],
			"to": [9, 10, -6.8],
			"rotation": {"angle": 0, "axis": "x", "origin": [0, -6, -14]},
			"faces": {
				"north": {"uv": [2.625, 1, 2.875, 1.4875], "texture": "#main"},
				"east": {"uv": [2, 1, 3.0375, 1.4875], "texture": "#main"},
				"south": {"uv": [2, 0, 2.25, 0.4875], "texture": "#main"},
				"west": {"uv": [2, 1, 3.0375, 1.4875], "texture": "#main"},
				"up": {"uv": [2, 0, 2.25, 1.0375], "texture": "#main"},
				"down": {"uv": [2.125, 1.375, 3.1625, 1.625], "rotation": 90, "texture": "#main"}
			}
		},
		{
			"from": [5.5, 6, -10.5],
			"to": [10.5, 15.2, -5.7],
			"rotation": {"angle": 0, "axis": "y", "origin": [0, -6, -14]},
			"faces": {
				"north": {"uv": [2, 0, 2.625, 1.9], "texture": "#main"},
				"east": {"uv": [2, 0, 2.625, 1.125], "texture": "#main"},
				"south": {"uv": [2, 0, 2.625, 1.15], "texture": "#main"},
				"west": {"uv": [2, 0, 2.625, 1.125], "texture": "#main"},
				"up": {"uv": [2, 0, 2.625, 0.6], "texture": "#main"},
				"down": {"uv": [0, 0, 0.625, 0.6], "texture": "#main"}
			}
		},
		{
			"from": [4.5, 5.7, -5.7],
			"to": [11.5, 15.9, 9.1],
			"rotation": {"angle": 0, "axis": "y", "origin": [0, -6, -14]},
			"faces": {
				"north": {"uv": [2, 0, 2.8875, 2], "texture": "#main"},
				"east": {"uv": [2, 0, 3.875, 1.25], "texture": "#main"},
				"south": {"uv": [2, 0, 2.875, 2], "texture": "#main"},
				"west": {"uv": [2, 0, 3.875, 1.25], "texture": "#main"},
				"up": {"uv": [2.025, 0.125, 3.875, 1], "rotation": 90, "texture": "#main"},
				"down": {"uv": [0.5, 0, 1.375, 1.85], "texture": "#main"}
			}
		},
		{
			"from": [5.5, 6, 9.1],
			"to": [10.5, 15.2, 13.1],
			"rotation": {"angle": 0, "axis": "y", "origin": [0, -6, -14]},
			"faces": {
				"north": {"uv": [2, 0, 2.625, 1.15], "texture": "#main"},
				"east": {"uv": [2.875, 0, 3.375, 1.125], "texture": "#main"},
				"south": {"uv": [2, 0, 2.5, 1.525], "texture": "#main"},
				"west": {"uv": [2.875, 0, 3.375, 1.125], "texture": "#main"},
				"up": {"uv": [2, 0, 2.625, 0.5], "texture": "#main"},
				"down": {"uv": [0.5, 0, 1.125, 0.5], "texture": "#main"}
			}
		},
		{
			"from": [5.5, 6.7, 13.1],
			"to": [10.5, 14.2, 17.1],
			"rotation": {"angle": 0, "axis": "y", "origin": [0, -6, -14]},
			"faces": {
				"north": {"uv": [2, 0, 2.625, 0.9375], "texture": "#main"},
				"east": {"uv": [2.875, 0.325, 3.375, 1.2], "texture": "#main"},
				"south": {"uv": [2, 0, 2.5, 1.3125], "texture": "#main"},
				"west": {"uv": [2.875, 0.325, 3.375, 1.2], "texture": "#main"},
				"up": {"uv": [2, 0, 2.625, 0.5], "texture": "#main"},
				"down": {"uv": [0.5, 0, 1.125, 0.5], "texture": "#main"}
			}
		},
		{
			"from": [5.5, 7.5, 17.1],
			"to": [10.5, 13.2, 21.1],
			"rotation": {"angle": 0, "axis": "y", "origin": [0, -6, -14]},
			"faces": {
				"north": {"uv": [2, 0, 2.625, 0.7125], "texture": "#main"},
				"east": {"uv": [2.5, 0.375, 3, 1.125], "texture": "#main"},
				"south": {"uv": [2, 0, 2.5, 1.0875], "texture": "#main"},
				"west": {"uv": [2.5, 0.375, 3, 1.125], "texture": "#main"},
				"up": {"uv": [2, 0, 2.625, 0.5], "texture": "#main"},
				"down": {"uv": [0.625, 0, 1.25, 0.5], "texture": "#main"}
			}
		},
		{
			"from": [5.5, 8.5, 21.1],
			"to": [10.5, 13.2, 27.1],
			"rotation": {"angle": 0, "axis": "y", "origin": [0, -6, -14]},
			"faces": {
				"north": {"uv": [2, 0, 2.625, 0.5875], "texture": "#main"},
				"east": {"uv": [2.75, 0, 3.5, 0.625], "texture": "#main"},
				"south": {"uv": [2, 0.1625, 3.125, 1.375], "texture": "#main"},
				"west": {"uv": [2.75, 0, 3.5, 0.625], "texture": "#main"},
				"up": {"uv": [2, 0, 2.625, 0.75], "texture": "#main"},
				"down": {"uv": [0.625, 0, 1.25, 0.75], "texture": "#main"}
			}
		},
		{
			"from": [7.5, -10.5, 24.1],
			"to": [8.5, -5.8, 28.1],
			"rotation": {"angle": -22.5, "axis": "x", "origin": [0, -2, -14]},
			"faces": {
				"north": {"uv": [2, 0, 2.125, 0.5875], "texture": "#main"},
				"east": {"uv": [3.25, 0.25, 3.75, 0.8375], "texture": "#main"},
				"south": {"uv": [2, 0, 2.125, 0.5875], "texture": "#main"},
				"west": {"uv": [3.25, 0.25, 3.75, 0.8375], "texture": "#main"},
				"up": {"uv": [2, 0, 2.125, 0.5], "texture": "#main"},
				"down": {"uv": [2, 0, 2.125, 0.5], "texture": "#main"}
			}
		},
		{
			"from": [7.5, 25.5, 15.1],
			"to": [8.5, 31.5, 19.1],
			"rotation": {"angle": 22.5, "axis": "x", "origin": [0, 0, -14]},
			"faces": {
				"north": {"uv": [2, 0, 2.125, 0.75], "texture": "#main"},
				"east": {"uv": [3.25, 0.25, 3.75, 1], "texture": "#main"},
				"south": {"uv": [2, 0, 2.125, 0.75], "texture": "#main"},
				"west": {"uv": [3.25, 0.25, 3.75, 1], "texture": "#main"},
				"up": {"uv": [2, 0, 2.125, 0.5], "texture": "#main"},
				"down": {"uv": [2, 0, 2.125, 0.5], "texture": "#main"}
			}
		},
		{
			"from": [6.5, 20.5, -15.9],
			"to": [9.5, 28, -11.9],
			"rotation": {"angle": 45, "axis": "x", "origin": [0, 0, -14]},
			"faces": {
				"north": {"uv": [2.75, 0, 3.6875, 0.5], "rotation": 90, "texture": "#main"},
				"east": {"uv": [2.75, 0, 3.6875, 0.5], "rotation": 90, "texture": "#main"},
				"south": {"uv": [2, 0, 2.25, 0.9375], "texture": "#main"},
				"west": {"uv": [2.75, 0, 3.6875, 0.5], "rotation": 90, "texture": "#main"},
				"up": {"uv": [2.5, 0.25, 2.875, 0.75], "texture": "#main"},
				"down": {"uv": [2, 0, 2.375, 0.5], "texture": "#main"}
			}
		},
		{
			"from": [6.501, 17.5, -5.4],
			"to": [9.481, 25, -1.4],
			"rotation": {"angle": 22.5, "axis": "x", "origin": [0, 0, -14]},
			"faces": {
				"north": {"uv": [2, 0, 2.25, 0.9375], "texture": "#main"},
				"east": {"uv": [2, 0, 2.5, 0.9375], "texture": "#main"},
				"south": {"uv": [2, 0, 2.25, 0.9375], "texture": "#main"},
				"west": {"uv": [2, 0, 2.5, 0.9375], "texture": "#main"},
				"up": {"uv": [2, 0, 2.375, 0.5], "texture": "#main"},
				"down": {"uv": [2, 0, 2.375, 0.5], "texture": "#main"}
			}
		},
		{
			"from": [6, 7, -10],
			"to": [10, 12, -2.5],
			"rotation": {"angle": -22.5, "axis": "x", "origin": [0, -6, -14]},
			"faces": {
				"north": {"uv": [2, 0, 2.5, 0.625], "texture": "#main"},
				"east": {"uv": [2, 0, 3, 0.625], "texture": "#main"},
				"south": {"uv": [2, 0, 2.5, 0.625], "texture": "#main"},
				"west": {"uv": [2, 0, 3, 0.625], "texture": "#main"},
				"up": {"uv": [2, 0, 2.5, 0.9375], "texture": "#main"},
				"down": {"uv": [2, 0, 2.5, 0.9375], "texture": "#main"}
			}
		},
		{
			"from": [5.9, 5, -12],
			"to": [10.1, 12, -2.5],
			"rotation": {"angle": -22.5, "axis": "x", "origin": [0, -6, -14]},
			"faces": {
				"north": {"uv": [0, 2, 0.525, 2.625], "texture": "#main"},
				"east": {"uv": [1.5625, 2.375, 0.125, 3.5], "texture": "#main"},
				"south": {"uv": [0, 2, 0.525, 2.625], "texture": "#main"},
				"west": {"uv": [0.125, 2.375, 1.5625, 3.5], "texture": "#main"},
				"up": {"uv": [0, 2, 0.525, 2.9375], "texture": "#main"},
				"down": {"uv": [0, 2, 0.525, 2.9375], "texture": "#main"}
			}
		},
		{
			"from": [0.9, 5.5, 0],
			"to": [7.9, 7, 7],
			"rotation": {"angle": 22.5, "axis": "z", "origin": [0, 0, 0]},
			"faces": {
				"north": {"uv": [2, 0, 2.875, 0.1875], "texture": "#main"},
				"east": {"uv": [2, 0, 2.875, 0.1875], "texture": "#main"},
				"south": {"uv": [2, 0, 2.875, 0.1875], "texture": "#main"},
				"west": {"uv": [2, 0, 2.875, 0.1875], "texture": "#main"},
				"up": {"uv": [3.125, 0.125, 4, 1], "texture": "#main"},
				"down": {"uv": [3.125, 0.125, 4, 1], "texture": "#main"}
			}
		},
		{
			"from": [7.4, 1.5, 13.2],
			"to": [9.4, 1.6, 15.2],
			"rotation": {"angle": 45, "axis": "z", "origin": [0, 0, 1.2]},
			"faces": {
				"north": {"uv": [2, 0, 2.25, 0.0125], "texture": "#main"},
				"east": {"uv": [2, 0, 2.25, 0.0125], "texture": "#main"},
				"south": {"uv": [2, 0, 2.25, 0.0125], "texture": "#main"},
				"west": {"uv": [2, 0, 2.25, 0.0125], "texture": "#main"},
				"up": {"uv": [2.625, 0.625, 2.875, 0.875], "texture": "#main"},
				"down": {"uv": [2.625, 0.625, 2.875, 0.875], "texture": "#main"}
			}
		},
		{
			"from": [6.4, 1.5, 13.2],
			"to": [7.4, 1.6, 14.2],
			"rotation": {"angle": 45, "axis": "z", "origin": [0, 0, 1.2]},
			"faces": {
				"north": {"uv": [2, 0.625, 2.125, 0.6375], "texture": "#main"},
				"east": {"uv": [2, 0.625, 2.125, 0.6375], "texture": "#main"},
				"south": {"uv": [2, 0.625, 2.125, 0.6375], "texture": "#main"},
				"west": {"uv": [2, 0.625, 2.125, 0.6375], "texture": "#main"},
				"up": {"uv": [2.75, 0.125, 2.875, 0.25], "texture": "#main"},
				"down": {"uv": [2.75, 0.125, 2.875, 0.25], "texture": "#main"}
			}
		},
		{
			"from": [1.9, 12.8, 13.2],
			"to": [3.9, 12.9, 15.2],
			"rotation": {"angle": -45, "axis": "z", "origin": [0, 0, 1.2]},
			"faces": {
				"north": {"uv": [2, 0, 2.25, 0.0125], "texture": "#main"},
				"east": {"uv": [2, 0, 2.25, 0.0125], "texture": "#main"},
				"south": {"uv": [2, 0, 2.25, 0.0125], "texture": "#main"},
				"west": {"uv": [2, 0, 2.25, 0.0125], "texture": "#main"},
				"up": {"uv": [2.625, 0.625, 2.875, 0.875], "texture": "#main"},
				"down": {"uv": [2.625, 0.625, 2.875, 0.875], "texture": "#main"}
			}
		},
		{
			"from": [3.9, 12.8, 13.2],
			"to": [4.9, 12.9, 14.2],
			"rotation": {"angle": -45, "axis": "z", "origin": [0, 0, 1.2]},
			"faces": {
				"north": {"uv": [2, 0.625, 2.125, 0.6375], "texture": "#main"},
				"east": {"uv": [2, 0.625, 2.125, 0.6375], "texture": "#main"},
				"south": {"uv": [2, 0.625, 2.125, 0.6375], "texture": "#main"},
				"west": {"uv": [2, 0.625, 2.125, 0.6375], "texture": "#main"},
				"up": {"uv": [2.75, 0.125, 2.875, 0.25], "texture": "#main"},
				"down": {"uv": [2.75, 0.125, 2.875, 0.25], "texture": "#main"}
			}
		},
		{
			"from": [6.9, 11.5, 0],
			"to": [13.9, 13, 7],
			"rotation": {"angle": -22.5, "axis": "z", "origin": [0, 0, 0]},
			"faces": {
				"north": {"uv": [2, 0, 2.875, 0.1875], "texture": "#main"},
				"east": {"uv": [2, 0, 2.875, 0.1875], "texture": "#main"},
				"south": {"uv": [2, 0, 2.875, 0.1875], "texture": "#main"},
				"west": {"uv": [2, 0, 2.875, 0.1875], "texture": "#main"},
				"up": {"uv": [3.125, 0.125, 4, 1], "texture": "#main"},
				"down": {"uv": [3.125, 0.125, 4, 1], "texture": "#main"}
			}
		},
		{
			"from": [7, 6.1, -15.1],
			"to": [9, 10, -6.8],
			"rotation": {"angle": 0, "axis": "x", "origin": [0, -6, -14]},
			"faces": {
				"north": {"uv": [6.625, 1, 6.875, 1.4875], "texture": "#main"},
				"east": {"uv": [6, 1, 7.0375, 1.4875], "texture": "#main"},
				"south": {"uv": [6, 0, 6.25, 0.4875], "texture": "#main"},
				"west": {"uv": [6, 1, 7.0375, 1.4875], "texture": "#main"},
				"up": {"uv": [6, 0, 6.25, 1.0375], "texture": "#main"},
				"down": {"uv": [6.125, 1.375, 7.1625, 1.625], "rotation": 90, "texture": "#main"}
			}
		},
		{
			"from": [5.5, 6, -10.5],
			"to": [10.5, 15.2, -5.7],
			"rotation": {"angle": 0, "axis": "y", "origin": [0, -6, -14]},
			"faces": {
				"north": {"uv": [6, 0, 6.625, 1.9], "texture": "#main"},
				"east": {"uv": [6, 0, 6.625, 1.125], "texture": "#main"},
				"south": {"uv": [6, 0, 6.625, 1.15], "texture": "#main"},
				"west": {"uv": [6, 0, 6.625, 1.125], "texture": "#main"},
				"up": {"uv": [6, 0, 6.625, 0.6], "texture": "#main"},
				"down": {"uv": [4, 0, 4.625, 0.6], "texture": "#main"}
			}
		},
		{
			"from": [4.5, 5.7, -5.7],
			"to": [11.5, 15.9, 9.1],
			"rotation": {"angle": 0, "axis": "y", "origin": [0, -6, -14]},
			"faces": {
				"north": {"uv": [6, 0, 6.8875, 2], "texture": "#main"},
				"east": {"uv": [6, 0, 7.875, 1.25], "texture": "#main"},
				"south": {"uv": [6, 0, 6.875, 2], "texture": "#main"},
				"west": {"uv": [6, 0, 7.875, 1.25], "texture": "#main"},
				"up": {"uv": [6.025, 0.125, 7.875, 1], "rotation": 90, "texture": "#main"},
				"down": {"uv": [4.5, 0, 5.375, 1.85], "texture": "#main"}
			}
		},
		{
			"from": [5.5, 6, 9.1],
			"to": [10.5, 15.2, 13.1],
			"rotation": {"angle": 0, "axis": "y", "origin": [0, -6, -14]},
			"faces": {
				"north": {"uv": [6, 0, 6.625, 1.15], "texture": "#main"},
				"east": {"uv": [6.875, 0, 7.375, 1.125], "texture": "#main"},
				"south": {"uv": [6, 0, 6.5, 1.525], "texture": "#main"},
				"west": {"uv": [6.875, 0, 7.375, 1.125], "texture": "#main"},
				"up": {"uv": [6, 0, 6.625, 0.5], "texture": "#main"},
				"down": {"uv": [4.5, 0, 5.125, 0.5], "texture": "#main"}
			}
		},
		{
			"from": [4.5, 6.7, 13.1],
			"to": [9.5, 14.2, 17.1],
			"rotation": {"angle": 0, "axis": "y", "origin": [-1, -6, -14]},
			"faces": {
				"north": {"uv": [6, 0, 6.625, 0.9375], "texture": "#main"},
				"east": {"uv": [6.875, 0.325, 7.375, 1.2], "texture": "#main"},
				"south": {"uv": [6, 0, 6.5, 1.3125], "texture": "#main"},
				"west": {"uv": [6.875, 0.325, 7.375, 1.2], "texture": "#main"},
				"up": {"uv": [6, 0, 6.625, 0.5], "texture": "#main"},
				"down": {"uv": [4.5, 0, 5.125, 0.5], "texture": "#main"}
			}
		},
		{
			"from": [4.5, 7.5, 17.1],
			"to": [9.5, 13.2, 21.1],
			"rotation": {"angle": 0, "axis": "y", "origin": [-1, -6, -14]},
			"faces": {
				"north": {"uv": [6, 0, 6.625, 0.7125], "texture": "#main"},
				"east": {"uv": [6.5, 0.375, 7, 1.125], "texture": "#main"},
				"south": {"uv": [6, 0, 6.5, 1.0875], "texture": "#main"},
				"west": {"uv": [6.5, 0.375, 7, 1.125], "texture": "#main"},
				"up": {"uv": [6, 0, 6.625, 0.5], "texture": "#main"},
				"down": {"uv": [4.625, 0, 5.25, 0.5], "texture": "#main"}
			}
		},
		{
			"from": [4.5, 8.5, 21.1],
			"to": [9.5, 13.2, 27.1],
			"rotation": {"angle": 0, "axis": "y", "origin": [-1, -6, -14]},
			"faces": {
				"north": {"uv": [6, 0, 6.625, 0.5875], "texture": "#main"},
				"east": {"uv": [6.75, 0, 7.5, 0.625], "texture": "#main"},
				"south": {"uv": [6, 0.1625, 7.125, 1.375], "texture": "#main"},
				"west": {"uv": [6.75, 0, 7.5, 0.625], "texture": "#main"},
				"up": {"uv": [6, 0, 6.625, 0.75], "texture": "#main"},
				"down": {"uv": [4.625, 0, 5.25, 0.75], "texture": "#main"}
			}
		},
		{
			"from": [6.5, -10.5, 24.1],
			"to": [7.5, -5.8, 28.1],
			"rotation": {"angle": -22.5, "axis": "x", "origin": [-1, -2, -14]},
			"faces": {
				"north": {"uv": [6, 0, 6.125, 0.5875], "texture": "#main"},
				"east": {"uv": [7.25, 0.25, 7.75, 0.8375], "texture": "#main"},
				"south": {"uv": [6, 0, 6.125, 0.5875], "texture": "#main"},
				"west": {"uv": [7.25, 0.25, 7.75, 0.8375], "texture": "#main"},
				"up": {"uv": [6, 0, 6.125, 0.5], "texture": "#main"},
				"down": {"uv": [6, 0, 6.125, 0.5], "texture": "#main"}
			}
		},
		{
			"from": [6.5, 25.5, 15.1],
			"to": [7.5, 31.5, 19.1],
			"rotation": {"angle": 22.5, "axis": "x", "origin": [-1, 0, -14]},
			"faces": {
				"north": {"uv": [6, 0, 6.125, 0.75], "texture": "#main"},
				"east": {"uv": [7.25, 0.25, 7.75, 1], "texture": "#main"},
				"south": {"uv": [6, 0, 6.125, 0.75], "texture": "#main"},
				"west": {"uv": [7.25, 0.25, 7.75, 1], "texture": "#main"},
				"up": {"uv": [6, 0, 6.125, 0.5], "texture": "#main"},
				"down": {"uv": [6, 0, 6.125, 0.5], "texture": "#main"}
			}
		},
		{
			"from": [6.5, 20.5, -15.9],
			"to": [9.5, 28, -11.9],
			"rotation": {"angle": 45, "axis": "x", "origin": [0, 0, -14]},
			"faces": {
				"north": {"uv": [6.75, 0, 7.6875, 0.5], "rotation": 90, "texture": "#main"},
				"east": {"uv": [6.75, 0, 7.6875, 0.5], "rotation": 90, "texture": "#main"},
				"south": {"uv": [6, 0, 6.25, 0.9375], "texture": "#main"},
				"west": {"uv": [6.75, 0, 7.6875, 0.5], "rotation": 90, "texture": "#main"},
				"up": {"uv": [6.5, 0.25, 6.875, 0.75], "texture": "#main"},
				"down": {"uv": [6, 0, 6.375, 0.5], "texture": "#main"}
			}
		},
		{
			"from": [6.501, 17.5, -5.4],
			"to": [9.481, 25, -1.4],
			"rotation": {"angle": 22.5, "axis": "x", "origin": [0, 0, -14]},
			"faces": {
				"north": {"uv": [6, 0, 6.25, 0.9375], "texture": "#main"},
				"east": {"uv": [6, 0, 6.5, 0.9375], "texture": "#main"},
				"south": {"uv": [6, 0, 6.25, 0.9375], "texture": "#main"},
				"west": {"uv": [6, 0, 6.5, 0.9375], "texture": "#main"},
				"up": {"uv": [6, 0, 6.375, 0.5], "texture": "#main"},
				"down": {"uv": [6, 0, 6.375, 0.5], "texture": "#main"}
			}
		},
		{
			"from": [6, 7, -10],
			"to": [10, 12, -2.5],
			"rotation": {"angle": -22.5, "axis": "x", "origin": [0, -6, -14]},
			"faces": {
				"north": {"uv": [6, 0, 6.5, 0.625], "texture": "#main"},
				"east": {"uv": [6, 0, 7, 0.625], "texture": "#main"},
				"south": {"uv": [6, 0, 6.5, 0.625], "texture": "#main"},
				"west": {"uv": [6, 0, 7, 0.625], "texture": "#main"},
				"up": {"uv": [6, 0, 6.5, 0.9375], "texture": "#main"},
				"down": {"uv": [6, 0, 6.5, 0.9375], "texture": "#main"}
			}
		},
		{
			"from": [5.9, 5, -12],
			"to": [10.1, 12, -2.5],
			"rotation": {"angle": -22.5, "axis": "x", "origin": [0, -6, -14]},
			"faces": {
				"north": {"uv": [4, 2, 4.525, 2.625], "texture": "#main"},
				"east": {"uv": [5.5625, 2.375, 4.125, 3.5], "texture": "#main"},
				"south": {"uv": [4, 2, 4.525, 2.625], "texture": "#main"},
				"west": {"uv": [4.125, 2.375, 5.5625, 3.5], "texture": "#main"},
				"up": {"uv": [4, 2, 4.525, 2.9375], "texture": "#main"},
				"down": {"uv": [4, 2, 4.525, 2.9375], "texture": "#main"}
			}
		},
		{
			"from": [0.9, 5.5, 0],
			"to": [7.9, 7, 7],
			"rotation": {"angle": 22.5, "axis": "z", "origin": [0, 0, 0]},
			"faces": {
				"north": {"uv": [6, 0, 6.875, 0.1875], "texture": "#main"},
				"east": {"uv": [6, 0, 6.875, 0.1875], "texture": "#main"},
				"south": {"uv": [6, 0, 6.875, 0.1875], "texture": "#main"},
				"west": {"uv": [6, 0, 6.875, 0.1875], "texture": "#main"},
				"up": {"uv": [7.125, 0.125, 8, 1], "texture": "#main"},
				"down": {"uv": [7.125, 0.125, 8, 1], "texture": "#main"}
			}
		},
		{
			"from": [7.4, 1.5, 13.2],
			"to": [9.4, 1.6, 15.2],
			"rotation": {"angle": 45, "axis": "z", "origin": [0, 0, 1.2]},
			"faces": {
				"north": {"uv": [6, 0, 6.25, 0.0125], "texture": "#main"},
				"east": {"uv": [6, 0, 6.25, 0.0125], "texture": "#main"},
				"south": {"uv": [6, 0, 6.25, 0.0125], "texture": "#main"},
				"west": {"uv": [6, 0, 6.25, 0.0125], "texture": "#main"},
				"up": {"uv": [6.625, 0.625, 6.875, 0.875], "texture": "#main"},
				"down": {"uv": [6.625, 0.625, 6.875, 0.875], "texture": "#main"}
			}
		},
		{
			"from": [6.4, 1.5, 13.2],
			"to": [7.4, 1.6, 14.2],
			"rotation": {"angle": 45, "axis": "z", "origin": [0, 0, 1.2]},
			"faces": {
				"north": {"uv": [6, 0.625, 6.125, 0.6375], "texture": "#main"},
				"east": {"uv": [6, 0.625, 6.125, 0.6375], "texture": "#main"},
				"south": {"uv": [6, 0.625, 6.125, 0.6375], "texture": "#main"},
				"west": {"uv": [6, 0.625, 6.125, 0.6375], "texture": "#main"},
				"up": {"uv": [6.75, 0.125, 6.875, 0.25], "texture": "#main"},
				"down": {"uv": [6.75, 0.125, 6.875, 0.25], "texture": "#main"}
			}
		},
		{
			"from": [1.9, 12.8, 13.2],
			"to": [3.9, 12.9, 15.2],
			"rotation": {"angle": -45, "axis": "z", "origin": [0, 0, 1.2]},
			"faces": {
				"north": {"uv": [6, 0, 6.25, 0.0125], "texture": "#main"},
				"east": {"uv": [6, 0, 6.25, 0.0125], "texture": "#main"},
				"south": {"uv": [6, 0, 6.25, 0.0125], "texture": "#main"},
				"west": {"uv": [6, 0, 6.25, 0.0125], "texture": "#main"},
				"up": {"uv": [6.625, 0.625, 6.875, 0.875], "texture": "#main"},
				"down": {"uv": [6.625, 0.625, 6.875, 0.875], "texture": "#main"}
			}
		},
		{
			"from": [3.9, 12.8, 13.2],
			"to": [4.9, 12.9, 14.2],
			"rotation": {"angle": -45, "axis": "z", "origin": [0, 0, 1.2]},
			"faces": {
				"north": {"uv": [6, 0.625, 6.125, 0.6375], "texture": "#main"},
				"east": {"uv": [6, 0.625, 6.125, 0.6375], "texture": "#main"},
				"south": {"uv": [6, 0.625, 6.125, 0.6375], "texture": "#main"},
				"west": {"uv": [6, 0.625, 6.125, 0.6375], "texture": "#main"},
				"up": {"uv": [6.75, 0.125, 6.875, 0.25], "texture": "#main"},
				"down": {"uv": [6.75, 0.125, 6.875, 0.25], "texture": "#main"}
			}
		},
		{
			"from": [6.9, 11.5, 0],
			"to": [13.9, 13, 7],
			"rotation": {"angle": -22.5, "axis": "z", "origin": [0, 0, 0]},
			"faces": {
				"north": {"uv": [6, 0, 6.875, 0.1875], "texture": "#main"},
				"east": {"uv": [6, 0, 6.875, 0.1875], "texture": "#main"},
				"south": {"uv": [6, 0, 6.875, 0.1875], "texture": "#main"},
				"west": {"uv": [6, 0, 6.875, 0.1875], "texture": "#main"},
				"up": {"uv": [7.125, 0.125, 8, 1], "texture": "#main"},
				"down": {"uv": [7.125, 0.125, 8, 1], "texture": "#main"}
			}
		},
		{
			"from": [8, 6.1, -15.1],
			"to": [10, 10, -6.8],
			"rotation": {"angle": 0, "axis": "x", "origin": [1, -6, -14]},
			"faces": {
				"north": {"uv": [10.625, 1, 10.875, 1.4875], "texture": "#main"},
				"east": {"uv": [10, 1, 11.0375, 1.4875], "texture": "#main"},
				"south": {"uv": [10, 0, 10.25, 0.4875], "texture": "#main"},
				"west": {"uv": [10, 1, 11.0375, 1.4875], "texture": "#main"},
				"up": {"uv": [10, 0, 10.25, 1.0375], "texture": "#main"},
				"down": {"uv": [10.125, 1.375, 11.1625, 1.625], "rotation": 90, "texture": "#main"}
			}
		},
		{
			"from": [6.5, 6, -10.5],
			"to": [11.5, 15.2, -5.7],
			"rotation": {"angle": 0, "axis": "y", "origin": [1, -6, -14]},
			"faces": {
				"north": {"uv": [10, 0, 10.625, 1.9], "texture": "#main"},
				"east": {"uv": [10, 0, 10.625, 1.125], "texture": "#main"},
				"south": {"uv": [10, 0, 10.625, 1.15], "texture": "#main"},
				"west": {"uv": [10, 0, 10.625, 1.125], "texture": "#main"},
				"up": {"uv": [10, 0, 10.625, 0.6], "texture": "#main"},
				"down": {"uv": [8, 0, 8.625, 0.6], "texture": "#main"}
			}
		},
		{
			"from": [4.5, 5.7, -5.7],
			"to": [11.5, 15.9, 9.1],
			"rotation": {"angle": 0, "axis": "y", "origin": [0, -6, -14]},
			"faces": {
				"north": {"uv": [10, 0, 10.8875, 2], "texture": "#main"},
				"east": {"uv": [10, 0, 11.875, 1.25], "texture": "#main"},
				"south": {"uv": [10, 0, 10.875, 2], "texture": "#main"},
				"west": {"uv": [10, 0, 11.875, 1.25], "texture": "#main"},
				"up": {"uv": [10.025, 0.125, 11.875, 1], "rotation": 90, "texture": "#main"},
				"down": {"uv": [8.5, 0, 9.375, 1.85], "texture": "#main"}
			}
		},
		{
			"from": [4.5, 6, 9.1],
			"to": [9.5, 15.2, 13.1],
			"rotation": {"angle": 0, "axis": "y", "origin": [0, -6, -14]},
			"faces": {
				"north": {"uv": [10, 0, 10.625, 1.15], "texture": "#main"},
				"east": {"uv": [10.875, 0, 11.375, 1.125], "texture": "#main"},
				"south": {"uv": [10, 0, 10.5, 1.525], "texture": "#main"},
				"west": {"uv": [10.875, 0, 11.375, 1.125], "texture": "#main"},
				"up": {"uv": [10, 0, 10.625, 0.5], "texture": "#main"},
				"down": {"uv": [8.5, 0, 9.125, 0.5], "texture": "#main"}
			}
		},
		{
			"from": [3.5, 6.7, 13.1],
			"to": [8.5, 14.2, 17.1],
			"rotation": {"angle": 0, "axis": "y", "origin": [-1, -6, -14]},
			"faces": {
				"north": {"uv": [10, 0, 10.625, 0.9375], "texture": "#main"},
				"east": {"uv": [10.875, 0.325, 11.375, 1.2], "texture": "#main"},
				"south": {"uv": [10, 0, 10.5, 1.3125], "texture": "#main"},
				"west": {"uv": [10.875, 0.325, 11.375, 1.2], "texture": "#main"},
				"up": {"uv": [10, 0, 10.625, 0.5], "texture": "#main"},
				"down": {"uv": [8.5, 0, 9.125, 0.5], "texture": "#main"}
			}
		},
		{
			"from": [3.5, 7.5, 17.1],
			"to": [8.5, 13.2, 21.1],
			"rotation": {"angle": 0, "axis": "y", "origin": [-2, -6, -14]},
			"faces": {
				"north": {"uv": [10, 0, 10.625, 0.7125], "texture": "#main"},
				"east": {"uv": [10.5, 0.375, 11, 1.125], "texture": "#main"},
				"south": {"uv": [10, 0, 10.5, 1.0875], "texture": "#main"},
				"west": {"uv": [10.5, 0.375, 11, 1.125], "texture": "#main"},
				"up": {"uv": [10, 0, 10.625, 0.5], "texture": "#main"},
				"down": {"uv": [8.625, 0, 9.25, 0.5], "texture": "#main"}
			}
		},
		{
			"from": [3.5, 8.5, 21.1],
			"to": [8.5, 13.2, 27.1],
			"rotation": {"angle": 0, "axis": "y", "origin": [-2, -6, -14]},
			"faces": {
				"north": {"uv": [10, 0, 10.625, 0.5875], "texture": "#main"},
				"east": {"uv": [10.75, 0, 11.5, 0.625], "texture": "#main"},
				"south": {"uv": [10, 0.1625, 11.125, 1.375], "texture": "#main"},
				"west": {"uv": [10.75, 0, 11.5, 0.625], "texture": "#main"},
				"up": {"uv": [10, 0, 10.625, 0.75], "texture": "#main"},
				"down": {"uv": [8.625, 0, 9.25, 0.75], "texture": "#main"}
			}
		},
		{
			"from": [5.5, -10.5, 24.1],
			"to": [6.5, -5.8, 28.1],
			"rotation": {"angle": -22.5, "axis": "x", "origin": [-2, -2, -14]},
			"faces": {
				"north": {"uv": [10, 0, 10.125, 0.5875], "texture": "#main"},
				"east": {"uv": [11.25, 0.25, 11.75, 0.8375], "texture": "#main"},
				"south": {"uv": [10, 0, 10.125, 0.5875], "texture": "#main"},
				"west": {"uv": [11.25, 0.25, 11.75, 0.8375], "texture": "#main"},
				"up": {"uv": [10, 0, 10.125, 0.5], "texture": "#main"},
				"down": {"uv": [10, 0, 10.125, 0.5], "texture": "#main"}
			}
		},
		{
			"from": [5.5, 25.5, 15.1],
			"to": [6.5, 31.5, 19.1],
			"rotation": {"angle": 22.5, "axis": "x", "origin": [-2, 0, -14]},
			"faces": {
				"north": {"uv": [10, 0, 10.125, 0.75], "texture": "#main"},
				"east": {"uv": [11.25, 0.25, 11.75, 1], "texture": "#main"},
				"south": {"uv": [10, 0, 10.125, 0.75], "texture": "#main"},
				"west": {"uv": [11.25, 0.25, 11.75, 1], "texture": "#main"},
				"up": {"uv": [10, 0, 10.125, 0.5], "texture": "#main"},
				"down": {"uv": [10, 0, 10.125, 0.5], "texture": "#main"}
			}
		},
		{
			"from": [6.5, 20.5, -15.9],
			"to": [9.5, 28, -11.9],
			"rotation": {"angle": 45, "axis": "x", "origin": [0, 0, -14]},
			"faces": {
				"north": {"uv": [10.75, 0, 11.6875, 0.5], "rotation": 90, "texture": "#main"},
				"east": {"uv": [10.75, 0, 11.6875, 0.5], "rotation": 90, "texture": "#main"},
				"south": {"uv": [10, 0, 10.25, 0.9375], "texture": "#main"},
				"west": {"uv": [10.75, 0, 11.6875, 0.5], "rotation": 90, "texture": "#main"},
				"up": {"uv": [10.5, 0.25, 10.875, 0.75], "texture": "#main"},
				"down": {"uv": [10, 0, 10.375, 0.5], "texture": "#main"}
			}
		},
		{
			"from": [6.501, 17.5, -5.4],
			"to": [9.481, 25, -1.4],
			"rotation": {"angle": 22.5, "axis": "x", "origin": [0, 0, -14]},
			"faces": {
				"north": {"uv": [10, 0, 10.25, 0.9375], "texture": "#main"},
				"east": {"uv": [10, 0, 10.5, 0.9375], "texture": "#main"},
				"south": {"uv": [10, 0, 10.25, 0.9375], "texture": "#main"},
				"west": {"uv": [10, 0, 10.5, 0.9375], "texture": "#main"},
				"up": {"uv": [10, 0, 10.375, 0.5], "texture": "#main"},
				"down": {"uv": [10, 0, 10.375, 0.5], "texture": "#main"}
			}
		},
		{
			"from": [7, 7, -10],
			"to": [11, 12, -2.5],
			"rotation": {"angle": -22.5, "axis": "x", "origin": [1, -6, -14]},
			"faces": {
				"north": {"uv": [10, 0, 10.5, 0.625], "texture": "#main"},
				"east": {"uv": [10, 0, 11, 0.625], "texture": "#main"},
				"south": {"uv": [10, 0, 10.5, 0.625], "texture": "#main"},
				"west": {"uv": [10, 0, 11, 0.625], "texture": "#main"},
				"up": {"uv": [10, 0, 10.5, 0.9375], "texture": "#main"},
				"down": {"uv": [10, 0, 10.5, 0.9375], "texture": "#main"}
			}
		},
		{
			"from": [6.9, 5, -12],
			"to": [11.1, 12, -2.5],
			"rotation": {"angle": -22.5, "axis": "x", "origin": [1, -6, -14]},
			"faces": {
				"north": {"uv": [8, 2, 8.525, 2.625], "texture": "#main"},
				"east": {"uv": [9.5625, 2.375, 8.125, 3.5], "texture": "#main"},
				"south": {"uv": [8, 2, 8.525, 2.625], "texture": "#main"},
				"west": {"uv": [8.125, 2.375, 9.5625, 3.5], "texture": "#main"},
				"up": {"uv": [8, 2, 8.525, 2.9375], "texture": "#main"},
				"down": {"uv": [8, 2, 8.525, 2.9375], "texture": "#main"}
			}
		},
		{
			"from": [0.9, 5.5, 0],
			"to": [7.9, 7, 7],
			"rotation": {"angle": 22.5, "axis": "z", "origin": [0, 0, 0]},
			"faces": {
				"north": {"uv": [10, 0, 10.875, 0.1875], "texture": "#main"},
				"east": {"uv": [10, 0, 10.875, 0.1875], "texture": "#main"},
				"south": {"uv": [10, 0, 10.875, 0.1875], "texture": "#main"},
				"west": {"uv": [10, 0, 10.875, 0.1875], "texture": "#main"},
				"up": {"uv": [11.125, 0.125, 12, 1], "texture": "#main"},
				"down": {"uv": [11.125, 0.125, 12, 1], "texture": "#main"}
			}
		},
		{
			"from": [7.4, 1.5, 13.2],
			"to": [9.4, 1.6, 15.2],
			"rotation": {"angle": 45, "axis": "z", "origin": [0, 0, 1.2]},
			"faces": {
				"north": {"uv": [10, 0, 10.25, 0.0125], "texture": "#main"},
				"east": {"uv": [10, 0, 10.25, 0.0125], "texture": "#main"},
				"south": {"uv": [10, 0, 10.25, 0.0125], "texture": "#main"},
				"west": {"uv": [10, 0, 10.25, 0.0125], "texture": "#main"},
				"up": {"uv": [10.625, 0.625, 10.875, 0.875], "texture": "#main"},
				"down": {"uv": [10.625, 0.625, 10.875, 0.875], "texture": "#main"}
			}
		},
		{
			"from": [6.4, 1.5, 13.2],
			"to": [7.4, 1.6, 14.2],
			"rotation": {"angle": 45, "axis": "z", "origin": [0, 0, 1.2]},
			"faces": {
				"north": {"uv": [10, 0.625, 10.125, 0.6375], "texture": "#main"},
				"east": {"uv": [10, 0.625, 10.125, 0.6375], "texture": "#main"},
				"south": {"uv": [10, 0.625, 10.125, 0.6375], "texture": "#main"},
				"west": {"uv": [10, 0.625, 10.125, 0.6375], "texture": "#main"},
				"up": {"uv": [10.75, 0.125, 10.875, 0.25], "texture": "#main"},
				"down": {"uv": [10.75, 0.125, 10.875, 0.25], "texture": "#main"}
			}
		},
		{
			"from": [1.9, 12.8, 13.2],
			"to": [3.9, 12.9, 15.2],
			"rotation": {"angle": -45, "axis": "z", "origin": [0, 0, 1.2]},
			"faces": {
				"north": {"uv": [10, 0, 10.25, 0.0125], "texture": "#main"},
				"east": {"uv": [10, 0, 10.25, 0.0125], "texture": "#main"},
				"south": {"uv": [10, 0, 10.25, 0.0125], "texture": "#main"},
				"west": {"uv": [10, 0, 10.25, 0.0125], "texture": "#main"},
				"up": {"uv": [10.625, 0.625, 10.875, 0.875], "texture": "#main"},
				"down": {"uv": [10.625, 0.625, 10.875, 0.875], "texture": "#main"}
			}
		},
		{
			"from": [3.9, 12.8, 13.2],
			"to": [4.9, 12.9, 14.2],
			"rotation": {"angle": -45, "axis": "z", "origin": [0, 0, 1.2]},
			"faces": {
				"north": {"uv": [10, 0.625, 10.125, 0.6375], "texture": "#main"},
				"east": {"uv": [10, 0.625, 10.125, 0.6375], "texture": "#main"},
				"south": {"uv": [10, 0.625, 10.125, 0.6375], "texture": "#main"},
				"west": {"uv": [10, 0.625, 10.125, 0.6375], "texture": "#main"},
				"up": {"uv": [10.75, 0.125, 10.875, 0.25], "texture": "#main"},
				"down": {"uv": [10.75, 0.125, 10.875, 0.25], "texture": "#main"}
			}
		},
		{
			"from": [6.9, 11.5, 0],
			"to": [13.9, 13, 7],
			"rotation": {"angle": -22.5, "axis": "z", "origin": [0, 0, 0]},
			"faces": {
				"north": {"uv": [10, 0, 10.875, 0.1875], "texture": "#main"},
				"east": {"uv": [10, 0, 10.875, 0.1875], "texture": "#main"},
				"south": {"uv": [10, 0, 10.875, 0.1875], "texture": "#main"},
				"west": {"uv": [10, 0, 10.875, 0.1875], "texture": "#main"},
				"up": {"uv": [11.125, 0.125, 12, 1], "texture": "#main"},
				"down": {"uv": [11.125, 0.125, 12, 1], "texture": "#main"}
			}
		},
		{
			"from": [7, 6.1, -15.1],
			"to": [9, 10, -6.8],
			"rotation": {"angle": 0, "axis": "x", "origin": [0, -6, -14]},
			"faces": {
				"north": {"uv": [14.625, 1, 14.875, 1.4875], "texture": "#main"},
				"east": {"uv": [14, 1, 15.0375, 1.4875], "texture": "#main"},
				"south": {"uv": [14, 0, 14.25, 0.4875], "texture": "#main"},
				"west": {"uv": [14, 1, 15.0375, 1.4875], "texture": "#main"},
				"up": {"uv": [14, 0, 14.25, 1.0375], "texture": "#main"},
				"down": {"uv": [14.125, 1.375, 15.1625, 1.625], "rotation": 90, "texture": "#main"}
			}
		},
		{
			"from": [5.5, 6, -10.5],
			"to": [10.5, 15.2, -5.7],
			"rotation": {"angle": 0, "axis": "y", "origin": [0, -6, -14]},
			"faces": {
				"north": {"uv": [14, 0, 14.625, 1.9], "texture": "#main"},
				"east": {"uv": [14, 0, 14.625, 1.125], "texture": "#main"},
				"south": {"uv": [14, 0, 14.625, 1.15], "texture": "#main"},
				"west": {"uv": [14, 0, 14.625, 1.125], "texture": "#main"},
				"up": {"uv": [14, 0, 14.625, 0.6], "texture": "#main"},
				"down": {"uv": [12, 0, 12.625, 0.6], "texture": "#main"}
			}
		},
		{
			"from": [4.5, 5.7, -5.7],
			"to": [11.5, 15.9, 9.1],
			"rotation": {"angle": 0, "axis": "y", "origin": [0, -6, -14]},
			"faces": {
				"north": {"uv": [14, 0, 14.8875, 2], "texture": "#main"},
				"east": {"uv": [14, 0, 15.875, 1.25], "texture": "#main"},
				"south": {"uv": [14, 0, 14.875, 2], "texture": "#main"},
				"west": {"uv": [14, 0, 15.875, 1.25], "texture": "#main"},
				"up": {"uv": [14.025, 0.125, 15.875, 1], "rotation": 90, "texture": "#main"},
				"down": {"uv": [12.5, 0, 13.375, 1.85], "texture": "#main"}
			}
		},
		{
			"from": [5.5, 6, 9.1],
			"to": [10.5, 15.2, 13.1],
			"rotation": {"angle": 0, "axis": "y", "origin": [0, -6, -14]},
			"faces": {
				"north": {"uv": [14, 0, 14.625, 1.15], "texture": "#main"},
				"east": {"uv": [14.875, 0, 15.375, 1.125], "texture": "#main"},
				"south": {"uv": [14, 0, 14.5, 1.525], "texture": "#main"},
				"west": {"uv": [14.875, 0, 15.375, 1.125], "texture": "#main"},
				"up": {"uv": [14, 0, 14.625, 0.5], "texture": "#main"},
				"down": {"uv": [12.5, 0, 13.125, 0.5], "texture": "#main"}
			}
		},
		{
			"from": [6.5, 6.7, 13.1],
			"to": [11.5, 14.2, 17.1],
			"rotation": {"angle": 0, "axis": "y", "origin": [1, -6, -14]},
			"faces": {
				"north": {"uv": [14, 0, 14.625, 0.9375], "texture": "#main"},
				"east": {"uv": [14.875, 0.325, 15.375, 1.2], "texture": "#main"},
				"south": {"uv": [14, 0, 14.5, 1.3125], "texture": "#main"},
				"west": {"uv": [14.875, 0.325, 15.375, 1.2], "texture": "#main"},
				"up": {"uv": [14, 0, 14.625, 0.5], "texture": "#main"},
				"down": {"uv": [12.5, 0, 13.125, 0.5], "texture": "#main"}
			}
		},
		{
			"from": [6.5, 7.5, 17.1],
			"to": [11.5, 13.2, 21.1],
			"rotation": {"angle": 0, "axis": "y", "origin": [1, -6, -14]},
			"faces": {
				"north": {"uv": [14, 0, 14.625, 0.7125], "texture": "#main"},
				"east": {"uv": [14.5, 0.375, 15, 1.125], "texture": "#main"},
				"south": {"uv": [14, 0, 14.5, 1.0875], "texture": "#main"},
				"west": {"uv": [14.5, 0.375, 15, 1.125], "texture": "#main"},
				"up": {"uv": [14, 0, 14.625, 0.5], "texture": "#main"},
				"down": {"uv": [12.625, 0, 13.25, 0.5], "texture": "#main"}
			}
		},
		{
			"from": [6.5, 8.5, 21.1],
			"to": [11.5, 13.2, 27.1],
			"rotation": {"angle": 0, "axis": "y", "origin": [1, -6, -14]},
			"faces": {
				"north": {"uv": [14, 0, 14.625, 0.5875], "texture": "#main"},
				"east": {"uv": [14.75, 0, 15.5, 0.625], "texture": "#main"},
				"south": {"uv": [14, 0.1625, 15.125, 1.375], "texture": "#main"},
				"west": {"uv": [14.75, 0, 15.5, 0.625], "texture": "#main"},
				"up": {"uv": [14, 0, 14.625, 0.75], "texture": "#main"},
				"down": {"uv": [12.625, 0, 13.25, 0.75], "texture": "#main"}
			}
		},
		{
			"from": [8.5, -10.5, 24.1],
			"to": [9.5, -5.8, 28.1],
			"rotation": {"angle": -22.5, "axis": "x", "origin": [1, -2, -14]},
			"faces": {
				"north": {"uv": [14, 0, 14.125, 0.5875], "texture": "#main"},
				"east": {"uv": [15.25, 0.25, 15.75, 0.8375], "texture": "#main"},
				"south": {"uv": [14, 0, 14.125, 0.5875], "texture": "#main"},
				"west": {"uv": [15.25, 0.25, 15.75, 0.8375], "texture": "#main"},
				"up": {"uv": [14, 0, 14.125, 0.5], "texture": "#main"},
				"down": {"uv": [14, 0, 14.125, 0.5], "texture": "#main"}
			}
		},
		{
			"from": [8.5, 25.5, 15.1],
			"to": [9.5, 31.5, 19.1],
			"rotation": {"angle": 22.5, "axis": "x", "origin": [1, 0, -14]},
			"faces": {
				"north": {"uv": [14, 0, 14.125, 0.75], "texture": "#main"},
				"east": {"uv": [15.25, 0.25, 15.75, 1], "texture": "#main"},
				"south": {"uv": [14, 0, 14.125, 0.75], "texture": "#main"},
				"west": {"uv": [15.25, 0.25, 15.75, 1], "texture": "#main"},
				"up": {"uv": [14, 0, 14.125, 0.5], "texture": "#main"},
				"down": {"uv": [14, 0, 14.125, 0.5], "texture": "#main"}
			}
		},
		{
			"from": [6.5, 20.5, -15.9],
			"to": [9.5, 28, -11.9],
			"rotation": {"angle": 45, "axis": "x", "origin": [0, 0, -14]},
			"faces": {
				"north": {"uv": [14.75, 0, 15.6875, 0.5], "rotation": 90, "texture": "#main"},
				"east": {"uv": [14.75, 0, 15.6875, 0.5], "rotation": 90, "texture": "#main"},
				"south": {"uv": [14, 0, 14.25, 0.9375], "texture": "#main"},
				"west": {"uv": [14.75, 0, 15.6875, 0.5], "rotation": 90, "texture": "#main"},
				"up": {"uv": [14.5, 0.25, 14.875, 0.75], "texture": "#main"},
				"down": {"uv": [14, 0, 14.375, 0.5], "texture": "#main"}
			}
		},
		{
			"from": [6.501, 17.5, -5.4],
			"to": [9.481, 25, -1.4],
			"rotation": {"angle": 22.5, "axis": "x", "origin": [0, 0, -14]},
			"faces": {
				"north": {"uv": [14, 0, 14.25, 0.9375], "texture": "#main"},
				"east": {"uv": [14, 0, 14.5, 0.9375], "texture": "#main"},
				"south": {"uv": [14, 0, 14.25, 0.9375], "texture": "#main"},
				"west": {"uv": [14, 0, 14.5, 0.9375], "texture": "#main"},
				"up": {"uv": [14, 0, 14.375, 0.5], "texture": "#main"},
				"down": {"uv": [14, 0, 14.375, 0.5], "texture": "#main"}
			}
		},
		{
			"from": [6, 7, -10],
			"to": [10, 12, -2.5],
			"rotation": {"angle": -22.5, "axis": "x", "origin": [0, -6, -14]},
			"faces": {
				"north": {"uv": [14, 0, 14.5, 0.625], "texture": "#main"},
				"east": {"uv": [14, 0, 15, 0.625], "texture": "#main"},
				"south": {"uv": [14, 0, 14.5, 0.625], "texture": "#main"},
				"west": {"uv": [14, 0, 15, 0.625], "texture": "#main"},
				"up": {"uv": [14, 0, 14.5, 0.9375], "texture": "#main"},
				"down": {"uv": [14, 0, 14.5, 0.9375], "texture": "#main"}
			}
		},
		{
			"from": [5.9, 5, -12],
			"to": [10.1, 12, -2.5],
			"rotation": {"angle": -22.5, "axis": "x", "origin": [0, -6, -14]},
			"faces": {
				"north": {"uv": [12, 2, 12.525, 2.625], "texture": "#main"},
				"east": {"uv": [13.5625, 2.375, 12.125, 3.5], "texture": "#main"},
				"south": {"uv": [12, 2, 12.525, 2.625], "texture": "#main"},
				"west": {"uv": [12.125, 2.375, 13.5625, 3.5], "texture": "#main"},
				"up": {"uv": [12, 2, 12.525, 2.9375], "texture": "#main"},
				"down": {"uv": [12, 2, 12.525, 2.9375], "texture": "#main"}
			}
		},
		{
			"from": [0.9, 5.5, 0],
			"to": [7.9, 7, 7],
			"rotation": {"angle": 22.5, "axis": "z", "origin": [0, 0, 0]},
			"faces": {
				"north": {"uv": [14, 0, 14.875, 0.1875], "texture": "#main"},
				"east": {"uv": [14, 0, 14.875, 0.1875], "texture": "#main"},
				"south": {"uv": [14, 0, 14.875, 0.1875], "texture": "#main"},
				"west": {"uv": [14, 0, 14.875, 0.1875], "texture": "#main"},
				"up": {"uv": [15.125, 0.125, 16, 1], "texture": "#main"},
				"down": {"uv": [15.125, 0.125, 16, 1], "texture": "#main"}
			}
		},
		{
			"from": [8.4, 1.5, 13.2],
			"to": [10.4, 1.6, 15.2],
			"rotation": {"angle": 45, "axis": "z", "origin": [1, 0, 1.2]},
			"faces": {
				"north": {"uv": [14, 0, 14.25, 0.0125], "texture": "#main"},
				"east": {"uv": [14, 0, 14.25, 0.0125], "texture": "#main"},
				"south": {"uv": [14, 0, 14.25, 0.0125], "texture": "#main"},
				"west": {"uv": [14, 0, 14.25, 0.0125], "texture": "#main"},
				"up": {"uv": [14.625, 0.625, 14.875, 0.875], "texture": "#main"},
				"down": {"uv": [14.625, 0.625, 14.875, 0.875], "texture": "#main"}
			}
		},
		{
			"from": [7.4, 1.5, 13.2],
			"to": [8.4, 1.6, 14.2],
			"rotation": {"angle": 45, "axis": "z", "origin": [1, 0, 1.2]},
			"faces": {
				"north": {"uv": [14, 0.625, 14.125, 0.6375], "texture": "#main"},
				"east": {"uv": [14, 0.625, 14.125, 0.6375], "texture": "#main"},
				"south": {"uv": [14, 0.625, 14.125, 0.6375], "texture": "#main"},
				"west": {"uv": [14, 0.625, 14.125, 0.6375], "texture": "#main"},
				"up": {"uv": [14.75, 0.125, 14.875, 0.25], "texture": "#main"},
				"down": {"uv": [14.75, 0.125, 14.875, 0.25], "texture": "#main"}
			}
		},
		{
			"from": [2.9, 12.8, 13.2],
			"to": [4.9, 12.9, 15.2],
			"rotation": {"angle": -45, "axis": "z", "origin": [1, 0, 1.2]},
			"faces": {
				"north": {"uv": [14, 0, 14.25, 0.0125], "texture": "#main"},
				"east": {"uv": [14, 0, 14.25, 0.0125], "texture": "#main"},
				"south": {"uv": [14, 0, 14.25, 0.0125], "texture": "#main"},
				"west": {"uv": [14, 0, 14.25, 0.0125], "texture": "#main"},
				"up": {"uv": [14.625, 0.625, 14.875, 0.875], "texture": "#main"},
				"down": {"uv": [14.625, 0.625, 14.875, 0.875], "texture": "#main"}
			}
		},
		{
			"from": [4.9, 12.8, 13.2],
			"to": [5.9, 12.9, 14.2],
			"rotation": {"angle": -45, "axis": "z", "origin": [1, 0, 1.2]},
			"faces": {
				"north": {"uv": [14, 0.625, 14.125, 0.6375], "texture": "#main"},
				"east": {"uv": [14, 0.625, 14.125, 0.6375], "texture": "#main"},
				"south": {"uv": [14, 0.625, 14.125, 0.6375], "texture": "#main"},
				"west": {"uv": [14, 0.625, 14.125, 0.6375], "texture": "#main"},
				"up": {"uv": [14.75, 0.125, 14.875, 0.25], "texture": "#main"},
				"down": {"uv": [14.75, 0.125, 14.875, 0.25], "texture": "#main"}
			}
		},
		{
			"from": [6.9, 11.5, 0],
			"to": [13.9, 13, 7],
			"rotation": {"angle": -22.5, "axis": "z", "origin": [0, 0, 0]},
			"faces": {
				"north": {"uv": [14, 0, 14.875, 0.1875], "texture": "#main"},
				"east": {"uv": [14, 0, 14.875, 0.1875], "texture": "#main"},
				"south": {"uv": [14, 0, 14.875, 0.1875], "texture": "#main"},
				"west": {"uv": [14, 0, 14.875, 0.1875], "texture": "#main"},
				"up": {"uv": [15.125, 0.125, 16, 1], "texture": "#main"},
				"down": {"uv": [15.125, 0.125, 16, 1], "texture": "#main"}
			}
		},
		{
			"from": [6, 6.1, -15.1],
			"to": [8, 10, -6.8],
			"rotation": {"angle": 0, "axis": "x", "origin": [-1, -6, -14]},
			"faces": {
				"north": {"uv": [2.625, 5, 2.875, 5.4875], "texture": "#main"},
				"east": {"uv": [2, 5, 3.0375, 5.4875], "texture": "#main"},
				"south": {"uv": [2, 4, 2.25, 4.4875], "texture": "#main"},
				"west": {"uv": [2, 5, 3.0375, 5.4875], "texture": "#main"},
				"up": {"uv": [2, 4, 2.25, 5.0375], "texture": "#main"},
				"down": {"uv": [2.125, 5.375, 3.1625, 5.625], "rotation": 90, "texture": "#main"}
			}
		},
		{
			"from": [4.5, 6, -10.5],
			"to": [9.5, 15.2, -5.7],
			"rotation": {"angle": 0, "axis": "y", "origin": [-1, -6, -14]},
			"faces": {
				"north": {"uv": [2, 4, 2.625, 5.9], "texture": "#main"},
				"east": {"uv": [2, 4, 2.625, 5.125], "texture": "#main"},
				"south": {"uv": [2, 4, 2.625, 5.15], "texture": "#main"},
				"west": {"uv": [2, 4, 2.625, 5.125], "texture": "#main"},
				"up": {"uv": [2, 4, 2.625, 4.6], "texture": "#main"},
				"down": {"uv": [0, 4, 0.625, 4.6], "texture": "#main"}
			}
		},
		{
			"from": [4.5, 5.7, -5.7],
			"to": [11.5, 15.9, 9.1],
			"rotation": {"angle": 0, "axis": "y", "origin": [0, -6, -14]},
			"faces": {
				"north": {"uv": [2, 4, 2.8875, 6], "texture": "#main"},
				"east": {"uv": [2, 4, 3.875, 5.25], "texture": "#main"},
				"south": {"uv": [2, 4, 2.875, 6], "texture": "#main"},
				"west": {"uv": [2, 4, 3.875, 5.25], "texture": "#main"},
				"up": {"uv": [2.025, 4.125, 3.875, 5], "rotation": 90, "texture": "#main"},
				"down": {"uv": [0.5, 4, 1.375, 5.85], "texture": "#main"}
			}
		},
		{
			"from": [6.5, 6, 9.1],
			"to": [11.5, 15.2, 13.1],
			"rotation": {"angle": 0, "axis": "y", "origin": [0, -6, -14]},
			"faces": {
				"north": {"uv": [2, 4, 2.625, 5.15], "texture": "#main"},
				"east": {"uv": [2.875, 4, 3.375, 5.125], "texture": "#main"},
				"south": {"uv": [2, 4, 2.5, 5.525], "texture": "#main"},
				"west": {"uv": [2.875, 4, 3.375, 5.125], "texture": "#main"},
				"up": {"uv": [2, 4, 2.625, 4.5], "texture": "#main"},
				"down": {"uv": [0.5, 4, 1.125, 4.5], "texture": "#main"}
			}
		},
		{
			"from": [7.5, 6.7, 13.1],
			"to": [12.5, 14.2, 17.1],
			"rotation": {"angle": 0, "axis": "y", "origin": [2, -6, -14]},
			"faces": {
				"north": {"uv": [2, 4, 2.625, 4.9375], "texture": "#main"},
				"east": {"uv": [2.875, 4.325, 3.375, 5.2], "texture": "#main"},
				"south": {"uv": [2, 4, 2.5, 5.3125], "texture": "#main"},
				"west": {"uv": [2.875, 4.325, 3.375, 5.2], "texture": "#main"},
				"up": {"uv": [2, 4, 2.625, 4.5], "texture": "#main"},
				"down": {"uv": [0.5, 4, 1.125, 4.5], "texture": "#main"}
			}
		},
		{
			"from": [7.5, 7.5, 17.1],
			"to": [12.5, 13.2, 21.1],
			"rotation": {"angle": 0, "axis": "y", "origin": [2, -6, -14]},
			"faces": {
				"north": {"uv": [2, 4, 2.625, 4.7125], "texture": "#main"},
				"east": {"uv": [2.5, 4.375, 3, 5.125], "texture": "#main"},
				"south": {"uv": [2, 4, 2.5, 5.0875], "texture": "#main"},
				"west": {"uv": [2.5, 4.375, 3, 5.125], "texture": "#main"},
				"up": {"uv": [2, 4, 2.625, 4.5], "texture": "#main"},
				"down": {"uv": [0.625, 4, 1.25, 4.5], "texture": "#main"}
			}
		},
		{
			"from": [7.5, 8.5, 21.1],
			"to": [12.5, 13.2, 27.1],
			"rotation": {"angle": 0, "axis": "y", "origin": [2, -6, -14]},
			"faces": {
				"north": {"uv": [2, 4, 2.625, 4.5875], "texture": "#main"},
				"east": {"uv": [2.75, 4, 3.5, 4.625], "texture": "#main"},
				"south": {"uv": [2, 4.1625, 3.125, 5.375], "texture": "#main"},
				"west": {"uv": [2.75, 4, 3.5, 4.625], "texture": "#main"},
				"up": {"uv": [2, 4, 2.625, 4.75], "texture": "#main"},
				"down": {"uv": [0.625, 4, 1.25, 4.75], "texture": "#main"}
			}
		},
		{
			"from": [9.5, -10.5, 24.1],
			"to": [10.5, -5.8, 28.1],
			"rotation": {"angle": -22.5, "axis": "x", "origin": [2, -2, -14]},
			"faces": {
				"north": {"uv": [2, 4, 2.125, 4.5875], "texture": "#main"},
				"east": {"uv": [3.25, 4.25, 3.75, 4.8375], "texture": "#main"},
				"south": {"uv": [2, 4, 2.125, 4.5875], "texture": "#main"},
				"west": {"uv": [3.25, 4.25, 3.75, 4.8375], "texture": "#main"},
				"up": {"uv": [2, 4, 2.125, 4.5], "texture": "#main"},
				"down": {"uv": [2, 4, 2.125, 4.5], "texture": "#main"}
			}
		},
		{
			"from": [9.5, 25.5, 15.1],
			"to": [10.5, 31.5, 19.1],
			"rotation": {"angle": 22.5, "axis": "x", "origin": [2, 0, -14]},
			"faces": {
				"north": {"uv": [2, 4, 2.125, 4.75], "texture": "#main"},
				"east": {"uv": [3.25, 4.25, 3.75, 5], "texture": "#main"},
				"south": {"uv": [2, 4, 2.125, 4.75], "texture": "#main"},
				"west": {"uv": [3.25, 4.25, 3.75, 5], "texture": "#main"},
				"up": {"uv": [2, 4, 2.125, 4.5], "texture": "#main"},
				"down": {"uv": [2, 4, 2.125, 4.5], "texture": "#main"}
			}
		},
		{
			"from": [6.5, 20.5, -15.9],
			"to": [9.5, 28, -11.9],
			"rotation": {"angle": 45, "axis": "x", "origin": [0, 0, -14]},
			"faces": {
				"north": {"uv": [2.75, 4, 3.6875, 4.5], "rotation": 90, "texture": "#main"},
				"east": {"uv": [2.75, 4, 3.6875, 4.5], "rotation": 90, "texture": "#main"},
				"south": {"uv": [2, 4, 2.25, 4.9375], "texture": "#main"},
				"west": {"uv": [2.75, 4, 3.6875, 4.5], "rotation": 90, "texture": "#main"},
				"up": {"uv": [2.5, 4.25, 2.875, 4.75], "texture": "#main"},
				"down": {"uv": [2, 4, 2.375, 4.5], "texture": "#main"}
			}
		},
		{
			"from": [6.501, 17.5, -5.4],
			"to": [9.481, 25, -1.4],
			"rotation": {"angle": 22.5, "axis": "x", "origin": [0, 0, -14]},
			"faces": {
				"north": {"uv": [2, 4, 2.25, 4.9375], "texture": "#main"},
				"east": {"uv": [2, 4, 2.5, 4.9375], "texture": "#main"},
				"south": {"uv": [2, 4, 2.25, 4.9375], "texture": "#main"},
				"west": {"uv": [2, 4, 2.5, 4.9375], "texture": "#main"},
				"up": {"uv": [2, 4, 2.375, 4.5], "texture": "#main"},
				"down": {"uv": [2, 4, 2.375, 4.5], "texture": "#main"}
			}
		},
		{
			"from": [5, 7, -10],
			"to": [9, 12, -2.5],
			"rotation": {"angle": -22.5, "axis": "x", "origin": [0, -6, -14]},
			"faces": {
				"north": {"uv": [2, 4, 2.5, 4.625], "texture": "#main"},
				"east": {"uv": [2, 4, 3, 4.625], "texture": "#main"},
				"south": {"uv": [2, 4, 2.5, 4.625], "texture": "#main"},
				"west": {"uv": [2, 4, 3, 4.625], "texture": "#main"},
				"up": {"uv": [2, 4, 2.5, 4.9375], "texture": "#main"},
				"down": {"uv": [2, 4, 2.5, 4.9375], "texture": "#main"}
			}
		},
		{
			"from": [4.9, 5, -12],
			"to": [9.1, 12, -2.5],
			"rotation": {"angle": -22.5, "axis": "x", "origin": [-1, -6, -14]},
			"faces": {
				"north": {"uv": [0, 6, 0.525, 6.625], "texture": "#main"},
				"east": {"uv": [1.5625, 6.375, 0.125, 7.5], "texture": "#main"},
				"south": {"uv": [0, 6, 0.525, 6.625], "texture": "#main"},
				"west": {"uv": [0.125, 6.375, 1.5625, 7.5], "texture": "#main"},
				"up": {"uv": [0, 6, 0.525, 6.9375], "texture": "#main"},
				"down": {"uv": [0, 6, 0.525, 6.9375], "texture": "#main"}
			}
		},
		{
			"from": [0.9, 5.5, 0],
			"to": [7.9, 7, 7],
			"rotation": {"angle": 22.5, "axis": "z", "origin": [0, 0, 0]},
			"faces": {
				"north": {"uv": [2, 4, 2.875, 4.1875], "texture": "#main"},
				"east": {"uv": [2, 4, 2.875, 4.1875], "texture": "#main"},
				"south": {"uv": [2, 4, 2.875, 4.1875], "texture": "#main"},
				"west": {"uv": [2, 4, 2.875, 4.1875], "texture": "#main"},
				"up": {"uv": [3.125, 4.125, 4, 5], "texture": "#main"},
				"down": {"uv": [3.125, 4.125, 4, 5], "texture": "#main"}
			}
		},
		{
			"from": [9.4, 1.5, 13.2],
			"to": [11.4, 1.6, 15.2],
			"rotation": {"angle": 45, "axis": "z", "origin": [2, 0, 1.2]},
			"faces": {
				"north": {"uv": [2, 4, 2.25, 4.0125], "texture": "#main"},
				"east": {"uv": [2, 4, 2.25, 4.0125], "texture": "#main"},
				"south": {"uv": [2, 4, 2.25, 4.0125], "texture": "#main"},
				"west": {"uv": [2, 4, 2.25, 4.0125], "texture": "#main"},
				"up": {"uv": [2.625, 4.625, 2.875, 4.875], "texture": "#main"},
				"down": {"uv": [2.625, 4.625, 2.875, 4.875], "texture": "#main"}
			}
		},
		{
			"from": [8.4, 1.5, 13.2],
			"to": [9.4, 1.6, 14.2],
			"rotation": {"angle": 45, "axis": "z", "origin": [2, 0, 1.2]},
			"faces": {
				"north": {"uv": [2, 4.625, 2.125, 4.6375], "texture": "#main"},
				"east": {"uv": [2, 4.625, 2.125, 4.6375], "texture": "#main"},
				"south": {"uv": [2, 4.625, 2.125, 4.6375], "texture": "#main"},
				"west": {"uv": [2, 4.625, 2.125, 4.6375], "texture": "#main"},
				"up": {"uv": [2.75, 4.125, 2.875, 4.25], "texture": "#main"},
				"down": {"uv": [2.75, 4.125, 2.875, 4.25], "texture": "#main"}
			}
		},
		{
			"from": [3.9, 12.8, 13.2],
			"to": [5.9, 12.9, 15.2],
			"rotation": {"angle": -45, "axis": "z", "origin": [2, 0, 1.2]},
			"faces": {
				"north": {"uv": [2, 4, 2.25, 4.0125], "texture": "#main"},
				"east": {"uv": [2, 4, 2.25, 4.0125], "texture": "#main"},
				"south": {"uv": [2, 4, 2.25, 4.0125], "texture": "#main"},
				"west": {"uv": [2, 4, 2.25, 4.0125], "texture": "#main"},
				"up": {"uv": [2.625, 4.625, 2.875, 4.875], "texture": "#main"},
				"down": {"uv": [2.625, 4.625, 2.875, 4.875], "texture": "#main"}
			}
		},
		{
			"from": [5.9, 12.8, 13.2],
			"to": [6.9, 12.9, 14.2],
			"rotation": {"angle": -45, "axis": "z", "origin": [2, 0, 1.2]},
			"faces": {
				"north": {"uv": [2, 4.625, 2.125, 4.6375], "texture": "#main"},
				"east": {"uv": [2, 4.625, 2.125, 4.6375], "texture": "#main"},
				"south": {"uv": [2, 4.625, 2.125, 4.6375], "texture": "#main"},
				"west": {"uv": [2, 4.625, 2.125, 4.6375], "texture": "#main"},
				"up": {"uv": [2.75, 4.125, 2.875, 4.25], "texture": "#main"},
				"down": {"uv": [2.75, 4.125, 2.875, 4.25], "texture": "#main"}
			}
		},
		{
			"from": [6.9, 11.5, 0],
			"to": [13.9, 13, 7],
			"rotation": {"angle": -22.5, "axis": "z", "origin": [0, 0, 0]},
			"faces": {
				"north": {"uv": [2, 4, 2.875, 4.1875], "texture": "#main"},
				"east": {"uv": [2, 4, 2.875, 4.1875], "texture": "#main"},
				"south": {"uv": [2, 4, 2.875, 4.1875], "texture": "#main"},
				"west": {"uv": [2, 4, 2.875, 4.1875], "texture": "#main"},
				"up": {"uv": [3.125, 4.125, 4, 5], "texture": "#main"},
				"down": {"uv": [3.125, 4.125, 4, 5], "texture": "#main"}
			}
		}
	],
	"display": {
		"head": {
			"translation": [-0.25, -25, 7.75],
			"scale": [2.5, 2.5, 2.5]
		}
	}
}