{
	"credit": "Made with Blockbench",
	"textures": {
		"0": "block/bell_bottom",
		"1": "block/bell_side",
		"2": "block/bell_top",
		"particle": "block/bell_bottom"
	},
	"elements": [
		{
			"from": [12, 0, 2],
			"to": [14, 3, 14],
			"faces": {
				"north": {"uv": [1, 3, 3, 6], "texture": "#1"},
				"east": {"uv": [1, 3, 7, 6], "texture": "#1"},
				"south": {"uv": [0, 0, 2, 3], "texture": "#1"},
				"west": {"uv": [1, 4, 7, 7], "texture": "#1"},
				"up": {"uv": [1, 0, 7, 2], "rotation": 90, "texture": "#1"},
				"down": {"uv": [1, 5, 7, 7], "rotation": 270, "texture": "#1"}
			}
		},
		{
			"from": [2, 0, 2],
			"to": [4, 3, 14],
			"faces": {
				"north": {"uv": [0, 0, 2, 3], "texture": "#1"},
				"east": {"uv": [1, 4, 7, 7], "texture": "#1"},
				"south": {"uv": [1, 3, 3, 6], "texture": "#1"},
				"west": {"uv": [1, 3, 7, 6], "texture": "#1"},
				"up": {"uv": [1, 0, 7, 2], "rotation": 90, "texture": "#1"},
				"down": {"uv": [1, 5, 7, 7], "rotation": 90, "texture": "#1"}
			}
		},
		{
			"from": [4, 0, 2],
			"to": [12, 3, 4],
			"faces": {
				"south": {"uv": [1, 4, 7, 7], "texture": "#1"},
				"up": {"uv": [1, 0, 7, 2], "texture": "#1"},
				"down": {"uv": [1, 5, 7, 7], "rotation": 180, "texture": "#1"}
			}
		},
		{
			"from": [4, 0, 12],
			"to": [12, 3, 14],
			"faces": {
				"north": {"uv": [1, 4, 7, 7], "texture": "#1"},
				"up": {"uv": [1, 0, 7, 2], "texture": "#1"},
				"down": {"uv": [1, 5, 7, 7], "texture": "#1"}
			}
		},
		{
			"from": [14, 0, 3],
			"to": [15, 3, 13],
			"faces": {
				"north": {"uv": [1, 3, 2, 6], "texture": "#1"},
				"east": {"uv": [1, 3, 7, 6], "texture": "#1"},
				"south": {"uv": [1, 3, 2, 6], "texture": "#1"},
				"up": {"uv": [1, 0, 7, 1], "rotation": 90, "texture": "#1"},
				"down": {"uv": [1, 6, 7, 7], "rotation": 90, "texture": "#1"}
			}
		},
		{
			"from": [1, 0, 3],
			"to": [2, 3, 13],
			"faces": {
				"north": {"uv": [1, 3, 2, 6], "texture": "#1"},
				"south": {"uv": [1, 3, 2, 6], "texture": "#1"},
				"west": {"uv": [1, 3, 7, 6], "texture": "#1"},
				"up": {"uv": [1, 0, 7, 1], "rotation": 90, "texture": "#1"},
				"down": {"uv": [1, 6, 7, 7], "rotation": 90, "texture": "#1"}
			}
		},
		{
			"from": [3, 0, 14],
			"to": [13, 3, 15],
			"faces": {
				"east": {"uv": [1, 0, 4, 1], "rotation": 90, "texture": "#1"},
				"south": {"uv": [1, 0, 7, 3], "texture": "#1"},
				"west": {"uv": [1, 0, 4, 1], "rotation": 90, "texture": "#1"},
				"up": {"uv": [1, 0, 7, 1], "texture": "#1"},
				"down": {"uv": [1, 6, 7, 7], "texture": "#1"}
			}
		},
		{
			"from": [3, 0, 1],
			"to": [13, 3, 2],
			"faces": {
				"north": {"uv": [1, 3, 7, 6], "texture": "#1"},
				"east": {"uv": [1, 3, 2, 6], "texture": "#1"},
				"west": {"uv": [1, 3, 2, 6], "texture": "#1"},
				"up": {"uv": [1, 0, 7, 1], "texture": "#1"},
				"down": {"uv": [1, 6, 7, 7], "texture": "#1"}
			}
		},
		{
			"from": [4, 3, 4],
			"to": [12, 4, 12],
			"faces": {
				"down": {"uv": [0, 0, 8, 8], "texture": "#0"}
			}
		},
		{
			"from": [4, 13, 4],
			"to": [12, 14, 12],
			"faces": {
				"north": {"uv": [1, 0, 7, 1], "texture": "#1"},
				"east": {"uv": [1, 0, 7, 1], "texture": "#1"},
				"south": {"uv": [1, 0, 7, 1], "texture": "#1"},
				"west": {"uv": [1, 0, 7, 1], "texture": "#1"},
				"up": {"uv": [0, 0, 8, 8], "texture": "#2"},
				"down": {"uv": [0, 0, 8, 8], "texture": "#2"}
			}
		},
		{
			"from": [3, 2, 4],
			"to": [4, 13, 12],
			"faces": {
				"north": {"uv": [1, 0, 2, 7], "texture": "#1"},
				"east": {"uv": [0, 0, 8, 11], "texture": "#1"},
				"south": {"uv": [1, 0, 2, 7], "texture": "#1"},
				"west": {"uv": [1, 0, 7, 7], "texture": "#1"},
				"up": {"uv": [1, 0, 7, 1], "rotation": 90, "texture": "#1"}
			}
		},
		{
			"from": [12, 2, 4],
			"to": [13, 13, 12],
			"faces": {
				"north": {"uv": [1, 0, 2, 7], "texture": "#1"},
				"east": {"uv": [1, 0, 7, 7], "texture": "#1"},
				"south": {"uv": [1, 0, 2, 7], "texture": "#1"},
				"west": {"uv": [0, 0, 8, 11], "texture": "#1"},
				"up": {"uv": [1, 0, 7, 1], "rotation": 90, "texture": "#1"}
			}
		},
		{
			"from": [4, 2, 12],
			"to": [12, 13, 13],
			"faces": {
				"north": {"uv": [0, 0, 8, 11], "texture": "#1"},
				"east": {"uv": [1, 0, 2, 7], "texture": "#1"},
				"south": {"uv": [1, 0, 7, 7], "texture": "#1"},
				"west": {"uv": [1, 0, 2, 7], "texture": "#1"},
				"up": {"uv": [1, 0, 7, 1], "texture": "#1"}
			}
		},
		{
			"from": [4, 2, 3],
			"to": [12, 13, 4],
			"faces": {
				"north": {"uv": [1, 0, 7, 7], "texture": "#1"},
				"east": {"uv": [1, 0, 2, 7], "texture": "#1"},
				"south": {"uv": [0, 0, 8, 11], "texture": "#1"},
				"west": {"uv": [1, 0, 2, 7], "texture": "#1"},
				"up": {"uv": [1, 0, 7, 1], "texture": "#1"}
			}
		},
		{
			"from": [7, 0, 7],
			"to": [9, 3, 9],
			"faces": {
				"north": {"uv": [0, 0, 1, 3], "texture": "#0"},
				"east": {"uv": [0, 0, 1, 2], "texture": "#0"},
				"south": {"uv": [0, 0, 1, 3], "texture": "#0"},
				"west": {"uv": [0, 0, 1, 2], "texture": "#0"},
				"down": {"uv": [3, 3, 5, 5], "texture": "#0"}
			}
		}
	],
	"display": {
		"head": {
			"translation": [0, -22.25, 0],
			"scale": [1.2, 1.2, 1.2]
		}
	}
}