{
	"credit": "Made with Blockbench",
	"textures": {
		"0": "block/snow",
		"2": "block/campfire_log",
		"3": "block/coal_block",
		"7": "block/red_wool",
		"9": "hat/black_wool",
		"10": "hat/gray_wool",
		"11": "hat/hat_skull",
		"particle": "block/snow"
	},
	"elements": [
		{
			"from": [9, 17, 7],
			"to": [17, 18, 13],
			"rotation": {"angle": 0, "axis": "y", "origin": [18, 25, 14]},
			"faces": {
				"north": {"uv": [0, 0, 8, 1], "texture": "#0"},
				"east": {"uv": [0, 0, 6, 1], "texture": "#0"},
				"south": {"uv": [0, 0, 8, 1], "texture": "#0"},
				"west": {"uv": [0, 0, 6, 1], "texture": "#0"},
				"down": {"uv": [0, 0, 8, 6], "texture": "#0"}
			}
		},
		{
			"from": [10, 17, 13],
			"to": [16, 18, 14],
			"rotation": {"angle": 0, "axis": "y", "origin": [18, 25, 20]},
			"faces": {
				"east": {"uv": [0, 0, 1, 1], "texture": "#0"},
				"south": {"uv": [0, 0, 6, 1], "texture": "#0"},
				"west": {"uv": [0, 0, 1, 1], "texture": "#0"},
				"down": {"uv": [0, 0, 6, 1], "texture": "#0"}
			}
		},
		{
			"from": [10, 17, 6],
			"to": [16, 18, 7],
			"rotation": {"angle": 0, "axis": "y", "origin": [18, 25, 13]},
			"faces": {
				"north": {"uv": [0, 0, 6, 1], "texture": "#0"},
				"east": {"uv": [0, 0, 1, 1], "texture": "#0"},
				"west": {"uv": [0, 0, 1, 1], "texture": "#0"},
				"down": {"uv": [0, 0, 6, 1], "texture": "#0"}
			}
		},
		{
			"from": [10, 11, 5],
			"to": [16, 17, 6],
			"rotation": {"angle": 0, "axis": "y", "origin": [18, 24, 12]},
			"faces": {
				"north": {"uv": [0, 0, 6, 6], "texture": "#0"},
				"east": {"uv": [0, 0, 1, 6], "texture": "#0"},
				"south": {"uv": [0, 0, 6, 6], "texture": "#0"},
				"west": {"uv": [0, 0, 1, 6], "texture": "#0"},
				"up": {"uv": [0, 0, 6, 1], "texture": "#0"},
				"down": {"uv": [0, 0, 6, 1], "texture": "#0"}
			}
		},
		{
			"from": [10, 11, 14],
			"to": [16, 17, 15],
			"rotation": {"angle": 0, "axis": "y", "origin": [18, 24, 21]},
			"faces": {
				"north": {"uv": [0, 0, 6, 6], "texture": "#0"},
				"east": {"uv": [0, 0, 1, 6], "texture": "#0"},
				"south": {"uv": [0, 0, 6, 6], "texture": "#0"},
				"west": {"uv": [0, 0, 1, 6], "texture": "#0"},
				"up": {"uv": [0, 0, 6, 1], "texture": "#0"},
				"down": {"uv": [0, 0, 6, 1], "texture": "#0"}
			}
		},
		{
			"from": [17, 11, 7],
			"to": [18, 17, 13],
			"rotation": {"angle": 0, "axis": "y", "origin": [20, 24, 18]},
			"faces": {
				"north": {"uv": [0, 0, 1, 6], "texture": "#0"},
				"east": {"uv": [0, 0, 6, 6], "texture": "#0"},
				"south": {"uv": [0, 0, 1, 6], "texture": "#0"},
				"west": {"uv": [0, 0, 6, 6], "texture": "#0"},
				"up": {"uv": [0, 0, 1, 6], "texture": "#0"},
				"down": {"uv": [0, 0, 1, 6], "texture": "#0"}
			}
		},
		{
			"from": [8, 11, 7],
			"to": [9, 17, 13],
			"rotation": {"angle": 0, "axis": "y", "origin": [11, 24, 18]},
			"faces": {
				"north": {"uv": [0, 0, 1, 6], "texture": "#0"},
				"east": {"uv": [0, 0, 6, 6], "texture": "#0"},
				"south": {"uv": [0, 0, 1, 6], "texture": "#0"},
				"west": {"uv": [0, 0, 6, 6], "texture": "#0"},
				"up": {"uv": [0, 0, 1, 6], "texture": "#0"},
				"down": {"uv": [0, 0, 1, 6], "texture": "#0"}
			}
		},
		{
			"from": [9, 10, 7],
			"to": [17, 11, 13],
			"rotation": {"angle": 0, "axis": "y", "origin": [18, 18, 14]},
			"faces": {
				"north": {"uv": [0, 0, 8, 1], "texture": "#0"},
				"east": {"uv": [0, 0, 6, 1], "texture": "#0"},
				"south": {"uv": [0, 0, 8, 1], "texture": "#0"},
				"west": {"uv": [0, 0, 6, 1], "texture": "#0"},
				"up": {"uv": [0, 0, 8, 6], "texture": "#0"}
			}
		},
		{
			"from": [10, 10, 6],
			"to": [16, 11, 7],
			"rotation": {"angle": 0, "axis": "y", "origin": [18, 18, 13]},
			"faces": {
				"north": {"uv": [0, 0, 6, 1], "texture": "#0"},
				"east": {"uv": [0, 0, 1, 1], "texture": "#0"},
				"west": {"uv": [0, 0, 1, 1], "texture": "#0"},
				"up": {"uv": [0, 0, 6, 1], "texture": "#0"}
			}
		},
		{
			"from": [10, 10, 13],
			"to": [16, 11, 14],
			"rotation": {"angle": 0, "axis": "y", "origin": [18, 18, 20]},
			"faces": {
				"east": {"uv": [0, 0, 1, 1], "texture": "#0"},
				"south": {"uv": [0, 0, 6, 1], "texture": "#0"},
				"west": {"uv": [0, 0, 1, 1], "texture": "#0"},
				"up": {"uv": [0, 0, 6, 1], "texture": "#0"}
			}
		},
		{
			"from": [16, 11, 13],
			"to": [17, 17, 14],
			"rotation": {"angle": 0, "axis": "y", "origin": [19, 19, 20]},
			"faces": {
				"north": {"uv": [0, 0, 1, 6], "texture": "#0"},
				"east": {"uv": [0, 0, 1, 6], "texture": "#0"},
				"south": {"uv": [0, 0, 1, 6], "texture": "#0"},
				"west": {"uv": [0, 0, 1, 6], "texture": "#0"},
				"up": {"uv": [0, 0, 1, 1], "texture": "#0"},
				"down": {"uv": [0, 0, 1, 1], "texture": "#0"}
			}
		},
		{
			"from": [9, 11, 13],
			"to": [10, 17, 14],
			"rotation": {"angle": 0, "axis": "y", "origin": [12, 19, 20]},
			"faces": {
				"north": {"uv": [0, 0, 1, 6], "texture": "#0"},
				"east": {"uv": [0, 0, 1, 6], "texture": "#0"},
				"south": {"uv": [0, 0, 1, 6], "texture": "#0"},
				"west": {"uv": [0, 0, 1, 6], "texture": "#0"},
				"up": {"uv": [0, 0, 1, 1], "texture": "#0"},
				"down": {"uv": [0, 0, 1, 1], "texture": "#0"}
			}
		},
		{
			"from": [9, 11, 6],
			"to": [10, 17, 7],
			"rotation": {"angle": 0, "axis": "y", "origin": [12, 19, 13]},
			"faces": {
				"north": {"uv": [0, 0, 1, 6], "texture": "#0"},
				"east": {"uv": [0, 0, 1, 6], "texture": "#0"},
				"south": {"uv": [0, 0, 1, 6], "texture": "#0"},
				"west": {"uv": [0, 0, 1, 6], "texture": "#0"},
				"up": {"uv": [0, 0, 1, 1], "texture": "#0"},
				"down": {"uv": [0, 0, 1, 1], "texture": "#0"}
			}
		},
		{
			"from": [16, 11, 6],
			"to": [17, 17, 7],
			"rotation": {"angle": 0, "axis": "y", "origin": [19, 19, 13]},
			"faces": {
				"north": {"uv": [0, 0, 1, 6], "texture": "#0"},
				"east": {"uv": [0, 0, 1, 6], "texture": "#0"},
				"south": {"uv": [0, 0, 1, 6], "texture": "#0"},
				"west": {"uv": [0, 0, 1, 6], "texture": "#0"},
				"up": {"uv": [0, 0, 1, 1], "texture": "#0"},
				"down": {"uv": [0, 0, 1, 1], "texture": "#0"}
			}
		},
		{
			"from": [8, 12, 6],
			"to": [9, 16, 7],
			"rotation": {"angle": 0, "axis": "y", "origin": [11, 19, 13]},
			"faces": {
				"north": {"uv": [0, 0, 1, 4], "texture": "#0"},
				"west": {"uv": [0, 0, 1, 4], "texture": "#0"},
				"up": {"uv": [0, 0, 1, 1], "texture": "#0"},
				"down": {"uv": [0, 0, 1, 1], "texture": "#0"}
			}
		},
		{
			"from": [9, 12, 5],
			"to": [10, 16, 6],
			"rotation": {"angle": 0, "axis": "y", "origin": [12, 19, 12]},
			"faces": {
				"north": {"uv": [0, 0, 1, 4], "texture": "#0"},
				"west": {"uv": [0, 0, 1, 4], "texture": "#0"},
				"up": {"uv": [0, 0, 1, 1], "texture": "#0"},
				"down": {"uv": [0, 0, 1, 1], "texture": "#0"}
			}
		},
		{
			"from": [16, 12, 5],
			"to": [17, 16, 6],
			"rotation": {"angle": 0, "axis": "y", "origin": [19, 19, 12]},
			"faces": {
				"north": {"uv": [0, 0, 1, 4], "texture": "#0"},
				"east": {"uv": [0, 0, 1, 4], "texture": "#0"},
				"up": {"uv": [0, 0, 1, 1], "texture": "#0"},
				"down": {"uv": [0, 0, 1, 1], "texture": "#0"}
			}
		},
		{
			"from": [17, 12, 6],
			"to": [18, 16, 7],
			"rotation": {"angle": 0, "axis": "y", "origin": [20, 19, 13]},
			"faces": {
				"north": {"uv": [0, 0, 1, 4], "texture": "#0"},
				"east": {"uv": [0, 0, 1, 4], "texture": "#0"},
				"up": {"uv": [0, 0, 1, 1], "texture": "#0"},
				"down": {"uv": [0, 0, 1, 1], "texture": "#0"}
			}
		},
		{
			"from": [17, 12, 13],
			"to": [18, 16, 14],
			"rotation": {"angle": 0, "axis": "y", "origin": [20, 19, 20]},
			"faces": {
				"east": {"uv": [0, 0, 1, 4], "texture": "#0"},
				"south": {"uv": [0, 0, 1, 4], "texture": "#0"},
				"up": {"uv": [0, 0, 1, 1], "texture": "#0"},
				"down": {"uv": [0, 0, 1, 1], "texture": "#0"}
			}
		},
		{
			"from": [16, 12, 14],
			"to": [17, 16, 15],
			"rotation": {"angle": 0, "axis": "y", "origin": [19, 19, 21]},
			"faces": {
				"east": {"uv": [0, 0, 1, 4], "texture": "#0"},
				"south": {"uv": [0, 0, 1, 4], "texture": "#0"},
				"up": {"uv": [0, 0, 1, 1], "texture": "#0"},
				"down": {"uv": [0, 0, 1, 1], "texture": "#0"}
			}
		},
		{
			"from": [9, 12, 14],
			"to": [10, 16, 15],
			"rotation": {"angle": 0, "axis": "y", "origin": [12, 19, 21]},
			"faces": {
				"south": {"uv": [0, 0, 1, 4], "texture": "#0"},
				"west": {"uv": [0, 0, 1, 4], "texture": "#0"},
				"up": {"uv": [0, 0, 1, 1], "texture": "#0"},
				"down": {"uv": [0, 0, 1, 1], "texture": "#0"}
			}
		},
		{
			"from": [8, 12, 13],
			"to": [9, 16, 14],
			"rotation": {"angle": 0, "axis": "y", "origin": [11, 19, 20]},
			"faces": {
				"south": {"uv": [0, 0, 1, 4], "texture": "#0"},
				"west": {"uv": [0, 0, 1, 4], "texture": "#0"},
				"up": {"uv": [0, 0, 1, 1], "texture": "#0"},
				"down": {"uv": [0, 0, 1, 1], "texture": "#0"}
			}
		},
		{
			"from": [11, 17, 14],
			"to": [15, 18, 15],
			"rotation": {"angle": 0, "axis": "y", "origin": [14, 21, 21]},
			"faces": {
				"east": {"uv": [0, 0, 1, 1], "texture": "#0"},
				"south": {"uv": [0, 0, 4, 1], "texture": "#0"},
				"west": {"uv": [0, 0, 1, 1], "texture": "#0"}
			}
		},
		{
			"from": [11, 10, 14],
			"to": [15, 11, 15],
			"rotation": {"angle": 0, "axis": "y", "origin": [14, 14, 21]},
			"faces": {
				"east": {"uv": [0, 0, 1, 1], "texture": "#0"},
				"south": {"uv": [0, 0, 4, 1], "texture": "#0"},
				"west": {"uv": [0, 0, 1, 1], "texture": "#0"}
			}
		},
		{
			"from": [11, 10, 5],
			"to": [15, 11, 6],
			"rotation": {"angle": 0, "axis": "y", "origin": [14, 14, 12]},
			"faces": {
				"north": {"uv": [0, 0, 4, 1], "texture": "#0"},
				"east": {"uv": [0, 0, 1, 1], "texture": "#0"},
				"west": {"uv": [0, 0, 1, 1], "texture": "#0"}
			}
		},
		{
			"from": [11, 17, 5],
			"to": [15, 18, 6],
			"rotation": {"angle": 0, "axis": "y", "origin": [14, 21, 12]},
			"faces": {
				"north": {"uv": [0, 0, 4, 1], "texture": "#0"},
				"east": {"uv": [0, 0, 1, 1], "texture": "#0"},
				"west": {"uv": [0, 0, 1, 1], "texture": "#0"}
			}
		},
		{
			"from": [8, 17, 8],
			"to": [9, 18, 12],
			"rotation": {"angle": 0, "axis": "y", "origin": [11, 21, 15]},
			"faces": {
				"north": {"uv": [0, 0, 1, 1], "texture": "#0"},
				"south": {"uv": [0, 0, 1, 1], "texture": "#0"},
				"west": {"uv": [0, 0, 4, 1], "texture": "#0"}
			}
		},
		{
			"from": [8, 10, 8],
			"to": [9, 11, 12],
			"rotation": {"angle": 0, "axis": "y", "origin": [11, 14, 15]},
			"faces": {
				"north": {"uv": [0, 0, 1, 1], "texture": "#0"},
				"south": {"uv": [0, 0, 1, 1], "texture": "#0"},
				"west": {"uv": [0, 0, 4, 1], "texture": "#0"}
			}
		},
		{
			"from": [17, 10, 8],
			"to": [18, 11, 12],
			"rotation": {"angle": 0, "axis": "y", "origin": [20, 14, 15]},
			"faces": {
				"north": {"uv": [0, 0, 1, 1], "texture": "#0"},
				"east": {"uv": [0, 0, 4, 1], "texture": "#0"},
				"south": {"uv": [0, 0, 1, 1], "texture": "#0"}
			}
		},
		{
			"from": [17, 17, 8],
			"to": [18, 18, 12],
			"rotation": {"angle": 0, "axis": "y", "origin": [20, 21, 15]},
			"faces": {
				"north": {"uv": [0, 0, 1, 1], "texture": "#0"},
				"east": {"uv": [0, 0, 4, 1], "texture": "#0"},
				"south": {"uv": [0, 0, 1, 1], "texture": "#0"}
			}
		},
		{
			"from": [9, -3, 6],
			"to": [17, 0, 14],
			"rotation": {"angle": 0, "axis": "y", "origin": [17, 5, 14]},
			"faces": {
				"north": {"uv": [0, 0, 8, 3], "texture": "#0"},
				"east": {"uv": [0, 0, 8, 3], "texture": "#0"},
				"south": {"uv": [0, 0, 8, 3], "texture": "#0"},
				"west": {"uv": [0, 0, 8, 3], "texture": "#0"}
			}
		},
		{
			"from": [8, 5, 6],
			"to": [18, 8, 14],
			"rotation": {"angle": 0, "axis": "y", "origin": [17, 13, 13]},
			"faces": {
				"north": {"uv": [0, 0, 10, 3], "texture": "#0"},
				"east": {"uv": [0, 0, 8, 3], "texture": "#0"},
				"south": {"uv": [0, 0, 10, 3], "texture": "#0"},
				"west": {"uv": [0, 0, 8, 3], "texture": "#0"},
				"up": {"uv": [0, 0, 10, 8], "texture": "#0"},
				"down": {"uv": [0, 0, 10, 8], "texture": "#0"}
			}
		},
		{
			"from": [9, 5, 12],
			"to": [17, 8, 15],
			"rotation": {"angle": 0, "axis": "y", "origin": [17, 13, 19]},
			"faces": {
				"east": {"uv": [0, 0, 3, 3], "texture": "#0"},
				"south": {"uv": [0, 0, 8, 3], "texture": "#0"},
				"west": {"uv": [0, 0, 3, 3], "texture": "#0"},
				"up": {"uv": [0, 0, 8, 3], "texture": "#0"}
			}
		},
		{
			"from": [9, 5, 5],
			"to": [17, 8, 8],
			"rotation": {"angle": 0, "axis": "y", "origin": [17, 13, 12]},
			"faces": {
				"north": {"uv": [0, 0, 8, 3], "texture": "#0"},
				"east": {"uv": [0, 0, 3, 3], "texture": "#0"},
				"west": {"uv": [0, 0, 3, 3], "texture": "#0"},
				"up": {"uv": [0, 0, 8, 3], "texture": "#0"}
			}
		},
		{
			"from": [9, -1, 4],
			"to": [17, 7, 7],
			"rotation": {"angle": 0, "axis": "y", "origin": [17, 12, 11]},
			"faces": {
				"north": {"uv": [0, 0, 8, 8], "texture": "#0"},
				"east": {"uv": [0, 0, 3, 8], "texture": "#0"},
				"south": {"uv": [0, 0, 8, 8], "texture": "#0"},
				"west": {"uv": [0, 0, 3, 8], "texture": "#0"},
				"up": {"uv": [0, 0, 8, 3], "texture": "#0"},
				"down": {"uv": [0, 0, 8, 3], "texture": "#0"}
			}
		},
		{
			"from": [9, -1, 13],
			"to": [17, 7, 16],
			"rotation": {"angle": 0, "axis": "y", "origin": [17, 12, 20]},
			"faces": {
				"north": {"uv": [0, 0, 8, 8], "texture": "#0"},
				"east": {"uv": [0, 0, 3, 8], "texture": "#0"},
				"south": {"uv": [0, 0, 8, 8], "texture": "#0"},
				"west": {"uv": [0, 0, 3, 8], "texture": "#0"},
				"up": {"uv": [0, 0, 8, 3], "texture": "#0"},
				"down": {"uv": [0, 0, 8, 3], "texture": "#0"}
			}
		},
		{
			"from": [16, -1, 6],
			"to": [19, 7, 14],
			"rotation": {"angle": 0, "axis": "y", "origin": [19, 12, 17]},
			"faces": {
				"north": {"uv": [0, 0, 3, 8], "texture": "#0"},
				"east": {"uv": [0, 0, 8, 8], "texture": "#0"},
				"south": {"uv": [0, 0, 3, 8], "texture": "#0"},
				"west": {"uv": [0, 0, 8, 8], "texture": "#0"},
				"up": {"uv": [0, 0, 3, 8], "texture": "#0"},
				"down": {"uv": [0, 0, 3, 8], "texture": "#0"}
			}
		},
		{
			"from": [7, -1, 6],
			"to": [10, 7, 14],
			"rotation": {"angle": 0, "axis": "y", "origin": [10, 12, 17]},
			"faces": {
				"north": {"uv": [0, 0, 3, 8], "texture": "#0"},
				"east": {"uv": [0, 0, 8, 8], "texture": "#0"},
				"south": {"uv": [0, 0, 3, 8], "texture": "#0"},
				"west": {"uv": [0, 0, 8, 8], "texture": "#0"},
				"up": {"uv": [0, 0, 3, 8], "texture": "#0"},
				"down": {"uv": [0, 0, 3, 8], "texture": "#0"}
			}
		},
		{
			"from": [8, -2, 6],
			"to": [18, 1, 14],
			"rotation": {"angle": 0, "axis": "y", "origin": [17, 6, 13]},
			"faces": {
				"north": {"uv": [0, 0, 10, 3], "texture": "#0"},
				"east": {"uv": [0, 0, 8, 3], "texture": "#0"},
				"south": {"uv": [0, 0, 10, 3], "texture": "#0"},
				"west": {"uv": [0, 0, 8, 3], "texture": "#0"},
				"up": {"uv": [0, 0, 10, 8], "texture": "#0"},
				"down": {"uv": [0, 0, 10, 8], "texture": "#0"}
			}
		},
		{
			"from": [9, -2, 5],
			"to": [17, 1, 8],
			"rotation": {"angle": 0, "axis": "y", "origin": [17, 6, 12]},
			"faces": {
				"north": {"uv": [0, 0, 8, 3], "texture": "#0"},
				"east": {"uv": [0, 0, 3, 3], "texture": "#0"},
				"west": {"uv": [0, 0, 3, 3], "texture": "#0"},
				"down": {"uv": [0, 0, 8, 3], "texture": "#0"}
			}
		},
		{
			"from": [9, -2, 12],
			"to": [17, 1, 15],
			"rotation": {"angle": 0, "axis": "y", "origin": [17, 6, 19]},
			"faces": {
				"east": {"uv": [0, 0, 3, 3], "texture": "#0"},
				"south": {"uv": [0, 0, 8, 3], "texture": "#0"},
				"west": {"uv": [0, 0, 3, 3], "texture": "#0"},
				"down": {"uv": [0, 0, 8, 3], "texture": "#0"}
			}
		},
		{
			"from": [15, -1, 12],
			"to": [18, 7, 15],
			"rotation": {"angle": 0, "axis": "y", "origin": [18, 7, 19]},
			"faces": {
				"north": {"uv": [0, 0, 3, 8], "texture": "#0"},
				"east": {"uv": [0, 0, 3, 8], "texture": "#0"},
				"south": {"uv": [0, 0, 3, 8], "texture": "#0"},
				"west": {"uv": [0, 0, 3, 8], "texture": "#0"},
				"up": {"uv": [0, 0, 3, 3], "texture": "#0"},
				"down": {"uv": [0, 0, 3, 3], "texture": "#0"}
			}
		},
		{
			"from": [8, -1, 12],
			"to": [11, 7, 15],
			"rotation": {"angle": 0, "axis": "y", "origin": [11, 7, 19]},
			"faces": {
				"north": {"uv": [0, 0, 3, 8], "texture": "#0"},
				"east": {"uv": [0, 0, 3, 8], "texture": "#0"},
				"south": {"uv": [0, 0, 3, 8], "texture": "#0"},
				"west": {"uv": [0, 0, 3, 8], "texture": "#0"},
				"up": {"uv": [0, 0, 3, 3], "texture": "#0"},
				"down": {"uv": [0, 0, 3, 3], "texture": "#0"}
			}
		},
		{
			"from": [8, -1, 5],
			"to": [11, 7, 8],
			"rotation": {"angle": 0, "axis": "y", "origin": [11, 7, 12]},
			"faces": {
				"north": {"uv": [0, 0, 3, 8], "texture": "#0"},
				"east": {"uv": [0, 0, 3, 8], "texture": "#0"},
				"south": {"uv": [0, 0, 3, 8], "texture": "#0"},
				"west": {"uv": [0, 0, 3, 8], "texture": "#0"},
				"up": {"uv": [0, 0, 3, 3], "texture": "#0"},
				"down": {"uv": [0, 0, 3, 3], "texture": "#0"}
			}
		},
		{
			"from": [15, -1, 5],
			"to": [18, 7, 8],
			"rotation": {"angle": 0, "axis": "y", "origin": [18, 7, 12]},
			"faces": {
				"north": {"uv": [0, 0, 3, 8], "texture": "#0"},
				"east": {"uv": [0, 0, 3, 8], "texture": "#0"},
				"south": {"uv": [0, 0, 3, 8], "texture": "#0"},
				"west": {"uv": [0, 0, 3, 8], "texture": "#0"},
				"up": {"uv": [0, 0, 3, 3], "texture": "#0"},
				"down": {"uv": [0, 0, 3, 3], "texture": "#0"}
			}
		},
		{
			"from": [7, 0, 5],
			"to": [10, 6, 6],
			"rotation": {"angle": 0, "axis": "y", "origin": [10, 7, 12]},
			"faces": {
				"north": {"uv": [0, 0, 1, 6], "texture": "#0"},
				"west": {"uv": [0, 0, 1, 6], "texture": "#0"},
				"up": {"uv": [0, 0, 1, 3], "texture": "#0"},
				"down": {"uv": [0, 0, 1, 3], "texture": "#0"}
			}
		},
		{
			"from": [8, 0, 4],
			"to": [9, 6, 7],
			"rotation": {"angle": 0, "axis": "y", "origin": [11, 7, 11]},
			"faces": {
				"north": {"uv": [0, 0, 1, 6], "texture": "#0"},
				"west": {"uv": [0, 0, 1, 6], "texture": "#0"},
				"up": {"uv": [0, 0, 1, 3], "texture": "#0"},
				"down": {"uv": [0, 0, 1, 3], "texture": "#0"}
			}
		},
		{
			"from": [17, 0, 4],
			"to": [18, 6, 7],
			"rotation": {"angle": 0, "axis": "y", "origin": [18, 7, 11]},
			"faces": {
				"north": {"uv": [0, 0, 1, 6], "texture": "#0"},
				"east": {"uv": [0, 0, 1, 6], "texture": "#0"},
				"up": {"uv": [0, 0, 1, 3], "texture": "#0"},
				"down": {"uv": [0, 0, 1, 3], "texture": "#0"}
			}
		},
		{
			"from": [16, 0, 5],
			"to": [19, 6, 6],
			"rotation": {"angle": 0, "axis": "y", "origin": [19, 7, 12]},
			"faces": {
				"north": {"uv": [0, 0, 1, 6], "texture": "#0"},
				"east": {"uv": [0, 0, 1, 6], "texture": "#0"},
				"up": {"uv": [0, 0, 1, 3], "texture": "#0"},
				"down": {"uv": [0, 0, 1, 3], "texture": "#0"}
			}
		},
		{
			"from": [16, 0, 14],
			"to": [19, 6, 15],
			"rotation": {"angle": 0, "axis": "y", "origin": [19, 7, 19]},
			"faces": {
				"east": {"uv": [0, 0, 1, 6], "texture": "#0"},
				"south": {"uv": [0, 0, 1, 6], "texture": "#0"},
				"up": {"uv": [0, 0, 1, 3], "texture": "#0"},
				"down": {"uv": [0, 0, 1, 3], "texture": "#0"}
			}
		},
		{
			"from": [17, 0, 13],
			"to": [18, 6, 16],
			"rotation": {"angle": 0, "axis": "y", "origin": [18, 7, 20]},
			"faces": {
				"east": {"uv": [0, 0, 1, 6], "texture": "#0"},
				"south": {"uv": [0, 0, 1, 6], "texture": "#0"},
				"up": {"uv": [0, 0, 1, 3], "texture": "#0"},
				"down": {"uv": [0, 0, 1, 3], "texture": "#0"}
			}
		},
		{
			"from": [8, 0, 13],
			"to": [9, 6, 16],
			"rotation": {"angle": 0, "axis": "y", "origin": [11, 7, 20]},
			"faces": {
				"south": {"uv": [0, 0, 1, 6], "texture": "#0"},
				"west": {"uv": [0, 0, 1, 6], "texture": "#0"},
				"up": {"uv": [0, 0, 1, 3], "texture": "#0"},
				"down": {"uv": [0, 0, 1, 3], "texture": "#0"}
			}
		},
		{
			"from": [7, 0, 14],
			"to": [10, 6, 15],
			"rotation": {"angle": 0, "axis": "y", "origin": [10, 7, 19]},
			"faces": {
				"south": {"uv": [0, 0, 1, 6], "texture": "#0"},
				"west": {"uv": [0, 0, 1, 6], "texture": "#0"},
				"up": {"uv": [0, 0, 1, 3], "texture": "#0"},
				"down": {"uv": [0, 0, 1, 3], "texture": "#0"}
			}
		},
		{
			"from": [10, 7, 13],
			"to": [16, 8, 16],
			"rotation": {"angle": 0, "axis": "y", "origin": [13, 9, 20]},
			"faces": {
				"east": {"uv": [0, 0, 3, 1], "texture": "#0"},
				"south": {"uv": [0, 0, 6, 1], "texture": "#0"},
				"west": {"uv": [0, 0, 3, 1], "texture": "#0"},
				"up": {"uv": [0, 0, 6, 1], "texture": "#0"}
			}
		},
		{
			"from": [10, -2, 13],
			"to": [16, -1, 16],
			"rotation": {"angle": 0, "axis": "y", "origin": [13, 2, 20]},
			"faces": {
				"east": {"uv": [0, 0, 3, 1], "texture": "#0"},
				"south": {"uv": [0, 0, 6, 1], "texture": "#0"},
				"west": {"uv": [0, 0, 3, 1], "texture": "#0"},
				"down": {"uv": [0, 0, 6, 1], "texture": "#0"}
			}
		},
		{
			"from": [10, -2, 4],
			"to": [16, -1, 7],
			"rotation": {"angle": 0, "axis": "y", "origin": [13, 2, 11]},
			"faces": {
				"north": {"uv": [0, 0, 6, 1], "texture": "#0"},
				"east": {"uv": [0, 0, 3, 1], "texture": "#0"},
				"west": {"uv": [0, 0, 3, 1], "texture": "#0"},
				"down": {"uv": [0, 0, 6, 1], "texture": "#0"}
			}
		},
		{
			"from": [10, 7, 4],
			"to": [16, 8, 7],
			"rotation": {"angle": 0, "axis": "y", "origin": [13, 9, 11]},
			"faces": {
				"north": {"uv": [0, 0, 6, 1], "texture": "#0"},
				"east": {"uv": [0, 0, 3, 1], "texture": "#0"},
				"west": {"uv": [0, 0, 3, 1], "texture": "#0"},
				"up": {"uv": [0, 0, 6, 1], "texture": "#0"}
			}
		},
		{
			"from": [7, 7, 7],
			"to": [10, 8, 13],
			"rotation": {"angle": 0, "axis": "y", "origin": [10, 9, 14]},
			"faces": {
				"north": {"uv": [0, 0, 3, 1], "texture": "#0"},
				"south": {"uv": [0, 0, 3, 1], "texture": "#0"},
				"west": {"uv": [0, 0, 6, 1], "texture": "#0"},
				"up": {"uv": [0, 0, 3, 1], "texture": "#0"}
			}
		},
		{
			"from": [7, -2, 7],
			"to": [10, -1, 13],
			"rotation": {"angle": 0, "axis": "y", "origin": [10, 2, 14]},
			"faces": {
				"north": {"uv": [0, 0, 3, 1], "texture": "#0"},
				"south": {"uv": [0, 0, 3, 1], "texture": "#0"},
				"west": {"uv": [0, 0, 6, 1], "texture": "#0"},
				"down": {"uv": [0, 0, 3, 1], "texture": "#0"}
			}
		},
		{
			"from": [16, -2, 7],
			"to": [19, -1, 13],
			"rotation": {"angle": 0, "axis": "y", "origin": [19, 2, 14]},
			"faces": {
				"north": {"uv": [0, 0, 3, 1], "texture": "#0"},
				"east": {"uv": [0, 0, 6, 1], "texture": "#0"},
				"south": {"uv": [0, 0, 3, 1], "texture": "#0"},
				"down": {"uv": [0, 0, 3, 1], "texture": "#0"}
			}
		},
		{
			"from": [16, 7, 7],
			"to": [19, 8, 13],
			"rotation": {"angle": 0, "axis": "y", "origin": [19, 9, 14]},
			"faces": {
				"north": {"uv": [0, 0, 3, 1], "texture": "#0"},
				"east": {"uv": [0, 0, 6, 1], "texture": "#0"},
				"south": {"uv": [0, 0, 3, 1], "texture": "#0"},
				"up": {"uv": [0, 0, 3, 1], "texture": "#0"}
			}
		},
		{
			"from": [15, 6, 7],
			"to": [18, 9, 13],
			"rotation": {"angle": 0, "axis": "y", "origin": [18, 10, 14]},
			"faces": {
				"north": {"uv": [0, 0, 3, 3], "texture": "#0"},
				"east": {"uv": [0, 0, 6, 3], "texture": "#0"},
				"south": {"uv": [0, 0, 3, 3], "texture": "#0"}
			}
		},
		{
			"from": [8, 6, 7],
			"to": [11, 9, 13],
			"rotation": {"angle": 0, "axis": "y", "origin": [11, 10, 14]},
			"faces": {
				"north": {"uv": [0, 0, 3, 3], "texture": "#0"},
				"south": {"uv": [0, 0, 3, 3], "texture": "#0"},
				"west": {"uv": [0, 0, 6, 3], "texture": "#0"}
			}
		},
		{
			"from": [10, 6, 12],
			"to": [16, 9, 15],
			"rotation": {"angle": 0, "axis": "y", "origin": [13, 10, 16]},
			"faces": {
				"east": {"uv": [0, 0, 3, 3], "texture": "#0"},
				"south": {"uv": [0, 0, 6, 3], "texture": "#0"},
				"west": {"uv": [0, 0, 3, 3], "texture": "#0"}
			}
		},
		{
			"from": [10, 6, 5],
			"to": [16, 9, 8],
			"rotation": {"angle": 0, "axis": "y", "origin": [13, 10, 9]},
			"faces": {
				"north": {"uv": [0, 0, 6, 3], "texture": "#0"},
				"east": {"uv": [0, 0, 3, 3], "texture": "#0"},
				"west": {"uv": [0, 0, 3, 3], "texture": "#0"}
			}
		},
		{
			"from": [10, -3, 5],
			"to": [16, 0, 8],
			"rotation": {"angle": 0, "axis": "y", "origin": [13, 1, 9]},
			"faces": {
				"north": {"uv": [0, 0, 6, 3], "texture": "#0"},
				"east": {"uv": [0, 0, 3, 3], "texture": "#0"},
				"west": {"uv": [0, 0, 3, 3], "texture": "#0"}
			}
		},
		{
			"from": [8, -3, 7],
			"to": [11, 0, 13],
			"rotation": {"angle": 0, "axis": "y", "origin": [11, 1, 14]},
			"faces": {
				"north": {"uv": [0, 0, 3, 3], "texture": "#0"},
				"south": {"uv": [0, 0, 3, 3], "texture": "#0"},
				"west": {"uv": [0, 0, 6, 3], "texture": "#0"}
			}
		},
		{
			"from": [10, -3, 12],
			"to": [16, 0, 15],
			"rotation": {"angle": 0, "axis": "y", "origin": [13, 1, 16]},
			"faces": {
				"east": {"uv": [0, 0, 3, 3], "texture": "#0"},
				"south": {"uv": [0, 0, 6, 3], "texture": "#0"},
				"west": {"uv": [0, 0, 3, 3], "texture": "#0"}
			}
		},
		{
			"from": [15, -3, 7],
			"to": [18, 0, 13],
			"rotation": {"angle": 0, "axis": "y", "origin": [18, 1, 14]},
			"faces": {
				"north": {"uv": [0, 0, 3, 3], "texture": "#0"},
				"east": {"uv": [0, 0, 6, 3], "texture": "#0"},
				"south": {"uv": [0, 0, 3, 3], "texture": "#0"}
			}
		},
		{
			"from": [9, 6, 6],
			"to": [17, 9, 14],
			"rotation": {"angle": 0, "axis": "y", "origin": [17, 14, 14]},
			"faces": {
				"north": {"uv": [0, 0, 8, 3], "texture": "#0"},
				"east": {"uv": [0, 0, 8, 3], "texture": "#0"},
				"south": {"uv": [0, 0, 8, 3], "texture": "#0"},
				"west": {"uv": [0, 0, 8, 3], "texture": "#0"}
			}
		},
		{
			"from": [15, 12.3, 4.8],
			"to": [16, 13.3, 5],
			"rotation": {"angle": 0, "axis": "y", "origin": [23, 21, 13]},
			"faces": {
				"north": {"uv": [0, 0, 1, 1], "texture": "#3"},
				"east": {"uv": [0, 0, 0.2, 1], "texture": "#3"},
				"west": {"uv": [0, 0, 0.2, 1], "texture": "#3"},
				"up": {"uv": [0, 0, 1, 0.2], "texture": "#3"},
				"down": {"uv": [0, 0, 1, 0.2], "texture": "#3"}
			}
		},
		{
			"from": [14, 11, 4.8],
			"to": [15, 12, 5],
			"rotation": {"angle": 0, "axis": "y", "origin": [22, 19, 13]},
			"faces": {
				"north": {"uv": [0, 0, 1, 1], "texture": "#3"},
				"east": {"uv": [0, 0, 0.2, 1], "texture": "#3"},
				"west": {"uv": [0, 0, 0.2, 1], "texture": "#3"},
				"up": {"uv": [0, 0, 1, 0.2], "texture": "#3"},
				"down": {"uv": [0, 0, 1, 0.2], "texture": "#3"}
			}
		},
		{
			"from": [12.5, 10.6, 4.8],
			"to": [13.5, 11.6, 5],
			"rotation": {"angle": 0, "axis": "y", "origin": [21, 19, 13]},
			"faces": {
				"north": {"uv": [0, 0, 1, 1], "texture": "#3"},
				"east": {"uv": [0, 0, 0.2, 1], "texture": "#3"},
				"west": {"uv": [0, 0, 0.2, 1], "texture": "#3"},
				"up": {"uv": [0, 0, 1, 0.2], "texture": "#3"},
				"down": {"uv": [0, 0, 1, 0.2], "texture": "#3"}
			}
		},
		{
			"from": [11, 11, 4.8],
			"to": [12, 12, 5],
			"rotation": {"angle": 0, "axis": "y", "origin": [19, 19, 13]},
			"faces": {
				"north": {"uv": [0, 0, 1, 1], "texture": "#3"},
				"east": {"uv": [0, 0, 0.2, 1], "texture": "#3"},
				"west": {"uv": [0, 0, 0.2, 1], "texture": "#3"},
				"up": {"uv": [0, 0, 1, 0.2], "texture": "#3"},
				"down": {"uv": [0, 0, 1, 0.2], "texture": "#3"}
			}
		},
		{
			"from": [10, 12.3, 4.8],
			"to": [11, 13.3, 5],
			"rotation": {"angle": 0, "axis": "y", "origin": [18, 21, 13]},
			"faces": {
				"north": {"uv": [0, 0, 1, 1], "texture": "#3"},
				"east": {"uv": [0, 0, 0.2, 1], "texture": "#3"},
				"west": {"uv": [0, 0, 0.2, 1], "texture": "#3"},
				"up": {"uv": [0, 0, 1, 0.2], "texture": "#3"},
				"down": {"uv": [0, 0, 1, 0.2], "texture": "#3"}
			}
		},
		{
			"from": [8, -16, 5],
			"to": [18, -12, 15],
			"rotation": {"angle": 0, "axis": "y", "origin": [16, -8, 13]},
			"faces": {
				"north": {"uv": [0, 0, 10, 4], "texture": "#0"},
				"east": {"uv": [0, 0, 10, 4], "texture": "#0"},
				"south": {"uv": [0, 0, 10, 4], "texture": "#0"},
				"west": {"uv": [0, 0, 10, 4], "texture": "#0"},
				"down": {"uv": [0, 0, 10, 10], "texture": "#0"}
			}
		},
		{
			"from": [7, -8, 5],
			"to": [19, -4, 15],
			"rotation": {"angle": 0, "axis": "y", "origin": [16, 0, 12]},
			"faces": {
				"north": {"uv": [0, 0, 12, 4], "texture": "#0"},
				"east": {"uv": [0, 0, 10, 4], "texture": "#0"},
				"south": {"uv": [0, 0, 12, 4], "texture": "#0"},
				"west": {"uv": [0, 0, 10, 4], "texture": "#0"},
				"up": {"uv": [0, 0, 12, 10], "texture": "#0"},
				"down": {"uv": [0, 0, 12, 10], "texture": "#0"}
			}
		},
		{
			"from": [8, -8, 11],
			"to": [18, -4, 16],
			"rotation": {"angle": 0, "axis": "y", "origin": [16, 0, 18]},
			"faces": {
				"east": {"uv": [0, 0, 5, 4], "texture": "#0"},
				"south": {"uv": [0, 0, 10, 4], "texture": "#0"},
				"west": {"uv": [0, 0, 5, 4], "texture": "#0"},
				"up": {"uv": [0, 0, 10, 5], "texture": "#0"}
			}
		},
		{
			"from": [8, -8, 4],
			"to": [18, -4, 9],
			"rotation": {"angle": 0, "axis": "y", "origin": [16, 0, 11]},
			"faces": {
				"north": {"uv": [0, 0, 10, 4], "texture": "#0"},
				"east": {"uv": [0, 0, 5, 4], "texture": "#0"},
				"west": {"uv": [0, 0, 5, 4], "texture": "#0"},
				"up": {"uv": [0, 0, 10, 5], "texture": "#0"}
			}
		},
		{
			"from": [8, -14, 3],
			"to": [18, -5, 8],
			"rotation": {"angle": 0, "axis": "y", "origin": [16, -1, 10]},
			"faces": {
				"north": {"uv": [0, 0, 10, 9], "texture": "#0"},
				"east": {"uv": [0, 0, 5, 9], "texture": "#0"},
				"south": {"uv": [0, 0, 10, 9], "texture": "#0"},
				"west": {"uv": [0, 0, 5, 9], "texture": "#0"},
				"up": {"uv": [0, 0, 10, 5], "texture": "#0"},
				"down": {"uv": [0, 0, 10, 5], "texture": "#0"}
			}
		},
		{
			"from": [8, -14, 12],
			"to": [18, -5, 17],
			"rotation": {"angle": 0, "axis": "y", "origin": [16, -1, 19]},
			"faces": {
				"north": {"uv": [0, 0, 10, 9], "texture": "#0"},
				"east": {"uv": [0, 0, 5, 9], "texture": "#0"},
				"south": {"uv": [0, 0, 10, 9], "texture": "#0"},
				"west": {"uv": [0, 0, 5, 9], "texture": "#0"},
				"up": {"uv": [0, 0, 10, 5], "texture": "#0"},
				"down": {"uv": [0, 0, 10, 5], "texture": "#0"}
			}
		},
		{
			"from": [15, -14, 5],
			"to": [20, -5, 15],
			"rotation": {"angle": 0, "axis": "y", "origin": [18, -1, 16]},
			"faces": {
				"north": {"uv": [0, 0, 5, 9], "texture": "#0"},
				"east": {"uv": [0, 0, 10, 9], "texture": "#0"},
				"south": {"uv": [0, 0, 5, 9], "texture": "#0"},
				"west": {"uv": [0, 0, 10, 9], "texture": "#0"},
				"up": {"uv": [0, 0, 5, 10], "texture": "#0"},
				"down": {"uv": [0, 0, 5, 10], "texture": "#0"}
			}
		},
		{
			"from": [6, -14, 5],
			"to": [11, -5, 15],
			"rotation": {"angle": 0, "axis": "y", "origin": [9, -1, 16]},
			"faces": {
				"north": {"uv": [0, 0, 5, 9], "texture": "#0"},
				"east": {"uv": [0, 0, 10, 9], "texture": "#0"},
				"south": {"uv": [0, 0, 5, 9], "texture": "#0"},
				"west": {"uv": [0, 0, 10, 9], "texture": "#0"},
				"up": {"uv": [0, 0, 5, 10], "texture": "#0"},
				"down": {"uv": [0, 0, 5, 10], "texture": "#0"}
			}
		},
		{
			"from": [7, -15, 5],
			"to": [19, -11, 15],
			"rotation": {"angle": 0, "axis": "y", "origin": [16, -7, 12]},
			"faces": {
				"north": {"uv": [0, 0, 12, 4], "texture": "#0"},
				"east": {"uv": [0, 0, 10, 4], "texture": "#0"},
				"south": {"uv": [0, 0, 12, 4], "texture": "#0"},
				"west": {"uv": [0, 0, 10, 4], "texture": "#0"},
				"up": {"uv": [0, 0, 12, 10], "texture": "#0"},
				"down": {"uv": [0, 0, 12, 10], "texture": "#0"}
			}
		},
		{
			"from": [8, -15, 4],
			"to": [18, -11, 9],
			"rotation": {"angle": 0, "axis": "y", "origin": [16, -7, 11]},
			"faces": {
				"north": {"uv": [0, 0, 10, 4], "texture": "#0"},
				"east": {"uv": [0, 0, 5, 4], "texture": "#0"},
				"west": {"uv": [0, 0, 5, 4], "texture": "#0"},
				"down": {"uv": [0, 0, 10, 5], "texture": "#0"}
			}
		},
		{
			"from": [8, -15, 11],
			"to": [18, -11, 16],
			"rotation": {"angle": 0, "axis": "y", "origin": [16, -7, 18]},
			"faces": {
				"east": {"uv": [0, 0, 5, 4], "texture": "#0"},
				"south": {"uv": [0, 0, 10, 4], "texture": "#0"},
				"west": {"uv": [0, 0, 5, 4], "texture": "#0"},
				"down": {"uv": [0, 0, 10, 5], "texture": "#0"}
			}
		},
		{
			"from": [14, -14, 11],
			"to": [19, -5, 16],
			"rotation": {"angle": 0, "axis": "y", "origin": [17, -6, 18]},
			"faces": {
				"north": {"uv": [0, 0, 5, 9], "texture": "#0"},
				"east": {"uv": [0, 0, 5, 9], "texture": "#0"},
				"south": {"uv": [0, 0, 5, 9], "texture": "#0"},
				"west": {"uv": [0, 0, 5, 9], "texture": "#0"},
				"up": {"uv": [0, 0, 5, 5], "texture": "#0"},
				"down": {"uv": [0, 0, 5, 5], "texture": "#0"}
			}
		},
		{
			"from": [7, -14, 11],
			"to": [12, -5, 16],
			"rotation": {"angle": 0, "axis": "y", "origin": [10, -6, 18]},
			"faces": {
				"north": {"uv": [0, 0, 5, 9], "texture": "#0"},
				"east": {"uv": [0, 0, 5, 9], "texture": "#0"},
				"south": {"uv": [0, 0, 5, 9], "texture": "#0"},
				"west": {"uv": [0, 0, 5, 9], "texture": "#0"},
				"up": {"uv": [0, 0, 5, 5], "texture": "#0"},
				"down": {"uv": [0, 0, 5, 5], "texture": "#0"}
			}
		},
		{
			"from": [7, -14, 4],
			"to": [12, -5, 9],
			"rotation": {"angle": 0, "axis": "y", "origin": [10, -6, 11]},
			"faces": {
				"north": {"uv": [0, 0, 5, 9], "texture": "#0"},
				"east": {"uv": [0, 0, 5, 9], "texture": "#0"},
				"south": {"uv": [0, 0, 5, 9], "texture": "#0"},
				"west": {"uv": [0, 0, 5, 9], "texture": "#0"},
				"up": {"uv": [0, 0, 5, 5], "texture": "#0"},
				"down": {"uv": [0, 0, 5, 5], "texture": "#0"}
			}
		},
		{
			"from": [14, -14, 4],
			"to": [19, -5, 9],
			"rotation": {"angle": 0, "axis": "y", "origin": [17, -6, 11]},
			"faces": {
				"north": {"uv": [0, 0, 5, 9], "texture": "#0"},
				"east": {"uv": [0, 0, 5, 9], "texture": "#0"},
				"south": {"uv": [0, 0, 5, 9], "texture": "#0"},
				"west": {"uv": [0, 0, 5, 9], "texture": "#0"},
				"up": {"uv": [0, 0, 5, 5], "texture": "#0"},
				"down": {"uv": [0, 0, 5, 5], "texture": "#0"}
			}
		},
		{
			"from": [6, -13, 4],
			"to": [11, -6, 5],
			"rotation": {"angle": 0, "axis": "y", "origin": [9, -6, 11]},
			"faces": {
				"north": {"uv": [0, 0, 1, 7], "texture": "#0"},
				"west": {"uv": [0, 0, 1, 7], "texture": "#0"},
				"up": {"uv": [0, 0, 1, 5], "texture": "#0"},
				"down": {"uv": [0, 0, 1, 5], "texture": "#0"}
			}
		},
		{
			"from": [7, -13, 3],
			"to": [8, -6, 8],
			"rotation": {"angle": 0, "axis": "y", "origin": [10, -6, 10]},
			"faces": {
				"north": {"uv": [0, 0, 1, 7], "texture": "#0"},
				"west": {"uv": [0, 0, 1, 7], "texture": "#0"},
				"up": {"uv": [0, 0, 1, 5], "texture": "#0"},
				"down": {"uv": [0, 0, 1, 5], "texture": "#0"}
			}
		},
		{
			"from": [18, -13, 3],
			"to": [19, -6, 8],
			"rotation": {"angle": 0, "axis": "y", "origin": [17, -6, 10]},
			"faces": {
				"north": {"uv": [0, 0, 1, 7], "texture": "#0"},
				"east": {"uv": [0, 0, 1, 7], "texture": "#0"},
				"up": {"uv": [0, 0, 1, 5], "texture": "#0"},
				"down": {"uv": [0, 0, 1, 5], "texture": "#0"}
			}
		},
		{
			"from": [15, -13, 4],
			"to": [20, -6, 5],
			"rotation": {"angle": 0, "axis": "y", "origin": [18, -6, 11]},
			"faces": {
				"north": {"uv": [0, 0, 1, 7], "texture": "#0"},
				"east": {"uv": [0, 0, 1, 7], "texture": "#0"},
				"up": {"uv": [0, 0, 1, 5], "texture": "#0"},
				"down": {"uv": [0, 0, 1, 5], "texture": "#0"}
			}
		},
		{
			"from": [15, -13, 15],
			"to": [20, -6, 16],
			"rotation": {"angle": 0, "axis": "y", "origin": [18, -6, 18]},
			"faces": {
				"east": {"uv": [0, 0, 1, 7], "texture": "#0"},
				"south": {"uv": [0, 0, 1, 7], "texture": "#0"},
				"up": {"uv": [0, 0, 1, 5], "texture": "#0"},
				"down": {"uv": [0, 0, 1, 5], "texture": "#0"}
			}
		},
		{
			"from": [18, -13, 12],
			"to": [19, -6, 17],
			"rotation": {"angle": 0, "axis": "y", "origin": [17, -6, 19]},
			"faces": {
				"east": {"uv": [0, 0, 1, 7], "texture": "#0"},
				"south": {"uv": [0, 0, 1, 7], "texture": "#0"},
				"up": {"uv": [0, 0, 1, 5], "texture": "#0"},
				"down": {"uv": [0, 0, 1, 5], "texture": "#0"}
			}
		},
		{
			"from": [7, -13, 12],
			"to": [8, -6, 17],
			"rotation": {"angle": 0, "axis": "y", "origin": [10, -6, 19]},
			"faces": {
				"south": {"uv": [0, 0, 1, 7], "texture": "#0"},
				"west": {"uv": [0, 0, 1, 7], "texture": "#0"},
				"up": {"uv": [0, 0, 1, 5], "texture": "#0"},
				"down": {"uv": [0, 0, 1, 5], "texture": "#0"}
			}
		},
		{
			"from": [6, -13, 15],
			"to": [11, -6, 16],
			"rotation": {"angle": 0, "axis": "y", "origin": [9, -6, 18]},
			"faces": {
				"south": {"uv": [0, 0, 1, 7], "texture": "#0"},
				"west": {"uv": [0, 0, 1, 7], "texture": "#0"},
				"up": {"uv": [0, 0, 1, 5], "texture": "#0"},
				"down": {"uv": [0, 0, 1, 5], "texture": "#0"}
			}
		},
		{
			"from": [9, -5, 12],
			"to": [17, -4, 17],
			"rotation": {"angle": 0, "axis": "y", "origin": [12, -4, 19]},
			"faces": {
				"east": {"uv": [0, 0, 5, 1], "texture": "#0"},
				"south": {"uv": [0, 0, 8, 1], "texture": "#0"},
				"west": {"uv": [0, 0, 5, 1], "texture": "#0"},
				"up": {"uv": [0, 0, 8, 1], "texture": "#0"}
			}
		},
		{
			"from": [9, -15, 12],
			"to": [17, -14, 17],
			"rotation": {"angle": 0, "axis": "y", "origin": [12, -11, 19]},
			"faces": {
				"east": {"uv": [0, 0, 5, 1], "texture": "#0"},
				"south": {"uv": [0, 0, 8, 1], "texture": "#0"},
				"west": {"uv": [0, 0, 5, 1], "texture": "#0"},
				"down": {"uv": [0, 0, 8, 1], "texture": "#0"}
			}
		},
		{
			"from": [9, -15, 3],
			"to": [17, -14, 8],
			"rotation": {"angle": 0, "axis": "y", "origin": [12, -11, 10]},
			"faces": {
				"north": {"uv": [0, 0, 8, 1], "texture": "#0"},
				"east": {"uv": [0, 0, 5, 1], "texture": "#0"},
				"west": {"uv": [0, 0, 5, 1], "texture": "#0"},
				"down": {"uv": [0, 0, 8, 1], "texture": "#0"}
			}
		},
		{
			"from": [9, -5, 3],
			"to": [17, -4, 8],
			"rotation": {"angle": 0, "axis": "y", "origin": [12, -4, 10]},
			"faces": {
				"north": {"uv": [0, 0, 8, 1], "texture": "#0"},
				"east": {"uv": [0, 0, 5, 1], "texture": "#0"},
				"west": {"uv": [0, 0, 5, 1], "texture": "#0"},
				"up": {"uv": [0, 0, 8, 1], "texture": "#0"}
			}
		},
		{
			"from": [6, -5, 6],
			"to": [11, -4, 14],
			"rotation": {"angle": 0, "axis": "y", "origin": [9, -4, 13]},
			"faces": {
				"north": {"uv": [0, 0, 5, 1], "texture": "#0"},
				"south": {"uv": [0, 0, 5, 1], "texture": "#0"},
				"west": {"uv": [0, 0, 8, 1], "texture": "#0"},
				"up": {"uv": [0, 0, 5, 1], "texture": "#0"}
			}
		},
		{
			"from": [6, -15, 6],
			"to": [11, -14, 14],
			"rotation": {"angle": 0, "axis": "y", "origin": [9, -11, 13]},
			"faces": {
				"north": {"uv": [0, 0, 5, 1], "texture": "#0"},
				"south": {"uv": [0, 0, 5, 1], "texture": "#0"},
				"west": {"uv": [0, 0, 8, 1], "texture": "#0"},
				"down": {"uv": [0, 0, 5, 1], "texture": "#0"}
			}
		},
		{
			"from": [15, -15, 6],
			"to": [20, -14, 14],
			"rotation": {"angle": 0, "axis": "y", "origin": [18, -11, 13]},
			"faces": {
				"north": {"uv": [0, 0, 5, 1], "texture": "#0"},
				"east": {"uv": [0, 0, 8, 1], "texture": "#0"},
				"south": {"uv": [0, 0, 5, 1], "texture": "#0"},
				"down": {"uv": [0, 0, 5, 1], "texture": "#0"}
			}
		},
		{
			"from": [15, -5, 6],
			"to": [20, -4, 14],
			"rotation": {"angle": 0, "axis": "y", "origin": [18, -4, 13]},
			"faces": {
				"north": {"uv": [0, 0, 5, 1], "texture": "#0"},
				"east": {"uv": [0, 0, 8, 1], "texture": "#0"},
				"south": {"uv": [0, 0, 5, 1], "texture": "#0"},
				"up": {"uv": [0, 0, 5, 1], "texture": "#0"}
			}
		},
		{
			"from": [14, -7, 6],
			"to": [19, -3, 14],
			"rotation": {"angle": 0, "axis": "y", "origin": [17, -3, 13]},
			"faces": {
				"north": {"uv": [0, 0, 5, 4], "texture": "#0"},
				"east": {"uv": [0, 0, 8, 4], "texture": "#0"},
				"south": {"uv": [0, 0, 5, 4], "texture": "#0"},
				"up": {"uv": [0, 0, 5, 8], "texture": "#0"}
			}
		},
		{
			"from": [7, -7, 6],
			"to": [12, -3, 14],
			"rotation": {"angle": 0, "axis": "y", "origin": [10, -3, 13]},
			"faces": {
				"north": {"uv": [0, 0, 5, 4], "texture": "#0"},
				"south": {"uv": [0, 0, 5, 4], "texture": "#0"},
				"west": {"uv": [0, 0, 8, 4], "texture": "#0"},
				"up": {"uv": [0, 0, 5, 8], "texture": "#0"}
			}
		},
		{
			"from": [9, -7, 11],
			"to": [17, -3, 16],
			"rotation": {"angle": 0, "axis": "y", "origin": [12, -3, 15]},
			"faces": {
				"east": {"uv": [0, 0, 5, 4], "texture": "#0"},
				"south": {"uv": [0, 0, 8, 4], "texture": "#0"},
				"west": {"uv": [0, 0, 5, 4], "texture": "#0"},
				"up": {"uv": [0, 0, 8, 5], "texture": "#0"}
			}
		},
		{
			"from": [9, -7, 4],
			"to": [17, -3, 9],
			"rotation": {"angle": 0, "axis": "y", "origin": [12, -3, 8]},
			"faces": {
				"north": {"uv": [0, 0, 8, 4], "texture": "#0"},
				"east": {"uv": [0, 0, 5, 4], "texture": "#0"},
				"west": {"uv": [0, 0, 5, 4], "texture": "#0"},
				"up": {"uv": [0, 0, 8, 5], "texture": "#0"}
			}
		},
		{
			"from": [9, -16, 4],
			"to": [17, -12, 5],
			"rotation": {"angle": 0, "axis": "y", "origin": [12, -12, 8]},
			"faces": {
				"north": {"uv": [0, 0, 8, 1], "texture": "#0"},
				"east": {"uv": [0, 0, 5, 1], "texture": "#0"},
				"west": {"uv": [0, 0, 5, 1], "texture": "#0"},
				"down": {"uv": [0, 0, 8, 1], "texture": "#0"}
			}
		},
		{
			"from": [7, -16, 6],
			"to": [8, -12, 14],
			"rotation": {"angle": 0, "axis": "y", "origin": [10, -12, 13]},
			"faces": {
				"north": {"uv": [0, 0, 1, 4], "texture": "#0"},
				"south": {"uv": [0, 0, 1, 4], "texture": "#0"},
				"west": {"uv": [0, 0, 1, 4], "texture": "#0"},
				"down": {"uv": [0, 0, 1, 8], "texture": "#0"}
			}
		},
		{
			"from": [9, -16, 15],
			"to": [17, -12, 16],
			"rotation": {"angle": 0, "axis": "y", "origin": [12, -12, 15]},
			"faces": {
				"east": {"uv": [0, 0, 5, 1], "texture": "#0"},
				"south": {"uv": [0, 0, 8, 1], "texture": "#0"},
				"west": {"uv": [0, 0, 5, 1], "texture": "#0"},
				"down": {"uv": [0, 0, 8, 1], "texture": "#0"}
			}
		},
		{
			"from": [18, -16, 6],
			"to": [19, -12, 14],
			"rotation": {"angle": 0, "axis": "y", "origin": [17, -12, 13]},
			"faces": {
				"north": {"uv": [0, 0, 1, 4], "texture": "#0"},
				"east": {"uv": [0, 0, 1, 4], "texture": "#0"},
				"south": {"uv": [0, 0, 1, 4], "texture": "#0"},
				"down": {"uv": [0, 0, 1, 8], "texture": "#0"}
			}
		},
		{
			"from": [8, -7, 5],
			"to": [18, -3, 15],
			"rotation": {"angle": 0, "axis": "y", "origin": [16, 1, 13]},
			"faces": {
				"north": {"uv": [0, 0, 10, 4], "texture": "#0"},
				"east": {"uv": [0, 0, 10, 4], "texture": "#0"},
				"south": {"uv": [0, 0, 10, 4], "texture": "#0"},
				"west": {"uv": [0, 0, 10, 4], "texture": "#0"},
				"up": {"uv": [0, 0, 10, 10], "texture": "#0"}
			}
		},
		{
			"from": [10, 14, 4],
			"to": [12, 16, 5],
			"rotation": {"angle": 0, "axis": "y", "origin": [19, 22, 12]},
			"faces": {
				"north": {"uv": [0, 0, 2, 2], "texture": "#3"},
				"east": {"uv": [0, 0, 1, 2], "texture": "#3"},
				"west": {"uv": [0, 0, 1, 2], "texture": "#3"},
				"up": {"uv": [0, 0, 2, 1], "texture": "#3"},
				"down": {"uv": [0, 0, 2, 1], "texture": "#3"}
			}
		},
		{
			"from": [14, 14, 4],
			"to": [16, 16, 5],
			"rotation": {"angle": 0, "axis": "y", "origin": [23, 22, 12]},
			"faces": {
				"north": {"uv": [0, 0, 2, 2], "texture": "#3"},
				"east": {"uv": [0, 0, 1, 2], "texture": "#3"},
				"west": {"uv": [0, 0, 1, 2], "texture": "#3"},
				"up": {"uv": [0, 0, 2, 1], "texture": "#3"},
				"down": {"uv": [0, 0, 2, 1], "texture": "#3"}
			}
		},
		{
			"from": [12, 5, 3],
			"to": [14, 7, 4],
			"rotation": {"angle": 0, "axis": "y", "origin": [21, 13, 11]},
			"faces": {
				"north": {"uv": [0, 0, 2, 2], "texture": "#3"},
				"east": {"uv": [0, 0, 1, 2], "texture": "#3"},
				"west": {"uv": [0, 0, 1, 2], "texture": "#3"},
				"up": {"uv": [0, 0, 2, 1], "texture": "#3"},
				"down": {"uv": [0, 0, 2, 1], "texture": "#3"}
			}
		},
		{
			"from": [12, 2, 3],
			"to": [14, 4, 4],
			"rotation": {"angle": 0, "axis": "y", "origin": [21, 10, 11]},
			"faces": {
				"north": {"uv": [0, 0, 2, 2], "texture": "#3"},
				"east": {"uv": [0, 0, 1, 2], "texture": "#3"},
				"west": {"uv": [0, 0, 1, 2], "texture": "#3"},
				"up": {"uv": [0, 0, 2, 1], "texture": "#3"},
				"down": {"uv": [0, 0, 2, 1], "texture": "#3"}
			}
		},
		{
			"from": [12, -1, 3],
			"to": [14, 1, 4],
			"rotation": {"angle": 0, "axis": "y", "origin": [21, 7, 11]},
			"faces": {
				"north": {"uv": [0, 0, 2, 2], "texture": "#3"},
				"east": {"uv": [0, 0, 1, 2], "texture": "#3"},
				"west": {"uv": [0, 0, 1, 2], "texture": "#3"},
				"up": {"uv": [0, 0, 2, 1], "texture": "#3"},
				"down": {"uv": [0, 0, 2, 1], "texture": "#3"}
			}
		},
		{
			"from": [8, 8.3, 5.8],
			"to": [18, 10.3, 14.8],
			"rotation": {"angle": 0, "axis": "y", "origin": [18, 16, 12]},
			"faces": {
				"north": {"uv": [0, 0, 10, 2], "texture": "#7"},
				"east": {"uv": [0, 0, 9, 2], "texture": "#7"},
				"south": {"uv": [0, 0, 10, 2], "texture": "#7"},
				"west": {"uv": [0, 0, 9, 2], "texture": "#7"},
				"up": {"uv": [0, 0, 10, 9], "texture": "#7"},
				"down": {"uv": [0, 0, 10, 9], "texture": "#7"}
			}
		},
		{
			"from": [9, 8.3, 4.8],
			"to": [17, 10.3, 5.8],
			"rotation": {"angle": 0, "axis": "y", "origin": [18, 16, 11]},
			"faces": {
				"north": {"uv": [0, 0, 8, 2], "texture": "#7"},
				"east": {"uv": [0, 0, 1, 2], "texture": "#7"},
				"west": {"uv": [0, 0, 1, 2], "texture": "#7"},
				"up": {"uv": [0, 0, 8, 1], "texture": "#7"},
				"down": {"uv": [0, 0, 8, 1], "texture": "#7"}
			}
		},
		{
			"from": [9, 8.3, 14.8],
			"to": [17, 10.3, 15.8],
			"rotation": {"angle": 0, "axis": "y", "origin": [18, 16, 21]},
			"faces": {
				"east": {"uv": [0, 0, 1, 2], "texture": "#7"},
				"south": {"uv": [0, 0, 8, 2], "texture": "#7"},
				"west": {"uv": [0, 0, 1, 2], "texture": "#7"},
				"up": {"uv": [0, 0, 8, 1], "texture": "#7"},
				"down": {"uv": [0, 0, 8, 1], "texture": "#7"}
			}
		},
		{
			"from": [7, 8.3, 6.8],
			"to": [8, 10.3, 13.8],
			"rotation": {"angle": 0, "axis": "y", "origin": [16, 16, 19]},
			"faces": {
				"north": {"uv": [0, 0, 1, 2], "texture": "#7"},
				"south": {"uv": [0, 0, 1, 2], "texture": "#7"},
				"west": {"uv": [0, 0, 7, 2], "texture": "#7"},
				"up": {"uv": [0, 0, 1, 7], "texture": "#7"},
				"down": {"uv": [0, 0, 1, 7], "texture": "#7"}
			}
		},
		{
			"from": [18, 8.3, 6.8],
			"to": [19, 10.3, 13.8],
			"rotation": {"angle": 0, "axis": "y", "origin": [27, 16, 19]},
			"faces": {
				"north": {"uv": [0, 0, 1, 2], "texture": "#7"},
				"east": {"uv": [0, 0, 7, 2], "texture": "#7"},
				"south": {"uv": [0, 0, 1, 2], "texture": "#7"},
				"up": {"uv": [0, 0, 1, 7], "texture": "#7"},
				"down": {"uv": [0, 0, 1, 7], "texture": "#7"}
			}
		},
		{
			"from": [6, 7.3, 6.8],
			"to": [7, 9.3, 8.8],
			"rotation": {"angle": 0, "axis": "y", "origin": [10, 15, 14]},
			"faces": {
				"north": {"uv": [0, 0, 1, 2], "texture": "#7"},
				"east": {"uv": [0, 0, 2, 2], "texture": "#7"},
				"south": {"uv": [0, 0, 1, 2], "texture": "#7"},
				"west": {"uv": [0, 0, 2, 2], "texture": "#7"},
				"up": {"uv": [0, 0, 1, 2], "texture": "#7"},
				"down": {"uv": [0, 0, 1, 2], "texture": "#7"}
			}
		},
		{
			"from": [5, 3.3, 6.8],
			"to": [6, 8.3, 8.8],
			"rotation": {"angle": 0, "axis": "y", "origin": [9, 14, 14]},
			"faces": {
				"north": {"uv": [0, 0, 1, 5], "texture": "#7"},
				"east": {"uv": [0, 0, 2, 5], "texture": "#7"},
				"south": {"uv": [0, 0, 1, 5], "texture": "#7"},
				"west": {"uv": [0, 0, 2, 5], "texture": "#7"},
				"up": {"uv": [0, 0, 1, 2], "texture": "#7"},
				"down": {"uv": [0, 0, 1, 2], "texture": "#7"}
			}
		},
		{
			"from": [6, 1.3, 5.8],
			"to": [7, 5.3, 7.8],
			"rotation": {"angle": 0, "axis": "y", "origin": [10, 12, 13]},
			"faces": {
				"north": {"uv": [0, 0, 1, 4], "texture": "#7"},
				"south": {"uv": [0, 0, 1, 4], "texture": "#7"},
				"west": {"uv": [0, 0, 2, 4], "texture": "#7"},
				"up": {"uv": [0, 0, 1, 2], "texture": "#7"},
				"down": {"uv": [0, 0, 1, 2], "texture": "#7"}
			}
		},
		{
			"from": [9, 18, 5],
			"to": [17, 22, 15],
			"rotation": {"angle": 0, "axis": "y", "origin": [5, 17, 2]},
			"faces": {
				"north": {"uv": [0, 0, 8, 4], "texture": "#9"},
				"south": {"uv": [0, 0, 8, 4], "texture": "#9"},
				"up": {"uv": [0, 0, 8, 10], "texture": "#9"},
				"down": {"uv": [0, 0, 8, 10], "texture": "#9"}
			}
		},
		{
			"from": [17, 18, 6],
			"to": [18, 22, 14],
			"rotation": {"angle": 0, "axis": "y", "origin": [5, 17, 2]},
			"faces": {
				"east": {"uv": [3, 4, 11, 8], "texture": "#9"},
				"up": {"uv": [3, 4, 4, 12], "texture": "#9"},
				"down": {"uv": [3, 4, 4, 12], "texture": "#9"}
			}
		},
		{
			"from": [8, 18, 6],
			"to": [9, 22, 14],
			"rotation": {"angle": 0, "axis": "y", "origin": [5, 17, 2]},
			"faces": {
				"west": {"uv": [8, 5, 16, 9], "texture": "#9"},
				"up": {"uv": [8, 5, 9, 13], "texture": "#9"},
				"down": {"uv": [8, 5, 9, 13], "texture": "#9"}
			}
		},
		{
			"from": [18.2, 18, 0.2],
			"to": [23.2, 19, 1.2],
			"rotation": {"angle": -22.5, "axis": "y", "origin": [5, 17, 2]},
			"faces": {
				"north": {"uv": [0, 0, 5, 1], "texture": "#9"},
				"east": {"uv": [0, 0, 1, 1], "texture": "#9"},
				"south": {"uv": [0, 0, 5, 1], "texture": "#9"},
				"down": {"uv": [0, 0, 5, 1], "texture": "#9"}
			}
		},
		{
			"from": [1.6, 18, 6.32],
			"to": [6.6, 19, 7.32],
			"rotation": {"angle": 22.5, "axis": "y", "origin": [5, 17, 2]},
			"faces": {
				"north": {"uv": [0, 0, 5, 1], "texture": "#9"},
				"south": {"uv": [0, 0, 5, 1], "texture": "#9"},
				"west": {"uv": [0, 0, 1, 1], "texture": "#9"},
				"down": {"uv": [0, 0, 5, 1], "texture": "#9"}
			}
		},
		{
			"from": [5.6, 19, 6.32],
			"to": [6.6, 22, 7.32],
			"rotation": {"angle": 22.5, "axis": "y", "origin": [5, 17, 2]},
			"faces": {
				"north": {"uv": [0, 0, 1, 3], "texture": "#9"},
				"south": {"uv": [0, 0, 1, 3], "texture": "#9"}
			}
		},
		{
			"from": [18.2, 19, 0.2],
			"to": [19.2, 22, 1.2],
			"rotation": {"angle": -22.5, "axis": "y", "origin": [5, 17, 2]},
			"faces": {
				"north": {"uv": [0, 0, 1, 3], "texture": "#9"},
				"south": {"uv": [0, 0, 1, 3], "texture": "#9"}
			}
		},
		{
			"from": [10, 22, 5],
			"to": [16, 23, 6],
			"rotation": {"angle": 0, "axis": "y", "origin": [5, 17, 2]},
			"faces": {
				"north": {"uv": [0, 0, 6, 1], "texture": "#9"},
				"south": {"uv": [0, 0, 6, 1], "texture": "#9"}
			}
		},
		{
			"from": [8, 18, 5],
			"to": [9, 22, 6],
			"rotation": {"angle": 0, "axis": "y", "origin": [5, 17, 2]},
			"faces": {
				"north": {"uv": [0, 0, 1, 4], "texture": "#10"},
				"west": {"uv": [0, 0, 1, 4], "texture": "#10"},
				"up": {"uv": [0, 0, 1, 1], "texture": "#10"},
				"down": {"uv": [0, 0, 1, 1], "texture": "#10"}
			}
		},
		{
			"from": [17, 18, 5],
			"to": [18, 22, 6],
			"rotation": {"angle": 0, "axis": "y", "origin": [5, 17, 2]},
			"faces": {
				"north": {"uv": [0, 0, 1, 4], "texture": "#10"},
				"east": {"uv": [0, 0, 1, 4], "texture": "#10"},
				"up": {"uv": [0, 0, 1, 1], "texture": "#10"},
				"down": {"uv": [0, 0, 1, 1], "texture": "#10"}
			}
		},
		{
			"from": [16, 22, 5],
			"to": [17, 23, 6],
			"rotation": {"angle": 0, "axis": "y", "origin": [5, 17, 2]},
			"faces": {
				"north": {"uv": [0, 0, 1, 1], "texture": "#10"},
				"east": {"uv": [0, 0, 1, 1], "texture": "#10"},
				"south": {"uv": [0, 0, 1, 1], "texture": "#10"}
			}
		},
		{
			"from": [9, 22, 5],
			"to": [10, 23, 6],
			"rotation": {"angle": 0, "axis": "y", "origin": [5, 17, 2]},
			"faces": {
				"north": {"uv": [0, 0, 1, 1], "texture": "#10"},
				"south": {"uv": [0, 0, 1, 1], "texture": "#10"},
				"west": {"uv": [0, 0, 1, 1], "texture": "#10"}
			}
		},
		{
			"from": [9, 23, 5],
			"to": [17, 24, 6],
			"rotation": {"angle": 0, "axis": "y", "origin": [5, 17, 2]},
			"faces": {
				"north": {"uv": [0, 0, 8, 1], "texture": "#10"},
				"east": {"uv": [0, 0, 1, 1], "texture": "#10"},
				"south": {"uv": [0, 0, 8, 1], "texture": "#10"},
				"west": {"uv": [0, 0, 1, 1], "texture": "#10"},
				"up": {"uv": [0, 0, 8, 1], "texture": "#10"}
			}
		},
		{
			"from": [9, 21.4, 14.1],
			"to": [17, 22.4, 15.1],
			"rotation": {"angle": 0, "axis": "y", "origin": [5, 16.4, 2.1]},
			"faces": {
				"north": {"uv": [0, 0, 8, 1], "texture": "#10"},
				"east": {"uv": [0, 0, 1, 1], "texture": "#10"},
				"south": {"uv": [0, 0, 8, 1], "texture": "#10"},
				"west": {"uv": [0, 0, 1, 1], "texture": "#10"},
				"up": {"uv": [0, 0, 8, 1], "texture": "#10"},
				"down": {"uv": [0, 0, 8, 1], "texture": "#10"}
			}
		},
		{
			"from": [17.2, 22, 0.2],
			"to": [20.2, 23, 1.2],
			"rotation": {"angle": -22.5, "axis": "y", "origin": [5, 17, 2]},
			"faces": {
				"north": {"uv": [0, 0, 3, 1], "texture": "#10"},
				"east": {"uv": [0, 0, 1, 1], "texture": "#10"},
				"south": {"uv": [0, 0, 3, 1], "texture": "#10"},
				"up": {"uv": [0, 0, 3, 1], "texture": "#10"},
				"down": {"uv": [0, 0, 3, 1], "texture": "#10"}
			}
		},
		{
			"from": [14, 21.4, 7.5],
			"to": [17, 22.4, 8.5],
			"rotation": {"angle": -45, "axis": "y", "origin": [5, 16.4, 2.1]},
			"faces": {
				"north": {"uv": [0, 0, 3, 1], "texture": "#10"},
				"east": {"uv": [0, 0, 1, 1], "texture": "#10"},
				"south": {"uv": [0, 0, 3, 1], "texture": "#10"},
				"west": {"uv": [0, 0, 1, 1], "texture": "#10"},
				"up": {"uv": [0, 0, 3, 1], "texture": "#10"}
			}
		},
		{
			"from": [14, 19.4, 7.5],
			"to": [15, 21.4, 8.5],
			"rotation": {"angle": -45, "axis": "y", "origin": [5, 16.4, 2.1]},
			"faces": {
				"north": {"uv": [0, 0, 1, 2], "texture": "#10"},
				"south": {"uv": [0, 0, 1, 2], "texture": "#10"},
				"west": {"uv": [0, 0, 1, 2], "texture": "#10"}
			}
		},
		{
			"from": [12, 18.4, 7.5],
			"to": [15, 19.4, 8.5],
			"rotation": {"angle": -45, "axis": "y", "origin": [5, 16.4, 2.1]},
			"faces": {
				"north": {"uv": [0, 0, 3, 1], "texture": "#10"},
				"south": {"uv": [0, 0, 3, 1], "texture": "#10"},
				"west": {"uv": [0, 0, 1, 1], "texture": "#10"},
				"up": {"uv": [0, 0, 3, 1], "texture": "#10"}
			}
		},
		{
			"from": [15, 18.4, 7.5],
			"to": [17, 21.4, 8.5],
			"rotation": {"angle": -45, "axis": "y", "origin": [5, 16.4, 2.1]},
			"faces": {
				"east": {"uv": [0, 0, 1, 3], "texture": "#9"},
				"south": {"uv": [0, 0, 2, 3], "texture": "#9"}
			}
		},
		{
			"from": [12, 17.4, 7.5],
			"to": [17, 18.4, 8.5],
			"rotation": {"angle": -45, "axis": "y", "origin": [5, 16.4, 2.1]},
			"faces": {
				"north": {"uv": [0, 0, 5, 1], "texture": "#9"},
				"east": {"uv": [0, 0, 1, 1], "texture": "#9"},
				"south": {"uv": [0, 0, 5, 1], "texture": "#9"},
				"west": {"uv": [0, 0, 1, 1], "texture": "#9"},
				"down": {"uv": [0, 0, 5, 1], "texture": "#9"}
			}
		},
		{
			"from": [19.2, 19, 0.2],
			"to": [20.2, 22, 1.2],
			"rotation": {"angle": -22.5, "axis": "y", "origin": [5, 17, 2]},
			"faces": {
				"north": {"uv": [0, 0, 1, 3], "texture": "#10"},
				"east": {"uv": [0, 0, 1, 3], "texture": "#10"},
				"south": {"uv": [0, 0, 1, 3], "texture": "#10"}
			}
		},
		{
			"from": [20.2, 19, 0.2],
			"to": [23.2, 20, 1.2],
			"rotation": {"angle": -22.5, "axis": "y", "origin": [5, 17, 2]},
			"faces": {
				"north": {"uv": [0, 0, 3, 1], "texture": "#10"},
				"east": {"uv": [0, 0, 1, 1], "texture": "#10"},
				"south": {"uv": [0, 0, 3, 1], "texture": "#10"},
				"up": {"uv": [0, 0, 3, 1], "texture": "#10"}
			}
		},
		{
			"from": [4.6, 22, 6.32],
			"to": [7.6, 23, 7.32],
			"rotation": {"angle": 22.5, "axis": "y", "origin": [5, 17, 2]},
			"faces": {
				"north": {"uv": [0, 0, 3, 1], "texture": "#10"},
				"east": {"uv": [0, 0, 1, 1], "texture": "#10"},
				"south": {"uv": [0, 0, 3, 1], "texture": "#10"},
				"west": {"uv": [0, 0, 1, 1], "texture": "#10"},
				"up": {"uv": [0, 0, 3, 1], "rotation": 180, "texture": "#10"},
				"down": {"uv": [0, 0, 3, 1], "rotation": 180, "texture": "#10"}
			}
		},
		{
			"from": [4.3, 18.4, 18.82],
			"to": [6.3, 21.4, 19.82],
			"rotation": {"angle": 45, "axis": "y", "origin": [5, 16.4, 2.1]},
			"faces": {
				"south": {"uv": [0, 0, 2, 3], "texture": "#9"},
				"west": {"uv": [0, 0, 1, 3], "texture": "#9"}
			}
		},
		{
			"from": [4.3, 17.4, 18.82],
			"to": [9.3, 18.4, 19.82],
			"rotation": {"angle": 45, "axis": "y", "origin": [5, 16.4, 2.1]},
			"faces": {
				"north": {"uv": [0, 0, 5, 1], "texture": "#9"},
				"east": {"uv": [0, 0, 1, 1], "texture": "#9"},
				"south": {"uv": [0, 0, 5, 1], "texture": "#9"},
				"west": {"uv": [0, 0, 1, 1], "texture": "#9"},
				"down": {"uv": [0, 0, 5, 1], "texture": "#9"}
			}
		},
		{
			"from": [4.3, 21.4, 18.82],
			"to": [7.3, 22.4, 19.82],
			"rotation": {"angle": 45, "axis": "y", "origin": [5, 16.4, 2.1]},
			"faces": {
				"north": {"uv": [0, 0, 3, 1], "texture": "#10"},
				"east": {"uv": [0, 0, 1, 1], "texture": "#10"},
				"south": {"uv": [0, 0, 3, 1], "texture": "#10"},
				"west": {"uv": [0, 0, 1, 1], "texture": "#10"},
				"up": {"uv": [0, 0, 3, 1], "rotation": 180, "texture": "#10"}
			}
		},
		{
			"from": [6.3, 19.4, 18.82],
			"to": [7.3, 21.4, 19.82],
			"rotation": {"angle": 45, "axis": "y", "origin": [5, 16.4, 2.1]},
			"faces": {
				"north": {"uv": [0, 0, 1, 2], "texture": "#10"},
				"east": {"uv": [0, 0, 1, 2], "texture": "#10"},
				"south": {"uv": [0, 0, 1, 2], "texture": "#10"}
			}
		},
		{
			"from": [6.3, 18.4, 18.82],
			"to": [9.3, 19.4, 19.82],
			"rotation": {"angle": 45, "axis": "y", "origin": [5, 16.4, 2.1]},
			"faces": {
				"north": {"uv": [0, 0, 3, 1], "texture": "#10"},
				"east": {"uv": [0, 0, 1, 1], "texture": "#10"},
				"south": {"uv": [0, 0, 3, 1], "texture": "#10"},
				"up": {"uv": [0, 0, 3, 1], "rotation": 180, "texture": "#10"}
			}
		},
		{
			"from": [4.6, 19, 6.32],
			"to": [5.6, 22, 7.32],
			"rotation": {"angle": 22.5, "axis": "y", "origin": [5, 17, 2]},
			"faces": {
				"north": {"uv": [0, 0, 1, 3], "texture": "#10"},
				"south": {"uv": [0, 0, 1, 3], "texture": "#10"},
				"west": {"uv": [0, 0, 1, 3], "texture": "#10"}
			}
		},
		{
			"from": [1.6, 19, 6.32],
			"to": [4.6, 20, 7.32],
			"rotation": {"angle": 22.5, "axis": "y", "origin": [5, 17, 2]},
			"faces": {
				"north": {"uv": [0, 0, 3, 1], "texture": "#10"},
				"south": {"uv": [0, 0, 3, 1], "texture": "#10"},
				"west": {"uv": [0, 0, 1, 1], "texture": "#10"},
				"up": {"uv": [0, 0, 3, 1], "rotation": 180, "texture": "#10"}
			}
		},
		{
			"from": [16.125, 8.525, 9],
			"to": [22.125, 10.525, 11],
			"rotation": {"angle": 45, "axis": "z", "origin": [27, 18, 18]},
			"faces": {
				"north": {"uv": [0, 0, 14, 4], "texture": "#2"},
				"east": {"uv": [0, 4, 4, 8], "texture": "#2"},
				"south": {"uv": [0, 0, 14, 4], "texture": "#2"},
				"west": {"uv": [0, 4, 4, 8], "texture": "#2"},
				"up": {"uv": [0, 0, 14, 4], "texture": "#2"},
				"down": {"uv": [0, 0, 14, 4], "texture": "#2"}
			}
		},
		{
			"from": [23.05, 3.6, 9.001],
			"to": [26, 5.625, 10.999],
			"rotation": {"angle": 0, "axis": "y", "origin": [34, 13, 18]},
			"faces": {
				"north": {"uv": [0, 0, 6, 4], "texture": "#2"},
				"east": {"uv": [0, 4, 4, 8], "texture": "#2"},
				"south": {"uv": [0, 0, 6, 4], "texture": "#2"},
				"west": {"uv": [0, 4, 4, 8], "texture": "#2"},
				"up": {"uv": [0, 0, 6, 4], "texture": "#2"},
				"down": {"uv": [0, 0, 6, 4], "texture": "#2"}
			}
		},
		{
			"from": [14, 5, 9],
			"to": [20, 7, 11],
			"rotation": {"angle": 22.5, "axis": "z", "origin": [25, 14, 18]},
			"faces": {
				"north": {"uv": [0, 0, 12, 4], "texture": "#2"},
				"east": {"uv": [0, 4, 4, 8], "texture": "#2"},
				"south": {"uv": [0, 0, 12, 4], "texture": "#2"},
				"up": {"uv": [0, 0, 12, 4], "texture": "#2"},
				"down": {"uv": [0, 0, 12, 4], "texture": "#2"}
			}
		},
		{
			"from": [3, 2, 9],
			"to": [7, 4, 11],
			"rotation": {"angle": 0, "axis": "y", "origin": [14, 11, 18]},
			"faces": {
				"north": {"uv": [0, 0, 8, 4], "texture": "#2"},
				"south": {"uv": [0, 0, 8, 4], "texture": "#2"},
				"west": {"uv": [0, 4, 4, 8], "texture": "#2"},
				"up": {"uv": [0, 0, 8, 4], "texture": "#2"},
				"down": {"uv": [0, 0, 8, 4], "texture": "#2"}
			}
		},
		{
			"from": [0.625, -5.2, 9.001],
			"to": [7.625, -3.2, 10.999],
			"rotation": {"angle": -45, "axis": "z", "origin": [14, 4, 18]},
			"faces": {
				"north": {"uv": [0, 0, 16, 4], "texture": "#2"},
				"east": {"uv": [0, 4, 4, 8], "texture": "#2"},
				"south": {"uv": [0, 0, 16, 4], "texture": "#2"},
				"west": {"uv": [0, 4, 4, 8], "texture": "#2"},
				"up": {"uv": [0, 0, 16, 4], "texture": "#2"},
				"down": {"uv": [0, 0, 16, 4], "texture": "#2"}
			}
		},
		{
			"name": "hat_skull_0",
			"from": [11.56, 18.56, 4.646],
			"to": [14.44, 22.016, 5.04],
			"rotation": {"angle": 0, "axis": "y", "origin": [5.696, 5.496, 5.536]},
			"faces": {
				"north": {"uv": [13, 1, 3, 13], "texture": "#11"},
				"east": {"uv": [12, 1, 13, 13], "texture": "#11"},
				"south": {"uv": [3, 1, 13, 13], "texture": "#11"},
				"west": {"uv": [3, 1, 4, 13], "texture": "#11"},
				"up": {"uv": [3, 1, 13, 2], "texture": "#11"},
				"down": {"uv": [3, 12, 13, 13], "texture": "#11"}
			}
		},
		{
			"name": "hat_skull_1",
			"from": [10.984, 19.136, 4.646],
			"to": [11.56, 21.44, 5.04],
			"rotation": {"angle": 0, "axis": "y", "origin": [5.696, 5.496, 5.536]},
			"faces": {
				"north": {"uv": [3, 3, 1, 11], "texture": "#11"},
				"east": {"uv": [2, 3, 3, 11], "texture": "#11"},
				"south": {"uv": [1, 3, 3, 11], "texture": "#11"},
				"west": {"uv": [1, 3, 2, 11], "texture": "#11"},
				"up": {"uv": [1, 3, 3, 4], "texture": "#11"},
				"down": {"uv": [1, 10, 3, 11], "texture": "#11"}
			}
		},
		{
			"name": "hat_skull_2",
			"from": [14.44, 19.136, 4.646],
			"to": [15.016, 21.44, 5.04],
			"rotation": {"angle": 0, "axis": "y", "origin": [5.696, 5.496, 5.536]},
			"faces": {
				"north": {"uv": [15, 3, 13, 11], "texture": "#11"},
				"east": {"uv": [14, 3, 15, 11], "texture": "#11"},
				"south": {"uv": [13, 3, 15, 11], "texture": "#11"},
				"west": {"uv": [13, 3, 14, 11], "texture": "#11"},
				"up": {"uv": [13, 3, 15, 4], "texture": "#11"},
				"down": {"uv": [13, 10, 15, 11], "texture": "#11"}
			}
		},
		{
			"name": "hat_skull_3",
			"from": [11.56, 17.984, 4.646],
			"to": [12.136, 18.56, 5.04],
			"rotation": {"angle": 0, "axis": "y", "origin": [5.696, 5.496, 5.536]},
			"faces": {
				"north": {"uv": [5, 13, 3, 15], "texture": "#11"},
				"east": {"uv": [4, 13, 5, 15], "texture": "#11"},
				"south": {"uv": [3, 13, 5, 15], "texture": "#11"},
				"west": {"uv": [3, 13, 4, 15], "texture": "#11"},
				"up": {"uv": [3, 13, 5, 14], "texture": "#11"},
				"down": {"uv": [3, 14, 5, 15], "texture": "#11"}
			}
		},
		{
			"name": "hat_skull_4",
			"from": [12.712, 17.984, 4.646],
			"to": [13.288, 18.56, 5.04],
			"rotation": {"angle": 0, "axis": "y", "origin": [5.696, 5.496, 5.536]},
			"faces": {
				"north": {"uv": [9, 13, 7, 15], "texture": "#11"},
				"east": {"uv": [8, 13, 9, 15], "texture": "#11"},
				"south": {"uv": [7, 13, 9, 15], "texture": "#11"},
				"west": {"uv": [7, 13, 8, 15], "texture": "#11"},
				"up": {"uv": [7, 13, 9, 14], "texture": "#11"},
				"down": {"uv": [7, 14, 9, 15], "texture": "#11"}
			}
		},
		{
			"name": "hat_skull_5",
			"from": [13.864, 17.984, 4.646],
			"to": [14.44, 18.56, 5.04],
			"rotation": {"angle": 0, "axis": "y", "origin": [5.696, 5.496, 5.536]},
			"faces": {
				"north": {"uv": [13, 13, 11, 15], "texture": "#11"},
				"east": {"uv": [12, 13, 13, 15], "texture": "#11"},
				"south": {"uv": [11, 13, 13, 15], "texture": "#11"},
				"west": {"uv": [11, 13, 12, 15], "texture": "#11"},
				"up": {"uv": [11, 13, 13, 14], "texture": "#11"},
				"down": {"uv": [11, 14, 13, 15], "texture": "#11"}
			}
		}
	],
	"display": {
		"gui": {
			"rotation": [39, 153, -25],
			"translation": [0.75, 0.5, 0],
			"scale": [0.37, 0.37, 0.37]
		},
		"head": {
			"translation": [-6.5, -15, -2.75],
			"scale": [1.35, 1.35, 1.35]
		}
	},
	"groups": [
		{
			"name": "group",
			"origin": [14, 33, 15],
			"color": 0,
			"children": [0, 1, 2, 3, 4, 5, 6, 7, 8, 9, 10, 11, 12, 13, 14, 15, 16, 17, 18, 19, 20, 21, 22, 23, 24, 25, 26, 27, 28, 29]
		},
		{
			"name": "group",
			"origin": [14, 33, 15],
			"color": 0,
			"children": [30, 31, 32, 33, 34, 35, 36, 37, 38, 39, 40, 41, 42, 43, 44, 45, 46, 47, 48, 49, 50, 51, 52, 53, 54, 55, 56, 57, 58, 59, 60, 61, 62, 63, 64, 65, 66, 67, 68, 69, 70, 71, 72, 73, 74]
		},
		{
			"name": "group",
			"origin": [14, 33, 15],
			"color": 0,
			"children": [
				75,
				76,
				77,
				78,
				79,
				80,
				81,
				82,
				83,
				84,
				85,
				86,
				87,
				88,
				89,
				90,
				91,
				92,
				93,
				94,
				95,
				96,
				97,
				98,
				99,
				100,
				101,
				102,
				103,
				104,
				105,
				106,
				107,
				108,
				109,
				110,
				111,
				112,
				113,
				114,
				115,
				116,
				117,
				118,
				119,
				120,
				121,
				122,
				123,
				124,
				125,
				126,
				127
			]
		},
		{
			"name": "group",
			"origin": [5, 18, 0],
			"color": 0,
			"children": [128, 129, 130, 131, 132, 133, 134, 135, 136, 137, 138, 139, 140, 141, 142, 143, 144, 145, 146, 147, 148, 149, 150, 151, 152, 153, 154, 155, 156, 157]
		},
		{
			"name": "group",
			"origin": [14, 4, 18],
			"color": 0,
			"children": [158, 159, 160, 161, 162]
		},
		{
			"name": "hat_skull",
			"origin": [8, 8, 8],
			"color": 0,
			"children": [163, 164, 165, 166, 167, 168]
		}
	]
}