{
	"credit": "Made with Blockbench",
	"textures": {
		"0": "block/stonecutter_top",
		"1": "block/blast_furnace_top",
		"2": "block/carved_pumpkin",
		"3": "block/pumpkin_side",
		"5": "block/hay_block_side",
		"7": "block/beehive_end",
		"10": "block/target_side",
		"particle": "hat/black_wool",
		"1_0": "hat/black_wool",
		"1_3": "hat/gray_wool"
	},
	"elements": [
		{
			"name": "head",
			"from": [3.5, 14.5, 4],
			"to": [11.5, 22.5, 12],
			"rotation": {"angle": 0, "axis": "y", "origin": [0, -9, 0]},
			"faces": {
				"north": {"uv": [0, 0, 16, 16], "texture": "#2"},
				"east": {"uv": [0, 0, 16, 16], "texture": "#3"},
				"south": {"uv": [0, 0, 16, 16], "texture": "#3"},
				"west": {"uv": [0, 0, 16, 16], "texture": "#3"},
				"down": {"uv": [0, 0, 16, 16], "texture": "#3"}
			}
		},
		{
			"name": "body",
			"from": [3.5, 3.5, 6],
			"to": [11.5, 11.5, 10],
			"rotation": {"angle": 0, "axis": "y", "origin": [0, -9, 0]},
			"faces": {
				"north": {"uv": [4, 3, 12, 12], "texture": "#7"},
				"east": {"uv": [4, 3, 8, 12], "texture": "#7"},
				"south": {"uv": [4, 3, 12, 12], "texture": "#7"},
				"west": {"uv": [4, 3, 8, 12], "texture": "#7"},
				"down": {"uv": [4, 3, 12, 7], "texture": "#7"}
			}
		},
		{
			"name": "right_arm",
			"from": [18.5, -3.5, 5.9],
			"to": [22.5, 8.5, 10.1],
			"rotation": {"angle": 22.5, "axis": "z", "origin": [0, -9, 0]},
			"faces": {
				"north": {"uv": [0, 1, 4, 13], "texture": "#5"},
				"east": {"uv": [0, 1, 4, 13], "texture": "#5"},
				"south": {"uv": [0, 1, 4, 13], "texture": "#5"},
				"west": {"uv": [0, 1, 4, 13], "texture": "#5"},
				"up": {"uv": [5, 5, 9, 9], "texture": "#5"},
				"down": {"uv": [5, 5, 9, 9], "texture": "#5"}
			}
		},
		{
			"name": "left_arm",
			"from": [-8.5, 2.5, 5.9],
			"to": [-4.5, 14.5, 10.1],
			"rotation": {"angle": -22.5, "axis": "z", "origin": [0, -9, 0]},
			"faces": {
				"north": {"uv": [0, 1, 4, 13], "texture": "#5"},
				"east": {"uv": [0, 1, 4, 13], "texture": "#5"},
				"south": {"uv": [0, 1, 4, 13], "texture": "#5"},
				"west": {"uv": [0, 1, 4, 13], "texture": "#5"},
				"up": {"uv": [5, 5, 9, 9], "texture": "#5"},
				"down": {"uv": [5, 5, 9, 9], "texture": "#5"}
			}
		},
		{
			"name": "left_arm",
			"from": [3.5, 11.5, 6],
			"to": [11.5, 14.5, 10],
			"rotation": {"angle": 0, "axis": "y", "origin": [0, -9, 0]},
			"faces": {
				"north": {"uv": [3, 3, 11, 6], "texture": "#7"},
				"east": {"uv": [3, 3, 7, 6], "texture": "#7"},
				"south": {"uv": [3, 3, 11, 6], "texture": "#7"}
			}
		},
		{
			"from": [4.5, 5, 5.8],
			"to": [10.5, 6, 6],
			"rotation": {"angle": 0, "axis": "y", "origin": [0, -9, 0]},
			"faces": {
				"north": {"uv": [5, 11, 11, 12], "texture": "#10"},
				"east": {"uv": [5, 11, 5.1, 12], "texture": "#10"},
				"west": {"uv": [5, 11, 5.1, 12], "texture": "#10"},
				"up": {"uv": [5, 11, 11, 11.1], "texture": "#10"},
				"down": {"uv": [5, 11, 11, 11.1], "texture": "#10"}
			}
		},
		{
			"from": [4.5, 10, 5.8],
			"to": [10.5, 11, 6],
			"rotation": {"angle": 0, "axis": "y", "origin": [0, -9, 0]},
			"faces": {
				"north": {"uv": [5, 4, 11, 5], "texture": "#10"},
				"east": {"uv": [5, 4, 5.1, 5], "texture": "#10"},
				"west": {"uv": [5, 4, 5.1, 5], "texture": "#10"},
				"up": {"uv": [5, 4, 11, 4.1], "texture": "#10"},
				"down": {"uv": [5, 4, 11, 4.1], "texture": "#10"}
			}
		},
		{
			"from": [9.5, 6, 5.8],
			"to": [10.5, 10, 6],
			"rotation": {"angle": 0, "axis": "y", "origin": [0, -9, 0]},
			"faces": {
				"north": {"uv": [4, 5, 5, 9], "texture": "#10"},
				"east": {"uv": [4, 5, 4.1, 9], "texture": "#10"},
				"west": {"uv": [4, 5, 4.1, 9], "texture": "#10"}
			}
		},
		{
			"from": [4.5, 6, 5.8],
			"to": [5.5, 10, 6],
			"rotation": {"angle": 0, "axis": "y", "origin": [0, -9, 0]},
			"faces": {
				"north": {"uv": [11, 6, 12, 10], "texture": "#10"},
				"east": {"uv": [11, 6, 11.1, 10], "texture": "#10"},
				"west": {"uv": [11, 6, 11.1, 10], "texture": "#10"}
			}
		},
		{
			"from": [8, 6.5, 5.8],
			"to": [9, 9.5, 6],
			"rotation": {"angle": 0, "axis": "y", "origin": [0, -9, 0]},
			"faces": {
				"north": {"uv": [4, 6, 5, 9], "texture": "#10"},
				"east": {"uv": [4, 6, 4.1, 9], "texture": "#10"},
				"west": {"uv": [4, 6, 4.1, 9], "texture": "#10"},
				"up": {"uv": [4, 6, 5, 6.1], "texture": "#10"},
				"down": {"uv": [4, 6, 5, 6.1], "texture": "#10"}
			}
		},
		{
			"from": [6, 6.5, 5.8],
			"to": [7, 9.5, 6],
			"rotation": {"angle": 0, "axis": "y", "origin": [0, -9, 0]},
			"faces": {
				"north": {"uv": [4, 6, 5, 9], "texture": "#10"},
				"east": {"uv": [4, 6, 4.1, 9], "texture": "#10"},
				"west": {"uv": [4, 6, 4.1, 9], "texture": "#10"},
				"up": {"uv": [4, 6, 5, 6.1], "texture": "#10"},
				"down": {"uv": [4, 6, 5, 6.1], "texture": "#10"}
			}
		},
		{
			"from": [7, 8.5, 5.8],
			"to": [8, 9.5, 6],
			"rotation": {"angle": 0, "axis": "y", "origin": [0, -9, 0]},
			"faces": {
				"north": {"uv": [8, 7, 9, 8], "texture": "#10"},
				"up": {"uv": [8, 7, 9, 7.1], "texture": "#10"},
				"down": {"uv": [8, 7, 9, 7.1], "texture": "#10"}
			}
		},
		{
			"from": [7, 6.5, 5.8],
			"to": [8, 7.5, 6],
			"rotation": {"angle": 0, "axis": "y", "origin": [0, -9, 0]},
			"faces": {
				"north": {"uv": [7, 8, 8, 9], "texture": "#10"},
				"up": {"uv": [7, 8, 8, 8.1], "texture": "#10"},
				"down": {"uv": [7, 8, 8, 8.1], "texture": "#10"}
			}
		},
		{
			"from": [4, -9.5, 5.5],
			"to": [11, -6.5, 10.5],
			"rotation": {"angle": 0, "axis": "y", "origin": [0, -9, 0]},
			"faces": {
				"up": {"uv": [4, 3, 11, 8], "texture": "#1"},
				"down": {"uv": [4, 3, 11, 8], "texture": "#1"}
			}
		},
		{
			"from": [5.5, -9.5, 10.5],
			"to": [9.5, -6.5, 13.5],
			"rotation": {"angle": 0, "axis": "y", "origin": [0, -9, 0]},
			"faces": {
				"south": {"uv": [4, 3, 8, 6], "texture": "#1"},
				"up": {"uv": [4, 3, 8, 6], "texture": "#1"},
				"down": {"uv": [4, 3, 8, 6], "texture": "#1"}
			}
		},
		{
			"from": [5.5, -9.5, 2.5],
			"to": [9.5, -6.5, 5.5],
			"rotation": {"angle": 0, "axis": "y", "origin": [0, -9, 0]},
			"faces": {
				"north": {"uv": [4, 3, 8, 6], "texture": "#1"},
				"up": {"uv": [4, 3, 8, 6], "texture": "#1"},
				"down": {"uv": [4, 3, 8, 6], "texture": "#1"}
			}
		},
		{
			"from": [2.5, -9.5, 5.5],
			"to": [4, -6.5, 10.5],
			"rotation": {"angle": 0, "axis": "y", "origin": [0, -9, 0]},
			"faces": {
				"west": {"uv": [4, 3, 9, 6], "texture": "#1"},
				"up": {"uv": [4, 3, 5.5, 8], "texture": "#1"},
				"down": {"uv": [4, 3, 5.5, 8], "texture": "#1"}
			}
		},
		{
			"from": [11, -9.5, 5.5],
			"to": [12.5, -6.5, 10.5],
			"rotation": {"angle": 0, "axis": "y", "origin": [0, -9, 0]},
			"faces": {
				"east": {"uv": [4, 3, 9, 6], "texture": "#1"},
				"up": {"uv": [4, 3, 5.5, 8], "texture": "#1"},
				"down": {"uv": [4, 3, 5.5, 8], "texture": "#1"}
			}
		},
		{
			"from": [2.5, -9.5, 2.5],
			"to": [5.5, -6.5, 5.5],
			"rotation": {"angle": 0, "axis": "y", "origin": [0, -9, 0]},
			"faces": {
				"north": {"uv": [13, 13, 16, 16], "texture": "#0"},
				"west": {"uv": [13, 13, 16, 16], "rotation": 90, "texture": "#0"},
				"up": {"uv": [13, 13, 16, 16], "texture": "#0"},
				"down": {"uv": [13, 13, 16, 16], "texture": "#0"}
			}
		},
		{
			"from": [2.5, -9.5, 10.5],
			"to": [5.5, -6.5, 13.5],
			"rotation": {"angle": 0, "axis": "y", "origin": [0, -9, 0]},
			"faces": {
				"south": {"uv": [0, 0, 3, 3], "rotation": 270, "texture": "#0"},
				"west": {"uv": [0, 0, 3, 3], "rotation": 180, "texture": "#0"},
				"up": {"uv": [0, 0, 3, 3], "rotation": 90, "texture": "#0"},
				"down": {"uv": [0, 0, 3, 3], "texture": "#0"}
			}
		},
		{
			"from": [9.5, -9.5, 10.5],
			"to": [12.5, -6.5, 13.5],
			"rotation": {"angle": 0, "axis": "y", "origin": [0, -9, 0]},
			"faces": {
				"east": {"uv": [13, 0, 16, 3], "rotation": 180, "texture": "#0"},
				"south": {"uv": [13, 0, 16, 3], "rotation": 90, "texture": "#0"},
				"up": {"uv": [13, 0, 16, 3], "rotation": 270, "texture": "#0"},
				"down": {"uv": [13, 0, 16, 3], "texture": "#0"}
			}
		},
		{
			"from": [9.5, -9.5, 2.5],
			"to": [12.5, -6.5, 5.5],
			"rotation": {"angle": 0, "axis": "y", "origin": [0, -9, 0]},
			"faces": {
				"north": {"uv": [0, 13, 3, 16], "texture": "#0"},
				"east": {"uv": [0, 13, 3, 16], "rotation": 270, "texture": "#0"},
				"up": {"uv": [0, 13, 3, 16], "texture": "#0"},
				"down": {"uv": [0, 13, 3, 16], "texture": "#0"}
			}
		},
		{
			"from": [3.5, 0.5, 6.5],
			"to": [11.5, 3.5, 9.5],
			"rotation": {"angle": 0, "axis": "y", "origin": [0, -9, 0]},
			"faces": {
				"north": {"uv": [3, 4, 11, 7], "texture": "#1"},
				"east": {"uv": [3, 4, 6, 7], "texture": "#1"},
				"south": {"uv": [3, 4, 11, 7], "texture": "#1"},
				"west": {"uv": [3, 4, 6, 7], "texture": "#1"},
				"down": {"uv": [3, 4, 11, 7], "texture": "#1"}
			}
		},
		{
			"from": [6.5, -6.5, 7],
			"to": [8.5, 0.5, 9],
			"rotation": {"angle": 0, "axis": "y", "origin": [0, -9, 0]},
			"faces": {
				"north": {"uv": [3, 4, 5, 10], "texture": "#1"},
				"east": {"uv": [3, 4, 5, 10], "texture": "#1"},
				"south": {"uv": [3, 4, 5, 10], "texture": "#1"},
				"west": {"uv": [3, 4, 5, 10], "texture": "#1"}
			}
		},
		{
			"from": [3.5, 21, 3],
			"to": [11.5, 25, 13],
			"rotation": {"angle": 0, "axis": "y", "origin": [-0.5, 20, 0]},
			"faces": {
				"north": {"uv": [0, 0, 8, 4], "texture": "#1_0"},
				"south": {"uv": [0, 0, 8, 4], "texture": "#1_0"},
				"up": {"uv": [0, 0, 8, 10], "texture": "#1_0"},
				"down": {"uv": [0, 0, 8, 10], "texture": "#1_0"}
			}
		},
		{
			"from": [11.5, 21, 4],
			"to": [12.5, 25, 12],
			"rotation": {"angle": 0, "axis": "y", "origin": [-0.5, 20, 0]},
			"faces": {
				"east": {"uv": [3, 4, 11, 8], "texture": "#1_0"},
				"up": {"uv": [3, 4, 4, 12], "texture": "#1_0"},
				"down": {"uv": [3, 4, 4, 12], "texture": "#1_0"}
			}
		},
		{
			"from": [2.5, 21, 4],
			"to": [3.5, 25, 12],
			"rotation": {"angle": 0, "axis": "y", "origin": [-0.5, 20, 0]},
			"faces": {
				"west": {"uv": [8, 5, 16, 9], "texture": "#1_0"},
				"up": {"uv": [8, 5, 9, 13], "texture": "#1_0"},
				"down": {"uv": [8, 5, 9, 13], "texture": "#1_0"}
			}
		},
		{
			"from": [12.7, 21, -1.8],
			"to": [17.7, 22, -0.8],
			"rotation": {"angle": -22.5, "axis": "y", "origin": [-0.5, 20, 0]},
			"faces": {
				"north": {"uv": [0, 0, 5, 1], "texture": "#1_0"},
				"east": {"uv": [0, 0, 1, 1], "texture": "#1_0"},
				"south": {"uv": [0, 0, 5, 1], "texture": "#1_0"},
				"down": {"uv": [0, 0, 5, 1], "texture": "#1_0"}
			}
		},
		{
			"from": [-3.9, 21, 4.32],
			"to": [1.1, 22, 5.32],
			"rotation": {"angle": 22.5, "axis": "y", "origin": [-0.5, 20, 0]},
			"faces": {
				"north": {"uv": [0, 0, 5, 1], "texture": "#1_0"},
				"south": {"uv": [0, 0, 5, 1], "texture": "#1_0"},
				"west": {"uv": [0, 0, 1, 1], "texture": "#1_0"},
				"down": {"uv": [0, 0, 5, 1], "texture": "#1_0"}
			}
		},
		{
			"from": [0.1, 22, 4.32],
			"to": [1.1, 25, 5.32],
			"rotation": {"angle": 22.5, "axis": "y", "origin": [-0.5, 20, 0]},
			"faces": {
				"north": {"uv": [0, 0, 1, 3], "texture": "#1_0"},
				"south": {"uv": [0, 0, 1, 3], "texture": "#1_0"}
			}
		},
		{
			"from": [12.7, 22, -1.8],
			"to": [13.7, 25, -0.8],
			"rotation": {"angle": -22.5, "axis": "y", "origin": [-0.5, 20, 0]},
			"faces": {
				"north": {"uv": [0, 0, 1, 3], "texture": "#1_0"},
				"south": {"uv": [0, 0, 1, 3], "texture": "#1_0"}
			}
		},
		{
			"from": [4.5, 25, 3],
			"to": [10.5, 26, 4],
			"rotation": {"angle": 0, "axis": "y", "origin": [-0.5, 20, 0]},
			"faces": {
				"north": {"uv": [0, 0, 6, 1], "texture": "#1_0"},
				"south": {"uv": [0, 0, 6, 1], "texture": "#1_0"}
			}
		},
		{
			"from": [2.5, 21, 3],
			"to": [3.5, 25, 4],
			"rotation": {"angle": 0, "axis": "y", "origin": [-0.5, 20, 0]},
			"faces": {
				"north": {"uv": [0, 0, 1, 4], "texture": "#1_3"},
				"west": {"uv": [0, 0, 1, 4], "texture": "#1_3"},
				"up": {"uv": [0, 0, 1, 1], "texture": "#1_3"},
				"down": {"uv": [0, 0, 1, 1], "texture": "#1_3"}
			}
		},
		{
			"from": [11.5, 21, 3],
			"to": [12.5, 25, 4],
			"rotation": {"angle": 0, "axis": "y", "origin": [-0.5, 20, 0]},
			"faces": {
				"north": {"uv": [0, 0, 1, 4], "texture": "#1_3"},
				"east": {"uv": [0, 0, 1, 4], "texture": "#1_3"},
				"up": {"uv": [0, 0, 1, 1], "texture": "#1_3"},
				"down": {"uv": [0, 0, 1, 1], "texture": "#1_3"}
			}
		},
		{
			"from": [10.5, 25, 3],
			"to": [11.5, 26, 4],
			"rotation": {"angle": 0, "axis": "y", "origin": [-0.5, 20, 0]},
			"faces": {
				"north": {"uv": [0, 0, 1, 1], "texture": "#1_3"},
				"east": {"uv": [0, 0, 1, 1], "texture": "#1_3"},
				"south": {"uv": [0, 0, 1, 1], "texture": "#1_3"}
			}
		},
		{
			"from": [3.5, 25, 3],
			"to": [4.5, 26, 4],
			"rotation": {"angle": 0, "axis": "y", "origin": [-0.5, 20, 0]},
			"faces": {
				"north": {"uv": [0, 0, 1, 1], "texture": "#1_3"},
				"south": {"uv": [0, 0, 1, 1], "texture": "#1_3"},
				"west": {"uv": [0, 0, 1, 1], "texture": "#1_3"}
			}
		},
		{
			"from": [3.5, 26, 3],
			"to": [11.5, 27, 4],
			"rotation": {"angle": 0, "axis": "y", "origin": [-0.5, 20, 0]},
			"faces": {
				"north": {"uv": [0, 0, 8, 1], "texture": "#1_3"},
				"east": {"uv": [0, 0, 1, 1], "texture": "#1_3"},
				"south": {"uv": [0, 0, 8, 1], "texture": "#1_3"},
				"west": {"uv": [0, 0, 1, 1], "texture": "#1_3"},
				"up": {"uv": [0, 0, 8, 1], "texture": "#1_3"}
			}
		},
		{
			"from": [3.5, 24.4, 12.1],
			"to": [11.5, 25.4, 13.1],
			"rotation": {"angle": 0, "axis": "y", "origin": [-0.5, 19.4, 0.1]},
			"faces": {
				"north": {"uv": [0, 0, 8, 1], "texture": "#1_3"},
				"east": {"uv": [0, 0, 1, 1], "texture": "#1_3"},
				"south": {"uv": [0, 0, 8, 1], "texture": "#1_3"},
				"west": {"uv": [0, 0, 1, 1], "texture": "#1_3"},
				"up": {"uv": [0, 0, 8, 1], "texture": "#1_3"},
				"down": {"uv": [0, 0, 8, 1], "texture": "#1_3"}
			}
		},
		{
			"from": [11.7, 25, -1.8],
			"to": [14.7, 26, -0.8],
			"rotation": {"angle": -22.5, "axis": "y", "origin": [-0.5, 20, 0]},
			"faces": {
				"north": {"uv": [0, 0, 3, 1], "texture": "#1_3"},
				"east": {"uv": [0, 0, 1, 1], "texture": "#1_3"},
				"south": {"uv": [0, 0, 3, 1], "texture": "#1_3"},
				"up": {"uv": [0, 0, 3, 1], "texture": "#1_3"},
				"down": {"uv": [0, 0, 3, 1], "texture": "#1_3"}
			}
		},
		{
			"from": [8.5, 24.4, 5.5],
			"to": [11.5, 25.4, 6.5],
			"rotation": {"angle": -45, "axis": "y", "origin": [-0.5, 19.4, 0.1]},
			"faces": {
				"north": {"uv": [0, 0, 3, 1], "texture": "#1_3"},
				"east": {"uv": [0, 0, 1, 1], "texture": "#1_3"},
				"south": {"uv": [0, 0, 3, 1], "texture": "#1_3"},
				"west": {"uv": [0, 0, 1, 1], "texture": "#1_3"},
				"up": {"uv": [0, 0, 3, 1], "texture": "#1_3"}
			}
		},
		{
			"from": [8.5, 22.4, 5.5],
			"to": [9.5, 24.4, 6.5],
			"rotation": {"angle": -45, "axis": "y", "origin": [-0.5, 19.4, 0.1]},
			"faces": {
				"north": {"uv": [0, 0, 1, 2], "texture": "#1_3"},
				"south": {"uv": [0, 0, 1, 2], "texture": "#1_3"},
				"west": {"uv": [0, 0, 1, 2], "texture": "#1_3"}
			}
		},
		{
			"from": [6.5, 21.4, 5.5],
			"to": [9.5, 22.4, 6.5],
			"rotation": {"angle": -45, "axis": "y", "origin": [-0.5, 19.4, 0.1]},
			"faces": {
				"north": {"uv": [0, 0, 3, 1], "texture": "#1_3"},
				"south": {"uv": [0, 0, 3, 1], "texture": "#1_3"},
				"west": {"uv": [0, 0, 1, 1], "texture": "#1_3"},
				"up": {"uv": [0, 0, 3, 1], "texture": "#1_3"}
			}
		},
		{
			"from": [9.5, 21.4, 5.5],
			"to": [11.5, 24.4, 6.5],
			"rotation": {"angle": -45, "axis": "y", "origin": [-0.5, 19.4, 0.1]},
			"faces": {
				"east": {"uv": [0, 0, 1, 3], "texture": "#1_0"},
				"south": {"uv": [0, 0, 2, 3], "texture": "#1_0"}
			}
		},
		{
			"from": [6.5, 20.4, 5.5],
			"to": [11.5, 21.4, 6.5],
			"rotation": {"angle": -45, "axis": "y", "origin": [-0.5, 19.4, 0.1]},
			"faces": {
				"north": {"uv": [0, 0, 5, 1], "texture": "#1_0"},
				"east": {"uv": [0, 0, 1, 1], "texture": "#1_0"},
				"south": {"uv": [0, 0, 5, 1], "texture": "#1_0"},
				"west": {"uv": [0, 0, 1, 1], "texture": "#1_0"},
				"down": {"uv": [0, 0, 5, 1], "texture": "#1_0"}
			}
		},
		{
			"from": [13.7, 22, -1.8],
			"to": [14.7, 25, -0.8],
			"rotation": {"angle": -22.5, "axis": "y", "origin": [-0.5, 20, 0]},
			"faces": {
				"north": {"uv": [0, 0, 1, 3], "texture": "#1_3"},
				"east": {"uv": [0, 0, 1, 3], "texture": "#1_3"},
				"south": {"uv": [0, 0, 1, 3], "texture": "#1_3"}
			}
		},
		{
			"from": [14.7, 22, -1.8],
			"to": [17.7, 23, -0.8],
			"rotation": {"angle": -22.5, "axis": "y", "origin": [-0.5, 20, 0]},
			"faces": {
				"north": {"uv": [0, 0, 3, 1], "texture": "#1_3"},
				"east": {"uv": [0, 0, 1, 1], "texture": "#1_3"},
				"south": {"uv": [0, 0, 3, 1], "texture": "#1_3"},
				"up": {"uv": [0, 0, 3, 1], "texture": "#1_3"}
			}
		},
		{
			"from": [-0.9, 25, 4.32],
			"to": [2.1, 26, 5.32],
			"rotation": {"angle": 22.5, "axis": "y", "origin": [-0.5, 20, 0]},
			"faces": {
				"north": {"uv": [0, 0, 3, 1], "texture": "#1_3"},
				"east": {"uv": [0, 0, 1, 1], "texture": "#1_3"},
				"south": {"uv": [0, 0, 3, 1], "texture": "#1_3"},
				"west": {"uv": [0, 0, 1, 1], "texture": "#1_3"},
				"up": {"uv": [0, 0, 3, 1], "rotation": 180, "texture": "#1_3"},
				"down": {"uv": [0, 0, 3, 1], "rotation": 180, "texture": "#1_3"}
			}
		},
		{
			"from": [-1.2, 21.4, 16.82],
			"to": [0.8, 24.4, 17.82],
			"rotation": {"angle": 45, "axis": "y", "origin": [-0.5, 19.4, 0.1]},
			"faces": {
				"south": {"uv": [0, 0, 2, 3], "texture": "#1_0"},
				"west": {"uv": [0, 0, 1, 3], "texture": "#1_0"}
			}
		},
		{
			"from": [-1.2, 20.4, 16.82],
			"to": [3.8, 21.4, 17.82],
			"rotation": {"angle": 45, "axis": "y", "origin": [-0.5, 19.4, 0.1]},
			"faces": {
				"north": {"uv": [0, 0, 5, 1], "texture": "#1_0"},
				"east": {"uv": [0, 0, 1, 1], "texture": "#1_0"},
				"south": {"uv": [0, 0, 5, 1], "texture": "#1_0"},
				"west": {"uv": [0, 0, 1, 1], "texture": "#1_0"},
				"down": {"uv": [0, 0, 5, 1], "texture": "#1_0"}
			}
		},
		{
			"from": [-1.2, 24.4, 16.82],
			"to": [1.8, 25.4, 17.82],
			"rotation": {"angle": 45, "axis": "y", "origin": [-0.5, 19.4, 0.1]},
			"faces": {
				"north": {"uv": [0, 0, 3, 1], "texture": "#1_3"},
				"east": {"uv": [0, 0, 1, 1], "texture": "#1_3"},
				"south": {"uv": [0, 0, 3, 1], "texture": "#1_3"},
				"west": {"uv": [0, 0, 1, 1], "texture": "#1_3"},
				"up": {"uv": [0, 0, 3, 1], "rotation": 180, "texture": "#1_3"}
			}
		},
		{
			"from": [0.8, 22.4, 16.82],
			"to": [1.8, 24.4, 17.82],
			"rotation": {"angle": 45, "axis": "y", "origin": [-0.5, 19.4, 0.1]},
			"faces": {
				"north": {"uv": [0, 0, 1, 2], "texture": "#1_3"},
				"east": {"uv": [0, 0, 1, 2], "texture": "#1_3"},
				"south": {"uv": [0, 0, 1, 2], "texture": "#1_3"}
			}
		},
		{
			"from": [0.8, 21.4, 16.82],
			"to": [3.8, 22.4, 17.82],
			"rotation": {"angle": 45, "axis": "y", "origin": [-0.5, 19.4, 0.1]},
			"faces": {
				"north": {"uv": [0, 0, 3, 1], "texture": "#1_3"},
				"east": {"uv": [0, 0, 1, 1], "texture": "#1_3"},
				"south": {"uv": [0, 0, 3, 1], "texture": "#1_3"},
				"up": {"uv": [0, 0, 3, 1], "rotation": 180, "texture": "#1_3"}
			}
		},
		{
			"from": [-0.9, 22, 4.32],
			"to": [0.1, 25, 5.32],
			"rotation": {"angle": 22.5, "axis": "y", "origin": [-0.5, 20, 0]},
			"faces": {
				"north": {"uv": [0, 0, 1, 3], "texture": "#1_3"},
				"south": {"uv": [0, 0, 1, 3], "texture": "#1_3"},
				"west": {"uv": [0, 0, 1, 3], "texture": "#1_3"}
			}
		},
		{
			"from": [-3.9, 22, 4.32],
			"to": [-0.9, 23, 5.32],
			"rotation": {"angle": 22.5, "axis": "y", "origin": [-0.5, 20, 0]},
			"faces": {
				"north": {"uv": [0, 0, 3, 1], "texture": "#1_3"},
				"south": {"uv": [0, 0, 3, 1], "texture": "#1_3"},
				"west": {"uv": [0, 0, 1, 1], "texture": "#1_3"},
				"up": {"uv": [0, 0, 3, 1], "rotation": 180, "texture": "#1_3"}
			}
		},
		{
			"name": "target_side",
			"from": [5.5, 21, 2.75],
			"to": [9.5, 25, 3],
			"rotation": {"angle": 0, "axis": "y", "origin": [6, 0, 6]},
			"faces": {
				"north": {"uv": [16, 0, 0, 16], "texture": "#10"},
				"east": {"uv": [15, 0, 16, 16], "texture": "#10"},
				"south": {"uv": [0, 0, 16, 16], "texture": "#10"},
				"west": {"uv": [0, 0, 1, 16], "texture": "#10"},
				"up": {"uv": [0, 0, 16, 1], "texture": "#10"},
				"down": {"uv": [0, 15, 16, 16], "texture": "#10"}
			}
		}
	],
	"gui_light": "front",
	"display": {
		"gui": {
			"rotation": [0, 180, 0]
		},
		"head": {
			"translation": [0, -16.75, 0],
			"scale": [1.52, 1.52, 1.52]
		}
	},
	"groups": [
		{
			"name": "steve",
			"origin": [8, 8, 8],
			"color": 0,
			"children": [0, 1, 2, 3, 4, 5, 6, 7, 8, 9, 10, 11, 12]
		},
		13,
		14,
		15,
		16,
		17,
		18,
		19,
		20,
		21,
		22,
		23,
		{
			"name": "blackhat",
			"origin": [8, 8, 8],
			"color": 0,
			"children": []
		},
		{
			"name": "default",
			"origin": [8, 8, 8],
			"color": 0,
			"children": [24, 25, 26, 27, 28, 29, 30, 31, 32, 33, 34, 35, 36, 37, 38, 39, 40, 41, 42, 43, 44, 45, 46, 47, 48, 49, 50, 51, 52, 53, 54]
		}
	]
}