{
  "parent": "minecraft:item/generated",
  "textures": {
    "layer0": "minecraft:item/ender_eye"
  },
	"overrides": [
		{"predicate": {"custom_model_data": 1}, "model": "item/modelos/mini_zombie"},
    {"predicate": {"custom_model_data": 2}, "model": "item/modelos/fire_ball"},
    {"predicate": {"custom_model_data": 3}, "model": "item/modelos/cambio"},
    {"predicate": {"custom_model_data": 4}, "model": "item/modelos/defensa"},
    {"predicate": {"custom_model_data": 5}, "model": "item/modelos/regenerar"},
    {"predicate": {"custom_model_data": 6}, "model": "item/modelos/ceguera"},
    {"predicate": {"custom_model_data": 7}, "model": "item/modelos/agilidad"},
    {"predicate": {"custom_model_data": 8}, "model": "item/modelos/haste"},
    {"predicate": {"custom_model_data": 9}, "model": "item/modelos/viaje"},
    {"predicate": {"custom_model_data": 10}, "model": "item/modelos/downgrade"},
    {"predicate": {"custom_model_data": 11}, "model": "item/modelos/invisibilidad"},
    {"predicate": {"custom_model_data": 12}, "model": "item/modelos/aromatizante"},
    {"predicate": {"custom_model_data": 13}, "model": "item/modelos/murcielagos"},
    {"predicate": {"custom_model_data": 14}, "model": "item/modelos/warden"},
    {"predicate": {"custom_model_data": 15}, "model": "item/modelos/nocturna"},
    {"predicate": {"custom_model_data": 16}, "model": "item/modelos/fuerza"},
    {"predicate": {"custom_model_data": 17}, "model": "item/modelos/veneno"}
	]
}