{
	"credit": "Made with Blockbench",
	"textures": {
		"1": "block/stripped_spruce_log",
		"3": "block/anvil",
		"4": "custom/cargobarrel_top_open",
		"particle": "block/stripped_spruce_log"
	},
	"elements": [
		{
			"from": [5, 5, 2.1],
			"to": [11, 15, 3],
			"faces": {
				"north": {"uv": [5, 1, 11, 11], "texture": "#1"},
				"east": {"uv": [5, 1, 6, 11], "texture": "#1"},
				"south": {"uv": [5, 1, 11, 11], "texture": "#1"},
				"west": {"uv": [5, 1, 6, 11], "texture": "#1"}
			}
		},
		{
			"from": [12, 5, 4],
			"to": [13, 15, 5],
			"faces": {
				"north": {"uv": [11, 1, 12, 11], "texture": "#1"},
				"east": {"uv": [11, 1, 12, 11], "texture": "#1"},
				"south": {"uv": [11, 1, 12, 11], "texture": "#1"},
				"west": {"uv": [11, 1, 12, 11], "texture": "#1"}
			}
		},
		{
			"from": [13, 5, 5],
			"to": [13.9, 15, 11],
			"faces": {
				"north": {"uv": [5, 1, 6, 11], "texture": "#1"},
				"east": {"uv": [5, 1, 11, 11], "texture": "#1"},
				"south": {"uv": [5, 1, 6, 11], "texture": "#1"},
				"west": {"uv": [5, 1, 11, 11], "texture": "#1"}
			}
		},
		{
			"from": [11, 5, 3],
			"to": [12, 15, 4],
			"faces": {
				"north": {"uv": [12, 1, 13, 11], "texture": "#1"},
				"east": {"uv": [12, 1, 13, 11], "texture": "#1"},
				"south": {"uv": [12, 1, 13, 11], "texture": "#1"},
				"west": {"uv": [12, 1, 13, 11], "texture": "#1"}
			}
		},
		{
			"from": [2.1, 5, 5],
			"to": [3, 15, 11],
			"faces": {
				"north": {"uv": [5, 1, 6, 11], "texture": "#1"},
				"east": {"uv": [5, 1, 11, 11], "texture": "#1"},
				"south": {"uv": [5, 1, 6, 11], "texture": "#1"},
				"west": {"uv": [5, 1, 11, 11], "texture": "#1"}
			}
		},
		{
			"from": [3, 5, 4],
			"to": [4, 15, 5],
			"faces": {
				"north": {"uv": [4, 1, 5, 11], "texture": "#1"},
				"east": {"uv": [4, 1, 5, 11], "texture": "#1"},
				"south": {"uv": [4, 1, 5, 11], "texture": "#1"},
				"west": {"uv": [4, 1, 5, 11], "texture": "#1"}
			}
		},
		{
			"from": [2.9, 8, 3.8],
			"to": [4, 10, 4.9],
			"faces": {
				"north": {"uv": [4, 1, 5, 3], "texture": "#3"},
				"west": {"uv": [4, 1, 5, 3], "texture": "#3"},
				"up": {"uv": [4, 1, 5, 2], "rotation": 270, "texture": "#3"},
				"down": {"uv": [0, 0, 1, 1], "texture": "#3"}
			}
		},
		{
			"from": [2.9, 8, 11.1],
			"to": [4, 10, 12.1],
			"faces": {
				"south": {"uv": [4, 1, 5, 3], "texture": "#3"},
				"west": {"uv": [4, 1, 5, 3], "texture": "#3"},
				"up": {"uv": [4, 1, 5, 2], "rotation": 270, "texture": "#3"},
				"down": {"uv": [0, 0, 1, 1], "texture": "#3"}
			}
		},
		{
			"from": [3.9, 8, 2.9],
			"to": [4.9, 10, 3.9],
			"faces": {
				"north": {"uv": [4, 1, 5, 3], "texture": "#3"},
				"west": {"uv": [4, 1, 5, 3], "texture": "#3"},
				"up": {"uv": [4, 1, 5, 2], "rotation": 270, "texture": "#3"},
				"down": {"uv": [0, 0, 1, 1], "texture": "#3"}
			}
		},
		{
			"from": [3.9, 8, 12],
			"to": [4.9, 10, 13.1],
			"faces": {
				"south": {"uv": [4, 1, 5, 3], "texture": "#3"},
				"west": {"uv": [4, 1, 5, 3], "texture": "#3"},
				"up": {"uv": [4, 1, 5, 2], "rotation": 270, "texture": "#3"},
				"down": {"uv": [0, 0, 1, 1], "texture": "#3"}
			}
		},
		{
			"from": [11, 8, 2.9],
			"to": [12.1, 10, 3.9],
			"faces": {
				"north": {"uv": [4, 1, 5, 3], "texture": "#3"},
				"east": {"uv": [4, 1, 5, 3], "texture": "#3"},
				"south": {"uv": [4, 1, 5, 3], "texture": "#3"},
				"up": {"uv": [4, 1, 5, 2], "rotation": 270, "texture": "#3"},
				"down": {"uv": [0, 0, 1, 1], "texture": "#3"}
			}
		},
		{
			"from": [12.1, 8, 3.9],
			"to": [13.1, 10, 4.9],
			"faces": {
				"north": {"uv": [4, 1, 5, 3], "texture": "#3"},
				"east": {"uv": [4, 1, 5, 3], "texture": "#3"},
				"west": {"uv": [4, 1, 5, 3], "texture": "#3"},
				"up": {"uv": [4, 1, 5, 2], "rotation": 270, "texture": "#3"},
				"down": {"uv": [0, 0, 1, 1], "texture": "#3"}
			}
		},
		{
			"from": [12.1, 8, 11.1],
			"to": [13.1, 10, 12.1],
			"faces": {
				"east": {"uv": [4, 1, 5, 3], "texture": "#3"},
				"south": {"uv": [4, 1, 5, 3], "texture": "#3"},
				"up": {"uv": [4, 1, 5, 2], "rotation": 270, "texture": "#3"},
				"down": {"uv": [0, 0, 1, 1], "texture": "#3"}
			}
		},
		{
			"from": [11.1, 8, 12],
			"to": [12.1, 10, 13.1],
			"faces": {
				"east": {"uv": [4, 1, 5, 3], "texture": "#3"},
				"south": {"uv": [4, 1, 5, 3], "texture": "#3"},
				"up": {"uv": [4, 1, 5, 2], "rotation": 270, "texture": "#3"},
				"down": {"uv": [0, 0, 1, 1], "texture": "#3"}
			}
		},
		{
			"from": [4, 5, 3],
			"to": [5, 15, 4],
			"faces": {
				"north": {"uv": [3, 1, 4, 11], "texture": "#1"},
				"east": {"uv": [3, 1, 4, 11], "texture": "#1"},
				"south": {"uv": [3, 1, 4, 11], "texture": "#1"},
				"west": {"uv": [3, 1, 4, 11], "texture": "#1"}
			}
		},
		{
			"from": [11, 5, 12],
			"to": [12, 15, 13],
			"faces": {
				"north": {"uv": [11, 1, 12, 11], "texture": "#1"},
				"east": {"uv": [11, 1, 12, 11], "texture": "#1"},
				"south": {"uv": [11, 1, 12, 11], "texture": "#1"},
				"west": {"uv": [11, 1, 12, 11], "texture": "#1"}
			}
		},
		{
			"from": [5, 5, 13],
			"to": [11, 15, 13.9],
			"faces": {
				"north": {"uv": [5, 1, 11, 11], "texture": "#1"},
				"east": {"uv": [5, 1, 6, 11], "texture": "#1"},
				"south": {"uv": [5, 1, 11, 11], "texture": "#1"},
				"west": {"uv": [5, 1, 6, 11], "texture": "#1"}
			}
		},
		{
			"from": [4, 5, 12],
			"to": [5, 15, 13],
			"faces": {
				"north": {"uv": [4, 1, 5, 11], "texture": "#1"},
				"east": {"uv": [4, 1, 5, 11], "texture": "#1"},
				"south": {"uv": [4, 1, 5, 11], "texture": "#1"},
				"west": {"uv": [4, 1, 5, 11], "texture": "#1"}
			}
		},
		{
			"from": [12, 5, 11],
			"to": [13, 15, 12],
			"faces": {
				"north": {"uv": [12, 1, 13, 11], "texture": "#1"},
				"east": {"uv": [12, 1, 13, 11], "texture": "#1"},
				"south": {"uv": [12, 1, 13, 11], "texture": "#1"},
				"west": {"uv": [12, 1, 13, 11], "texture": "#1"}
			}
		},
		{
			"from": [3, 5, 11],
			"to": [4, 15, 12],
			"faces": {
				"north": {"uv": [3, 1, 4, 11], "texture": "#1"},
				"east": {"uv": [3, 1, 4, 11], "texture": "#1"},
				"south": {"uv": [3, 1, 4, 11], "texture": "#1"},
				"west": {"uv": [3, 1, 4, 11], "texture": "#1"}
			}
		},
		{
			"from": [4, 13, 4],
			"to": [12, 15, 12],
			"faces": {
				"up": {"uv": [0, 0, 8, 8], "texture": "#4"},
				"down": {"uv": [0, 0, 8, 8], "texture": "#1"}
			}
		},
		{
			"from": [4, 5, 4],
			"to": [12, 7, 12],
			"faces": {
				"up": {"uv": [0, 0, 16, 16], "texture": "#1"}
			}
		},
		{
			"from": [5, 5, 3],
			"to": [11, 7, 4],
			"faces": {
				"up": {"uv": [0, 0, 6, 1], "texture": "#1"}
			}
		},
		{
			"from": [12, 5, 5],
			"to": [13, 7, 11],
			"faces": {
				"up": {"uv": [0, 0, 1, 6], "texture": "#1"}
			}
		},
		{
			"from": [5, 5, 12],
			"to": [11, 7, 13],
			"faces": {
				"up": {"uv": [0, 0, 6, 1], "texture": "#1"}
			}
		},
		{
			"from": [3, 5, 5],
			"to": [4, 7, 11],
			"faces": {
				"up": {"uv": [0, 0, 1, 6], "texture": "#1"}
			}
		},
		{
			"from": [4, 3, 1],
			"to": [12, 5, 4],
			"faces": {
				"north": {"uv": [0, 0, 8, 2], "texture": "#3"},
				"east": {"uv": [0, 0, 3, 2], "texture": "#3"},
				"west": {"uv": [0, 0, 3, 2], "texture": "#3"},
				"up": {"uv": [0, 0, 8, 3], "texture": "#3"},
				"down": {"uv": [0, 0, 8, 3], "texture": "#3"}
			}
		},
		{
			"from": [4, 3, 12],
			"to": [12, 5, 15],
			"faces": {
				"east": {"uv": [0, 0, 3, 2], "texture": "#3"},
				"south": {"uv": [0, 0, 8, 2], "texture": "#3"},
				"west": {"uv": [0, 0, 3, 2], "texture": "#3"},
				"up": {"uv": [0, 0, 8, 3], "texture": "#3"},
				"down": {"uv": [0, 0, 8, 3], "texture": "#3"}
			}
		},
		{
			"from": [12, 3, 4],
			"to": [15, 5, 12],
			"faces": {
				"north": {"uv": [0, 0, 3, 2], "texture": "#3"},
				"east": {"uv": [0, 0, 8, 2], "texture": "#3"},
				"south": {"uv": [0, 0, 3, 2], "texture": "#3"},
				"up": {"uv": [0, 0, 3, 8], "texture": "#3"},
				"down": {"uv": [0, 0, 3, 8], "texture": "#3"}
			}
		},
		{
			"from": [4, 3, 4],
			"to": [12, 5, 12],
			"faces": {
				"down": {"uv": [0, 0, 8, 8], "texture": "#1"}
			}
		},
		{
			"from": [1, 3, 4],
			"to": [4, 5, 12],
			"faces": {
				"north": {"uv": [0, 0, 3, 2], "texture": "#3"},
				"south": {"uv": [0, 0, 3, 2], "texture": "#3"},
				"west": {"uv": [0, 0, 8, 2], "texture": "#3"},
				"up": {"uv": [0, 0, 3, 8], "texture": "#3"},
				"down": {"uv": [0, 0, 3, 8], "texture": "#3"}
			}
		},
		{
			"from": [12, 3, 12],
			"to": [13, 5, 14],
			"faces": {
				"east": {"uv": [0, 0, 2, 2], "texture": "#3"},
				"south": {"uv": [0, 0, 1, 2], "texture": "#3"},
				"up": {"uv": [0, 0, 1, 2], "texture": "#3"},
				"down": {"uv": [0, 0, 1, 2], "texture": "#3"}
			}
		},
		{
			"from": [12, 3, 2],
			"to": [13, 5, 4],
			"faces": {
				"north": {"uv": [0, 0, 1, 2], "texture": "#3"},
				"east": {"uv": [0, 0, 2, 2], "texture": "#3"},
				"up": {"uv": [0, 0, 1, 2], "texture": "#3"},
				"down": {"uv": [0, 0, 1, 2], "texture": "#3"}
			}
		},
		{
			"from": [3, 3, 2],
			"to": [4, 5, 4],
			"faces": {
				"north": {"uv": [0, 0, 1, 2], "texture": "#3"},
				"west": {"uv": [0, 0, 2, 2], "texture": "#3"},
				"up": {"uv": [0, 0, 1, 2], "texture": "#3"},
				"down": {"uv": [0, 0, 1, 2], "texture": "#3"}
			}
		},
		{
			"from": [3, 3, 12],
			"to": [4, 5, 14],
			"faces": {
				"south": {"uv": [0, 0, 1, 2], "texture": "#3"},
				"west": {"uv": [0, 0, 2, 2], "texture": "#3"},
				"up": {"uv": [0, 0, 1, 2], "texture": "#3"},
				"down": {"uv": [0, 0, 1, 2], "texture": "#3"}
			}
		},
		{
			"from": [12.001, 8, 4.9],
			"to": [14.001, 10, 11.1],
			"faces": {
				"north": {"uv": [0, 0, 2, 2], "texture": "#3"},
				"east": {"uv": [0, 0, 6, 2], "texture": "#3"},
				"south": {"uv": [0, 0, 2, 2], "texture": "#3"},
				"west": {"uv": [0, 0, 6, 2], "texture": "#3"},
				"up": {"uv": [0, 0, 2, 6], "texture": "#3"},
				"down": {"uv": [0, 0, 2, 6], "texture": "#3"}
			}
		},
		{
			"from": [4.9, 8, 12.001],
			"to": [11.1, 10, 14.001],
			"faces": {
				"north": {"uv": [0, 0, 6, 2], "texture": "#3"},
				"east": {"uv": [0, 0, 2, 2], "texture": "#3"},
				"south": {"uv": [0, 0, 6, 2], "texture": "#3"},
				"west": {"uv": [0, 0, 2, 2], "texture": "#3"},
				"up": {"uv": [0, 0, 6, 2], "texture": "#3"},
				"down": {"uv": [0, 0, 6, 2], "texture": "#3"}
			}
		},
		{
			"from": [1.999, 8, 4.9],
			"to": [3.999, 10, 11.1],
			"faces": {
				"north": {"uv": [0, 0, 2, 2], "texture": "#3"},
				"east": {"uv": [0, 0, 6, 2], "texture": "#3"},
				"south": {"uv": [0, 0, 2, 2], "texture": "#3"},
				"west": {"uv": [0, 0, 6, 2], "texture": "#3"},
				"up": {"uv": [0, 0, 2, 6], "texture": "#3"},
				"down": {"uv": [0, 0, 2, 6], "texture": "#3"}
			}
		},
		{
			"from": [4.9, 8, 1.999],
			"to": [11.1, 10, 3.999],
			"faces": {
				"north": {"uv": [0, 0, 6, 2], "texture": "#3"},
				"east": {"uv": [0, 0, 2, 2], "texture": "#3"},
				"south": {"uv": [0, 0, 6, 2], "texture": "#3"},
				"west": {"uv": [0, 0, 2, 2], "texture": "#3"},
				"up": {"uv": [0, 0, 6, 2], "texture": "#3"},
				"down": {"uv": [0, 0, 6, 2], "texture": "#3"}
			}
		},
		{
			"from": [12, 13, 4],
			"to": [15, 15, 12],
			"faces": {
				"north": {"uv": [0, 0, 3, 2], "texture": "#3"},
				"east": {"uv": [0, 0, 8, 2], "texture": "#3"},
				"south": {"uv": [0, 0, 3, 2], "texture": "#3"},
				"up": {"uv": [0, 0, 3, 8], "texture": "#3"},
				"down": {"uv": [0, 0, 3, 8], "texture": "#3"}
			}
		},
		{
			"from": [12, 13, 12],
			"to": [13, 15, 14],
			"faces": {
				"east": {"uv": [0, 0, 2, 2], "texture": "#3"},
				"south": {"uv": [0, 0, 1, 2], "texture": "#3"},
				"up": {"uv": [0, 0, 1, 2], "texture": "#3"},
				"down": {"uv": [0, 0, 1, 2], "texture": "#3"}
			}
		},
		{
			"from": [4, 13, 12],
			"to": [12, 15, 15],
			"faces": {
				"east": {"uv": [0, 0, 3, 2], "texture": "#3"},
				"south": {"uv": [0, 0, 8, 2], "texture": "#3"},
				"west": {"uv": [0, 0, 3, 2], "texture": "#3"},
				"up": {"uv": [0, 0, 8, 3], "texture": "#3"},
				"down": {"uv": [0, 0, 8, 3], "texture": "#3"}
			}
		},
		{
			"from": [3, 13, 12],
			"to": [4, 15, 14],
			"faces": {
				"south": {"uv": [0, 0, 1, 2], "texture": "#3"},
				"west": {"uv": [0, 0, 2, 2], "texture": "#3"},
				"up": {"uv": [0, 0, 1, 2], "texture": "#3"},
				"down": {"uv": [0, 0, 1, 2], "texture": "#3"}
			}
		},
		{
			"from": [1, 13, 4],
			"to": [4, 15, 12],
			"faces": {
				"north": {"uv": [0, 0, 3, 2], "texture": "#3"},
				"south": {"uv": [0, 0, 3, 2], "texture": "#3"},
				"west": {"uv": [0, 0, 8, 2], "texture": "#3"},
				"up": {"uv": [0, 0, 3, 8], "texture": "#3"},
				"down": {"uv": [0, 0, 3, 8], "texture": "#3"}
			}
		},
		{
			"from": [3, 13, 2],
			"to": [4, 15, 4],
			"faces": {
				"north": {"uv": [0, 0, 1, 2], "texture": "#3"},
				"west": {"uv": [0, 0, 2, 2], "texture": "#3"},
				"up": {"uv": [0, 0, 1, 2], "texture": "#3"},
				"down": {"uv": [0, 0, 1, 2], "texture": "#3"}
			}
		},
		{
			"from": [4, 13, 1],
			"to": [12, 15, 4],
			"faces": {
				"north": {"uv": [0, 0, 8, 2], "texture": "#3"},
				"east": {"uv": [0, 0, 3, 2], "texture": "#3"},
				"west": {"uv": [0, 0, 3, 2], "texture": "#3"},
				"up": {"uv": [0, 0, 8, 3], "texture": "#3"},
				"down": {"uv": [0, 0, 8, 3], "texture": "#3"}
			}
		},
		{
			"from": [12, 13, 2],
			"to": [13, 15, 4],
			"faces": {
				"north": {"uv": [0, 0, 1, 2], "texture": "#3"},
				"east": {"uv": [0, 0, 2, 2], "texture": "#3"},
				"up": {"uv": [0, 0, 1, 2], "texture": "#3"},
				"down": {"uv": [0, 0, 1, 2], "texture": "#3"}
			}
		}
	],
	"gui_light": "front",
	"display": {
		"thirdperson_righthand": {
			"translation": [0, 4, 1.5],
			"scale": [0.6, 0.6, 0.6]
		},
		"thirdperson_lefthand": {
			"translation": [0, 4, 1],
			"scale": [0.6, 0.6, 0.6]
		},
		"firstperson_righthand": {
			"rotation": [-21, 17, 5],
			"translation": [1, 4.25, -1.75],
			"scale": [0.62, 0.62, 0.62]
		},
		"firstperson_lefthand": {
			"rotation": [-21, 17, 5],
			"translation": [1, 4.25, -1.75],
			"scale": [0.62, 0.62, 0.62]
		},
		"ground": {
			"translation": [0, 2.75, 0],
			"scale": [0.5, 0.5, 0.5]
		},
		"gui": {
			"rotation": [0, 180, 0]
		},
		"head": {
			"translation": [0, -26.75, 0],
			"scale": [2, 2, 2]
		}
	},
	"groups": [
		{
			"name": "group",
			"origin": [0, 0, 0],
			"color": 0,
			"children": [0]
		},
		{
			"name": "group",
			"origin": [0, 0, 0],
			"color": 0,
			"children": [1, 2, 3]
		},
		{
			"name": "group",
			"origin": [0, 0, 0],
			"color": 0,
			"children": [4, 5, 6, 7, 8, 9, 10, 11, 12, 13, 14]
		},
		{
			"name": "group",
			"origin": [0, 0, 0],
			"color": 0,
			"children": [15, 16, 17, 18, 19]
		},
		20,
		21,
		22,
		23,
		24,
		25,
		26,
		27,
		28,
		29,
		30,
		31,
		32,
		33,
		34,
		35,
		36,
		37,
		38,
		39,
		40,
		41,
		42,
		43,
		44,
		45,
		46
	]
}