{
	"credit": "Made with Blockbench",
	"textures": {
		"5": "block/oak_planks",
		"particle": "block/basalt_side"
	},
	"elements": [
		{
			"from": [2.5, 12, 16.9],
			"to": [5, 17, 19.4],
			"faces": {
				"north": {"uv": [9, 2, 11, 7], "texture": "#5"},
				"east": {"uv": [9, 2, 11, 7], "texture": "#5"},
				"south": {"uv": [9, 2, 11, 7], "texture": "#5"},
				"west": {"uv": [9, 2, 11, 7], "texture": "#5"},
				"up": {"uv": [2, 0, 4, 2.5], "texture": "#5"},
				"down": {"uv": [4, 0, 6, 2.5], "texture": "#5"}
			}
		},
		{
			"from": [11, 12, 16.9],
			"to": [13.5, 17, 19.4],
			"faces": {
				"north": {"uv": [9, 2, 11, 7], "texture": "#5"},
				"east": {"uv": [9, 2, 11, 7], "texture": "#5"},
				"south": {"uv": [9, 2, 11, 7], "texture": "#5"},
				"west": {"uv": [9, 2, 11, 7], "texture": "#5"},
				"up": {"uv": [2, 0, 4, 2.5], "texture": "#5"},
				"down": {"uv": [4, 0, 6, 2.5], "texture": "#5"}
			}
		},
		{
			"from": [2.5, 9.5, 16.9],
			"to": [13.5, 12, 19.4],
			"faces": {
				"north": {"uv": [0, 0, 11, 2.5], "texture": "#5"},
				"east": {"uv": [0, 0, 2.5, 2.5], "texture": "#5"},
				"south": {"uv": [4, 8, 15, 10.5], "texture": "#5"},
				"west": {"uv": [0, 0, 2.5, 2.5], "texture": "#5"},
				"up": {"uv": [5, 0, 16, 2.5], "texture": "#5"},
				"down": {"uv": [2, 0, 13, 2.5], "texture": "#5"}
			}
		}
	],
	"display": {
		"thirdperson_righthand": {
			"rotation": [72, 0, 0],
			"translation": [0, -3, -7],
			"scale": [0.7, 0.7, 0.7]
		},
		"thirdperson_lefthand": {
			"rotation": [70, 0, 0],
			"translation": [0, -2.75, -8],
			"scale": [0.7, 0.7, 0.7]
		},
		"firstperson_righthand": {
			"rotation": [8, 0, 6],
			"translation": [0, 1.5, 0]
		},
		"firstperson_lefthand": {
			"rotation": [8, 0, 6],
			"translation": [0, 1.5, 0]
		},
		"ground": {
			"translation": [0, 0, -3.75]
		},
		"gui": {
			"rotation": [-126, 43, 149],
			"translation": [0, -2.25, 0],
			"scale": [0.46, 0.47, 0.49]
		},
		"head": {
			"translation": [0, -78.5, -55.4],
			"scale": [1.68, 1.68, 1.68]
		}
	}
}