{
	"credit": "Made with Blockbench",
	"textures": {
		"0": "block/basalt_side",
		"3": "block/iron_block",
		"4": "block/cauldron_inner",
		"5": "block/oak_planks",
		"6": "block/black_concrete",
		"7": "block/gray_concrete_powder",
		"particle": "block/basalt_side"
	},
	"elements": [
		{
			"from": [6, 12, 3],
			"to": [10, 13, 5],
			"rotation": {"angle": -22.5, "axis": "x", "origin": [8, 18, 14.55]},
			"faces": {
				"north": {"uv": [4, 0, 0, 1], "texture": "#0"},
				"east": {"uv": [2, 0, 0, 1], "texture": "#0"},
				"south": {"uv": [4, 0, 0, 1], "texture": "#0"},
				"west": {"uv": [2, 0, 0, 1], "texture": "#0"},
				"down": {"uv": [4, 0, 0, 2], "texture": "#0"}
			}
		},
		{
			"from": [6, 19, 3],
			"to": [10, 20, 5],
			"rotation": {"angle": -22.5, "axis": "x", "origin": [8, 18, 14.55]},
			"faces": {
				"north": {"uv": [4, 0, 0, 1], "texture": "#0"},
				"east": {"uv": [2, 0, 0, 1], "texture": "#0"},
				"south": {"uv": [4, 0, 0, 1], "texture": "#0"},
				"west": {"uv": [2, 0, 0, 1], "texture": "#0"},
				"up": {"uv": [4, 0, 0, 2], "texture": "#0"}
			}
		},
		{
			"from": [5, 13, 3],
			"to": [11, 14, 5],
			"rotation": {"angle": -22.5, "axis": "x", "origin": [8, 18, 14.55]},
			"faces": {
				"north": {"uv": [6, 0, 0, 1], "texture": "#0"},
				"east": {"uv": [2, 0, 0, 1], "texture": "#0"},
				"south": {"uv": [6, 0, 0, 1], "texture": "#0"},
				"west": {"uv": [2, 0, 0, 1], "texture": "#0"},
				"up": {"uv": [6, 0, 0, 2], "texture": "#0"},
				"down": {"uv": [6, 0, 0, 2], "texture": "#0"}
			}
		},
		{
			"from": [5, 18, 3],
			"to": [11, 19, 5],
			"rotation": {"angle": -22.5, "axis": "x", "origin": [8, 18, 14.55]},
			"faces": {
				"north": {"uv": [6, 0, 0, 1], "texture": "#0"},
				"east": {"uv": [2, 0, 0, 1], "texture": "#0"},
				"south": {"uv": [6, 0, 0, 1], "texture": "#0"},
				"west": {"uv": [2, 0, 0, 1], "texture": "#0"},
				"up": {"uv": [6, 0, 0, 2], "texture": "#0"},
				"down": {"uv": [6, 0, 0, 2], "texture": "#0"}
			}
		},
		{
			"from": [10, 14, 3],
			"to": [11, 18, 4],
			"rotation": {"angle": -22.5, "axis": "x", "origin": [8, 18, 14.55]},
			"faces": {
				"north": {"uv": [1, 0, 0, 4], "texture": "#0"},
				"west": {"uv": [1, 0, 0, 4], "texture": "#0"}
			}
		},
		{
			"from": [5, 14, 3],
			"to": [6, 18, 4],
			"rotation": {"angle": -22.5, "axis": "x", "origin": [8, 18, 14.55]},
			"faces": {
				"north": {"uv": [1, 0, 0, 4], "texture": "#0"},
				"east": {"uv": [1, 0, 0, 4], "texture": "#0"}
			}
		},
		{
			"from": [4, 14, 3],
			"to": [5, 18, 5],
			"rotation": {"angle": -22.5, "axis": "x", "origin": [8, 18, 14.55]},
			"faces": {
				"north": {"uv": [1, 0, 0, 4], "texture": "#0"},
				"south": {"uv": [1, 0, 0, 4], "texture": "#0"},
				"west": {"uv": [2, 0, 0, 4], "texture": "#0"},
				"up": {"uv": [1, 0, 0, 2], "texture": "#0"},
				"down": {"uv": [1, 0, 0, 2], "texture": "#0"}
			}
		},
		{
			"from": [11, 14, 3],
			"to": [12, 18, 5],
			"rotation": {"angle": -22.5, "axis": "x", "origin": [8, 18, 14.55]},
			"faces": {
				"north": {"uv": [1, 0, 0, 4], "texture": "#0"},
				"east": {"uv": [2, 0, 0, 4], "texture": "#0"},
				"south": {"uv": [1, 0, 0, 4], "texture": "#0"},
				"up": {"uv": [1, 0, 0, 2], "texture": "#0"},
				"down": {"uv": [1, 0, 0, 2], "texture": "#0"}
			}
		},
		{
			"from": [5, 14, 4],
			"to": [6, 18, 11],
			"rotation": {"angle": -22.5, "axis": "x", "origin": [8, 18, 14.55]},
			"faces": {
				"east": {"uv": [6, 0, 0, 4], "texture": "#0"},
				"west": {"uv": [6, 0, 0, 4], "texture": "#0"},
				"up": {"uv": [1, 0, 0, 6], "texture": "#0"},
				"down": {"uv": [1, 0, 0, 6], "texture": "#0"}
			}
		},
		{
			"from": [10, 14, 4],
			"to": [11, 18, 11],
			"rotation": {"angle": -22.5, "axis": "x", "origin": [8, 18, 14.55]},
			"faces": {
				"east": {"uv": [6, 0, 0, 4], "texture": "#0"},
				"west": {"uv": [6, 0, 0, 4], "texture": "#0"},
				"up": {"uv": [1, 0, 0, 6], "texture": "#0"},
				"down": {"uv": [1, 0, 0, 6], "texture": "#0"}
			}
		},
		{
			"from": [3.8, 14, 18],
			"to": [4.8, 18.4, 22.4],
			"rotation": {"angle": -22.5, "axis": "x", "origin": [8, 18, 14.55]},
			"faces": {
				"south": {"uv": [1, 0, 0, 4.4], "texture": "#0"},
				"west": {"uv": [4.4, 0, 0, 4.4], "texture": "#0"},
				"up": {"uv": [1, 0, 0, 4.4], "texture": "#0"},
				"down": {"uv": [1, 0, 0, 4.4], "texture": "#0"}
			}
		},
		{
			"from": [5.8, 19, 18],
			"to": [10.2, 20.4, 22.4],
			"rotation": {"angle": -22.5, "axis": "x", "origin": [8, 18, 14.55]},
			"faces": {
				"east": {"uv": [4.4, 0, 0, 1.4], "texture": "#0"},
				"south": {"uv": [4.4, 0, 0, 1.4], "texture": "#0"},
				"west": {"uv": [4.4, 0, 0, 1.4], "texture": "#0"},
				"up": {"uv": [4.4, 0, 0, 4.4], "texture": "#0"}
			}
		},
		{
			"from": [5.8, 19, 22.4],
			"to": [10.2, 20, 23.9],
			"rotation": {"angle": -22.5, "axis": "x", "origin": [8, 18, 14.55]},
			"faces": {
				"east": {"uv": [1.5, 0, 0, 1], "texture": "#0"},
				"south": {"uv": [4.4, 0, 0, 1], "texture": "#0"},
				"west": {"uv": [1.5, 0, 0, 1], "texture": "#0"},
				"up": {"uv": [4.4, 0, 0, 1.5], "texture": "#0"}
			}
		},
		{
			"from": [5.8, 13, 22.4],
			"to": [10.2, 14, 23.9],
			"rotation": {"angle": -22.5, "axis": "x", "origin": [8, 18, 14.55]},
			"faces": {
				"north": {"uv": [4.4, 0, 0, 1], "texture": "#0"},
				"east": {"uv": [1.5, 0, 0, 1], "texture": "#0"},
				"south": {"uv": [4.4, 0, 0, 1], "texture": "#0"},
				"west": {"uv": [1.5, 0, 0, 1], "texture": "#0"},
				"down": {"uv": [5, 0, 0, 1.5], "texture": "#0"}
			}
		},
		{
			"from": [4.8, 14, 22.4],
			"to": [11.2, 19, 23.9],
			"rotation": {"angle": -22.5, "axis": "x", "origin": [8, 18, 14.55]},
			"faces": {
				"east": {"uv": [1.5, 0, 0, 5], "texture": "#0"},
				"south": {"uv": [6.4, 0, 0, 5], "texture": "#0"},
				"west": {"uv": [1.5, 0, 0, 5], "texture": "#0"},
				"up": {"uv": [6.4, 0, 0, 1.5], "texture": "#0"},
				"down": {"uv": [6.4, 0, 0, 1.5], "texture": "#0"}
			}
		},
		{
			"from": [5.8, 14, 23.9],
			"to": [10.2, 19, 24.9],
			"rotation": {"angle": -22.5, "axis": "x", "origin": [8, 18, 14.55]},
			"faces": {
				"east": {"uv": [1, 0, 0, 5], "texture": "#0"},
				"south": {"uv": [4.4, 0, 0, 5], "texture": "#0"},
				"west": {"uv": [1, 0, 0, 5], "texture": "#0"},
				"up": {"uv": [4.4, 0, 0, 1], "texture": "#0"},
				"down": {"uv": [4.4, 0, 0, 1], "texture": "#0"}
			}
		},
		{
			"from": [6.8, 14, 24.9],
			"to": [9.2, 19, 25.9],
			"rotation": {"angle": -22.5, "axis": "x", "origin": [8, 18, 14.55]},
			"faces": {
				"east": {"uv": [1, 0, 0, 5], "texture": "#0"},
				"south": {"uv": [2.4, 0, 0, 5], "texture": "#0"},
				"west": {"uv": [1, 0, 0, 5], "texture": "#0"},
				"up": {"uv": [2.4, 0, 0, 1], "texture": "#0"},
				"down": {"uv": [2.4, 0, 0, 1], "texture": "#0"}
			}
		},
		{
			"from": [5.8, 15, 24.9],
			"to": [6.8, 18, 25.9],
			"rotation": {"angle": -22.5, "axis": "x", "origin": [8, 18, 14.55]},
			"faces": {
				"south": {"uv": [1, 0, 0, 3], "texture": "#0"},
				"west": {"uv": [1, 0, 0, 3], "texture": "#0"},
				"up": {"uv": [1, 0, 0, 1], "texture": "#0"},
				"down": {"uv": [1, 0, 0, 1], "texture": "#0"}
			}
		},
		{
			"from": [9.2, 15, 24.9],
			"to": [10.2, 18, 25.9],
			"rotation": {"angle": -22.5, "axis": "x", "origin": [8, 18, 14.55]},
			"faces": {
				"east": {"uv": [1, 0, 0, 3], "texture": "#0"},
				"south": {"uv": [1, 0, 0, 3], "texture": "#0"},
				"up": {"uv": [1, 0, 0, 1], "texture": "#0"},
				"down": {"uv": [1, 0, 0, 1], "texture": "#0"}
			}
		},
		{
			"from": [5.8, 12, 18],
			"to": [10.2, 13.4, 22.4],
			"rotation": {"angle": -22.5, "axis": "x", "origin": [8, 18, 14.55]},
			"faces": {
				"north": {"uv": [4.4, 0, 0, 1.4], "texture": "#0"},
				"east": {"uv": [4.4, 0, 0, 1.4], "texture": "#0"},
				"south": {"uv": [4.4, 0, 0, 1.4], "texture": "#0"},
				"west": {"uv": [4.4, 0, 0, 1.4], "texture": "#0"},
				"down": {"uv": [4.4, 0, 0, 4.4], "texture": "#0"}
			}
		},
		{
			"from": [4.8, 18, 18],
			"to": [5.8, 19.4, 22.4],
			"rotation": {"angle": -22.5, "axis": "x", "origin": [8, 18, 14.55]},
			"faces": {
				"north": {"uv": [1, 0, 0, 1.4], "texture": "#0"},
				"south": {"uv": [1, 0, 0, 1.4], "texture": "#0"},
				"west": {"uv": [4.4, 0, 0, 1.4], "texture": "#0"},
				"up": {"uv": [1, 0, 0, 4.4], "texture": "#0"},
				"down": {"uv": [1, 0, 0, 4.4], "texture": "#0"}
			}
		},
		{
			"from": [4.8, 13, 18],
			"to": [5.8, 14.4, 22.4],
			"rotation": {"angle": -22.5, "axis": "x", "origin": [8, 18, 14.55]},
			"faces": {
				"north": {"uv": [1, 0, 0, 1.4], "texture": "#0"},
				"south": {"uv": [1, 0, 0, 1.4], "texture": "#0"},
				"west": {"uv": [4.4, 0, 0, 1.4], "texture": "#0"},
				"down": {"uv": [1, 0, 0, 4.4], "texture": "#0"}
			}
		},
		{
			"from": [11.2, 14, 18],
			"to": [12.2, 18.4, 22.4],
			"rotation": {"angle": -22.5, "axis": "x", "origin": [8, 18, 14.55]},
			"faces": {
				"east": {"uv": [4.4, 0, 0, 4.4], "texture": "#0"},
				"south": {"uv": [1, 0, 0, 4.4], "texture": "#0"},
				"west": {"uv": [4.4, 0, 0, 4.4], "texture": "#0"},
				"up": {"uv": [1, 0, 0, 4.4], "texture": "#0"},
				"down": {"uv": [1, 0, 0, 4.4], "texture": "#0"}
			}
		},
		{
			"from": [10.2, 18, 18],
			"to": [11.2, 19.4, 22.4],
			"rotation": {"angle": -22.5, "axis": "x", "origin": [8, 18, 14.55]},
			"faces": {
				"north": {"uv": [1, 0, 0, 1.4], "texture": "#0"},
				"east": {"uv": [4.4, 0, 0, 1.4], "texture": "#0"},
				"south": {"uv": [1, 0, 0, 1.4], "texture": "#0"},
				"up": {"uv": [1, 0, 0, 4.4], "texture": "#0"},
				"down": {"uv": [1, 0, 0, 4.4], "texture": "#0"}
			}
		},
		{
			"from": [10.2, 13, 18],
			"to": [11.2, 14.4, 22.4],
			"rotation": {"angle": -22.5, "axis": "x", "origin": [8, 18, 14.55]},
			"faces": {
				"north": {"uv": [1, 0, 0, 1.4], "texture": "#0"},
				"east": {"uv": [4.4, 0, 0, 1.4], "texture": "#0"},
				"south": {"uv": [1, 0, 0, 1.4], "texture": "#0"},
				"down": {"uv": [1, 0, 0, 4.4], "texture": "#0"}
			}
		},
		{
			"from": [6, 18, 5],
			"to": [10, 19, 11],
			"rotation": {"angle": -22.5, "axis": "x", "origin": [8, 18, 14.55]},
			"faces": {
				"east": {"uv": [5, 0, 0, 1], "texture": "#0"},
				"west": {"uv": [5, 0, 0, 1], "texture": "#0"},
				"up": {"uv": [4, 0, 0, 5], "texture": "#0"},
				"down": {"uv": [4, 0, 0, 5], "texture": "#0"}
			}
		},
		{
			"from": [6, 19, 11],
			"to": [10, 20, 17],
			"rotation": {"angle": -22.5, "axis": "x", "origin": [8, 18, 14.55]},
			"faces": {
				"north": {"uv": [4, 0, 0, 1], "texture": "#0"},
				"east": {"uv": [6, 0, 0, 1], "texture": "#0"},
				"south": {"uv": [4, 0, 0, 1], "texture": "#0"},
				"west": {"uv": [6, 0, 0, 1], "texture": "#0"},
				"up": {"uv": [4, 0, 0, 6], "texture": "#0"},
				"down": {"uv": [4, 0, 0, 6], "texture": "#0"}
			}
		},
		{
			"from": [6, 12, 11],
			"to": [10, 13, 17],
			"rotation": {"angle": -22.5, "axis": "x", "origin": [8, 18, 14.55]},
			"faces": {
				"north": {"uv": [4, 0, 0, 1], "texture": "#0"},
				"east": {"uv": [6, 0, 0, 1], "texture": "#0"},
				"south": {"uv": [4, 0, 0, 1], "texture": "#0"},
				"west": {"uv": [6, 0, 0, 1], "texture": "#0"},
				"up": {"uv": [4, 0, 0, 6], "texture": "#0"},
				"down": {"uv": [4, 0, 0, 6], "texture": "#0"}
			}
		},
		{
			"from": [4, 14, 11],
			"to": [6, 18, 17],
			"rotation": {"angle": -22.5, "axis": "x", "origin": [8, 18, 14.55]},
			"faces": {
				"north": {"uv": [2, 0, 0, 4], "texture": "#0"},
				"east": {"uv": [6, 0, 0, 4], "texture": "#0"},
				"south": {"uv": [2, 0, 0, 4], "texture": "#0"},
				"west": {"uv": [6, 0, 0, 4], "texture": "#0"},
				"up": {"uv": [2, 0, 0, 6], "texture": "#0"},
				"down": {"uv": [2, 0, 0, 6], "texture": "#0"}
			}
		},
		{
			"from": [11, 12, 17],
			"to": [13, 20, 18],
			"rotation": {"angle": -22.5, "axis": "x", "origin": [8, 18, 14.55]},
			"faces": {
				"north": {"uv": [2, 0, 0, 8], "texture": "#3"},
				"east": {"uv": [1, 0, 0, 8], "texture": "#3"},
				"south": {"uv": [2, 0, 0, 8], "texture": "#3"},
				"west": {"uv": [1, 0, 0, 8], "texture": "#3"},
				"up": {"uv": [2, 0, 0, 1], "texture": "#3"},
				"down": {"uv": [2, 0, 0, 1], "texture": "#3"}
			}
		},
		{
			"from": [3, 12, 17],
			"to": [5, 20, 18],
			"rotation": {"angle": -22.5, "axis": "x", "origin": [8, 18, 14.55]},
			"faces": {
				"north": {"uv": [2, 0, 0, 8], "texture": "#3"},
				"east": {"uv": [1, 0, 0, 8], "texture": "#3"},
				"south": {"uv": [2, 0, 0, 8], "texture": "#3"},
				"west": {"uv": [1, 0, 0, 8], "texture": "#3"},
				"up": {"uv": [2, 0, 0, 1], "texture": "#3"},
				"down": {"uv": [2, 0, 0, 1], "texture": "#3"}
			}
		},
		{
			"from": [5, 19, 17],
			"to": [11, 21, 18],
			"rotation": {"angle": -22.5, "axis": "x", "origin": [8, 18, 14.55]},
			"faces": {
				"north": {"uv": [6, 0, 0, 2], "texture": "#3"},
				"east": {"uv": [1, 0, 0, 2], "texture": "#3"},
				"south": {"uv": [6, 0, 0, 2], "texture": "#3"},
				"west": {"uv": [1, 0, 0, 2], "texture": "#3"},
				"up": {"uv": [6, 0, 0, 1], "texture": "#3"},
				"down": {"uv": [6, 0, 0, 1], "texture": "#3"}
			}
		},
		{
			"from": [5, 11, 17],
			"to": [11, 13, 18],
			"rotation": {"angle": -22.5, "axis": "x", "origin": [8, 18, 14.55]},
			"faces": {
				"north": {"uv": [6, 0, 0, 2], "texture": "#3"},
				"east": {"uv": [1, 0, 0, 2], "texture": "#3"},
				"south": {"uv": [6, 0, 0, 2], "texture": "#3"},
				"west": {"uv": [1, 0, 0, 2], "texture": "#3"},
				"up": {"uv": [6, 0, 0, 1], "texture": "#3"},
				"down": {"uv": [6, 0, 0, 1], "texture": "#3"}
			}
		},
		{
			"from": [5, 12, 10],
			"to": [11, 13, 11],
			"rotation": {"angle": -22.5, "axis": "x", "origin": [8, 18, 14.55]},
			"faces": {
				"north": {"uv": [6, 0, 0, 1], "texture": "#3"},
				"east": {"uv": [1, 0, 0, 1], "texture": "#3"},
				"south": {"uv": [6, 0, 0, 1], "texture": "#3"},
				"west": {"uv": [1, 0, 0, 1], "texture": "#3"},
				"up": {"uv": [6, 0, 0, 1], "texture": "#3"},
				"down": {"uv": [6, 0, 0, 1], "texture": "#3"}
			}
		},
		{
			"from": [11, 13, 10],
			"to": [12, 19, 11],
			"rotation": {"angle": -22.5, "axis": "x", "origin": [8, 18, 14.55]},
			"faces": {
				"north": {"uv": [1, 0, 0, 6], "texture": "#3"},
				"east": {"uv": [1, 0, 0, 6], "texture": "#3"},
				"south": {"uv": [1, 0, 0, 6], "texture": "#3"},
				"west": {"uv": [1, 0, 0, 6], "texture": "#3"},
				"up": {"uv": [1, 0, 0, 1], "texture": "#3"},
				"down": {"uv": [1, 0, 0, 1], "texture": "#3"}
			}
		},
		{
			"from": [5, 19, 10],
			"to": [11, 20, 11],
			"rotation": {"angle": -22.5, "axis": "x", "origin": [8, 18, 14.55]},
			"faces": {
				"north": {"uv": [6, 0, 0, 1], "texture": "#3"},
				"east": {"uv": [1, 0, 0, 1], "texture": "#3"},
				"south": {"uv": [6, 0, 0, 1], "texture": "#3"},
				"west": {"uv": [1, 0, 0, 1], "texture": "#3"},
				"up": {"uv": [6, 0, 0, 1], "texture": "#3"},
				"down": {"uv": [6, 0, 0, 1], "texture": "#3"}
			}
		},
		{
			"from": [4, 13, 10],
			"to": [5, 19, 11],
			"rotation": {"angle": -22.5, "axis": "x", "origin": [8, 18, 14.55]},
			"faces": {
				"north": {"uv": [1, 0, 0, 6], "texture": "#3"},
				"east": {"uv": [1, 0, 0, 6], "texture": "#3"},
				"south": {"uv": [1, 0, 0, 6], "texture": "#3"},
				"west": {"uv": [1, 0, 0, 6], "texture": "#3"},
				"up": {"uv": [1, 0, 0, 1], "texture": "#3"},
				"down": {"uv": [1, 0, 0, 1], "texture": "#3"}
			}
		},
		{
			"from": [10, 14, 11],
			"to": [12, 18, 17],
			"rotation": {"angle": -22.5, "axis": "x", "origin": [8, 18, 14.55]},
			"faces": {
				"north": {"uv": [2, 0, 0, 4], "texture": "#0"},
				"east": {"uv": [6, 0, 0, 4], "texture": "#0"},
				"south": {"uv": [2, 0, 0, 4], "texture": "#0"},
				"west": {"uv": [6, 0, 0, 4], "texture": "#0"},
				"up": {"uv": [2, 0, 0, 6], "texture": "#0"},
				"down": {"uv": [2, 0, 0, 6], "texture": "#0"}
			}
		},
		{
			"from": [5, 18, 11],
			"to": [11, 19, 17],
			"rotation": {"angle": -22.5, "axis": "x", "origin": [8, 18, 14.55]},
			"faces": {
				"north": {"uv": [6, 0, 0, 1], "texture": "#0"},
				"east": {"uv": [6, 0, 0, 1], "texture": "#0"},
				"south": {"uv": [6, 0, 0, 1], "texture": "#0"},
				"west": {"uv": [6, 0, 0, 1], "texture": "#0"},
				"up": {"uv": [6, 0, 0, 6], "texture": "#0"},
				"down": {"uv": [6, 0, 0, 6], "texture": "#0"}
			}
		},
		{
			"from": [5, 13, 11],
			"to": [11, 14, 17],
			"rotation": {"angle": -22.5, "axis": "x", "origin": [8, 18, 14.55]},
			"faces": {
				"north": {"uv": [6, 0, 0, 1], "texture": "#0"},
				"east": {"uv": [6, 0, 0, 1], "texture": "#0"},
				"south": {"uv": [6, 0, 0, 1], "texture": "#0"},
				"west": {"uv": [6, 0, 0, 1], "texture": "#0"},
				"up": {"uv": [6, 0, 0, 6], "texture": "#0"},
				"down": {"uv": [6, 0, 0, 6], "texture": "#0"}
			}
		},
		{
			"from": [6, 13, 5],
			"to": [10, 14, 11],
			"rotation": {"angle": -22.5, "axis": "x", "origin": [8, 18, 14.55]},
			"faces": {
				"east": {"uv": [5, 0, 0, 1], "texture": "#0"},
				"west": {"uv": [5, 0, 0, 1], "texture": "#0"},
				"up": {"uv": [4, 0, 0, 5], "texture": "#0"},
				"down": {"uv": [4, 0, 0, 5], "texture": "#0"}
			}
		},
		{
			"from": [6, 14, 9],
			"to": [10, 18, 14],
			"rotation": {"angle": -22.5, "axis": "x", "origin": [8, 18, 14.55]},
			"faces": {
				"north": {"uv": [15, 1, 1, 15], "texture": "#4"}
			}
		},
		{
			"from": [4.5, 13.9, 21.8],
			"to": [11.5, 15, 26.4],
			"rotation": {"angle": -22.5, "axis": "x", "origin": [8, 18, 14.55]},
			"faces": {
				"north": {"uv": [1.1, 0, 0, 7], "rotation": 90, "texture": "#0"},
				"east": {"uv": [1, 0, 0, 4.6], "rotation": 90, "texture": "#0"},
				"south": {"uv": [1, 0, 0, 7], "rotation": 90, "texture": "#0"},
				"west": {"uv": [1, 0, 0, 4.6], "rotation": 90, "texture": "#0"},
				"up": {"uv": [4.6, 0, 0, 7], "rotation": 90, "texture": "#0"},
				"down": {"uv": [4.6, 0, 0, 7], "rotation": 90, "texture": "#0"}
			}
		},
		{
			"from": [4.5, 17, 21.8],
			"to": [11.5, 18.1, 26.4],
			"rotation": {"angle": -22.5, "axis": "x", "origin": [8, 18, 14.55]},
			"faces": {
				"north": {"uv": [1.1, 0, 0, 7], "rotation": 90, "texture": "#0"},
				"east": {"uv": [1, 0, 0, 4.6], "rotation": 90, "texture": "#0"},
				"south": {"uv": [1, 0, 0, 7], "rotation": 90, "texture": "#0"},
				"west": {"uv": [1, 0, 0, 4.6], "rotation": 90, "texture": "#0"},
				"up": {"uv": [4.6, 0, 0, 7], "rotation": 90, "texture": "#0"},
				"down": {"uv": [4.6, 0, 0, 7], "rotation": 90, "texture": "#0"}
			}
		},
		{
			"from": [10.5, 15, 21.8],
			"to": [11.5, 17, 26.4],
			"rotation": {"angle": -22.5, "axis": "x", "origin": [8, 18, 14.55]},
			"faces": {
				"north": {"uv": [2, 0, 0, 1], "rotation": 90, "texture": "#0"},
				"east": {"uv": [2, 0, 0, 4.6], "rotation": 90, "texture": "#0"},
				"south": {"uv": [2, 0, 0, 1], "rotation": 90, "texture": "#0"},
				"west": {"uv": [2, 0, 0, 4.6], "rotation": 90, "texture": "#0"},
				"up": {"uv": [4.6, 0, 0, 1], "rotation": 90, "texture": "#0"},
				"down": {"uv": [4.6, 0, 0, 1], "rotation": 90, "texture": "#0"}
			}
		},
		{
			"from": [4.5, 15, 21.8],
			"to": [5.5, 17, 26.4],
			"rotation": {"angle": -22.5, "axis": "x", "origin": [8, 18, 14.55]},
			"faces": {
				"north": {"uv": [2, 0, 0, 1], "rotation": 90, "texture": "#0"},
				"east": {"uv": [2, 0, 0, 4.6], "rotation": 90, "texture": "#0"},
				"south": {"uv": [2, 0, 0, 1], "rotation": 90, "texture": "#0"},
				"west": {"uv": [2, 0, 0, 4.6], "rotation": 90, "texture": "#0"},
				"up": {"uv": [4.6, 0, 0, 1], "rotation": 90, "texture": "#0"},
				"down": {"uv": [4.6, 0, 0, 1], "rotation": 90, "texture": "#0"}
			}
		},
		{
			"from": [5.5, 15, 25],
			"to": [10.5, 17, 26],
			"rotation": {"angle": -22.5, "axis": "x", "origin": [8, 18, 14.55]},
			"faces": {
				"north": {"uv": [5, 0, 0, 2], "texture": "#6"},
				"east": {"uv": [2, 0, 0, 2], "texture": "#6"},
				"south": {"uv": [5, 0, 0, 2], "texture": "#6"},
				"west": {"uv": [2, 0, 0, 2], "texture": "#6"},
				"up": {"uv": [5, 0, 0, 2], "texture": "#6"},
				"down": {"uv": [5, 0, 0, 2], "texture": "#6"}
			}
		},
		{
			"from": [2.5, 12, 16.9],
			"to": [5, 17, 19.4],
			"faces": {
				"north": {"uv": [9, 2, 11, 7], "texture": "#5"},
				"east": {"uv": [9, 2, 11, 7], "texture": "#5"},
				"south": {"uv": [9, 2, 11, 7], "texture": "#5"},
				"west": {"uv": [9, 2, 11, 7], "texture": "#5"},
				"up": {"uv": [2, 0, 4, 2.5], "texture": "#5"},
				"down": {"uv": [4, 0, 6, 2.5], "texture": "#5"}
			}
		},
		{
			"from": [11, 12, 16.9],
			"to": [13.5, 17, 19.4],
			"faces": {
				"north": {"uv": [9, 2, 11, 7], "texture": "#5"},
				"east": {"uv": [9, 2, 11, 7], "texture": "#5"},
				"south": {"uv": [9, 2, 11, 7], "texture": "#5"},
				"west": {"uv": [9, 2, 11, 7], "texture": "#5"},
				"up": {"uv": [2, 0, 4, 2.5], "texture": "#5"},
				"down": {"uv": [4, 0, 6, 2.5], "texture": "#5"}
			}
		},
		{
			"from": [2.5, 9.5, 16.9],
			"to": [13.5, 12, 19.4],
			"faces": {
				"north": {"uv": [0, 0, 11, 2.5], "texture": "#5"},
				"east": {"uv": [0, 0, 2.5, 2.5], "texture": "#5"},
				"south": {"uv": [4, 8, 15, 10.5], "texture": "#5"},
				"west": {"uv": [0, 0, 2.5, 2.5], "texture": "#5"},
				"up": {"uv": [5, 0, 16, 2.5], "texture": "#5"},
				"down": {"uv": [2, 0, 13, 2.5], "texture": "#5"}
			}
		},
		{
			"from": [5.5, 15, 24.8],
			"to": [10.5, 17, 26.4],
			"rotation": {"angle": -22.5, "axis": "x", "origin": [8, 18, 14.55]},
			"faces": {
				"north": {"uv": [7, 0, 12, 2], "texture": "#7"},
				"east": {"uv": [7, 0, 8.6, 2], "texture": "#7"},
				"south": {"uv": [7, 0, 12, 2], "texture": "#7"},
				"west": {"uv": [7, 0, 8.6, 2], "texture": "#7"},
				"up": {"uv": [7, 0, 12, 1.6], "texture": "#7"},
				"down": {"uv": [7, 0, 12, 1.6], "texture": "#7"}
			}
		}
	],
	"display": {
		"thirdperson_righthand": {
			"rotation": [72, 0, 0],
			"translation": [0, -3, -7],
			"scale": [0.7, 0.7, 0.7]
		},
		"thirdperson_lefthand": {
			"rotation": [70, 0, 0],
			"translation": [0, -2.75, -8],
			"scale": [0.7, 0.7, 0.7]
		},
		"firstperson_righthand": {
			"rotation": [8, 0, 6],
			"translation": [0, 1.5, 0]
		},
		"firstperson_lefthand": {
			"rotation": [8, 0, 6],
			"translation": [0, 1.5, 0]
		},
		"ground": {
			"translation": [0, 0, -3.75]
		},
		"gui": {
			"rotation": [-126, 43, 149],
			"translation": [0, -2.25, 0],
			"scale": [0.46, 0.47, 0.49]
		},
		"head": {
			"translation": [0, -78.5, -55.4],
			"scale": [1.68, 1.68, 1.68]
		}
	}
}