{
	"credit": "Made with Blockbench",
	"textures": {
		"0": "block/basalt_side",
		"3": "block/iron_block",
		"4": "block/cauldron_inner",
		"6": "block/black_concrete",
		"7": "custom/burning_powder",
		"particle": "block/basalt_side"
	},
	"elements": [
		{
			"from": [6, 14, 3],
			"to": [10, 15, 5],
			"rotation": {"angle": 0, "axis": "y", "origin": [15, 18, 1]},
			"faces": {
				"north": {"uv": [4, 0, 0, 1], "texture": "#0"},
				"east": {"uv": [2, 0, 0, 1], "texture": "#0"},
				"south": {"uv": [4, 0, 0, 1], "texture": "#0"},
				"west": {"uv": [2, 0, 0, 1], "texture": "#0"},
				"down": {"uv": [4, 0, 0, 2], "texture": "#0"}
			}
		},
		{
			"from": [6, 21, 3],
			"to": [10, 22, 5],
			"rotation": {"angle": 0, "axis": "y", "origin": [15, 25, 1]},
			"faces": {
				"north": {"uv": [4, 0, 0, 1], "texture": "#0"},
				"east": {"uv": [2, 0, 0, 1], "texture": "#0"},
				"south": {"uv": [4, 0, 0, 1], "texture": "#0"},
				"west": {"uv": [2, 0, 0, 1], "texture": "#0"},
				"up": {"uv": [4, 0, 0, 2], "texture": "#0"}
			}
		},
		{
			"from": [5, 15, 3],
			"to": [11, 16, 5],
			"rotation": {"angle": 0, "axis": "y", "origin": [15, 19, 1]},
			"faces": {
				"north": {"uv": [6, 0, 0, 1], "texture": "#0"},
				"east": {"uv": [2, 0, 0, 1], "texture": "#0"},
				"south": {"uv": [6, 0, 0, 1], "texture": "#0"},
				"west": {"uv": [2, 0, 0, 1], "texture": "#0"},
				"up": {"uv": [6, 0, 0, 2], "texture": "#0"},
				"down": {"uv": [6, 0, 0, 2], "texture": "#0"}
			}
		},
		{
			"from": [5, 20, 3],
			"to": [11, 21, 5],
			"rotation": {"angle": 0, "axis": "y", "origin": [15, 24, 1]},
			"faces": {
				"north": {"uv": [6, 0, 0, 1], "texture": "#0"},
				"east": {"uv": [2, 0, 0, 1], "texture": "#0"},
				"south": {"uv": [6, 0, 0, 1], "texture": "#0"},
				"west": {"uv": [2, 0, 0, 1], "texture": "#0"},
				"up": {"uv": [6, 0, 0, 2], "texture": "#0"},
				"down": {"uv": [6, 0, 0, 2], "texture": "#0"}
			}
		},
		{
			"from": [10, 16, 3],
			"to": [11, 20, 4],
			"rotation": {"angle": 0, "axis": "y", "origin": [16, 20, 1]},
			"faces": {
				"north": {"uv": [1, 0, 0, 4], "texture": "#0"},
				"west": {"uv": [1, 0, 0, 4], "texture": "#0"}
			}
		},
		{
			"from": [5, 16, 3],
			"to": [6, 20, 4],
			"rotation": {"angle": 0, "axis": "y", "origin": [11, 20, 1]},
			"faces": {
				"north": {"uv": [1, 0, 0, 4], "texture": "#0"},
				"east": {"uv": [1, 0, 0, 4], "texture": "#0"}
			}
		},
		{
			"from": [4, 16, 3],
			"to": [5, 20, 5],
			"rotation": {"angle": 0, "axis": "y", "origin": [10, 20, 1]},
			"faces": {
				"north": {"uv": [1, 0, 0, 4], "texture": "#0"},
				"south": {"uv": [1, 0, 0, 4], "texture": "#0"},
				"west": {"uv": [2, 0, 0, 4], "texture": "#0"},
				"up": {"uv": [1, 0, 0, 2], "texture": "#0"},
				"down": {"uv": [1, 0, 0, 2], "texture": "#0"}
			}
		},
		{
			"from": [11, 16, 3],
			"to": [12, 20, 5],
			"rotation": {"angle": 0, "axis": "y", "origin": [17, 20, 1]},
			"faces": {
				"north": {"uv": [1, 0, 0, 4], "texture": "#0"},
				"east": {"uv": [2, 0, 0, 4], "texture": "#0"},
				"south": {"uv": [1, 0, 0, 4], "texture": "#0"},
				"up": {"uv": [1, 0, 0, 2], "texture": "#0"},
				"down": {"uv": [1, 0, 0, 2], "texture": "#0"}
			}
		},
		{
			"from": [5, 16, 4],
			"to": [6, 20, 11],
			"rotation": {"angle": 0, "axis": "y", "origin": [13, 23, 2]},
			"faces": {
				"east": {"uv": [6, 0, 0, 4], "texture": "#0"},
				"west": {"uv": [6, 0, 0, 4], "texture": "#0"},
				"up": {"uv": [1, 0, 0, 6], "texture": "#0"},
				"down": {"uv": [1, 0, 0, 6], "texture": "#0"}
			}
		},
		{
			"from": [10, 16, 4],
			"to": [11, 20, 11],
			"rotation": {"angle": 0, "axis": "y", "origin": [18, 23, 2]},
			"faces": {
				"east": {"uv": [6, 0, 0, 4], "texture": "#0"},
				"west": {"uv": [6, 0, 0, 4], "texture": "#0"},
				"up": {"uv": [1, 0, 0, 6], "texture": "#0"},
				"down": {"uv": [1, 0, 0, 6], "texture": "#0"}
			}
		},
		{
			"from": [3.8, 16, 18],
			"to": [4.8, 20.4, 22.4],
			"rotation": {"angle": 0, "axis": "y", "origin": [12, 23, 24]},
			"faces": {
				"south": {"uv": [1, 0, 0, 4.4], "texture": "#0"},
				"west": {"uv": [4.4, 0, 0, 4.4], "texture": "#0"},
				"up": {"uv": [1, 0, 0, 4.4], "texture": "#0"},
				"down": {"uv": [1, 0, 0, 4.4], "texture": "#0"}
			}
		},
		{
			"from": [5.8, 21, 18],
			"to": [10.2, 22.4, 22.4],
			"rotation": {"angle": 0, "axis": "y", "origin": [15, 25, 24]},
			"faces": {
				"east": {"uv": [4.4, 0, 0, 1.4], "texture": "#0"},
				"south": {"uv": [4.4, 0, 0, 1.4], "texture": "#0"},
				"west": {"uv": [4.4, 0, 0, 1.4], "texture": "#0"},
				"up": {"uv": [4.4, 0, 0, 4.4], "texture": "#0"}
			}
		},
		{
			"from": [5.8, 21, 22.4],
			"to": [10.2, 22, 23.9],
			"rotation": {"angle": 0, "axis": "y", "origin": [15, 25, 31]},
			"faces": {
				"east": {"uv": [1.5, 0, 0, 1], "texture": "#0"},
				"south": {"uv": [4.4, 0, 0, 1], "texture": "#0"},
				"west": {"uv": [1.5, 0, 0, 1], "texture": "#0"},
				"up": {"uv": [4.4, 0, 0, 1.5], "texture": "#0"}
			}
		},
		{
			"from": [5.8, 15, 22.4],
			"to": [10.2, 16, 23.9],
			"rotation": {"angle": 0, "axis": "y", "origin": [15, 19, 31]},
			"faces": {
				"north": {"uv": [4.4, 0, 0, 1], "texture": "#0"},
				"east": {"uv": [1.5, 0, 0, 1], "texture": "#0"},
				"south": {"uv": [4.4, 0, 0, 1], "texture": "#0"},
				"west": {"uv": [1.5, 0, 0, 1], "texture": "#0"},
				"down": {"uv": [5, 0, 0, 1.5], "texture": "#0"}
			}
		},
		{
			"from": [4.8, 16, 22.4],
			"to": [11.2, 21, 23.9],
			"rotation": {"angle": 0, "axis": "y", "origin": [14, 20, 31]},
			"faces": {
				"east": {"uv": [1.5, 0, 0, 5], "texture": "#0"},
				"south": {"uv": [6.4, 0, 0, 5], "texture": "#0"},
				"west": {"uv": [1.5, 0, 0, 5], "texture": "#0"},
				"up": {"uv": [6.4, 0, 0, 1.5], "texture": "#0"},
				"down": {"uv": [6.4, 0, 0, 1.5], "texture": "#0"}
			}
		},
		{
			"from": [5.8, 16, 23.9],
			"to": [10.2, 21, 24.9],
			"rotation": {"angle": 0, "axis": "y", "origin": [14, 20, 33]},
			"faces": {
				"east": {"uv": [1, 0, 0, 5], "texture": "#0"},
				"south": {"uv": [4.4, 0, 0, 5], "texture": "#0"},
				"west": {"uv": [1, 0, 0, 5], "texture": "#0"},
				"up": {"uv": [4.4, 0, 0, 1], "texture": "#0"},
				"down": {"uv": [4.4, 0, 0, 1], "texture": "#0"}
			}
		},
		{
			"from": [6.8, 16, 24.9],
			"to": [9.2, 21, 25.9],
			"rotation": {"angle": 0, "axis": "y", "origin": [14, 20, 34]},
			"faces": {
				"east": {"uv": [1, 0, 0, 5], "texture": "#0"},
				"south": {"uv": [2.4, 0, 0, 5], "texture": "#0"},
				"west": {"uv": [1, 0, 0, 5], "texture": "#0"},
				"up": {"uv": [2.4, 0, 0, 1], "texture": "#0"},
				"down": {"uv": [2.4, 0, 0, 1], "texture": "#0"}
			}
		},
		{
			"from": [5.8, 17, 24.9],
			"to": [6.8, 20, 25.9],
			"rotation": {"angle": 0, "axis": "y", "origin": [12, 20, 34]},
			"faces": {
				"south": {"uv": [1, 0, 0, 3], "texture": "#0"},
				"west": {"uv": [1, 0, 0, 3], "texture": "#0"},
				"up": {"uv": [1, 0, 0, 1], "texture": "#0"},
				"down": {"uv": [1, 0, 0, 1], "texture": "#0"}
			}
		},
		{
			"from": [9.2, 17, 24.9],
			"to": [10.2, 20, 25.9],
			"rotation": {"angle": 0, "axis": "y", "origin": [15, 20, 34]},
			"faces": {
				"east": {"uv": [1, 0, 0, 3], "texture": "#0"},
				"south": {"uv": [1, 0, 0, 3], "texture": "#0"},
				"up": {"uv": [1, 0, 0, 1], "texture": "#0"},
				"down": {"uv": [1, 0, 0, 1], "texture": "#0"}
			}
		},
		{
			"from": [5.8, 14, 18],
			"to": [10.2, 15.4, 22.4],
			"rotation": {"angle": 0, "axis": "y", "origin": [15, 18, 24]},
			"faces": {
				"north": {"uv": [4.4, 0, 0, 1.4], "texture": "#0"},
				"east": {"uv": [4.4, 0, 0, 1.4], "texture": "#0"},
				"south": {"uv": [4.4, 0, 0, 1.4], "texture": "#0"},
				"west": {"uv": [4.4, 0, 0, 1.4], "texture": "#0"},
				"down": {"uv": [4.4, 0, 0, 4.4], "texture": "#0"}
			}
		},
		{
			"from": [4.8, 20, 18],
			"to": [5.8, 21.4, 22.4],
			"rotation": {"angle": 0, "axis": "y", "origin": [13, 24, 24]},
			"faces": {
				"north": {"uv": [1, 0, 0, 1.4], "texture": "#0"},
				"south": {"uv": [1, 0, 0, 1.4], "texture": "#0"},
				"west": {"uv": [4.4, 0, 0, 1.4], "texture": "#0"},
				"up": {"uv": [1, 0, 0, 4.4], "texture": "#0"},
				"down": {"uv": [1, 0, 0, 4.4], "texture": "#0"}
			}
		},
		{
			"from": [4.8, 15, 18],
			"to": [5.8, 16.4, 22.4],
			"rotation": {"angle": 0, "axis": "y", "origin": [13, 19, 24]},
			"faces": {
				"north": {"uv": [1, 0, 0, 1.4], "texture": "#0"},
				"south": {"uv": [1, 0, 0, 1.4], "texture": "#0"},
				"west": {"uv": [4.4, 0, 0, 1.4], "texture": "#0"},
				"down": {"uv": [1, 0, 0, 4.4], "texture": "#0"}
			}
		},
		{
			"from": [11.2, 16, 18],
			"to": [12.2, 20.4, 22.4],
			"rotation": {"angle": 0, "axis": "y", "origin": [19, 23, 24]},
			"faces": {
				"east": {"uv": [4.4, 0, 0, 4.4], "texture": "#0"},
				"south": {"uv": [1, 0, 0, 4.4], "texture": "#0"},
				"west": {"uv": [4.4, 0, 0, 4.4], "texture": "#0"},
				"up": {"uv": [1, 0, 0, 4.4], "texture": "#0"},
				"down": {"uv": [1, 0, 0, 4.4], "texture": "#0"}
			}
		},
		{
			"from": [10.2, 20, 18],
			"to": [11.2, 21.4, 22.4],
			"rotation": {"angle": 0, "axis": "y", "origin": [18, 24, 24]},
			"faces": {
				"north": {"uv": [1, 0, 0, 1.4], "texture": "#0"},
				"east": {"uv": [4.4, 0, 0, 1.4], "texture": "#0"},
				"south": {"uv": [1, 0, 0, 1.4], "texture": "#0"},
				"up": {"uv": [1, 0, 0, 4.4], "texture": "#0"},
				"down": {"uv": [1, 0, 0, 4.4], "texture": "#0"}
			}
		},
		{
			"from": [10.2, 15, 18],
			"to": [11.2, 16.4, 22.4],
			"rotation": {"angle": 0, "axis": "y", "origin": [18, 19, 24]},
			"faces": {
				"north": {"uv": [1, 0, 0, 1.4], "texture": "#0"},
				"east": {"uv": [4.4, 0, 0, 1.4], "texture": "#0"},
				"south": {"uv": [1, 0, 0, 1.4], "texture": "#0"},
				"down": {"uv": [1, 0, 0, 4.4], "texture": "#0"}
			}
		},
		{
			"from": [6, 20, 5],
			"to": [10, 21, 11],
			"rotation": {"angle": 0, "axis": "y", "origin": [17, 24, 2]},
			"faces": {
				"east": {"uv": [5, 0, 0, 1], "texture": "#0"},
				"west": {"uv": [5, 0, 0, 1], "texture": "#0"},
				"up": {"uv": [4, 0, 0, 5], "texture": "#0"},
				"down": {"uv": [4, 0, 0, 5], "texture": "#0"}
			}
		},
		{
			"from": [6, 21, 11],
			"to": [10, 22, 17],
			"rotation": {"angle": 0, "axis": "y", "origin": [17, 25, 7]},
			"faces": {
				"north": {"uv": [4, 0, 0, 1], "texture": "#0"},
				"east": {"uv": [6, 0, 0, 1], "texture": "#0"},
				"south": {"uv": [4, 0, 0, 1], "texture": "#0"},
				"west": {"uv": [6, 0, 0, 1], "texture": "#0"},
				"up": {"uv": [4, 0, 0, 6], "texture": "#0"},
				"down": {"uv": [4, 0, 0, 6], "texture": "#0"}
			}
		},
		{
			"from": [6, 14, 11],
			"to": [10, 15, 17],
			"rotation": {"angle": 0, "axis": "y", "origin": [17, 18, 7]},
			"faces": {
				"north": {"uv": [4, 0, 0, 1], "texture": "#0"},
				"east": {"uv": [6, 0, 0, 1], "texture": "#0"},
				"south": {"uv": [4, 0, 0, 1], "texture": "#0"},
				"west": {"uv": [6, 0, 0, 1], "texture": "#0"},
				"up": {"uv": [4, 0, 0, 6], "texture": "#0"},
				"down": {"uv": [4, 0, 0, 6], "texture": "#0"}
			}
		},
		{
			"from": [4, 16, 11],
			"to": [6, 20, 17],
			"rotation": {"angle": 0, "axis": "y", "origin": [15, 20, 7]},
			"faces": {
				"north": {"uv": [2, 0, 0, 4], "texture": "#0"},
				"east": {"uv": [6, 0, 0, 4], "texture": "#0"},
				"south": {"uv": [2, 0, 0, 4], "texture": "#0"},
				"west": {"uv": [6, 0, 0, 4], "texture": "#0"},
				"up": {"uv": [2, 0, 0, 6], "texture": "#0"},
				"down": {"uv": [2, 0, 0, 6], "texture": "#0"}
			}
		},
		{
			"from": [11, 14, 17],
			"to": [13, 22, 18],
			"rotation": {"angle": 0, "axis": "y", "origin": [22, 20, 21]},
			"faces": {
				"north": {"uv": [2, 0, 0, 8], "texture": "#3"},
				"east": {"uv": [1, 0, 0, 8], "texture": "#3"},
				"south": {"uv": [2, 0, 0, 8], "texture": "#3"},
				"west": {"uv": [1, 0, 0, 8], "texture": "#3"},
				"up": {"uv": [2, 0, 0, 1], "texture": "#3"},
				"down": {"uv": [2, 0, 0, 1], "texture": "#3"}
			}
		},
		{
			"from": [3, 14, 17],
			"to": [5, 22, 18],
			"rotation": {"angle": 0, "axis": "y", "origin": [14, 20, 21]},
			"faces": {
				"north": {"uv": [2, 0, 0, 8], "texture": "#3"},
				"east": {"uv": [1, 0, 0, 8], "texture": "#3"},
				"south": {"uv": [2, 0, 0, 8], "texture": "#3"},
				"west": {"uv": [1, 0, 0, 8], "texture": "#3"},
				"up": {"uv": [2, 0, 0, 1], "texture": "#3"},
				"down": {"uv": [2, 0, 0, 1], "texture": "#3"}
			}
		},
		{
			"from": [5, 21, 17],
			"to": [11, 23, 18],
			"rotation": {"angle": 0, "axis": "y", "origin": [16, 21, 21]},
			"faces": {
				"north": {"uv": [6, 0, 0, 2], "texture": "#3"},
				"east": {"uv": [1, 0, 0, 2], "texture": "#3"},
				"south": {"uv": [6, 0, 0, 2], "texture": "#3"},
				"west": {"uv": [1, 0, 0, 2], "texture": "#3"},
				"up": {"uv": [6, 0, 0, 1], "texture": "#3"},
				"down": {"uv": [6, 0, 0, 1], "texture": "#3"}
			}
		},
		{
			"from": [5, 13, 17],
			"to": [11, 15, 18],
			"rotation": {"angle": 0, "axis": "y", "origin": [16, 13, 21]},
			"faces": {
				"north": {"uv": [6, 0, 0, 2], "texture": "#3"},
				"east": {"uv": [1, 0, 0, 2], "texture": "#3"},
				"south": {"uv": [6, 0, 0, 2], "texture": "#3"},
				"west": {"uv": [1, 0, 0, 2], "texture": "#3"},
				"up": {"uv": [6, 0, 0, 1], "texture": "#3"},
				"down": {"uv": [6, 0, 0, 1], "texture": "#3"}
			}
		},
		{
			"from": [5, 14, 10],
			"to": [11, 15, 11],
			"rotation": {"angle": 0, "axis": "y", "origin": [16, 13, 21]},
			"faces": {
				"north": {"uv": [6, 0, 0, 1], "texture": "#3"},
				"east": {"uv": [1, 0, 0, 1], "texture": "#3"},
				"south": {"uv": [6, 0, 0, 1], "texture": "#3"},
				"west": {"uv": [1, 0, 0, 1], "texture": "#3"},
				"up": {"uv": [6, 0, 0, 1], "texture": "#3"},
				"down": {"uv": [6, 0, 0, 1], "texture": "#3"}
			}
		},
		{
			"from": [11, 15, 10],
			"to": [12, 21, 11],
			"rotation": {"angle": 0, "axis": "y", "origin": [22, 20, 21]},
			"faces": {
				"north": {"uv": [1, 0, 0, 6], "texture": "#3"},
				"east": {"uv": [1, 0, 0, 6], "texture": "#3"},
				"south": {"uv": [1, 0, 0, 6], "texture": "#3"},
				"west": {"uv": [1, 0, 0, 6], "texture": "#3"},
				"up": {"uv": [1, 0, 0, 1], "texture": "#3"},
				"down": {"uv": [1, 0, 0, 1], "texture": "#3"}
			}
		},
		{
			"from": [5, 21, 10],
			"to": [11, 22, 11],
			"rotation": {"angle": 0, "axis": "y", "origin": [16, 21, 21]},
			"faces": {
				"north": {"uv": [6, 0, 0, 1], "texture": "#3"},
				"east": {"uv": [1, 0, 0, 1], "texture": "#3"},
				"south": {"uv": [6, 0, 0, 1], "texture": "#3"},
				"west": {"uv": [1, 0, 0, 1], "texture": "#3"},
				"up": {"uv": [6, 0, 0, 1], "texture": "#3"},
				"down": {"uv": [6, 0, 0, 1], "texture": "#3"}
			}
		},
		{
			"from": [4, 15, 10],
			"to": [5, 21, 11],
			"rotation": {"angle": 0, "axis": "y", "origin": [14, 20, 21]},
			"faces": {
				"north": {"uv": [1, 0, 0, 6], "texture": "#3"},
				"east": {"uv": [1, 0, 0, 6], "texture": "#3"},
				"south": {"uv": [1, 0, 0, 6], "texture": "#3"},
				"west": {"uv": [1, 0, 0, 6], "texture": "#3"},
				"up": {"uv": [1, 0, 0, 1], "texture": "#3"},
				"down": {"uv": [1, 0, 0, 1], "texture": "#3"}
			}
		},
		{
			"from": [10, 16, 11],
			"to": [12, 20, 17],
			"rotation": {"angle": 0, "axis": "y", "origin": [21, 20, 7]},
			"faces": {
				"north": {"uv": [2, 0, 0, 4], "texture": "#0"},
				"east": {"uv": [6, 0, 0, 4], "texture": "#0"},
				"south": {"uv": [2, 0, 0, 4], "texture": "#0"},
				"west": {"uv": [6, 0, 0, 4], "texture": "#0"},
				"up": {"uv": [2, 0, 0, 6], "texture": "#0"},
				"down": {"uv": [2, 0, 0, 6], "texture": "#0"}
			}
		},
		{
			"from": [5, 20, 11],
			"to": [11, 21, 17],
			"rotation": {"angle": 0, "axis": "y", "origin": [17, 24, 7]},
			"faces": {
				"north": {"uv": [6, 0, 0, 1], "texture": "#0"},
				"east": {"uv": [6, 0, 0, 1], "texture": "#0"},
				"south": {"uv": [6, 0, 0, 1], "texture": "#0"},
				"west": {"uv": [6, 0, 0, 1], "texture": "#0"},
				"up": {"uv": [6, 0, 0, 6], "texture": "#0"},
				"down": {"uv": [6, 0, 0, 6], "texture": "#0"}
			}
		},
		{
			"from": [5, 15, 11],
			"to": [11, 16, 17],
			"rotation": {"angle": 0, "axis": "y", "origin": [17, 19, 7]},
			"faces": {
				"north": {"uv": [6, 0, 0, 1], "texture": "#0"},
				"east": {"uv": [6, 0, 0, 1], "texture": "#0"},
				"south": {"uv": [6, 0, 0, 1], "texture": "#0"},
				"west": {"uv": [6, 0, 0, 1], "texture": "#0"},
				"up": {"uv": [6, 0, 0, 6], "texture": "#0"},
				"down": {"uv": [6, 0, 0, 6], "texture": "#0"}
			}
		},
		{
			"from": [6, 15, 5],
			"to": [10, 16, 11],
			"rotation": {"angle": 0, "axis": "y", "origin": [17, 19, 2]},
			"faces": {
				"east": {"uv": [5, 0, 0, 1], "texture": "#0"},
				"west": {"uv": [5, 0, 0, 1], "texture": "#0"},
				"up": {"uv": [4, 0, 0, 5], "texture": "#0"},
				"down": {"uv": [4, 0, 0, 5], "texture": "#0"}
			}
		},
		{
			"from": [6, 16, 9],
			"to": [10, 20, 14],
			"rotation": {"angle": 0, "axis": "y", "origin": [14, 20, 8]},
			"faces": {
				"north": {"uv": [15, 1, 1, 15], "texture": "#4"}
			}
		},
		{
			"from": [4.5, 15.9, 21.8],
			"to": [11.5, 17, 26.4],
			"faces": {
				"north": {"uv": [1.1, 0, 0, 7], "rotation": 90, "texture": "#0"},
				"east": {"uv": [1, 0, 0, 4.6], "rotation": 90, "texture": "#0"},
				"south": {"uv": [1, 0, 0, 7], "rotation": 90, "texture": "#0"},
				"west": {"uv": [1, 0, 0, 4.6], "rotation": 90, "texture": "#0"},
				"up": {"uv": [4.6, 0, 0, 7], "rotation": 90, "texture": "#0"},
				"down": {"uv": [4.6, 0, 0, 7], "rotation": 90, "texture": "#0"}
			}
		},
		{
			"from": [4.5, 19, 21.8],
			"to": [11.5, 20.1, 26.4],
			"faces": {
				"north": {"uv": [1.1, 0, 0, 7], "rotation": 90, "texture": "#0"},
				"east": {"uv": [1, 0, 0, 4.6], "rotation": 90, "texture": "#0"},
				"south": {"uv": [1, 0, 0, 7], "rotation": 90, "texture": "#0"},
				"west": {"uv": [1, 0, 0, 4.6], "rotation": 90, "texture": "#0"},
				"up": {"uv": [4.6, 0, 0, 7], "rotation": 90, "texture": "#0"},
				"down": {"uv": [4.6, 0, 0, 7], "rotation": 90, "texture": "#0"}
			}
		},
		{
			"from": [10.5, 17, 21.8],
			"to": [11.5, 19, 26.4],
			"faces": {
				"north": {"uv": [2, 0, 0, 1], "rotation": 90, "texture": "#0"},
				"east": {"uv": [2, 0, 0, 4.6], "rotation": 90, "texture": "#0"},
				"south": {"uv": [2, 0, 0, 1], "rotation": 90, "texture": "#0"},
				"west": {"uv": [2, 0, 0, 4.6], "rotation": 90, "texture": "#0"},
				"up": {"uv": [4.6, 0, 0, 1], "rotation": 90, "texture": "#0"},
				"down": {"uv": [4.6, 0, 0, 1], "rotation": 90, "texture": "#0"}
			}
		},
		{
			"from": [4.5, 17, 21.8],
			"to": [5.5, 19, 26.4],
			"faces": {
				"north": {"uv": [2, 0, 0, 1], "rotation": 90, "texture": "#0"},
				"east": {"uv": [2, 0, 0, 4.6], "rotation": 90, "texture": "#0"},
				"south": {"uv": [2, 0, 0, 1], "rotation": 90, "texture": "#0"},
				"west": {"uv": [2, 0, 0, 4.6], "rotation": 90, "texture": "#0"},
				"up": {"uv": [4.6, 0, 0, 1], "rotation": 90, "texture": "#0"},
				"down": {"uv": [4.6, 0, 0, 1], "rotation": 90, "texture": "#0"}
			}
		},
		{
			"from": [5.5, 17, 25],
			"to": [10.5, 19, 26],
			"faces": {
				"north": {"uv": [5, 0, 0, 2], "texture": "#6"},
				"east": {"uv": [2, 0, 0, 2], "texture": "#6"},
				"south": {"uv": [5, 0, 0, 2], "texture": "#6"},
				"west": {"uv": [2, 0, 0, 2], "texture": "#6"},
				"up": {"uv": [5, 0, 0, 2], "texture": "#6"},
				"down": {"uv": [5, 0, 0, 2], "texture": "#6"}
			}
		},
		{
			"from": [5.5, 17, 24.8],
			"to": [10.5, 19, 26.4],
			"faces": {
				"north": {"uv": [3, 7, 8, 9], "texture": "#7"},
				"east": {"uv": [3, 7, 4.6, 9], "texture": "#7"},
				"south": {"uv": [3, 7, 8, 9], "texture": "#7"},
				"west": {"uv": [3, 7, 4.6, 9], "texture": "#7"},
				"up": {"uv": [3, 7, 8, 8.6], "texture": "#7"},
				"down": {"uv": [3, 7, 8, 8.6], "texture": "#7"}
			}
		}
	],
	"display": {
		"thirdperson_righthand": {
			"rotation": [72, 0, 0],
			"translation": [0, -3, -7],
			"scale": [0.7, 0.7, 0.7]
		},
		"thirdperson_lefthand": {
			"rotation": [70, 0, 0],
			"translation": [0, -2.75, -8],
			"scale": [0.7, 0.7, 0.7]
		},
		"firstperson_righthand": {
			"rotation": [8, 0, 6],
			"translation": [0, 1.5, 0]
		},
		"firstperson_lefthand": {
			"rotation": [8, 0, 6],
			"translation": [0, 1.5, 0]
		},
		"ground": {
			"translation": [0, 0, -3.75]
		},
		"gui": {
			"rotation": [-126, 43, 149],
			"translation": [0, -2.25, 0],
			"scale": [0.46, 0.47, 0.49]
		},
		"head": {
			"translation": [0, -78.5, -55.4],
			"scale": [1.68, 1.68, 1.68]
		}
	}
}