{
	"credit": "Made with Blockbench",
	"textures": {
		"0": "block/basalt_side",
		"6": "block/black_concrete",
		"8": "block/spruce_planks",
		"9": "block/andesite",
		"10": "block/oak_planks",
		"particle": "block/basalt_side"
	},
	"elements": [
		{
			"from": [-1, 5, 7],
			"to": [17, 7, 9],
			"rotation": {"angle": 0, "axis": "y", "origin": [15, 15, 13]},
			"faces": {
				"north": {"uv": [0, 0, 12, 2], "texture": "#9"},
				"east": {"uv": [0, 0, 2, 2], "texture": "#9"},
				"south": {"uv": [0, 0, 12, 2], "texture": "#9"},
				"west": {"uv": [0, 0, 2, 2], "texture": "#9"},
				"up": {"uv": [0, 0, 12, 2], "texture": "#9"},
				"down": {"uv": [0, 0, 12, 2], "texture": "#9"}
			}
		},
		{
			"from": [-1, 5, 23],
			"to": [17, 7, 25],
			"rotation": {"angle": 0, "axis": "y", "origin": [15, 15, 13]},
			"faces": {
				"north": {"uv": [0, 0, 12, 2], "texture": "#9"},
				"east": {"uv": [0, 0, 2, 2], "texture": "#9"},
				"south": {"uv": [0, 0, 12, 2], "texture": "#9"},
				"west": {"uv": [0, 0, 2, 2], "texture": "#9"},
				"up": {"uv": [0, 0, 12, 2], "texture": "#9"},
				"down": {"uv": [0, 0, 12, 2], "texture": "#9"}
			}
		},
		{
			"from": [3, 10, 17],
			"to": [4, 19, 22],
			"faces": {
				"north": {"uv": [0, 0, 1, 9], "texture": "#0"},
				"east": {"uv": [0, 0, 5, 9], "texture": "#0"},
				"south": {"uv": [0, 0, 1, 9], "texture": "#0"},
				"west": {"uv": [0, 0, 5, 9], "texture": "#0"},
				"up": {"uv": [0, 0, 1, 5], "texture": "#0"}
			}
		},
		{
			"from": [1, 10, 17],
			"to": [3, 11, 22],
			"faces": {
				"south": {"uv": [0, 0, 2, 1], "texture": "#0"},
				"up": {"uv": [0, 0, 2, 5], "texture": "#0"},
				"down": {"uv": [0, 0, 2, 5], "texture": "#0"}
			}
		},
		{
			"from": [1, 11, 17],
			"to": [3, 18, 20],
			"faces": {
				"north": {"uv": [0, 0, 2, 7], "texture": "#0"}
			}
		},
		{
			"from": [1, 18, 17],
			"to": [3, 19, 22],
			"faces": {
				"north": {"uv": [0, 0, 2, 1], "texture": "#0"},
				"south": {"uv": [0, 0, 2, 1], "texture": "#0"},
				"up": {"uv": [0, 0, 2, 5], "texture": "#0"},
				"down": {"uv": [0, 0, 2, 5], "texture": "#0"}
			}
		},
		{
			"from": [15, 12, 17],
			"to": [16, 19, 22],
			"faces": {
				"north": {"uv": [0, 0, 1, 7], "texture": "#0"},
				"east": {"uv": [0, 0, 5, 7], "texture": "#0"},
				"south": {"uv": [0, 0, 1, 7], "texture": "#0"},
				"west": {"uv": [0, 0, 5, 7], "texture": "#0"},
				"up": {"uv": [0, 0, 1, 5], "texture": "#0"}
			}
		},
		{
			"from": [15, 11, 17],
			"to": [16, 12, 21],
			"faces": {
				"north": {"uv": [0, 0, 1, 1], "texture": "#0"},
				"east": {"uv": [0, 0, 4, 1], "texture": "#0"}
			}
		},
		{
			"from": [15, 10, 17],
			"to": [16, 11, 19],
			"faces": {
				"north": {"uv": [0, 0, 1, 1], "texture": "#0"},
				"east": {"uv": [0, 0, 2, 1], "texture": "#0"},
				"down": {"uv": [0, 0, 1, 2], "texture": "#0"}
			}
		},
		{
			"from": [0, 10, 17],
			"to": [1, 11, 19],
			"faces": {
				"north": {"uv": [0, 0, 1, 1], "texture": "#0"},
				"west": {"uv": [0, 0, 2, 1], "texture": "#0"},
				"down": {"uv": [0, 0, 1, 2], "texture": "#0"}
			}
		},
		{
			"from": [0, 11, 17],
			"to": [1, 12, 21],
			"faces": {
				"north": {"uv": [0, 0, 1, 1], "texture": "#0"},
				"west": {"uv": [0, 0, 4, 1], "texture": "#0"}
			}
		},
		{
			"from": [0, 12, 17],
			"to": [1, 19, 22],
			"faces": {
				"north": {"uv": [0, 0, 1, 7], "texture": "#0"},
				"east": {"uv": [0, 0, 5, 7], "texture": "#0"},
				"south": {"uv": [0, 0, 1, 7], "texture": "#0"},
				"west": {"uv": [0, 0, 5, 7], "texture": "#0"},
				"up": {"uv": [0, 0, 1, 5], "texture": "#0"}
			}
		},
		{
			"from": [13, 18, 17],
			"to": [15, 19, 22],
			"faces": {
				"north": {"uv": [0, 0, 2, 1], "texture": "#0"},
				"south": {"uv": [0, 0, 2, 1], "texture": "#0"},
				"up": {"uv": [0, 0, 2, 5], "texture": "#0"},
				"down": {"uv": [0, 0, 2, 5], "texture": "#0"}
			}
		},
		{
			"from": [12, 10, 17],
			"to": [13, 19, 22],
			"faces": {
				"north": {"uv": [0, 0, 1, 9], "texture": "#0"},
				"east": {"uv": [0, 0, 5, 9], "texture": "#0"},
				"south": {"uv": [0, 0, 1, 9], "texture": "#0"},
				"west": {"uv": [0, 0, 5, 9], "texture": "#0"},
				"up": {"uv": [0, 0, 1, 5], "texture": "#0"}
			}
		},
		{
			"from": [13, 11, 17],
			"to": [15, 18, 20],
			"faces": {
				"north": {"uv": [0, 0, 2, 7], "texture": "#0"}
			}
		},
		{
			"from": [13, 10, 17],
			"to": [15, 11, 22],
			"faces": {
				"south": {"uv": [0, 0, 2, 1], "texture": "#0"},
				"up": {"uv": [0, 0, 2, 5], "texture": "#0"},
				"down": {"uv": [0, 0, 2, 5], "texture": "#0"}
			}
		},
		{
			"from": [1, 11, 20],
			"to": [3, 18, 21],
			"faces": {
				"south": {"uv": [0, 0, 2, 7], "texture": "#6"}
			}
		},
		{
			"from": [13, 11, 20],
			"to": [15, 18, 21],
			"faces": {
				"south": {"uv": [0, 0, 2, 7], "texture": "#6"}
			}
		},
		{
			"from": [-1, 0, 5],
			"to": [1, 2, 11],
			"faces": {
				"north": {"uv": [3, 2, 5, 4], "texture": "#8"},
				"east": {"uv": [3, 2, 9, 4], "texture": "#8"},
				"south": {"uv": [3, 2, 5, 4], "texture": "#8"},
				"west": {"uv": [3, 2, 9, 4], "texture": "#8"},
				"up": {"uv": [3, 2, 5, 8], "texture": "#8"},
				"down": {"uv": [3, 2, 5, 8], "texture": "#8"}
			}
		},
		{
			"from": [-1, 10, 5],
			"to": [1, 12, 11],
			"faces": {
				"north": {"uv": [3, 2, 5, 4], "texture": "#8"},
				"south": {"uv": [3, 2, 5, 4], "texture": "#8"},
				"west": {"uv": [3, 2, 9, 4], "texture": "#8"},
				"up": {"uv": [3, 2, 5, 8], "texture": "#8"},
				"down": {"uv": [3, 2, 5, 8], "texture": "#8"}
			}
		},
		{
			"from": [-1, 3, 2],
			"to": [1, 9, 4],
			"faces": {
				"north": {"uv": [3, 2, 5, 8], "texture": "#8"},
				"east": {"uv": [3, 2, 5, 8], "texture": "#8"},
				"south": {"uv": [3, 2, 5, 8], "texture": "#8"},
				"west": {"uv": [3, 2, 5, 8], "texture": "#8"},
				"up": {"uv": [3, 2, 5, 4], "texture": "#8"},
				"down": {"uv": [3, 2, 5, 4], "texture": "#8"}
			}
		},
		{
			"from": [-1, 3, 12],
			"to": [1, 9, 14],
			"faces": {
				"north": {"uv": [3, 2, 5, 8], "texture": "#8"},
				"east": {"uv": [3, 2, 5, 8], "texture": "#8"},
				"south": {"uv": [3, 2, 5, 8], "texture": "#8"},
				"west": {"uv": [3, 2, 5, 8], "texture": "#8"},
				"up": {"uv": [3, 2, 5, 4], "texture": "#8"},
				"down": {"uv": [3, 2, 5, 4], "texture": "#8"}
			}
		},
		{
			"from": [-1, 9, 11],
			"to": [1, 11, 13],
			"faces": {
				"north": {"uv": [3, 2, 5, 4], "texture": "#8"},
				"east": {"uv": [3, 2, 5, 4], "texture": "#8"},
				"south": {"uv": [3, 2, 5, 4], "texture": "#8"},
				"west": {"uv": [3, 2, 5, 4], "texture": "#8"},
				"up": {"uv": [3, 2, 5, 4], "texture": "#8"},
				"down": {"uv": [3, 2, 5, 4], "texture": "#8"}
			}
		},
		{
			"from": [-1, 9, 3],
			"to": [1, 11, 5],
			"faces": {
				"north": {"uv": [3, 2, 5, 4], "texture": "#8"},
				"east": {"uv": [3, 2, 5, 4], "texture": "#8"},
				"south": {"uv": [3, 2, 5, 4], "texture": "#8"},
				"west": {"uv": [3, 2, 5, 4], "texture": "#8"},
				"up": {"uv": [3, 2, 5, 4], "texture": "#8"},
				"down": {"uv": [3, 2, 5, 4], "texture": "#8"}
			}
		},
		{
			"from": [-1, 1, 11],
			"to": [1, 3, 13],
			"faces": {
				"north": {"uv": [3, 2, 5, 4], "texture": "#8"},
				"east": {"uv": [3, 2, 5, 4], "texture": "#8"},
				"south": {"uv": [3, 2, 5, 4], "texture": "#8"},
				"west": {"uv": [3, 2, 5, 4], "texture": "#8"},
				"up": {"uv": [3, 2, 5, 4], "texture": "#8"},
				"down": {"uv": [3, 2, 5, 4], "texture": "#8"}
			}
		},
		{
			"from": [-1, 1, 3],
			"to": [1, 3, 5],
			"faces": {
				"north": {"uv": [3, 2, 5, 4], "texture": "#8"},
				"east": {"uv": [3, 2, 5, 4], "texture": "#8"},
				"south": {"uv": [3, 2, 5, 4], "texture": "#8"},
				"west": {"uv": [3, 2, 5, 4], "texture": "#8"},
				"up": {"uv": [3, 2, 5, 4], "texture": "#8"},
				"down": {"uv": [3, 2, 5, 4], "texture": "#8"}
			}
		},
		{
			"from": [-0.5, 2, 7.5],
			"to": [0.5, 10, 8.5],
			"faces": {
				"north": {"uv": [0, 0, 1, 8], "texture": "#8"},
				"east": {"uv": [0, 0, 1, 8], "texture": "#8"},
				"south": {"uv": [0, 0, 1, 8], "texture": "#8"},
				"west": {"uv": [0, 0, 1, 8], "texture": "#8"}
			}
		},
		{
			"from": [-0.5, 5.5, 4],
			"to": [0.5, 6.5, 12],
			"faces": {
				"east": {"uv": [0, 0, 8, 1], "texture": "#8"},
				"west": {"uv": [0, 0, 8, 1], "texture": "#8"},
				"up": {"uv": [0, 0, 1, 8], "texture": "#8"},
				"down": {"uv": [0, 0, 1, 8], "texture": "#8"}
			}
		},
		{
			"from": [-0.5, 9.5, -4],
			"to": [0.5, 10.5, 7],
			"rotation": {"angle": 45, "axis": "x", "origin": [0, 0, 0]},
			"faces": {
				"east": {"uv": [0, 0, 11, 1], "texture": "#8"},
				"west": {"uv": [0, 0, 11, 1], "texture": "#8"},
				"up": {"uv": [0, 0, 1, 11], "texture": "#8"},
				"down": {"uv": [0, 0, 1, 11], "texture": "#8"}
			}
		},
		{
			"from": [-0.51, -1.8, 5],
			"to": [0.51, -0.8, 16],
			"rotation": {"angle": -45, "axis": "x", "origin": [0, 0, 0]},
			"faces": {
				"east": {"uv": [0, 0, 11, 1], "texture": "#8"},
				"west": {"uv": [0, 0, 11, 1], "texture": "#8"},
				"up": {"uv": [0, 0, 1, 11], "texture": "#8"},
				"down": {"uv": [0, 0, 1, 11], "texture": "#8"}
			}
		},
		{
			"from": [15, 0, 5],
			"to": [17, 2, 11],
			"rotation": {"angle": 0, "axis": "y", "origin": [16, 0, 0]},
			"faces": {
				"north": {"uv": [3, 2, 5, 4], "texture": "#8"},
				"east": {"uv": [3, 2, 9, 4], "texture": "#8"},
				"south": {"uv": [3, 2, 5, 4], "texture": "#8"},
				"west": {"uv": [3, 2, 9, 4], "texture": "#8"},
				"up": {"uv": [3, 2, 5, 8], "texture": "#8"},
				"down": {"uv": [3, 2, 5, 8], "texture": "#8"}
			}
		},
		{
			"from": [15, 1, 11],
			"to": [17, 3, 13],
			"rotation": {"angle": 0, "axis": "y", "origin": [16, 0, 0]},
			"faces": {
				"north": {"uv": [3, 2, 5, 4], "texture": "#8"},
				"east": {"uv": [3, 2, 5, 4], "texture": "#8"},
				"south": {"uv": [3, 2, 5, 4], "texture": "#8"},
				"west": {"uv": [3, 2, 5, 4], "texture": "#8"},
				"up": {"uv": [3, 2, 5, 4], "texture": "#8"},
				"down": {"uv": [3, 2, 5, 4], "texture": "#8"}
			}
		},
		{
			"from": [15, 3, 12],
			"to": [17, 9, 14],
			"rotation": {"angle": 0, "axis": "y", "origin": [16, 0, 0]},
			"faces": {
				"north": {"uv": [3, 2, 5, 8], "texture": "#8"},
				"east": {"uv": [3, 2, 5, 8], "texture": "#8"},
				"south": {"uv": [3, 2, 5, 8], "texture": "#8"},
				"west": {"uv": [3, 2, 5, 8], "texture": "#8"},
				"up": {"uv": [3, 2, 5, 4], "texture": "#8"},
				"down": {"uv": [3, 2, 5, 4], "texture": "#8"}
			}
		},
		{
			"from": [15, 9, 11],
			"to": [17, 11, 13],
			"rotation": {"angle": 0, "axis": "y", "origin": [16, 0, 0]},
			"faces": {
				"north": {"uv": [3, 2, 5, 4], "texture": "#8"},
				"east": {"uv": [3, 2, 5, 4], "texture": "#8"},
				"south": {"uv": [3, 2, 5, 4], "texture": "#8"},
				"west": {"uv": [3, 2, 5, 4], "texture": "#8"},
				"up": {"uv": [3, 2, 5, 4], "texture": "#8"},
				"down": {"uv": [3, 2, 5, 4], "texture": "#8"}
			}
		},
		{
			"from": [15, 10, 5],
			"to": [17, 12, 11],
			"rotation": {"angle": 0, "axis": "y", "origin": [16, 0, 0]},
			"faces": {
				"north": {"uv": [3, 2, 5, 4], "texture": "#8"},
				"east": {"uv": [3, 2, 9, 4], "texture": "#8"},
				"south": {"uv": [3, 2, 5, 4], "texture": "#8"},
				"up": {"uv": [3, 2, 5, 8], "texture": "#8"},
				"down": {"uv": [3, 2, 5, 8], "texture": "#8"}
			}
		},
		{
			"from": [15, 9, 3],
			"to": [17, 11, 5],
			"rotation": {"angle": 0, "axis": "y", "origin": [16, 0, 0]},
			"faces": {
				"north": {"uv": [3, 2, 5, 4], "texture": "#8"},
				"east": {"uv": [3, 2, 5, 4], "texture": "#8"},
				"south": {"uv": [3, 2, 5, 4], "texture": "#8"},
				"west": {"uv": [3, 2, 5, 4], "texture": "#8"},
				"up": {"uv": [3, 2, 5, 4], "texture": "#8"},
				"down": {"uv": [3, 2, 5, 4], "texture": "#8"}
			}
		},
		{
			"from": [15, 3, 2],
			"to": [17, 9, 4],
			"rotation": {"angle": 0, "axis": "y", "origin": [16, 0, 0]},
			"faces": {
				"north": {"uv": [3, 2, 5, 8], "texture": "#8"},
				"east": {"uv": [3, 2, 5, 8], "texture": "#8"},
				"south": {"uv": [3, 2, 5, 8], "texture": "#8"},
				"west": {"uv": [3, 2, 5, 8], "texture": "#8"},
				"up": {"uv": [3, 2, 5, 4], "texture": "#8"},
				"down": {"uv": [3, 2, 5, 4], "texture": "#8"}
			}
		},
		{
			"from": [15, 1, 3],
			"to": [17, 3, 5],
			"rotation": {"angle": 0, "axis": "y", "origin": [16, 0, 0]},
			"faces": {
				"north": {"uv": [3, 2, 5, 4], "texture": "#8"},
				"east": {"uv": [3, 2, 5, 4], "texture": "#8"},
				"south": {"uv": [3, 2, 5, 4], "texture": "#8"},
				"west": {"uv": [3, 2, 5, 4], "texture": "#8"},
				"up": {"uv": [3, 2, 5, 4], "texture": "#8"},
				"down": {"uv": [3, 2, 5, 4], "texture": "#8"}
			}
		},
		{
			"from": [15.49, -1.8, 5],
			"to": [16.51, -0.8, 16],
			"rotation": {"angle": -45, "axis": "x", "origin": [16, 0, 0]},
			"faces": {
				"east": {"uv": [0, 0, 11, 1], "texture": "#8"},
				"west": {"uv": [0, 0, 11, 1], "texture": "#8"},
				"up": {"uv": [0, 0, 1, 11], "texture": "#8"},
				"down": {"uv": [0, 0, 1, 11], "texture": "#8"}
			}
		},
		{
			"from": [15.5, 5.5, 4],
			"to": [16.5, 6.5, 12],
			"rotation": {"angle": 0, "axis": "y", "origin": [16, 0, 0]},
			"faces": {
				"east": {"uv": [0, 0, 8, 1], "texture": "#8"},
				"west": {"uv": [0, 0, 8, 1], "texture": "#8"},
				"up": {"uv": [0, 0, 1, 8], "texture": "#8"},
				"down": {"uv": [0, 0, 1, 8], "texture": "#8"}
			}
		},
		{
			"from": [15.5, 9.5, -4],
			"to": [16.5, 10.5, 7],
			"rotation": {"angle": 45, "axis": "x", "origin": [16, 0, 0]},
			"faces": {
				"east": {"uv": [0, 0, 11, 1], "texture": "#8"},
				"west": {"uv": [0, 0, 11, 1], "texture": "#8"},
				"up": {"uv": [0, 0, 1, 11], "texture": "#8"},
				"down": {"uv": [0, 0, 1, 11], "texture": "#8"}
			}
		},
		{
			"from": [15.5, 2, 7.5],
			"to": [16.5, 10, 8.5],
			"rotation": {"angle": 0, "axis": "y", "origin": [16, 0, 0]},
			"faces": {
				"north": {"uv": [0, 0, 1, 8], "texture": "#8"},
				"east": {"uv": [0, 0, 1, 8], "texture": "#8"},
				"south": {"uv": [0, 0, 1, 8], "texture": "#8"},
				"west": {"uv": [0, 0, 1, 8], "texture": "#8"}
			}
		},
		{
			"from": [15, 0, 21],
			"to": [17, 2, 27],
			"rotation": {"angle": 0, "axis": "y", "origin": [16, 0, 16]},
			"faces": {
				"north": {"uv": [3, 2, 5, 4], "texture": "#8"},
				"east": {"uv": [3, 2, 9, 4], "texture": "#8"},
				"south": {"uv": [3, 2, 5, 4], "texture": "#8"},
				"west": {"uv": [3, 2, 9, 4], "texture": "#8"},
				"up": {"uv": [3, 2, 5, 8], "texture": "#8"},
				"down": {"uv": [3, 2, 5, 8], "texture": "#8"}
			}
		},
		{
			"from": [15, 1, 27],
			"to": [17, 3, 29],
			"rotation": {"angle": 0, "axis": "y", "origin": [16, 0, 16]},
			"faces": {
				"north": {"uv": [3, 2, 5, 4], "texture": "#8"},
				"east": {"uv": [3, 2, 5, 4], "texture": "#8"},
				"south": {"uv": [3, 2, 5, 4], "texture": "#8"},
				"west": {"uv": [3, 2, 5, 4], "texture": "#8"},
				"up": {"uv": [3, 2, 5, 4], "texture": "#8"},
				"down": {"uv": [3, 2, 5, 4], "texture": "#8"}
			}
		},
		{
			"from": [15, 3, 28],
			"to": [17, 9, 30],
			"rotation": {"angle": 0, "axis": "y", "origin": [16, 0, 16]},
			"faces": {
				"north": {"uv": [3, 2, 5, 8], "texture": "#8"},
				"east": {"uv": [3, 2, 5, 8], "texture": "#8"},
				"south": {"uv": [3, 2, 5, 8], "texture": "#8"},
				"west": {"uv": [3, 2, 5, 8], "texture": "#8"},
				"up": {"uv": [3, 2, 5, 4], "texture": "#8"},
				"down": {"uv": [3, 2, 5, 4], "texture": "#8"}
			}
		},
		{
			"from": [15, 9, 27],
			"to": [17, 11, 29],
			"rotation": {"angle": 0, "axis": "y", "origin": [16, 0, 16]},
			"faces": {
				"north": {"uv": [3, 2, 5, 4], "texture": "#8"},
				"east": {"uv": [3, 2, 5, 4], "texture": "#8"},
				"south": {"uv": [3, 2, 5, 4], "texture": "#8"},
				"west": {"uv": [3, 2, 5, 4], "texture": "#8"},
				"up": {"uv": [3, 2, 5, 4], "texture": "#8"},
				"down": {"uv": [3, 2, 5, 4], "texture": "#8"}
			}
		},
		{
			"from": [15, 10, 21],
			"to": [17, 12, 27],
			"rotation": {"angle": 0, "axis": "y", "origin": [16, 0, 16]},
			"faces": {
				"north": {"uv": [3, 2, 5, 4], "texture": "#8"},
				"east": {"uv": [3, 2, 9, 4], "texture": "#8"},
				"south": {"uv": [3, 2, 5, 4], "texture": "#8"},
				"west": {"uv": [3, 2, 9, 4], "texture": "#8"},
				"up": {"uv": [3, 2, 5, 8], "texture": "#8"},
				"down": {"uv": [3, 2, 5, 8], "texture": "#8"}
			}
		},
		{
			"from": [15, 9, 19],
			"to": [17, 11, 21],
			"rotation": {"angle": 0, "axis": "y", "origin": [16, 0, 16]},
			"faces": {
				"north": {"uv": [3, 2, 5, 4], "texture": "#8"},
				"east": {"uv": [3, 2, 5, 4], "texture": "#8"},
				"south": {"uv": [3, 2, 5, 4], "texture": "#8"},
				"west": {"uv": [3, 2, 5, 4], "texture": "#8"},
				"up": {"uv": [3, 2, 5, 4], "texture": "#8"},
				"down": {"uv": [3, 2, 5, 4], "texture": "#8"}
			}
		},
		{
			"from": [15, 3, 18],
			"to": [17, 9, 20],
			"rotation": {"angle": 0, "axis": "y", "origin": [16, 0, 16]},
			"faces": {
				"north": {"uv": [3, 2, 5, 8], "texture": "#8"},
				"east": {"uv": [3, 2, 5, 8], "texture": "#8"},
				"south": {"uv": [3, 2, 5, 8], "texture": "#8"},
				"west": {"uv": [3, 2, 5, 8], "texture": "#8"},
				"up": {"uv": [3, 2, 5, 4], "texture": "#8"},
				"down": {"uv": [3, 2, 5, 4], "texture": "#8"}
			}
		},
		{
			"from": [15, 1, 19],
			"to": [17, 3, 21],
			"rotation": {"angle": 0, "axis": "y", "origin": [16, 0, 16]},
			"faces": {
				"north": {"uv": [3, 2, 5, 4], "texture": "#8"},
				"east": {"uv": [3, 2, 5, 4], "texture": "#8"},
				"south": {"uv": [3, 2, 5, 4], "texture": "#8"},
				"west": {"uv": [3, 2, 5, 4], "texture": "#8"},
				"up": {"uv": [3, 2, 5, 4], "texture": "#8"},
				"down": {"uv": [3, 2, 5, 4], "texture": "#8"}
			}
		},
		{
			"from": [15.49, -1.8, 21],
			"to": [16.51, -0.8, 32],
			"rotation": {"angle": -45, "axis": "x", "origin": [16, 0, 16]},
			"faces": {
				"east": {"uv": [0, 0, 11, 1], "texture": "#8"},
				"west": {"uv": [0, 0, 11, 1], "texture": "#8"},
				"up": {"uv": [0, 0, 1, 11], "texture": "#8"},
				"down": {"uv": [0, 0, 1, 11], "texture": "#8"}
			}
		},
		{
			"from": [15.5, 5.5, 20],
			"to": [16.5, 6.5, 28],
			"rotation": {"angle": 0, "axis": "y", "origin": [16, 0, 16]},
			"faces": {
				"east": {"uv": [0, 0, 8, 1], "texture": "#8"},
				"west": {"uv": [0, 0, 8, 1], "texture": "#8"},
				"up": {"uv": [0, 0, 1, 8], "texture": "#8"},
				"down": {"uv": [0, 0, 1, 8], "texture": "#8"}
			}
		},
		{
			"from": [15.5, 9.5, 12],
			"to": [16.5, 10.5, 23],
			"rotation": {"angle": 45, "axis": "x", "origin": [16, 0, 16]},
			"faces": {
				"east": {"uv": [0, 0, 11, 1], "texture": "#8"},
				"west": {"uv": [0, 0, 11, 1], "texture": "#8"},
				"up": {"uv": [0, 0, 1, 11], "texture": "#8"},
				"down": {"uv": [0, 0, 1, 11], "texture": "#8"}
			}
		},
		{
			"from": [15.5, 2, 23.5],
			"to": [16.5, 10, 24.5],
			"rotation": {"angle": 0, "axis": "y", "origin": [16, 0, 16]},
			"faces": {
				"north": {"uv": [0, 0, 1, 8], "texture": "#8"},
				"east": {"uv": [0, 0, 1, 8], "texture": "#8"},
				"south": {"uv": [0, 0, 1, 8], "texture": "#8"},
				"west": {"uv": [0, 0, 1, 8], "texture": "#8"}
			}
		},
		{
			"from": [-1, 0, 21],
			"to": [1, 2, 27],
			"rotation": {"angle": 0, "axis": "y", "origin": [0, 0, 16]},
			"faces": {
				"north": {"uv": [3, 2, 5, 4], "texture": "#8"},
				"east": {"uv": [3, 2, 9, 4], "texture": "#8"},
				"south": {"uv": [3, 2, 5, 4], "texture": "#8"},
				"west": {"uv": [3, 2, 9, 4], "texture": "#8"},
				"up": {"uv": [3, 2, 5, 8], "texture": "#8"},
				"down": {"uv": [3, 2, 5, 8], "texture": "#8"}
			}
		},
		{
			"from": [-1, 1, 27],
			"to": [1, 3, 29],
			"rotation": {"angle": 0, "axis": "y", "origin": [0, 0, 16]},
			"faces": {
				"north": {"uv": [3, 2, 5, 4], "texture": "#8"},
				"east": {"uv": [3, 2, 5, 4], "texture": "#8"},
				"south": {"uv": [3, 2, 5, 4], "texture": "#8"},
				"west": {"uv": [3, 2, 5, 4], "texture": "#8"},
				"up": {"uv": [3, 2, 5, 4], "texture": "#8"},
				"down": {"uv": [3, 2, 5, 4], "texture": "#8"}
			}
		},
		{
			"from": [-1, 3, 28],
			"to": [1, 9, 30],
			"rotation": {"angle": 0, "axis": "y", "origin": [0, 0, 16]},
			"faces": {
				"north": {"uv": [3, 2, 5, 8], "texture": "#8"},
				"east": {"uv": [3, 2, 5, 8], "texture": "#8"},
				"south": {"uv": [3, 2, 5, 8], "texture": "#8"},
				"west": {"uv": [3, 2, 5, 8], "texture": "#8"},
				"up": {"uv": [3, 2, 5, 4], "texture": "#8"},
				"down": {"uv": [3, 2, 5, 4], "texture": "#8"}
			}
		},
		{
			"from": [-1, 9, 27],
			"to": [1, 11, 29],
			"rotation": {"angle": 0, "axis": "y", "origin": [0, 0, 16]},
			"faces": {
				"north": {"uv": [3, 2, 5, 4], "texture": "#8"},
				"east": {"uv": [3, 2, 5, 4], "texture": "#8"},
				"south": {"uv": [3, 2, 5, 4], "texture": "#8"},
				"west": {"uv": [3, 2, 5, 4], "texture": "#8"},
				"up": {"uv": [3, 2, 5, 4], "texture": "#8"},
				"down": {"uv": [3, 2, 5, 4], "texture": "#8"}
			}
		},
		{
			"from": [-1, 10, 21],
			"to": [1, 12, 27],
			"rotation": {"angle": 0, "axis": "y", "origin": [0, 0, 16]},
			"faces": {
				"north": {"uv": [3, 2, 5, 4], "texture": "#8"},
				"east": {"uv": [3, 2, 9, 4], "texture": "#8"},
				"south": {"uv": [3, 2, 5, 4], "texture": "#8"},
				"west": {"uv": [3, 2, 9, 4], "texture": "#8"},
				"up": {"uv": [3, 2, 5, 8], "texture": "#8"},
				"down": {"uv": [3, 2, 5, 8], "texture": "#8"}
			}
		},
		{
			"from": [-1, 9, 19],
			"to": [1, 11, 21],
			"rotation": {"angle": 0, "axis": "y", "origin": [0, 0, 16]},
			"faces": {
				"north": {"uv": [3, 2, 5, 4], "texture": "#8"},
				"east": {"uv": [3, 2, 5, 4], "texture": "#8"},
				"south": {"uv": [3, 2, 5, 4], "texture": "#8"},
				"west": {"uv": [3, 2, 5, 4], "texture": "#8"},
				"up": {"uv": [3, 2, 5, 4], "texture": "#8"},
				"down": {"uv": [3, 2, 5, 4], "texture": "#8"}
			}
		},
		{
			"from": [-1, 3, 18],
			"to": [1, 9, 20],
			"rotation": {"angle": 0, "axis": "y", "origin": [0, 0, 16]},
			"faces": {
				"north": {"uv": [3, 2, 5, 8], "texture": "#8"},
				"east": {"uv": [3, 2, 5, 8], "texture": "#8"},
				"south": {"uv": [3, 2, 5, 8], "texture": "#8"},
				"west": {"uv": [3, 2, 5, 8], "texture": "#8"},
				"up": {"uv": [3, 2, 5, 4], "texture": "#8"},
				"down": {"uv": [3, 2, 5, 4], "texture": "#8"}
			}
		},
		{
			"from": [-1, 1, 19],
			"to": [1, 3, 21],
			"rotation": {"angle": 0, "axis": "y", "origin": [0, 0, 16]},
			"faces": {
				"north": {"uv": [3, 2, 5, 4], "texture": "#8"},
				"east": {"uv": [3, 2, 5, 4], "texture": "#8"},
				"south": {"uv": [3, 2, 5, 4], "texture": "#8"},
				"west": {"uv": [3, 2, 5, 4], "texture": "#8"},
				"up": {"uv": [3, 2, 5, 4], "texture": "#8"},
				"down": {"uv": [3, 2, 5, 4], "texture": "#8"}
			}
		},
		{
			"from": [-0.51, -1.8, 21],
			"to": [0.51, -0.8, 32],
			"rotation": {"angle": -45, "axis": "x", "origin": [0, 0, 16]},
			"faces": {
				"east": {"uv": [0, 0, 11, 1], "texture": "#8"},
				"west": {"uv": [0, 0, 11, 1], "texture": "#8"},
				"up": {"uv": [0, 0, 1, 11], "texture": "#8"},
				"down": {"uv": [0, 0, 1, 11], "texture": "#8"}
			}
		},
		{
			"from": [-0.5, 2, 23.5],
			"to": [0.5, 10, 24.5],
			"rotation": {"angle": 0, "axis": "y", "origin": [0, 0, 16]},
			"faces": {
				"north": {"uv": [0, 0, 1, 8], "texture": "#8"},
				"east": {"uv": [0, 0, 1, 8], "texture": "#8"},
				"south": {"uv": [0, 0, 1, 8], "texture": "#8"},
				"west": {"uv": [0, 0, 1, 8], "texture": "#8"}
			}
		},
		{
			"from": [-0.5, 5.5, 20],
			"to": [0.5, 6.5, 28],
			"rotation": {"angle": 0, "axis": "y", "origin": [0, 0, 16]},
			"faces": {
				"east": {"uv": [0, 0, 8, 1], "texture": "#8"},
				"west": {"uv": [0, 0, 8, 1], "texture": "#8"},
				"up": {"uv": [0, 0, 1, 8], "texture": "#8"},
				"down": {"uv": [0, 0, 1, 8], "texture": "#8"}
			}
		},
		{
			"from": [-0.5, 9.5, 12],
			"to": [0.5, 10.5, 23],
			"rotation": {"angle": 45, "axis": "x", "origin": [0, 0, 16]},
			"faces": {
				"east": {"uv": [0, 0, 11, 1], "texture": "#8"},
				"west": {"uv": [0, 0, 11, 1], "texture": "#8"},
				"up": {"uv": [0, 0, 1, 11], "texture": "#8"},
				"down": {"uv": [0, 0, 1, 11], "texture": "#8"}
			}
		},
		{
			"from": [2, 7, 6],
			"to": [14, 10, 31],
			"faces": {
				"north": {"uv": [0, 0, 12, 3], "texture": "#10"},
				"east": {"uv": [0, 0, 16, 3], "texture": "#10"},
				"south": {"uv": [0, 0, 12, 3], "texture": "#10"},
				"west": {"uv": [0, 0, 16, 3], "texture": "#10"},
				"up": {"uv": [0, 0, 12, 16], "texture": "#10"},
				"down": {"uv": [0, 0, 12, 16], "texture": "#10"}
			}
		},
		{
			"from": [6, 11, -4.5],
			"to": [10, 14, 6.5],
			"rotation": {"angle": 22.5, "axis": "x", "origin": [0, 0, 0]},
			"faces": {
				"north": {"uv": [0, 0, 4, 3], "texture": "#10"},
				"east": {"uv": [0, 0, 11, 3], "texture": "#10"},
				"south": {"uv": [0, 0, 4, 3], "texture": "#10"},
				"west": {"uv": [0, 0, 11, 3], "texture": "#10"},
				"up": {"uv": [0, 0, 4, 11], "texture": "#10"},
				"down": {"uv": [0, 0, 4, 11], "texture": "#10"}
			}
		},
		{
			"from": [1, 10, 0],
			"to": [4, 13, 17],
			"faces": {
				"north": {"uv": [0, 2, 3, 5], "texture": "#10"},
				"east": {"uv": [0, 2, 16, 5], "texture": "#10"},
				"west": {"uv": [0, 2, 16, 5], "texture": "#10"},
				"up": {"uv": [0, 0, 3, 16], "texture": "#10"},
				"down": {"uv": [0, 0, 3, 16], "texture": "#10"}
			}
		},
		{
			"from": [1, 13, 3],
			"to": [4, 15, 17],
			"faces": {
				"north": {"uv": [0, 0, 3, 2], "texture": "#10"},
				"east": {"uv": [0, 0, 14, 2], "texture": "#10"},
				"west": {"uv": [0, 3, 14, 5], "texture": "#10"},
				"up": {"uv": [0, 0, 3, 14], "texture": "#10"}
			}
		},
		{
			"from": [1, 14, -3],
			"to": [4, 15, 3],
			"faces": {
				"north": {"uv": [0, 0, 3, 1], "texture": "#10"},
				"east": {"uv": [0, 0, 6, 1], "texture": "#10"},
				"west": {"uv": [0, 2, 6, 3], "texture": "#10"},
				"down": {"uv": [0, 0, 3, 6], "texture": "#10"}
			}
		},
		{
			"from": [1, 15, -4],
			"to": [4, 16, 10],
			"faces": {
				"north": {"uv": [0, 0, 3, 1], "texture": "#10"},
				"east": {"uv": [0, 0, 14, 1], "texture": "#10"},
				"south": {"uv": [0, 0, 3, 1], "texture": "#10"},
				"west": {"uv": [0, 2, 14, 3], "texture": "#10"},
				"up": {"uv": [0, 0, 3, 14], "texture": "#10"},
				"down": {"uv": [0, 0, 3, 14], "texture": "#10"}
			}
		},
		{
			"from": [1, 15, 14],
			"to": [4, 17, 17],
			"faces": {
				"west": {"uv": [0, 0, 3, 2], "texture": "#10"},
				"up": {"uv": [0, 0, 3, 3], "texture": "#10"}
			}
		},
		{
			"from": [12, 13, 3],
			"to": [15, 15, 17],
			"faces": {
				"north": {"uv": [0, 0, 3, 2], "texture": "#10"},
				"east": {"uv": [0, 3, 14, 5], "texture": "#10"},
				"west": {"uv": [0, 0, 14, 2], "texture": "#10"},
				"up": {"uv": [0, 0, 3, 14], "texture": "#10"}
			}
		},
		{
			"from": [12, 14, -3],
			"to": [15, 15, 3],
			"faces": {
				"north": {"uv": [0, 0, 3, 1], "texture": "#10"},
				"east": {"uv": [0, 0, 6, 1], "texture": "#10"},
				"west": {"uv": [0, 0, 6, 1], "texture": "#10"},
				"down": {"uv": [0, 0, 3, 6], "texture": "#10"}
			}
		},
		{
			"from": [12, 15, -4],
			"to": [15, 16, 10],
			"faces": {
				"north": {"uv": [0, 0, 3, 1], "texture": "#10"},
				"east": {"uv": [0, 2, 14, 3], "texture": "#10"},
				"south": {"uv": [0, 0, 3, 1], "texture": "#10"},
				"west": {"uv": [0, 0, 14, 1], "texture": "#10"},
				"up": {"uv": [0, 0, 3, 14], "texture": "#10"},
				"down": {"uv": [0, 0, 3, 14], "texture": "#10"}
			}
		},
		{
			"from": [12, 15, 14],
			"to": [15, 17, 17],
			"faces": {
				"east": {"uv": [0, 0, 3, 2], "texture": "#10"},
				"west": {"uv": [0, 0, 3, 2], "texture": "#10"},
				"up": {"uv": [0, 0, 3, 3], "texture": "#10"}
			}
		},
		{
			"from": [12, 10, 0],
			"to": [15, 13, 17],
			"faces": {
				"north": {"uv": [0, 2, 3, 5], "texture": "#10"},
				"east": {"uv": [0, 2, 16, 5], "texture": "#10"},
				"west": {"uv": [0, 2, 16, 5], "texture": "#10"},
				"up": {"uv": [0, 0, 3, 16], "texture": "#10"},
				"down": {"uv": [0, 0, 3, 16], "texture": "#10"}
			}
		},
		{
			"from": [-1, 15, 11],
			"to": [17, 18, 14],
			"faces": {
				"north": {"uv": [0, 0, 16, 3], "texture": "#0"},
				"east": {"uv": [0, 0, 3, 3], "texture": "#0"},
				"south": {"uv": [0, 0, 16, 3], "texture": "#0"},
				"west": {"uv": [0, 0, 3, 3], "texture": "#0"},
				"up": {"uv": [0, 0, 16, 3], "texture": "#0"},
				"down": {"uv": [0, 0, 16, 3], "texture": "#0"}
			}
		},
		{
			"from": [6, 10, 16],
			"to": [10, 14, 21],
			"faces": {
				"north": {"uv": [0, 0, 4, 4], "texture": "#10"},
				"east": {"uv": [0, 0, 5, 4], "texture": "#10"},
				"south": {"uv": [0, 0, 4, 4], "texture": "#10"},
				"west": {"uv": [0, 0, 5, 4], "texture": "#10"},
				"up": {"uv": [3, 10, 7, 15], "texture": "#10"}
			}
		}
	],
	"display": {
		"thirdperson_righthand": {
			"rotation": [72, 0, 0],
			"translation": [0, -3, -7],
			"scale": [0.7, 0.7, 0.7]
		},
		"thirdperson_lefthand": {
			"rotation": [70, 0, 0],
			"translation": [0, -2.75, -8],
			"scale": [0.7, 0.7, 0.7]
		},
		"firstperson_righthand": {
			"rotation": [8, 0, 6],
			"translation": [0, 1.5, 0]
		},
		"firstperson_lefthand": {
			"rotation": [8, 0, 6],
			"translation": [0, 1.5, 0]
		},
		"ground": {
			"translation": [0, 0, -3.75]
		},
		"gui": {
			"rotation": [-126, 43, 149],
			"translation": [0, -2.25, 0],
			"scale": [0.46, 0.47, 0.49]
		},
		"head": {
			"translation": [0, -27.6, -11],
			"scale": [1.95, 1.95, 1.95]
		}
	}
}