{
	"credit": "Made with Blockbench",
	"textures": {
		"0": "custom/chain_cannonball",
		"2": "custom/chain",
		"particle": "custom/chain_cannonball"
	},
	"elements": [
		{
			"from": [-8.3, 7, 1],
			"to": [-4.3, 9, 2],
			"faces": {
				"north": {"uv": [13, 9, 15, 13], "rotation": 270, "texture": "#0"},
				"east": {"uv": [13, 9, 15, 10], "rotation": 90, "texture": "#0"},
				"south": {"uv": [13, 9, 15, 13], "rotation": 90, "texture": "#0"},
				"west": {"uv": [13, 9, 15, 10], "rotation": 90, "texture": "#0"},
				"up": {"uv": [13, 9, 14, 13], "rotation": 90, "texture": "#0"},
				"down": {"uv": [13, 9, 14, 13], "rotation": 90, "texture": "#0"}
			}
		},
		{
			"from": [-11.3, 5, 2],
			"to": [-10.3, 8, 3],
			"faces": {
				"north": {"uv": [11, 14, 14, 15], "rotation": 270, "texture": "#0"},
				"east": {"uv": [11, 14, 14, 15], "rotation": 90, "texture": "#0"},
				"south": {"uv": [11, 14, 14, 15], "rotation": 90, "texture": "#0"},
				"west": {"uv": [11, 14, 14, 15], "rotation": 90, "texture": "#0"},
				"up": {"uv": [11, 14, 12, 15], "rotation": 90, "texture": "#0"},
				"down": {"uv": [11, 14, 12, 15], "rotation": 90, "texture": "#0"}
			}
		},
		{
			"from": [-10.3, 8, 2],
			"to": [-8.3, 9, 3],
			"faces": {
				"north": {"uv": [13, 13, 14, 15], "rotation": 270, "texture": "#0"},
				"east": {"uv": [13, 13, 14, 14], "rotation": 90, "texture": "#0"},
				"west": {"uv": [13, 13, 14, 14], "rotation": 90, "texture": "#0"},
				"up": {"uv": [13, 13, 14, 15], "rotation": 90, "texture": "#0"},
				"down": {"uv": [13, 13, 14, 15], "rotation": 90, "texture": "#0"}
			}
		},
		{
			"from": [-8.3, 9, 2],
			"to": [-4.3, 10, 3],
			"faces": {
				"north": {"uv": [14, 9, 15, 13], "rotation": 270, "texture": "#0"},
				"east": {"uv": [14, 9, 15, 10], "rotation": 90, "texture": "#0"},
				"west": {"uv": [14, 9, 15, 10], "rotation": 90, "texture": "#0"},
				"up": {"uv": [14, 9, 15, 13], "rotation": 90, "texture": "#0"},
				"down": {"uv": [14, 9, 15, 13], "rotation": 90, "texture": "#0"}
			}
		},
		{
			"from": [-4.3, 8, 2],
			"to": [-2.3, 9, 3],
			"faces": {
				"north": {"uv": [13, 6, 14, 8], "rotation": 270, "texture": "#0"},
				"east": {"uv": [13, 6, 14, 7], "rotation": 90, "texture": "#0"},
				"west": {"uv": [13, 6, 14, 7], "rotation": 90, "texture": "#0"},
				"up": {"uv": [13, 6, 14, 8], "rotation": 90, "texture": "#0"},
				"down": {"uv": [13, 6, 14, 8], "rotation": 90, "texture": "#0"}
			}
		},
		{
			"from": [-2.3, 5, 2],
			"to": [-1.3, 8, 3],
			"faces": {
				"north": {"uv": [10, 6, 13, 7], "rotation": 270, "texture": "#0"},
				"east": {"uv": [10, 6, 13, 7], "rotation": 90, "texture": "#0"},
				"south": {"uv": [10, 6, 13, 7], "rotation": 90, "texture": "#0"},
				"west": {"uv": [10, 6, 13, 7], "rotation": 90, "texture": "#0"},
				"up": {"uv": [10, 6, 11, 7], "rotation": 90, "texture": "#0"},
				"down": {"uv": [10, 6, 11, 7], "rotation": 90, "texture": "#0"}
			}
		},
		{
			"from": [-10.3, 5, 1],
			"to": [-2.3, 6, 2],
			"faces": {
				"north": {"uv": [10, 7, 11, 15], "rotation": 270, "texture": "#0"},
				"up": {"uv": [10, 7, 11, 15], "rotation": 90, "texture": "#0"},
				"down": {"uv": [10, 7, 11, 15], "rotation": 90, "texture": "#0"}
			}
		},
		{
			"from": [-4.3, 6, 1],
			"to": [-2.3, 8, 2],
			"faces": {
				"north": {"uv": [11, 7, 13, 9], "rotation": 270, "texture": "#0"},
				"east": {"uv": [11, 7, 13, 8], "rotation": 90, "texture": "#0"},
				"south": {"uv": [11, 7, 13, 9], "rotation": 90, "texture": "#0"},
				"west": {"uv": [11, 7, 13, 8], "rotation": 90, "texture": "#0"},
				"up": {"uv": [11, 7, 12, 9], "rotation": 90, "texture": "#0"}
			}
		},
		{
			"from": [-10.3, 6, 1],
			"to": [-8.3, 8, 2],
			"faces": {
				"north": {"uv": [11, 11, 13, 13], "rotation": 270, "texture": "#0"},
				"east": {"uv": [11, 11, 13, 12], "rotation": 90, "texture": "#0"},
				"south": {"uv": [11, 11, 13, 13], "rotation": 90, "texture": "#0"},
				"west": {"uv": [11, 11, 13, 12], "rotation": 90, "texture": "#0"},
				"up": {"uv": [11, 11, 12, 13], "rotation": 90, "texture": "#0"}
			}
		},
		{
			"from": [-8.3, 5, 0],
			"to": [-4.3, 7, 1],
			"faces": {
				"north": {"uv": [10, 9, 12, 13], "rotation": 270, "texture": "#0"},
				"east": {"uv": [10, 9, 12, 10], "rotation": 270, "texture": "#0"},
				"south": {"uv": [10, 9, 12, 13], "rotation": 90, "texture": "#0"},
				"west": {"uv": [10, 9, 12, 10], "rotation": 90, "texture": "#0"},
				"up": {"uv": [11, 9, 12, 13], "rotation": 90, "texture": "#0"},
				"down": {"uv": [10, 9, 11, 13], "rotation": 90, "texture": "#0"}
			}
		},
		{
			"from": [-2.3, 5, 1],
			"to": [-1.3, 7, 2],
			"faces": {
				"north": {"uv": [10, 6, 12, 7], "rotation": 270, "texture": "#0"},
				"east": {"uv": [10, 6, 12, 7], "rotation": 90, "texture": "#0"},
				"up": {"uv": [10, 6, 11, 7], "rotation": 90, "texture": "#0"},
				"down": {"uv": [10, 6, 11, 7], "rotation": 90, "texture": "#0"}
			}
		},
		{
			"from": [-11.3, 5, 1],
			"to": [-10.3, 7, 2],
			"faces": {
				"north": {"uv": [10, 14, 12, 15], "rotation": 270, "texture": "#0"},
				"west": {"uv": [10, 14, 12, 15], "rotation": 90, "texture": "#0"},
				"up": {"uv": [10, 14, 11, 15], "rotation": 90, "texture": "#0"},
				"down": {"uv": [10, 14, 11, 15], "rotation": 90, "texture": "#0"}
			}
		},
		{
			"from": [28, 8, 9],
			"to": [30, 9, 10],
			"faces": {
				"east": {"uv": [2, 13, 3, 14], "rotation": 90, "texture": "#0"},
				"south": {"uv": [2, 13, 3, 15], "rotation": 270, "texture": "#0"},
				"west": {"uv": [2, 13, 3, 14], "rotation": 90, "texture": "#0"},
				"up": {"uv": [2, 13, 3, 15], "rotation": 270, "texture": "#0"},
				"down": {"uv": [2, 13, 3, 15], "rotation": 270, "texture": "#0"}
			}
		},
		{
			"from": [24, 9, 9],
			"to": [28, 10, 10],
			"faces": {
				"east": {"uv": [1, 9, 2, 10], "rotation": 90, "texture": "#0"},
				"south": {"uv": [1, 9, 2, 13], "rotation": 270, "texture": "#0"},
				"west": {"uv": [1, 9, 2, 10], "rotation": 90, "texture": "#0"},
				"up": {"uv": [1, 9, 2, 13], "rotation": 270, "texture": "#0"},
				"down": {"uv": [1, 9, 2, 13], "rotation": 270, "texture": "#0"}
			}
		},
		{
			"from": [22, 8, 9],
			"to": [24, 9, 10],
			"faces": {
				"east": {"uv": [2, 7, 3, 8], "rotation": 90, "texture": "#0"},
				"south": {"uv": [2, 7, 3, 9], "rotation": 270, "texture": "#0"},
				"west": {"uv": [2, 7, 3, 8], "rotation": 90, "texture": "#0"},
				"up": {"uv": [2, 7, 3, 9], "rotation": 270, "texture": "#0"},
				"down": {"uv": [2, 7, 3, 9], "rotation": 270, "texture": "#0"}
			}
		},
		{
			"from": [21, 5, 9],
			"to": [22, 8, 10],
			"faces": {
				"north": {"uv": [3, 6, 6, 7], "rotation": 90, "texture": "#0"},
				"east": {"uv": [3, 6, 6, 7], "rotation": 90, "texture": "#0"},
				"south": {"uv": [3, 6, 6, 7], "rotation": 270, "texture": "#0"},
				"west": {"uv": [3, 6, 6, 7], "rotation": 90, "texture": "#0"},
				"up": {"uv": [3, 6, 4, 7], "rotation": 270, "texture": "#0"},
				"down": {"uv": [3, 6, 4, 7], "rotation": 270, "texture": "#0"}
			}
		},
		{
			"from": [24, 7, 10],
			"to": [28, 9, 11],
			"faces": {
				"north": {"uv": [1, 9, 3, 13], "rotation": 90, "texture": "#0"},
				"east": {"uv": [1, 9, 3, 10], "rotation": 90, "texture": "#0"},
				"south": {"uv": [1, 9, 3, 13], "rotation": 270, "texture": "#0"},
				"west": {"uv": [1, 9, 3, 10], "rotation": 90, "texture": "#0"},
				"up": {"uv": [1, 9, 2, 13], "rotation": 270, "texture": "#0"},
				"down": {"uv": [1, 9, 2, 13], "rotation": 270, "texture": "#0"}
			}
		},
		{
			"from": [22, 5, 10],
			"to": [30, 6, 11],
			"faces": {
				"south": {"uv": [5, 6, 6, 14], "rotation": 270, "texture": "#0"},
				"up": {"uv": [5, 6, 6, 14], "rotation": 270, "texture": "#0"},
				"down": {"uv": [5, 6, 6, 14], "rotation": 270, "texture": "#0"}
			}
		},
		{
			"from": [22, 6, 10],
			"to": [24, 8, 11],
			"faces": {
				"north": {"uv": [2, 7, 4, 9], "rotation": 90, "texture": "#0"},
				"east": {"uv": [2, 7, 4, 8], "rotation": 90, "texture": "#0"},
				"south": {"uv": [2, 7, 4, 9], "rotation": 270, "texture": "#0"},
				"west": {"uv": [2, 7, 4, 8], "rotation": 90, "texture": "#0"},
				"up": {"uv": [2, 7, 3, 9], "rotation": 270, "texture": "#0"}
			}
		},
		{
			"from": [28, 6, 10],
			"to": [30, 8, 11],
			"faces": {
				"north": {"uv": [3, 13, 5, 15], "rotation": 90, "texture": "#0"},
				"east": {"uv": [3, 13, 5, 14], "rotation": 90, "texture": "#0"},
				"south": {"uv": [3, 13, 5, 15], "rotation": 270, "texture": "#0"},
				"west": {"uv": [3, 13, 5, 14], "rotation": 90, "texture": "#0"},
				"up": {"uv": [3, 13, 4, 15], "rotation": 270, "texture": "#0"}
			}
		},
		{
			"from": [24, 5, 11],
			"to": [28, 7, 12],
			"faces": {
				"north": {"uv": [4, 9, 6, 13], "rotation": 90, "texture": "#0"},
				"east": {"uv": [4, 9, 6, 10], "rotation": 90, "texture": "#0"},
				"south": {"uv": [4, 9, 6, 13], "rotation": 90, "texture": "#0"},
				"west": {"uv": [4, 9, 6, 10], "rotation": 90, "texture": "#0"},
				"up": {"uv": [3, 9, 4, 13], "rotation": 270, "texture": "#0"},
				"down": {"uv": [4, 9, 5, 13], "rotation": 270, "texture": "#0"}
			}
		},
		{
			"from": [21, 5, 10],
			"to": [22, 7, 11],
			"faces": {
				"south": {"uv": [2, 6, 4, 7], "rotation": 270, "texture": "#0"},
				"west": {"uv": [2, 6, 4, 7], "rotation": 90, "texture": "#0"},
				"up": {"uv": [2, 6, 3, 7], "rotation": 270, "texture": "#0"},
				"down": {"uv": [2, 6, 3, 7], "rotation": 270, "texture": "#0"}
			}
		},
		{
			"from": [30, 5, 10],
			"to": [31, 7, 11],
			"faces": {
				"east": {"uv": [2, 15, 4, 16], "rotation": 90, "texture": "#0"},
				"south": {"uv": [2, 15, 4, 16], "rotation": 270, "texture": "#0"},
				"up": {"uv": [2, 15, 3, 16], "rotation": 270, "texture": "#0"},
				"down": {"uv": [2, 15, 3, 16], "rotation": 270, "texture": "#0"}
			}
		},
		{
			"from": [-8.3, 7, 10],
			"to": [-4.3, 9, 11],
			"faces": {
				"north": {"uv": [12, 7, 14, 11], "rotation": 270, "texture": "#0"},
				"east": {"uv": [12, 7, 14, 8], "rotation": 90, "texture": "#0"},
				"south": {"uv": [12, 7, 14, 11], "rotation": 90, "texture": "#0"},
				"west": {"uv": [12, 7, 14, 8], "rotation": 90, "texture": "#0"},
				"up": {"uv": [12, 7, 13, 11], "rotation": 90, "texture": "#0"},
				"down": {"uv": [12, 7, 13, 11], "rotation": 90, "texture": "#0"}
			}
		},
		{
			"from": [-11.3, 5, 9],
			"to": [-10.3, 8, 10],
			"faces": {
				"north": {"uv": [11, 14, 14, 15], "rotation": 270, "texture": "#0"},
				"east": {"uv": [11, 14, 14, 15], "rotation": 90, "texture": "#0"},
				"south": {"uv": [11, 14, 14, 15], "rotation": 90, "texture": "#0"},
				"west": {"uv": [11, 14, 14, 15], "rotation": 90, "texture": "#0"},
				"up": {"uv": [11, 14, 12, 15], "rotation": 90, "texture": "#0"},
				"down": {"uv": [11, 14, 12, 15], "rotation": 90, "texture": "#0"}
			}
		},
		{
			"from": [-10.3, 8, 9],
			"to": [-8.3, 9, 10],
			"faces": {
				"north": {"uv": [13, 13, 14, 15], "rotation": 270, "texture": "#0"},
				"east": {"uv": [13, 13, 14, 14], "rotation": 90, "texture": "#0"},
				"south": {"uv": [13, 13, 14, 15], "rotation": 90, "texture": "#0"},
				"west": {"uv": [13, 13, 14, 14], "rotation": 90, "texture": "#0"},
				"up": {"uv": [13, 13, 14, 15], "rotation": 90, "texture": "#0"},
				"down": {"uv": [13, 13, 14, 15], "rotation": 90, "texture": "#0"}
			}
		},
		{
			"from": [-8.3, 9, 9],
			"to": [-4.3, 10, 10],
			"faces": {
				"east": {"uv": [15, 9, 16, 10], "rotation": 90, "texture": "#0"},
				"south": {"uv": [15, 9, 16, 13], "rotation": 90, "texture": "#0"},
				"west": {"uv": [15, 9, 16, 10], "rotation": 90, "texture": "#0"},
				"up": {"uv": [15, 9, 16, 13], "rotation": 90, "texture": "#0"},
				"down": {"uv": [15, 9, 16, 13], "rotation": 90, "texture": "#0"}
			}
		},
		{
			"from": [-4.3, 8, 9],
			"to": [-2.3, 9, 10],
			"faces": {
				"north": {"uv": [13, 7, 14, 9], "rotation": 270, "texture": "#0"},
				"east": {"uv": [13, 7, 14, 8], "rotation": 90, "texture": "#0"},
				"south": {"uv": [13, 7, 14, 9], "rotation": 90, "texture": "#0"},
				"west": {"uv": [13, 7, 14, 8], "rotation": 90, "texture": "#0"},
				"up": {"uv": [13, 7, 14, 9], "rotation": 90, "texture": "#0"},
				"down": {"uv": [13, 7, 14, 9], "rotation": 90, "texture": "#0"}
			}
		},
		{
			"from": [-2.3, 5, 9],
			"to": [-1.3, 8, 10],
			"faces": {
				"north": {"uv": [2, 6, 5, 7], "rotation": 90, "texture": "#0"},
				"east": {"uv": [2, 6, 5, 7], "rotation": 270, "texture": "#0"},
				"south": {"uv": [2, 6, 5, 7], "rotation": 270, "texture": "#0"},
				"west": {"uv": [2, 6, 5, 7], "rotation": 270, "texture": "#0"},
				"up": {"uv": [2, 6, 3, 7], "rotation": 270, "texture": "#0"},
				"down": {"uv": [2, 6, 3, 7], "rotation": 270, "texture": "#0"}
			}
		},
		{
			"from": [-10.3, 5, 10],
			"to": [-2.3, 6, 11],
			"faces": {
				"south": {"uv": [5, 8, 6, 16], "rotation": 90, "texture": "#0"},
				"up": {"uv": [5, 8, 6, 16], "rotation": 90, "texture": "#0"},
				"down": {"uv": [5, 8, 6, 16], "rotation": 90, "texture": "#0"}
			}
		},
		{
			"from": [-4.3, 6, 10],
			"to": [-2.3, 8, 11],
			"faces": {
				"north": {"uv": [11, 7, 13, 9], "rotation": 270, "texture": "#0"},
				"east": {"uv": [11, 7, 13, 8], "rotation": 90, "texture": "#0"},
				"south": {"uv": [11, 7, 13, 9], "rotation": 90, "texture": "#0"},
				"west": {"uv": [11, 7, 13, 8], "rotation": 90, "texture": "#0"},
				"up": {"uv": [11, 7, 12, 9], "rotation": 90, "texture": "#0"}
			}
		},
		{
			"from": [-10.3, 6, 10],
			"to": [-8.3, 8, 11],
			"faces": {
				"north": {"uv": [11, 13, 13, 15], "rotation": 270, "texture": "#0"},
				"east": {"uv": [11, 13, 13, 14], "rotation": 90, "texture": "#0"},
				"south": {"uv": [11, 13, 13, 15], "rotation": 90, "texture": "#0"},
				"west": {"uv": [11, 13, 13, 14], "rotation": 90, "texture": "#0"},
				"up": {"uv": [11, 13, 12, 15], "rotation": 90, "texture": "#0"}
			}
		},
		{
			"from": [-8.3, 5, 11],
			"to": [-4.3, 7, 12],
			"faces": {
				"north": {"uv": [4, 8, 6, 12], "rotation": 270, "texture": "#0"},
				"east": {"uv": [4, 8, 6, 9], "rotation": 90, "texture": "#0"},
				"south": {"uv": [4, 8, 6, 12], "rotation": 90, "texture": "#0"},
				"west": {"uv": [4, 8, 6, 9], "rotation": 90, "texture": "#0"},
				"up": {"uv": [4, 8, 5, 12], "rotation": 90, "texture": "#0"},
				"down": {"uv": [5, 8, 6, 12], "rotation": 90, "texture": "#0"}
			}
		},
		{
			"from": [-2.3, 5, 10],
			"to": [-1.3, 7, 11],
			"faces": {
				"east": {"uv": [4, 6, 6, 7], "rotation": 90, "texture": "#0"},
				"south": {"uv": [4, 6, 6, 7], "rotation": 90, "texture": "#0"},
				"up": {"uv": [4, 6, 5, 7], "rotation": 90, "texture": "#0"},
				"down": {"uv": [5, 7, 6, 8], "rotation": 90, "texture": "#0"}
			}
		},
		{
			"from": [-11.3, 5, 10],
			"to": [-10.3, 7, 11],
			"faces": {
				"south": {"uv": [10, 14, 12, 15], "rotation": 270, "texture": "#0"},
				"west": {"uv": [10, 14, 12, 15], "rotation": 270, "texture": "#0"},
				"up": {"uv": [10, 14, 11, 15], "rotation": 270, "texture": "#0"},
				"down": {"uv": [10, 14, 11, 15], "rotation": 270, "texture": "#0"}
			}
		},
		{
			"from": [24, 7, 1],
			"to": [28, 9, 2],
			"faces": {
				"north": {"uv": [2, 9, 4, 13], "rotation": 90, "texture": "#0"},
				"east": {"uv": [2, 9, 4, 10], "rotation": 90, "texture": "#0"},
				"south": {"uv": [2, 9, 4, 13], "rotation": 270, "texture": "#0"},
				"west": {"uv": [2, 9, 4, 10], "rotation": 90, "texture": "#0"},
				"up": {"uv": [2, 9, 3, 13], "rotation": 270, "texture": "#0"},
				"down": {"uv": [2, 9, 3, 13], "rotation": 270, "texture": "#0"}
			}
		},
		{
			"from": [30, 5, 2],
			"to": [31, 8, 3],
			"faces": {
				"north": {"uv": [3, 15, 6, 16], "rotation": 90, "texture": "#0"},
				"east": {"uv": [3, 15, 6, 16], "rotation": 90, "texture": "#0"},
				"south": {"uv": [3, 15, 6, 16], "rotation": 270, "texture": "#0"},
				"west": {"uv": [3, 15, 6, 16], "rotation": 90, "texture": "#0"},
				"up": {"uv": [3, 15, 4, 16], "rotation": 270, "texture": "#0"},
				"down": {"uv": [3, 15, 4, 16], "rotation": 270, "texture": "#0"}
			}
		},
		{
			"from": [30, 5, 9],
			"to": [31, 8, 10],
			"faces": {
				"north": {"uv": [2, 15, 5, 16], "rotation": 90, "texture": "#0"},
				"east": {"uv": [2, 15, 5, 16], "rotation": 90, "texture": "#0"},
				"south": {"uv": [2, 15, 5, 16], "rotation": 270, "texture": "#0"},
				"west": {"uv": [2, 15, 5, 16], "rotation": 90, "texture": "#0"},
				"up": {"uv": [2, 15, 3, 16], "rotation": 270, "texture": "#0"},
				"down": {"uv": [2, 15, 3, 16], "rotation": 270, "texture": "#0"}
			}
		},
		{
			"from": [24, 9, 2],
			"to": [28, 10, 3],
			"faces": {
				"north": {"uv": [1, 9, 2, 13], "rotation": 90, "texture": "#0"},
				"east": {"uv": [1, 9, 2, 10], "rotation": 90, "texture": "#0"},
				"west": {"uv": [1, 9, 2, 10], "rotation": 90, "texture": "#0"},
				"up": {"uv": [1, 9, 2, 13], "rotation": 270, "texture": "#0"},
				"down": {"uv": [1, 9, 2, 13], "rotation": 270, "texture": "#0"}
			}
		},
		{
			"from": [21, 5, 2],
			"to": [22, 8, 3],
			"faces": {
				"north": {"uv": [2, 6, 5, 7], "rotation": 90, "texture": "#0"},
				"east": {"uv": [2, 6, 5, 7], "rotation": 90, "texture": "#0"},
				"south": {"uv": [2, 6, 5, 7], "rotation": 270, "texture": "#0"},
				"west": {"uv": [2, 6, 5, 7], "rotation": 90, "texture": "#0"},
				"up": {"uv": [2, 6, 3, 7], "rotation": 270, "texture": "#0"},
				"down": {"uv": [2, 6, 3, 7], "rotation": 270, "texture": "#0"}
			}
		},
		{
			"from": [22, 5, 1],
			"to": [30, 6, 2],
			"faces": {
				"north": {"uv": [5, 7, 6, 15], "rotation": 90, "texture": "#0"},
				"up": {"uv": [5, 7, 6, 15], "rotation": 270, "texture": "#0"},
				"down": {"uv": [5, 7, 6, 15], "rotation": 270, "texture": "#0"}
			}
		},
		{
			"from": [22, 6, 1],
			"to": [24, 8, 2],
			"faces": {
				"north": {"uv": [3, 7, 5, 9], "rotation": 90, "texture": "#0"},
				"east": {"uv": [3, 7, 5, 8], "rotation": 90, "texture": "#0"},
				"south": {"uv": [3, 7, 5, 9], "rotation": 270, "texture": "#0"},
				"west": {"uv": [3, 7, 5, 8], "rotation": 90, "texture": "#0"},
				"up": {"uv": [3, 7, 4, 9], "rotation": 270, "texture": "#0"}
			}
		},
		{
			"from": [28, 6, 1],
			"to": [30, 8, 2],
			"faces": {
				"north": {"uv": [3, 13, 5, 15], "rotation": 90, "texture": "#0"},
				"east": {"uv": [3, 13, 5, 14], "rotation": 90, "texture": "#0"},
				"south": {"uv": [3, 13, 5, 15], "rotation": 270, "texture": "#0"},
				"west": {"uv": [3, 13, 5, 14], "rotation": 90, "texture": "#0"},
				"up": {"uv": [3, 13, 4, 15], "rotation": 270, "texture": "#0"}
			}
		},
		{
			"from": [24, 5, 0],
			"to": [28, 7, 1],
			"faces": {
				"north": {"uv": [4, 9, 6, 13], "rotation": 90, "texture": "#0"},
				"east": {"uv": [4, 9, 6, 10], "rotation": 90, "texture": "#0"},
				"south": {"uv": [4, 9, 6, 13], "rotation": 270, "texture": "#0"},
				"west": {"uv": [4, 9, 6, 10], "rotation": 90, "texture": "#0"},
				"up": {"uv": [4, 9, 5, 13], "rotation": 270, "texture": "#0"},
				"down": {"uv": [4, 9, 5, 13], "rotation": 270, "texture": "#0"}
			}
		},
		{
			"from": [21, 5, 1],
			"to": [22, 7, 2],
			"faces": {
				"north": {"uv": [4, 6, 6, 7], "rotation": 90, "texture": "#0"},
				"west": {"uv": [4, 6, 6, 7], "rotation": 90, "texture": "#0"},
				"up": {"uv": [4, 6, 5, 7], "rotation": 270, "texture": "#0"},
				"down": {"uv": [5, 6, 6, 7], "rotation": 270, "texture": "#0"}
			}
		},
		{
			"from": [30, 5, 1],
			"to": [31, 7, 2],
			"faces": {
				"north": {"uv": [4, 14, 6, 15], "rotation": 90, "texture": "#0"},
				"east": {"uv": [4, 14, 6, 15], "rotation": 90, "texture": "#0"},
				"up": {"uv": [4, 14, 5, 15], "rotation": 270, "texture": "#0"},
				"down": {"uv": [4, 14, 5, 15], "rotation": 270, "texture": "#0"}
			}
		},
		{
			"from": [-8.3, 9, 8],
			"to": [-4.3, 10, 9],
			"faces": {
				"north": {"uv": [14, 10, 15, 14], "rotation": 270, "texture": "#0"},
				"up": {"uv": [14, 10, 15, 14], "rotation": 90, "texture": "#0"},
				"down": {"uv": [14, 10, 15, 14], "rotation": 90, "texture": "#0"}
			}
		},
		{
			"from": [-8.3, 9, 3],
			"to": [-4.3, 10, 4],
			"faces": {
				"south": {"uv": [11, 9, 12, 13], "rotation": 90, "texture": "#0"},
				"up": {"uv": [11, 9, 12, 13], "rotation": 90, "texture": "#0"},
				"down": {"uv": [11, 9, 12, 13], "rotation": 90, "texture": "#0"}
			}
		},
		{
			"from": [-11.3, 8, 3],
			"to": [-10.3, 9, 9],
			"faces": {
				"north": {"uv": [10, 12, 11, 13], "rotation": 270, "texture": "#0"},
				"east": {"uv": [10, 12, 16, 13], "texture": "#0"},
				"south": {"uv": [10, 12, 11, 13], "rotation": 90, "texture": "#0"},
				"west": {"uv": [10, 12, 16, 13], "rotation": 180, "texture": "#0"},
				"up": {"uv": [10, 12, 16, 13], "rotation": 90, "texture": "#0"},
				"down": {"uv": [10, 12, 16, 13], "rotation": 90, "texture": "#0"}
			}
		},
		{
			"from": [-2.3, 8, 3],
			"to": [-1.3, 9, 9],
			"faces": {
				"north": {"uv": [10, 10, 11, 11], "rotation": 270, "texture": "#0"},
				"east": {"uv": [10, 10, 16, 11], "texture": "#0"},
				"south": {"uv": [10, 10, 11, 11], "rotation": 90, "texture": "#0"},
				"west": {"uv": [10, 10, 16, 11], "rotation": 180, "texture": "#0"},
				"up": {"uv": [10, 10, 16, 11], "rotation": 90, "texture": "#0"},
				"down": {"uv": [10, 10, 16, 11], "rotation": 90, "texture": "#0"}
			}
		},
		{
			"from": [-1.3, 5, 3],
			"to": [-0.3, 8, 9],
			"faces": {
				"north": {"uv": [10, 6, 13, 7], "rotation": 270, "texture": "#0"},
				"east": {"uv": [10, 9, 16, 13], "texture": "#0"},
				"south": {"uv": [10, 6, 13, 7], "rotation": 90, "texture": "#0"},
				"west": {"uv": [10, 6, 16, 9], "rotation": 180, "texture": "#0"},
				"up": {"uv": [10, 10, 16, 11], "rotation": 90, "texture": "#0"},
				"down": {"uv": [10, 13, 15, 14], "rotation": 90, "texture": "#0"}
			}
		},
		{
			"from": [-12.3, 5, 3],
			"to": [-11.3, 8, 9],
			"faces": {
				"north": {"uv": [10, 13, 13, 14], "rotation": 270, "texture": "#0"},
				"east": {"uv": [9, 13, 15, 16], "texture": "#0"},
				"south": {"uv": [11, 13, 14, 14], "rotation": 90, "texture": "#0"},
				"west": {"uv": [11, 7, 14, 13], "rotation": 90, "texture": "#0"},
				"up": {"uv": [10, 8, 11, 14], "rotation": 180, "texture": "#0"},
				"down": {"uv": [10, 10, 11, 16], "rotation": 180, "texture": "#0"}
			}
		},
		{
			"from": [-11.3, 6, 3],
			"to": [-1.3, 7, 9],
			"faces": {
				"north": {"uv": [6, 7, 7, 15], "rotation": 270, "texture": "#0"},
				"south": {"uv": [6, 7, 7, 15], "rotation": 90, "texture": "#0"},
				"up": {"uv": [6, 7, 7, 15], "rotation": 90, "texture": "#0"},
				"down": {"uv": [6, 7, 7, 15], "rotation": 90, "texture": "#0"}
			}
		},
		{
			"from": [-10.3, 5, 9],
			"to": [-2.3, 6, 10],
			"faces": {
				"north": {"uv": [10, 7, 11, 15], "rotation": 270, "texture": "#0"},
				"up": {"uv": [11, 7, 12, 15], "rotation": 90, "texture": "#0"},
				"down": {"uv": [10, 7, 11, 15], "rotation": 90, "texture": "#0"}
			}
		},
		{
			"from": [-10.3, 5, 2],
			"to": [-2.3, 6, 3],
			"faces": {
				"south": {"uv": [10, 7, 11, 15], "rotation": 90, "texture": "#0"},
				"up": {"uv": [11, 7, 12, 15], "rotation": 90, "texture": "#0"},
				"down": {"uv": [10, 7, 11, 15], "rotation": 90, "texture": "#0"}
			}
		},
		{
			"from": [-10.3, 9, 5],
			"to": [-2.3, 10, 7],
			"faces": {
				"north": {"uv": [11, 7, 12, 15], "rotation": 270, "texture": "#0"},
				"south": {"uv": [11, 7, 12, 15], "rotation": 90, "texture": "#0"},
				"up": {"uv": [13, 7, 11, 15], "rotation": 90, "texture": "#0"},
				"down": {"uv": [11, 7, 13, 15], "rotation": 90, "texture": "#0"}
			}
		},
		{
			"from": [-4.3, 9, 7],
			"to": [-2.3, 10, 9],
			"faces": {
				"east": {"uv": [12, 6, 14, 7], "texture": "#0"},
				"south": {"uv": [12, 6, 13, 8], "rotation": 90, "texture": "#0"},
				"west": {"uv": [12, 6, 14, 7], "rotation": 180, "texture": "#0"},
				"up": {"uv": [12, 6, 14, 8], "rotation": 180, "texture": "#0"},
				"down": {"uv": [12, 6, 14, 8], "rotation": 90, "texture": "#0"}
			}
		},
		{
			"from": [-4.3, 9, 3],
			"to": [-2.3, 10, 5],
			"faces": {
				"north": {"uv": [11, 7, 12, 9], "rotation": 270, "texture": "#0"},
				"east": {"uv": [11, 7, 13, 8], "texture": "#0"},
				"west": {"uv": [11, 7, 13, 8], "rotation": 180, "texture": "#0"},
				"up": {"uv": [11, 7, 13, 9], "rotation": 90, "texture": "#0"},
				"down": {"uv": [11, 7, 13, 9], "rotation": 90, "texture": "#0"}
			}
		},
		{
			"from": [-10.3, 9, 7],
			"to": [-8.3, 10, 9],
			"faces": {
				"east": {"uv": [13, 13, 15, 14], "texture": "#0"},
				"south": {"uv": [13, 13, 14, 15], "rotation": 90, "texture": "#0"},
				"west": {"uv": [13, 13, 15, 14], "rotation": 180, "texture": "#0"},
				"up": {"uv": [13, 13, 15, 15], "rotation": 90, "texture": "#0"},
				"down": {"uv": [13, 13, 15, 15], "rotation": 90, "texture": "#0"}
			}
		},
		{
			"from": [-10.3, 9, 3],
			"to": [-8.3, 10, 5],
			"faces": {
				"north": {"uv": [11, 13, 12, 15], "rotation": 270, "texture": "#0"},
				"east": {"uv": [11, 13, 13, 14], "texture": "#0"},
				"west": {"uv": [11, 13, 13, 14], "rotation": 180, "texture": "#0"},
				"up": {"uv": [11, 13, 13, 15], "rotation": 90, "texture": "#0"},
				"down": {"uv": [11, 13, 13, 15], "rotation": 90, "texture": "#0"}
			}
		},
		{
			"from": [-8.3, 10, 4],
			"to": [-4.3, 11, 8],
			"faces": {
				"north": {"uv": [15, 9, 16, 13], "rotation": 270, "texture": "#0"},
				"east": {"uv": [12, 9, 16, 10], "texture": "#0"},
				"south": {"uv": [12, 9, 13, 13], "rotation": 90, "texture": "#0"},
				"west": {"uv": [12, 9, 16, 10], "rotation": 180, "texture": "#0"},
				"up": {"uv": [12, 9, 16, 13], "rotation": 90, "texture": "#0"},
				"down": {"uv": [12, 9, 16, 13], "rotation": 90, "texture": "#0"}
			}
		},
		{
			"from": [-2.3, 9, 4],
			"to": [-1.3, 10, 8],
			"faces": {
				"north": {"uv": [10, 6, 11, 7], "rotation": 270, "texture": "#0"},
				"east": {"uv": [10, 6, 14, 7], "rotation": 180, "texture": "#0"},
				"south": {"uv": [10, 6, 11, 7], "rotation": 90, "texture": "#0"},
				"up": {"uv": [10, 6, 14, 7], "rotation": 90, "texture": "#0"}
			}
		},
		{
			"from": [-11.3, 9, 4],
			"to": [-10.3, 10, 8],
			"faces": {
				"north": {"uv": [11, 13, 12, 14], "rotation": 270, "texture": "#0"},
				"south": {"uv": [11, 13, 12, 14], "rotation": 90, "texture": "#0"},
				"west": {"uv": [11, 13, 15, 14], "rotation": 180, "texture": "#0"},
				"up": {"uv": [11, 13, 15, 14], "rotation": 90, "texture": "#0"}
			}
		},
		{
			"from": [24, 9, 3],
			"to": [28, 10, 4],
			"faces": {
				"south": {"uv": [4, 10, 5, 14], "rotation": 270, "texture": "#0"},
				"up": {"uv": [4, 10, 5, 14], "rotation": 270, "texture": "#0"},
				"down": {"uv": [4, 10, 5, 14], "rotation": 270, "texture": "#0"}
			}
		},
		{
			"from": [30, 8, 3],
			"to": [31, 9, 9],
			"faces": {
				"north": {"uv": [1, 14, 2, 15], "rotation": 90, "texture": "#0"},
				"east": {"uv": [1, 14, 6, 15], "rotation": 180, "texture": "#0"},
				"south": {"uv": [1, 14, 2, 15], "rotation": 270, "texture": "#0"},
				"west": {"uv": [1, 14, 6, 15], "texture": "#0"},
				"up": {"uv": [0, 12, 6, 13], "rotation": 270, "texture": "#0"},
				"down": {"uv": [1, 14, 7, 15], "rotation": 270, "texture": "#0"}
			}
		},
		{
			"from": [22, 8, 2],
			"to": [24, 9, 3],
			"faces": {
				"north": {"uv": [2, 7, 3, 9], "rotation": 90, "texture": "#0"},
				"east": {"uv": [2, 7, 3, 8], "rotation": 180, "texture": "#0"},
				"south": {"uv": [2, 7, 3, 9], "rotation": 270, "texture": "#0"},
				"west": {"uv": [2, 7, 3, 8], "texture": "#0"},
				"up": {"uv": [2, 7, 3, 9], "rotation": 270, "texture": "#0"},
				"down": {"uv": [2, 7, 3, 9], "rotation": 270, "texture": "#0"}
			}
		},
		{
			"from": [21, 8, 3],
			"to": [22, 9, 9],
			"faces": {
				"north": {"uv": [0, 11, 1, 12], "rotation": 90, "texture": "#0"},
				"east": {"uv": [0, 11, 6, 12], "rotation": 180, "texture": "#0"},
				"south": {"uv": [0, 11, 1, 12], "rotation": 270, "texture": "#0"},
				"west": {"uv": [0, 11, 6, 12], "texture": "#0"},
				"up": {"uv": [0, 11, 6, 12], "rotation": 270, "texture": "#0"},
				"down": {"uv": [0, 11, 6, 12], "rotation": 270, "texture": "#0"}
			}
		},
		{
			"from": [22, 9, 3],
			"to": [24, 10, 5],
			"faces": {
				"north": {"uv": [3, 7, 4, 9], "rotation": 90, "texture": "#0"},
				"east": {"uv": [3, 7, 5, 8], "rotation": 180, "texture": "#0"},
				"west": {"uv": [3, 7, 5, 8], "texture": "#0"},
				"up": {"uv": [3, 7, 5, 9], "rotation": 270, "texture": "#0"},
				"down": {"uv": [3, 7, 5, 9], "rotation": 270, "texture": "#0"}
			}
		},
		{
			"from": [28, 9, 3],
			"to": [30, 10, 5],
			"faces": {
				"north": {"uv": [2, 13, 3, 15], "rotation": 90, "texture": "#0"},
				"east": {"uv": [2, 13, 4, 14], "rotation": 180, "texture": "#0"},
				"west": {"uv": [2, 13, 4, 14], "texture": "#0"},
				"up": {"uv": [2, 13, 4, 15], "rotation": 270, "texture": "#0"},
				"down": {"uv": [2, 13, 4, 15], "rotation": 270, "texture": "#0"}
			}
		},
		{
			"from": [24, 10, 4],
			"to": [28, 11, 8],
			"faces": {
				"north": {"uv": [0, 9, 1, 13], "rotation": 90, "texture": "#0"},
				"east": {"uv": [0, 9, 4, 10], "rotation": 180, "texture": "#0"},
				"south": {"uv": [0, 9, 1, 13], "rotation": 270, "texture": "#0"},
				"west": {"uv": [0, 9, 4, 10], "texture": "#0"},
				"up": {"uv": [0, 9, 4, 13], "rotation": 270, "texture": "#0"},
				"down": {"uv": [0, 9, 4, 13], "rotation": 270, "texture": "#0"}
			}
		},
		{
			"from": [21, 9, 4],
			"to": [22, 10, 8],
			"faces": {
				"north": {"uv": [2, 6, 3, 7], "rotation": 90, "texture": "#0"},
				"south": {"uv": [2, 6, 3, 7], "rotation": 270, "texture": "#0"},
				"west": {"uv": [2, 6, 6, 7], "texture": "#0"},
				"up": {"uv": [2, 6, 6, 7], "rotation": 270, "texture": "#0"}
			}
		},
		{
			"from": [30, 9, 4],
			"to": [31, 10, 8],
			"faces": {
				"north": {"uv": [2, 15, 3, 16], "rotation": 90, "texture": "#0"},
				"east": {"uv": [2, 15, 6, 16], "rotation": 180, "texture": "#0"},
				"south": {"uv": [2, 15, 3, 16], "rotation": 270, "texture": "#0"},
				"up": {"uv": [2, 15, 6, 16], "rotation": 270, "texture": "#0"}
			}
		},
		{
			"from": [22, 9, 5],
			"to": [30, 10, 7],
			"faces": {
				"north": {"uv": [3, 7, 4, 15], "rotation": 90, "texture": "#0"},
				"south": {"uv": [3, 7, 4, 15], "rotation": 270, "texture": "#0"},
				"up": {"uv": [3, 7, 5, 15], "rotation": 270, "texture": "#0"},
				"down": {"uv": [3, 7, 5, 15], "rotation": 270, "texture": "#0"}
			}
		},
		{
			"from": [24, 9, 8],
			"to": [28, 10, 9],
			"faces": {
				"north": {"uv": [1, 9, 2, 13], "rotation": 90, "texture": "#0"},
				"up": {"uv": [1, 9, 2, 13], "rotation": 270, "texture": "#0"},
				"down": {"uv": [1, 9, 2, 13], "rotation": 270, "texture": "#0"}
			}
		},
		{
			"from": [22, 9, 7],
			"to": [24, 10, 9],
			"faces": {
				"east": {"uv": [2, 7, 4, 8], "rotation": 180, "texture": "#0"},
				"south": {"uv": [2, 7, 3, 9], "rotation": 270, "texture": "#0"},
				"west": {"uv": [2, 7, 4, 8], "texture": "#0"},
				"up": {"uv": [2, 7, 4, 9], "rotation": 270, "texture": "#0"},
				"down": {"uv": [2, 7, 4, 9], "rotation": 270, "texture": "#0"}
			}
		},
		{
			"from": [28, 9, 7],
			"to": [30, 10, 9],
			"faces": {
				"east": {"uv": [2, 13, 4, 14], "rotation": 180, "texture": "#0"},
				"south": {"uv": [2, 13, 3, 15], "rotation": 270, "texture": "#0"},
				"west": {"uv": [2, 13, 4, 14], "texture": "#0"},
				"up": {"uv": [2, 13, 4, 15], "rotation": 270, "texture": "#0"},
				"down": {"uv": [2, 13, 4, 15], "rotation": 270, "texture": "#0"}
			}
		},
		{
			"from": [21, 5, 3],
			"to": [22, 6, 9],
			"faces": {
				"east": {"uv": [5, 8, 6, 14], "rotation": 90, "texture": "#0"},
				"down": {"uv": [5, 8, 6, 14], "texture": "#0"}
			}
		},
		{
			"from": [30, 5, 3],
			"to": [31, 6, 9],
			"faces": {
				"west": {"uv": [5, 9, 6, 15], "rotation": 90, "texture": "#0"},
				"down": {"uv": [5, 9, 6, 15], "texture": "#0"}
			}
		},
		{
			"from": [-11.3, 5, 3],
			"to": [-10.3, 6, 9],
			"faces": {
				"east": {"uv": [10, 9, 11, 15], "rotation": 90, "texture": "#0"},
				"down": {"uv": [10, 9, 11, 15], "rotation": 180, "texture": "#0"}
			}
		},
		{
			"from": [-2.3, 5, 3],
			"to": [-1.3, 6, 9],
			"faces": {
				"west": {"uv": [10, 8, 11, 14], "rotation": 90, "texture": "#0"},
				"down": {"uv": [10, 8, 11, 14], "rotation": 180, "texture": "#0"}
			}
		},
		{
			"from": [20, 5, 3],
			"to": [21, 8, 9],
			"faces": {
				"north": {"uv": [2, 6, 5, 7], "rotation": 90, "texture": "#0"},
				"east": {"uv": [2, 6, 5, 12], "rotation": 90, "texture": "#0"},
				"south": {"uv": [2, 6, 5, 7], "rotation": 90, "texture": "#0"},
				"west": {"uv": [2, 6, 5, 12], "rotation": 90, "texture": "#0"},
				"up": {"uv": [2, 6, 3, 12], "texture": "#0"},
				"down": {"uv": [5, 7, 6, 13], "texture": "#0"}
			}
		},
		{
			"from": [31, 5, 3],
			"to": [32, 8, 9],
			"faces": {
				"north": {"uv": [2, 13, 5, 14], "rotation": 90, "texture": "#0"},
				"east": {"uv": [2, 8, 5, 14], "rotation": 90, "texture": "#0"},
				"south": {"uv": [2, 13, 5, 14], "rotation": 270, "texture": "#0"},
				"west": {"uv": [2, 13, 8, 16], "texture": "#0"},
				"up": {"uv": [2, 15, 6, 16], "rotation": 270, "texture": "#0"},
				"down": {"uv": [5, 7, 6, 13], "texture": "#0"}
			}
		},
		{
			"from": [21, 6, 3],
			"to": [31, 7, 9],
			"faces": {
				"north": {"uv": [0, 0, 1, 10], "rotation": 90, "texture": "#0"},
				"south": {"uv": [0, 0, 1, 10], "rotation": 270, "texture": "#0"},
				"up": {"uv": [0, 0, 6, 10], "rotation": 270, "texture": "#0"},
				"down": {"uv": [6, 8, 7, 15], "rotation": 270, "texture": "#0"}
			}
		},
		{
			"from": [22, 5, 2],
			"to": [30, 6, 3],
			"faces": {
				"south": {"uv": [5, 7, 6, 15], "rotation": 270, "texture": "#0"},
				"up": {"uv": [4, 7, 5, 15], "rotation": 270, "texture": "#0"},
				"down": {"uv": [5, 7, 6, 15], "rotation": 270, "texture": "#0"}
			}
		},
		{
			"from": [22, 5, 9],
			"to": [30, 6, 10],
			"faces": {
				"north": {"uv": [5, 7, 6, 15], "rotation": 90, "texture": "#0"},
				"up": {"uv": [4, 7, 5, 15], "rotation": 270, "texture": "#0"},
				"down": {"uv": [5, 7, 6, 15], "rotation": 270, "texture": "#0"}
			}
		},
		{
			"from": [28, 8, 2],
			"to": [30, 9, 3],
			"faces": {
				"north": {"uv": [2, 12, 3, 14], "rotation": 90, "texture": "#0"},
				"east": {"uv": [2, 12, 3, 13], "rotation": 180, "texture": "#0"},
				"south": {"uv": [2, 12, 3, 14], "rotation": 270, "texture": "#0"},
				"west": {"uv": [2, 12, 3, 13], "texture": "#0"},
				"up": {"uv": [2, 12, 3, 14], "rotation": 270, "texture": "#0"},
				"down": {"uv": [2, 12, 3, 14], "rotation": 270, "texture": "#0"}
			}
		},
		{
			"from": [1.1, -0.5, 9],
			"to": [4.1, 1.5, 9],
			"rotation": {"angle": -45, "axis": "x", "origin": [0, 0, 0]},
			"faces": {
				"north": {"uv": [3, 3, 6, 7], "rotation": 90, "texture": "#2"},
				"south": {"uv": [3, 3, 6, 7], "rotation": 90, "texture": "#2"}
			}
		},
		{
			"from": [4.7, -0.5, 9],
			"to": [7.7, 1.5, 9],
			"rotation": {"angle": -45, "axis": "x", "origin": [0, 0, 0]},
			"faces": {
				"north": {"uv": [3, 3, 6, 7], "rotation": 90, "texture": "#2"},
				"south": {"uv": [3, 3, 6, 7], "rotation": 90, "texture": "#2"}
			}
		},
		{
			"from": [8.4, -0.5, 9],
			"to": [11.4, 1.5, 9],
			"rotation": {"angle": -45, "axis": "x", "origin": [0, 0, 0]},
			"faces": {
				"north": {"uv": [3, 3, 6, 7], "rotation": 90, "texture": "#2"},
				"south": {"uv": [3, 3, 6, 7], "rotation": 90, "texture": "#2"}
			}
		},
		{
			"from": [12, -0.5, 9],
			"to": [15, 1.5, 9],
			"rotation": {"angle": -45, "axis": "x", "origin": [0, 0, 0]},
			"faces": {
				"north": {"uv": [3, 3, 6, 7], "rotation": 90, "texture": "#2"},
				"south": {"uv": [3, 3, 6, 7], "rotation": 90, "texture": "#2"}
			}
		},
		{
			"from": [15.7, -0.5, 9],
			"to": [18.7, 1.5, 9],
			"rotation": {"angle": -45, "axis": "x", "origin": [0, 0, 0]},
			"faces": {
				"north": {"uv": [3, 3, 6, 7], "rotation": 90, "texture": "#2"},
				"south": {"uv": [3, 3, 6, 7], "rotation": 90, "texture": "#2"}
			}
		},
		{
			"from": [-0.3, 7.9, -0.5],
			"to": [1.7, 9.9, -0.5],
			"rotation": {"angle": 45, "axis": "x", "origin": [0, 0, 0]},
			"faces": {
				"north": {"uv": [0, 1, 3, 4], "rotation": 90, "texture": "#2"},
				"south": {"uv": [0, 1, 3, 4], "rotation": 90, "texture": "#2"}
			}
		},
		{
			"from": [3.4, 7.9, -0.5],
			"to": [5.4, 9.9, -0.5],
			"rotation": {"angle": 45, "axis": "x", "origin": [0, 0, 0]},
			"faces": {
				"north": {"uv": [0, 1, 3, 4], "rotation": 90, "texture": "#2"},
				"south": {"uv": [0, 1, 3, 4], "rotation": 90, "texture": "#2"}
			}
		},
		{
			"from": [7, 7.9, -0.5],
			"to": [9, 9.9, -0.5],
			"rotation": {"angle": 45, "axis": "x", "origin": [0, 0, 0]},
			"faces": {
				"north": {"uv": [0, 1, 3, 4], "rotation": 90, "texture": "#2"},
				"south": {"uv": [0, 1, 3, 4], "rotation": 90, "texture": "#2"}
			}
		},
		{
			"from": [10.7, 7.9, -0.5],
			"to": [12.7, 9.9, -0.5],
			"rotation": {"angle": 45, "axis": "x", "origin": [0, 0, 0]},
			"faces": {
				"north": {"uv": [0, 1, 3, 4], "rotation": 90, "texture": "#2"},
				"south": {"uv": [0, 1, 3, 4], "rotation": 90, "texture": "#2"}
			}
		},
		{
			"from": [14.3, 7.9, -0.5],
			"to": [16.3, 9.9, -0.5],
			"rotation": {"angle": 45, "axis": "x", "origin": [0, 0, 0]},
			"faces": {
				"north": {"uv": [0, 1, 3, 4], "rotation": 90, "texture": "#2"},
				"south": {"uv": [0, 1, 3, 4], "rotation": 90, "texture": "#2"}
			}
		},
		{
			"from": [18, 7.9, -0.5],
			"to": [20, 9.9, -0.5],
			"rotation": {"angle": 45, "axis": "x", "origin": [0, 0, 0]},
			"faces": {
				"north": {"uv": [0, 1, 3, 4], "rotation": 90, "texture": "#2"},
				"south": {"uv": [0, 1, 3, 4], "rotation": 90, "texture": "#2"}
			}
		}
	],
	"gui_light": "front",
	"display": {
		"thirdperson_righthand": {
			"rotation": [90, -15, -95],
			"translation": [0.75, 1.25, 1.75],
			"scale": [0.43, 0.43, 0.43]
		},
		"thirdperson_lefthand": {
			"rotation": [90, -15, -95],
			"translation": [1.5, 0.75, 1.75],
			"scale": [0.43, 0.43, 0.43]
		},
		"firstperson_righthand": {
			"rotation": [-59, -66, -40],
			"translation": [7.5, 1, -8.75],
			"scale": [0.88, 0.88, 0.88]
		},
		"firstperson_lefthand": {
			"rotation": [-59, -66, -40],
			"translation": [8.25, 1.5, -9.75],
			"scale": [0.88, 0.88, 0.88]
		},
		"ground": {
			"translation": [0, 4.75, 0.75],
			"scale": [0.7, 0.7, 0.7]
		},
		"gui": {
			"rotation": [0, 180, 0]
		},
		"head": {
			"rotation": [0, -90, 0],
			"translation": [-3.25, -36.5, -2.25],
			"scale": [1.6, 1.6, 1.6]
		}
	},
	"groups": [
		{
			"name": "group",
			"origin": [0, 0, 0],
			"color": 0,
			"children": [0, 1, 2, 3, 4, 5, 6, 7, 8, 9, 10, 11, 12, 13, 14, 15, 16, 17, 18, 19, 20, 21, 22]
		},
		{
			"name": "group",
			"origin": [0, 0, 0],
			"color": 0,
			"children": [23, 24, 25, 26, 27, 28, 29, 30, 31, 32, 33, 34, 35, 36, 37, 38, 39, 40, 41, 42, 43, 44, 45]
		},
		{
			"name": "group",
			"origin": [0, 0, 0],
			"color": 0,
			"children": [46, 47, 48, 49, 50, 51, 52, 53, 54, 55, 56, 57, 58, 59, 60, 61, 62, 63, 64, 65, 66, 67, 68, 69, 70, 71, 72, 73, 74, 75, 76, 77, 78, 79, 80, 81, 82, 83, 84, 85, 86, 87, 88]
		},
		{
			"name": "chain",
			"origin": [0, 0, 0],
			"color": 0,
			"children": []
		},
		89,
		90,
		91,
		92,
		93,
		94,
		95,
		96,
		97,
		98,
		99,
		100
	]
}