{
	"credit": "Made with Blockbench",
	"textures": {
		"0": "custom/chain_cannonball",
		"1": "custom/chain_cannonball_gui",
		"2": "custom/chain",
		"particle": "custom/chain_cannonball"
	},
	"elements": [
		{
			"name": "ICON",
			"from": [12, 0, 2],
			"to": [12, 8, 10],
			"faces": {
				"east": {"uv": [0, 0, 16, 16], "texture": "#1"}
			}
		},
		{
			"from": [2, 3, 1],
			"to": [4, 7, 2],
			"faces": {
				"north": {"uv": [13, 9, 15, 13], "texture": "#0"},
				"east": {"uv": [13, 9, 14, 13], "texture": "#0"},
				"south": {"uv": [13, 9, 15, 13], "texture": "#0"},
				"west": {"uv": [13, 9, 14, 13], "texture": "#0"},
				"up": {"uv": [13, 9, 15, 10], "texture": "#0"},
				"down": {"uv": [13, 9, 15, 10], "texture": "#0"}
			}
		},
		{
			"from": [3, 0, 2],
			"to": [6, 1, 3],
			"faces": {
				"north": {"uv": [11, 14, 14, 15], "texture": "#0"},
				"east": {"uv": [11, 14, 12, 15], "texture": "#0"},
				"south": {"uv": [11, 14, 14, 15], "texture": "#0"},
				"west": {"uv": [11, 14, 12, 15], "texture": "#0"},
				"up": {"uv": [11, 14, 14, 15], "texture": "#0"},
				"down": {"uv": [11, 14, 14, 15], "texture": "#0"}
			}
		},
		{
			"from": [2, 1, 2],
			"to": [3, 3, 3],
			"faces": {
				"north": {"uv": [13, 13, 14, 15], "texture": "#0"},
				"east": {"uv": [13, 13, 14, 15], "texture": "#0"},
				"west": {"uv": [13, 13, 14, 15], "texture": "#0"},
				"up": {"uv": [13, 13, 14, 14], "texture": "#0"},
				"down": {"uv": [13, 13, 14, 14], "texture": "#0"}
			}
		},
		{
			"from": [1, 3, 2],
			"to": [2, 7, 3],
			"faces": {
				"north": {"uv": [14, 9, 15, 13], "texture": "#0"},
				"east": {"uv": [14, 9, 15, 13], "texture": "#0"},
				"west": {"uv": [14, 9, 15, 13], "texture": "#0"},
				"up": {"uv": [14, 9, 15, 10], "texture": "#0"},
				"down": {"uv": [14, 9, 15, 10], "texture": "#0"}
			}
		},
		{
			"from": [2, 7, 2],
			"to": [3, 9, 3],
			"faces": {
				"north": {"uv": [13, 6, 14, 8], "texture": "#0"},
				"east": {"uv": [13, 6, 14, 8], "texture": "#0"},
				"west": {"uv": [13, 6, 14, 8], "texture": "#0"},
				"up": {"uv": [13, 6, 14, 7], "texture": "#0"},
				"down": {"uv": [13, 6, 14, 7], "texture": "#0"}
			}
		},
		{
			"from": [3, 9, 2],
			"to": [6, 10, 3],
			"faces": {
				"north": {"uv": [10, 6, 13, 7], "texture": "#0"},
				"east": {"uv": [10, 6, 11, 7], "texture": "#0"},
				"south": {"uv": [10, 6, 13, 7], "texture": "#0"},
				"west": {"uv": [10, 6, 11, 7], "texture": "#0"},
				"up": {"uv": [10, 6, 13, 7], "texture": "#0"},
				"down": {"uv": [10, 6, 13, 7], "texture": "#0"}
			}
		},
		{
			"from": [5, 1, 1],
			"to": [6, 9, 2],
			"faces": {
				"north": {"uv": [10, 7, 11, 15], "texture": "#0"},
				"east": {"uv": [10, 7, 11, 15], "texture": "#0"},
				"west": {"uv": [10, 7, 11, 15], "texture": "#0"}
			}
		},
		{
			"from": [3, 7, 1],
			"to": [5, 9, 2],
			"faces": {
				"north": {"uv": [11, 7, 13, 9], "texture": "#0"},
				"south": {"uv": [11, 7, 13, 9], "texture": "#0"},
				"west": {"uv": [11, 7, 12, 9], "texture": "#0"},
				"up": {"uv": [11, 7, 13, 8], "texture": "#0"},
				"down": {"uv": [11, 7, 13, 8], "texture": "#0"}
			}
		},
		{
			"from": [3, 1, 1],
			"to": [5, 3, 2],
			"faces": {
				"north": {"uv": [11, 11, 13, 13], "texture": "#0"},
				"south": {"uv": [11, 11, 13, 13], "texture": "#0"},
				"west": {"uv": [11, 11, 12, 13], "texture": "#0"},
				"up": {"uv": [11, 11, 13, 12], "texture": "#0"},
				"down": {"uv": [11, 11, 13, 12], "texture": "#0"}
			}
		},
		{
			"from": [4, 3, 0],
			"to": [6, 7, 1],
			"faces": {
				"north": {"uv": [10, 9, 12, 13], "texture": "#0"},
				"east": {"uv": [10, 9, 11, 13], "texture": "#0"},
				"south": {"uv": [10, 9, 12, 13], "texture": "#0"},
				"west": {"uv": [11, 9, 12, 13], "texture": "#0"},
				"up": {"uv": [10, 9, 12, 10], "rotation": 180, "texture": "#0"},
				"down": {"uv": [10, 9, 12, 10], "texture": "#0"}
			}
		},
		{
			"from": [4, 9, 1],
			"to": [6, 10, 2],
			"faces": {
				"north": {"uv": [10, 6, 12, 7], "texture": "#0"},
				"east": {"uv": [10, 6, 11, 7], "texture": "#0"},
				"west": {"uv": [10, 6, 11, 7], "texture": "#0"},
				"up": {"uv": [10, 6, 12, 7], "texture": "#0"}
			}
		},
		{
			"from": [4, 0, 1],
			"to": [6, 1, 2],
			"faces": {
				"north": {"uv": [10, 14, 12, 15], "texture": "#0"},
				"east": {"uv": [10, 14, 11, 15], "texture": "#0"},
				"west": {"uv": [10, 14, 11, 15], "texture": "#0"},
				"down": {"uv": [10, 14, 12, 15], "texture": "#0"}
			}
		},
		{
			"from": [13, 1, 9],
			"to": [14, 3, 10],
			"faces": {
				"east": {"uv": [2, 13, 3, 15], "texture": "#0"},
				"south": {"uv": [2, 13, 3, 15], "texture": "#0"},
				"west": {"uv": [2, 13, 3, 15], "texture": "#0"},
				"up": {"uv": [2, 13, 3, 14], "rotation": 180, "texture": "#0"},
				"down": {"uv": [2, 13, 3, 14], "rotation": 180, "texture": "#0"}
			}
		},
		{
			"from": [14, 3, 9],
			"to": [15, 7, 10],
			"faces": {
				"east": {"uv": [1, 9, 2, 13], "texture": "#0"},
				"south": {"uv": [1, 9, 2, 13], "texture": "#0"},
				"west": {"uv": [1, 9, 2, 13], "texture": "#0"},
				"up": {"uv": [1, 9, 2, 10], "rotation": 180, "texture": "#0"},
				"down": {"uv": [1, 9, 2, 10], "rotation": 180, "texture": "#0"}
			}
		},
		{
			"from": [13, 7, 9],
			"to": [14, 9, 10],
			"faces": {
				"east": {"uv": [2, 7, 3, 9], "texture": "#0"},
				"south": {"uv": [2, 7, 3, 9], "texture": "#0"},
				"west": {"uv": [2, 7, 3, 9], "texture": "#0"},
				"up": {"uv": [2, 7, 3, 8], "rotation": 180, "texture": "#0"},
				"down": {"uv": [2, 7, 3, 8], "rotation": 180, "texture": "#0"}
			}
		},
		{
			"from": [10, 9, 9],
			"to": [13, 10, 10],
			"faces": {
				"north": {"uv": [3, 6, 6, 7], "texture": "#0"},
				"east": {"uv": [3, 6, 4, 7], "texture": "#0"},
				"south": {"uv": [3, 6, 6, 7], "texture": "#0"},
				"west": {"uv": [3, 6, 4, 7], "texture": "#0"},
				"up": {"uv": [3, 6, 6, 7], "rotation": 180, "texture": "#0"},
				"down": {"uv": [3, 6, 6, 7], "rotation": 180, "texture": "#0"}
			}
		},
		{
			"from": [12, 3, 10],
			"to": [14, 7, 11],
			"faces": {
				"north": {"uv": [1, 9, 3, 13], "texture": "#0"},
				"east": {"uv": [1, 9, 2, 13], "texture": "#0"},
				"south": {"uv": [1, 9, 3, 13], "texture": "#0"},
				"west": {"uv": [1, 9, 2, 13], "texture": "#0"},
				"up": {"uv": [1, 9, 3, 10], "rotation": 180, "texture": "#0"},
				"down": {"uv": [1, 9, 3, 10], "rotation": 180, "texture": "#0"}
			}
		},
		{
			"from": [10, 1, 10],
			"to": [11, 9, 11],
			"faces": {
				"east": {"uv": [5, 6, 6, 14], "texture": "#0"},
				"south": {"uv": [5, 6, 6, 14], "texture": "#0"},
				"west": {"uv": [5, 6, 6, 14], "texture": "#0"}
			}
		},
		{
			"from": [11, 7, 10],
			"to": [13, 9, 11],
			"faces": {
				"north": {"uv": [2, 7, 4, 9], "texture": "#0"},
				"east": {"uv": [2, 7, 3, 9], "texture": "#0"},
				"south": {"uv": [2, 7, 4, 9], "texture": "#0"},
				"up": {"uv": [2, 7, 4, 8], "rotation": 180, "texture": "#0"},
				"down": {"uv": [2, 7, 4, 8], "rotation": 180, "texture": "#0"}
			}
		},
		{
			"from": [11, 1, 10],
			"to": [13, 3, 11],
			"faces": {
				"north": {"uv": [3, 13, 5, 15], "texture": "#0"},
				"east": {"uv": [3, 13, 4, 15], "texture": "#0"},
				"south": {"uv": [3, 13, 5, 15], "texture": "#0"},
				"up": {"uv": [3, 13, 5, 14], "rotation": 180, "texture": "#0"},
				"down": {"uv": [3, 13, 5, 14], "rotation": 180, "texture": "#0"}
			}
		},
		{
			"from": [10, 3, 11],
			"to": [12, 7, 12],
			"faces": {
				"north": {"uv": [4, 9, 6, 13], "texture": "#0"},
				"east": {"uv": [3, 9, 4, 13], "texture": "#0"},
				"south": {"uv": [4, 9, 6, 13], "rotation": 180, "texture": "#0"},
				"west": {"uv": [4, 9, 5, 13], "texture": "#0"},
				"up": {"uv": [4, 9, 6, 10], "rotation": 180, "texture": "#0"},
				"down": {"uv": [4, 9, 6, 10], "rotation": 180, "texture": "#0"}
			}
		},
		{
			"from": [10, 9, 10],
			"to": [12, 10, 11],
			"faces": {
				"east": {"uv": [2, 6, 3, 7], "texture": "#0"},
				"south": {"uv": [2, 6, 4, 7], "texture": "#0"},
				"west": {"uv": [2, 6, 3, 7], "texture": "#0"},
				"up": {"uv": [2, 6, 4, 7], "rotation": 180, "texture": "#0"}
			}
		},
		{
			"from": [10, 0, 10],
			"to": [12, 1, 11],
			"faces": {
				"east": {"uv": [2, 15, 3, 16], "texture": "#0"},
				"south": {"uv": [2, 15, 4, 16], "texture": "#0"},
				"west": {"uv": [2, 15, 3, 16], "texture": "#0"},
				"down": {"uv": [2, 15, 4, 16], "rotation": 180, "texture": "#0"}
			}
		},
		{
			"from": [2, 3, 10],
			"to": [4, 7, 11],
			"faces": {
				"north": {"uv": [12, 7, 14, 11], "texture": "#0"},
				"east": {"uv": [12, 7, 13, 11], "texture": "#0"},
				"south": {"uv": [12, 7, 14, 11], "texture": "#0"},
				"west": {"uv": [12, 7, 13, 11], "texture": "#0"},
				"up": {"uv": [12, 7, 14, 8], "texture": "#0"},
				"down": {"uv": [12, 7, 14, 8], "texture": "#0"}
			}
		},
		{
			"from": [3, 0, 9],
			"to": [6, 1, 10],
			"faces": {
				"north": {"uv": [11, 14, 14, 15], "texture": "#0"},
				"east": {"uv": [11, 14, 12, 15], "texture": "#0"},
				"south": {"uv": [11, 14, 14, 15], "texture": "#0"},
				"west": {"uv": [11, 14, 12, 15], "texture": "#0"},
				"up": {"uv": [11, 14, 14, 15], "texture": "#0"},
				"down": {"uv": [11, 14, 14, 15], "texture": "#0"}
			}
		},
		{
			"from": [2, 1, 9],
			"to": [3, 3, 10],
			"faces": {
				"north": {"uv": [13, 13, 14, 15], "texture": "#0"},
				"east": {"uv": [13, 13, 14, 15], "texture": "#0"},
				"south": {"uv": [13, 13, 14, 15], "texture": "#0"},
				"west": {"uv": [13, 13, 14, 15], "texture": "#0"},
				"up": {"uv": [13, 13, 14, 14], "texture": "#0"},
				"down": {"uv": [13, 13, 14, 14], "texture": "#0"}
			}
		},
		{
			"from": [1, 3, 9],
			"to": [2, 7, 10],
			"faces": {
				"east": {"uv": [15, 9, 16, 13], "texture": "#0"},
				"south": {"uv": [15, 9, 16, 13], "texture": "#0"},
				"west": {"uv": [15, 9, 16, 13], "texture": "#0"},
				"up": {"uv": [15, 9, 16, 10], "texture": "#0"},
				"down": {"uv": [15, 9, 16, 10], "texture": "#0"}
			}
		},
		{
			"from": [2, 7, 9],
			"to": [3, 9, 10],
			"faces": {
				"north": {"uv": [13, 7, 14, 9], "texture": "#0"},
				"east": {"uv": [13, 7, 14, 9], "texture": "#0"},
				"south": {"uv": [13, 7, 14, 9], "texture": "#0"},
				"west": {"uv": [13, 7, 14, 9], "texture": "#0"},
				"up": {"uv": [13, 7, 14, 8], "texture": "#0"},
				"down": {"uv": [13, 7, 14, 8], "texture": "#0"}
			}
		},
		{
			"from": [3, 9, 9],
			"to": [6, 10, 10],
			"faces": {
				"north": {"uv": [2, 6, 5, 7], "rotation": 180, "texture": "#0"},
				"east": {"uv": [2, 6, 3, 7], "rotation": 180, "texture": "#0"},
				"south": {"uv": [2, 6, 5, 7], "rotation": 180, "texture": "#0"},
				"west": {"uv": [2, 6, 3, 7], "rotation": 180, "texture": "#0"},
				"up": {"uv": [2, 6, 5, 7], "rotation": 180, "texture": "#0"},
				"down": {"uv": [2, 6, 5, 7], "rotation": 180, "texture": "#0"}
			}
		},
		{
			"from": [5, 1, 10],
			"to": [6, 9, 11],
			"faces": {
				"east": {"uv": [5, 8, 6, 16], "texture": "#0"},
				"south": {"uv": [5, 8, 6, 16], "texture": "#0"},
				"west": {"uv": [5, 8, 6, 16], "texture": "#0"}
			}
		},
		{
			"from": [3, 7, 10],
			"to": [5, 9, 11],
			"faces": {
				"north": {"uv": [11, 7, 13, 9], "texture": "#0"},
				"south": {"uv": [11, 7, 13, 9], "texture": "#0"},
				"west": {"uv": [11, 7, 12, 9], "texture": "#0"},
				"up": {"uv": [11, 7, 13, 8], "texture": "#0"},
				"down": {"uv": [11, 7, 13, 8], "texture": "#0"}
			}
		},
		{
			"from": [3, 1, 10],
			"to": [5, 3, 11],
			"faces": {
				"north": {"uv": [11, 13, 13, 15], "texture": "#0"},
				"south": {"uv": [11, 13, 13, 15], "texture": "#0"},
				"west": {"uv": [11, 13, 12, 15], "texture": "#0"},
				"up": {"uv": [11, 13, 13, 14], "texture": "#0"},
				"down": {"uv": [11, 13, 13, 14], "texture": "#0"}
			}
		},
		{
			"from": [4, 3, 11],
			"to": [6, 7, 12],
			"faces": {
				"north": {"uv": [4, 8, 6, 12], "texture": "#0"},
				"east": {"uv": [5, 8, 6, 12], "texture": "#0"},
				"south": {"uv": [4, 8, 6, 12], "texture": "#0"},
				"west": {"uv": [4, 8, 5, 12], "texture": "#0"},
				"up": {"uv": [4, 8, 6, 9], "texture": "#0"},
				"down": {"uv": [4, 8, 6, 9], "texture": "#0"}
			}
		},
		{
			"from": [4, 9, 10],
			"to": [6, 10, 11],
			"faces": {
				"east": {"uv": [5, 7, 6, 8], "texture": "#0"},
				"south": {"uv": [4, 6, 6, 7], "texture": "#0"},
				"west": {"uv": [4, 6, 5, 7], "texture": "#0"},
				"up": {"uv": [4, 6, 6, 7], "texture": "#0"}
			}
		},
		{
			"from": [4, 0, 10],
			"to": [6, 1, 11],
			"faces": {
				"east": {"uv": [10, 14, 11, 15], "rotation": 180, "texture": "#0"},
				"south": {"uv": [10, 14, 12, 15], "rotation": 180, "texture": "#0"},
				"west": {"uv": [10, 14, 11, 15], "rotation": 180, "texture": "#0"},
				"down": {"uv": [10, 14, 12, 15], "rotation": 180, "texture": "#0"}
			}
		},
		{
			"from": [12, 3, 1],
			"to": [14, 7, 2],
			"faces": {
				"north": {"uv": [2, 9, 4, 13], "texture": "#0"},
				"east": {"uv": [2, 9, 3, 13], "texture": "#0"},
				"south": {"uv": [2, 9, 4, 13], "texture": "#0"},
				"west": {"uv": [2, 9, 3, 13], "texture": "#0"},
				"up": {"uv": [2, 9, 4, 10], "rotation": 180, "texture": "#0"},
				"down": {"uv": [2, 9, 4, 10], "rotation": 180, "texture": "#0"}
			}
		},
		{
			"from": [10, 0, 2],
			"to": [13, 1, 3],
			"faces": {
				"north": {"uv": [3, 15, 6, 16], "texture": "#0"},
				"east": {"uv": [3, 15, 4, 16], "texture": "#0"},
				"south": {"uv": [3, 15, 6, 16], "texture": "#0"},
				"west": {"uv": [3, 15, 4, 16], "texture": "#0"},
				"up": {"uv": [3, 15, 6, 16], "rotation": 180, "texture": "#0"},
				"down": {"uv": [3, 15, 6, 16], "rotation": 180, "texture": "#0"}
			}
		},
		{
			"from": [10, 0, 9],
			"to": [13, 1, 10],
			"faces": {
				"north": {"uv": [2, 15, 5, 16], "texture": "#0"},
				"east": {"uv": [2, 15, 3, 16], "texture": "#0"},
				"south": {"uv": [2, 15, 5, 16], "texture": "#0"},
				"west": {"uv": [2, 15, 3, 16], "texture": "#0"},
				"up": {"uv": [2, 15, 5, 16], "rotation": 180, "texture": "#0"},
				"down": {"uv": [2, 15, 5, 16], "rotation": 180, "texture": "#0"}
			}
		},
		{
			"from": [14, 3, 2],
			"to": [15, 7, 3],
			"faces": {
				"north": {"uv": [1, 9, 2, 13], "texture": "#0"},
				"east": {"uv": [1, 9, 2, 13], "texture": "#0"},
				"west": {"uv": [1, 9, 2, 13], "texture": "#0"},
				"up": {"uv": [1, 9, 2, 10], "rotation": 180, "texture": "#0"},
				"down": {"uv": [1, 9, 2, 10], "rotation": 180, "texture": "#0"}
			}
		},
		{
			"from": [10, 9, 2],
			"to": [13, 10, 3],
			"faces": {
				"north": {"uv": [2, 6, 5, 7], "texture": "#0"},
				"east": {"uv": [2, 6, 3, 7], "texture": "#0"},
				"south": {"uv": [2, 6, 5, 7], "texture": "#0"},
				"west": {"uv": [2, 6, 3, 7], "texture": "#0"},
				"up": {"uv": [2, 6, 5, 7], "rotation": 180, "texture": "#0"},
				"down": {"uv": [2, 6, 5, 7], "rotation": 180, "texture": "#0"}
			}
		},
		{
			"from": [10, 1, 1],
			"to": [11, 9, 2],
			"faces": {
				"north": {"uv": [5, 7, 6, 15], "texture": "#0"},
				"east": {"uv": [5, 7, 6, 15], "texture": "#0"},
				"west": {"uv": [5, 7, 6, 15], "texture": "#0"}
			}
		},
		{
			"from": [11, 7, 1],
			"to": [13, 9, 2],
			"faces": {
				"north": {"uv": [3, 7, 5, 9], "texture": "#0"},
				"east": {"uv": [3, 7, 4, 9], "texture": "#0"},
				"south": {"uv": [3, 7, 5, 9], "texture": "#0"},
				"up": {"uv": [3, 7, 5, 8], "rotation": 180, "texture": "#0"},
				"down": {"uv": [3, 7, 5, 8], "rotation": 180, "texture": "#0"}
			}
		},
		{
			"from": [11, 1, 1],
			"to": [13, 3, 2],
			"faces": {
				"north": {"uv": [3, 13, 5, 15], "texture": "#0"},
				"east": {"uv": [3, 13, 4, 15], "texture": "#0"},
				"south": {"uv": [3, 13, 5, 15], "texture": "#0"},
				"up": {"uv": [3, 13, 5, 14], "rotation": 180, "texture": "#0"},
				"down": {"uv": [3, 13, 5, 14], "rotation": 180, "texture": "#0"}
			}
		},
		{
			"from": [10, 3, 0],
			"to": [12, 7, 1],
			"faces": {
				"north": {"uv": [4, 9, 6, 13], "texture": "#0"},
				"east": {"uv": [4, 9, 5, 13], "texture": "#0"},
				"south": {"uv": [4, 9, 6, 13], "texture": "#0"},
				"west": {"uv": [4, 9, 5, 13], "texture": "#0"},
				"up": {"uv": [4, 9, 6, 10], "rotation": 180, "texture": "#0"},
				"down": {"uv": [4, 9, 6, 10], "rotation": 180, "texture": "#0"}
			}
		},
		{
			"from": [10, 9, 1],
			"to": [12, 10, 2],
			"faces": {
				"north": {"uv": [4, 6, 6, 7], "texture": "#0"},
				"east": {"uv": [4, 6, 5, 7], "texture": "#0"},
				"west": {"uv": [5, 6, 6, 7], "texture": "#0"},
				"up": {"uv": [4, 6, 6, 7], "rotation": 180, "texture": "#0"}
			}
		},
		{
			"from": [10, 0, 1],
			"to": [12, 1, 2],
			"faces": {
				"north": {"uv": [4, 14, 6, 15], "texture": "#0"},
				"east": {"uv": [4, 14, 5, 15], "texture": "#0"},
				"west": {"uv": [4, 14, 5, 15], "texture": "#0"},
				"down": {"uv": [4, 14, 6, 15], "rotation": 180, "texture": "#0"}
			}
		},
		{
			"from": [1, 3, 8],
			"to": [2, 7, 9],
			"faces": {
				"north": {"uv": [14, 10, 15, 14], "texture": "#0"},
				"east": {"uv": [14, 10, 15, 14], "texture": "#0"},
				"west": {"uv": [14, 10, 15, 14], "texture": "#0"}
			}
		},
		{
			"from": [1, 3, 3],
			"to": [2, 7, 4],
			"faces": {
				"east": {"uv": [11, 9, 12, 13], "texture": "#0"},
				"south": {"uv": [11, 9, 12, 13], "texture": "#0"},
				"west": {"uv": [11, 9, 12, 13], "texture": "#0"}
			}
		},
		{
			"from": [2, 0, 3],
			"to": [3, 1, 9],
			"faces": {
				"north": {"uv": [10, 12, 11, 13], "texture": "#0"},
				"east": {"uv": [10, 12, 16, 13], "texture": "#0"},
				"south": {"uv": [10, 12, 11, 13], "texture": "#0"},
				"west": {"uv": [10, 12, 16, 13], "texture": "#0"},
				"up": {"uv": [10, 12, 16, 13], "rotation": 270, "texture": "#0"},
				"down": {"uv": [10, 12, 16, 13], "rotation": 90, "texture": "#0"}
			}
		},
		{
			"from": [2, 9, 3],
			"to": [3, 10, 9],
			"faces": {
				"north": {"uv": [10, 10, 11, 11], "texture": "#0"},
				"east": {"uv": [10, 10, 16, 11], "texture": "#0"},
				"south": {"uv": [10, 10, 11, 11], "texture": "#0"},
				"west": {"uv": [10, 10, 16, 11], "texture": "#0"},
				"up": {"uv": [10, 10, 16, 11], "rotation": 270, "texture": "#0"},
				"down": {"uv": [10, 10, 16, 11], "rotation": 90, "texture": "#0"}
			}
		},
		{
			"from": [3, 10, 3],
			"to": [6, 11, 9],
			"faces": {
				"north": {"uv": [10, 6, 13, 7], "texture": "#0"},
				"east": {"uv": [10, 13, 15, 14], "texture": "#0"},
				"south": {"uv": [10, 6, 13, 7], "texture": "#0"},
				"west": {"uv": [10, 10, 16, 11], "texture": "#0"},
				"up": {"uv": [10, 9, 16, 13], "rotation": 270, "texture": "#0"},
				"down": {"uv": [10, 6, 16, 9], "rotation": 90, "texture": "#0"}
			}
		},
		{
			"from": [3, -1, 3],
			"to": [6, 0, 9],
			"faces": {
				"north": {"uv": [10, 13, 13, 14], "texture": "#0"},
				"east": {"uv": [10, 10, 11, 16], "rotation": 90, "texture": "#0"},
				"south": {"uv": [11, 13, 14, 14], "texture": "#0"},
				"west": {"uv": [10, 8, 11, 14], "rotation": 90, "texture": "#0"},
				"up": {"uv": [9, 13, 15, 16], "rotation": 270, "texture": "#0"},
				"down": {"uv": [11, 7, 14, 13], "texture": "#0"}
			}
		},
		{
			"from": [4, 0, 3],
			"to": [5, 10, 9],
			"faces": {
				"north": {"uv": [6, 7, 7, 15], "texture": "#0"},
				"east": {"uv": [6, 7, 7, 15], "texture": "#0"},
				"south": {"uv": [6, 7, 7, 15], "texture": "#0"},
				"west": {"uv": [6, 7, 7, 15], "texture": "#0"}
			}
		},
		{
			"from": [5, 1, 9],
			"to": [6, 9, 10],
			"faces": {
				"north": {"uv": [10, 7, 11, 15], "texture": "#0"},
				"east": {"uv": [10, 7, 11, 15], "texture": "#0"},
				"west": {"uv": [11, 7, 12, 15], "texture": "#0"}
			}
		},
		{
			"from": [5, 1, 2],
			"to": [6, 9, 3],
			"faces": {
				"east": {"uv": [10, 7, 11, 15], "texture": "#0"},
				"south": {"uv": [10, 7, 11, 15], "texture": "#0"},
				"west": {"uv": [11, 7, 12, 15], "texture": "#0"}
			}
		},
		{
			"from": [1, 1, 5],
			"to": [2, 9, 7],
			"faces": {
				"north": {"uv": [11, 7, 12, 15], "texture": "#0"},
				"east": {"uv": [11, 7, 13, 15], "texture": "#0"},
				"south": {"uv": [11, 7, 12, 15], "texture": "#0"},
				"west": {"uv": [13, 7, 11, 15], "texture": "#0"}
			}
		},
		{
			"from": [1, 7, 7],
			"to": [2, 9, 9],
			"faces": {
				"east": {"uv": [12, 6, 14, 8], "texture": "#0"},
				"south": {"uv": [12, 6, 13, 8], "texture": "#0"},
				"west": {"uv": [12, 6, 14, 8], "rotation": 90, "texture": "#0"},
				"up": {"uv": [12, 6, 14, 7], "rotation": 270, "texture": "#0"},
				"down": {"uv": [12, 6, 14, 7], "rotation": 90, "texture": "#0"}
			}
		},
		{
			"from": [1, 7, 3],
			"to": [2, 9, 5],
			"faces": {
				"north": {"uv": [11, 7, 12, 9], "texture": "#0"},
				"east": {"uv": [11, 7, 13, 9], "texture": "#0"},
				"west": {"uv": [11, 7, 13, 9], "texture": "#0"},
				"up": {"uv": [11, 7, 13, 8], "rotation": 270, "texture": "#0"},
				"down": {"uv": [11, 7, 13, 8], "rotation": 90, "texture": "#0"}
			}
		},
		{
			"from": [1, 1, 7],
			"to": [2, 3, 9],
			"faces": {
				"east": {"uv": [13, 13, 15, 15], "texture": "#0"},
				"south": {"uv": [13, 13, 14, 15], "texture": "#0"},
				"west": {"uv": [13, 13, 15, 15], "texture": "#0"},
				"up": {"uv": [13, 13, 15, 14], "rotation": 270, "texture": "#0"},
				"down": {"uv": [13, 13, 15, 14], "rotation": 90, "texture": "#0"}
			}
		},
		{
			"from": [1, 1, 3],
			"to": [2, 3, 5],
			"faces": {
				"north": {"uv": [11, 13, 12, 15], "texture": "#0"},
				"east": {"uv": [11, 13, 13, 15], "texture": "#0"},
				"west": {"uv": [11, 13, 13, 15], "texture": "#0"},
				"up": {"uv": [11, 13, 13, 14], "rotation": 270, "texture": "#0"},
				"down": {"uv": [11, 13, 13, 14], "rotation": 90, "texture": "#0"}
			}
		},
		{
			"from": [0, 3, 4],
			"to": [1, 7, 8],
			"faces": {
				"north": {"uv": [15, 9, 16, 13], "texture": "#0"},
				"east": {"uv": [12, 9, 16, 13], "texture": "#0"},
				"south": {"uv": [12, 9, 13, 13], "texture": "#0"},
				"west": {"uv": [12, 9, 16, 13], "texture": "#0"},
				"up": {"uv": [12, 9, 16, 10], "rotation": 270, "texture": "#0"},
				"down": {"uv": [12, 9, 16, 10], "rotation": 90, "texture": "#0"}
			}
		},
		{
			"from": [1, 9, 4],
			"to": [2, 10, 8],
			"faces": {
				"north": {"uv": [10, 6, 11, 7], "texture": "#0"},
				"south": {"uv": [10, 6, 11, 7], "texture": "#0"},
				"west": {"uv": [10, 6, 14, 7], "texture": "#0"},
				"up": {"uv": [10, 6, 14, 7], "rotation": 90, "texture": "#0"}
			}
		},
		{
			"from": [1, 0, 4],
			"to": [2, 1, 8],
			"faces": {
				"north": {"uv": [11, 13, 12, 14], "texture": "#0"},
				"south": {"uv": [11, 13, 12, 14], "texture": "#0"},
				"west": {"uv": [11, 13, 15, 14], "texture": "#0"},
				"down": {"uv": [11, 13, 15, 14], "rotation": 90, "texture": "#0"}
			}
		},
		{
			"from": [14, 3, 3],
			"to": [15, 7, 4],
			"faces": {
				"east": {"uv": [4, 10, 5, 14], "texture": "#0"},
				"south": {"uv": [4, 10, 5, 14], "texture": "#0"},
				"west": {"uv": [4, 10, 5, 14], "texture": "#0"}
			}
		},
		{
			"from": [13, 0, 3],
			"to": [14, 1, 9],
			"faces": {
				"north": {"uv": [1, 14, 2, 15], "texture": "#0"},
				"east": {"uv": [0, 12, 6, 13], "texture": "#0"},
				"south": {"uv": [1, 14, 2, 15], "texture": "#0"},
				"west": {"uv": [1, 14, 7, 15], "texture": "#0"},
				"up": {"uv": [1, 14, 6, 15], "rotation": 90, "texture": "#0"},
				"down": {"uv": [1, 14, 6, 15], "rotation": 270, "texture": "#0"}
			}
		},
		{
			"from": [13, 7, 2],
			"to": [14, 9, 3],
			"faces": {
				"north": {"uv": [2, 7, 3, 9], "texture": "#0"},
				"east": {"uv": [2, 7, 3, 9], "texture": "#0"},
				"south": {"uv": [2, 7, 3, 9], "texture": "#0"},
				"west": {"uv": [2, 7, 3, 9], "texture": "#0"},
				"up": {"uv": [2, 7, 3, 8], "rotation": 90, "texture": "#0"},
				"down": {"uv": [2, 7, 3, 8], "rotation": 270, "texture": "#0"}
			}
		},
		{
			"from": [13, 9, 3],
			"to": [14, 10, 9],
			"faces": {
				"north": {"uv": [0, 11, 1, 12], "texture": "#0"},
				"east": {"uv": [0, 11, 6, 12], "texture": "#0"},
				"south": {"uv": [0, 11, 1, 12], "texture": "#0"},
				"west": {"uv": [0, 11, 6, 12], "texture": "#0"},
				"up": {"uv": [0, 11, 6, 12], "rotation": 90, "texture": "#0"},
				"down": {"uv": [0, 11, 6, 12], "rotation": 270, "texture": "#0"}
			}
		},
		{
			"from": [14, 7, 3],
			"to": [15, 9, 5],
			"faces": {
				"north": {"uv": [3, 7, 4, 9], "texture": "#0"},
				"east": {"uv": [3, 7, 5, 9], "texture": "#0"},
				"west": {"uv": [3, 7, 5, 9], "texture": "#0"},
				"up": {"uv": [3, 7, 5, 8], "rotation": 90, "texture": "#0"},
				"down": {"uv": [3, 7, 5, 8], "rotation": 270, "texture": "#0"}
			}
		},
		{
			"from": [14, 1, 3],
			"to": [15, 3, 5],
			"faces": {
				"north": {"uv": [2, 13, 3, 15], "texture": "#0"},
				"east": {"uv": [2, 13, 4, 15], "texture": "#0"},
				"west": {"uv": [2, 13, 4, 15], "texture": "#0"},
				"up": {"uv": [2, 13, 4, 14], "rotation": 90, "texture": "#0"},
				"down": {"uv": [2, 13, 4, 14], "rotation": 270, "texture": "#0"}
			}
		},
		{
			"from": [15, 3, 4],
			"to": [16, 7, 8],
			"faces": {
				"north": {"uv": [0, 9, 1, 13], "texture": "#0"},
				"east": {"uv": [0, 9, 4, 13], "texture": "#0"},
				"south": {"uv": [0, 9, 1, 13], "texture": "#0"},
				"west": {"uv": [0, 9, 4, 13], "texture": "#0"},
				"up": {"uv": [0, 9, 4, 10], "rotation": 90, "texture": "#0"},
				"down": {"uv": [0, 9, 4, 10], "rotation": 270, "texture": "#0"}
			}
		},
		{
			"from": [14, 9, 4],
			"to": [15, 10, 8],
			"faces": {
				"north": {"uv": [2, 6, 3, 7], "texture": "#0"},
				"east": {"uv": [2, 6, 6, 7], "texture": "#0"},
				"south": {"uv": [2, 6, 3, 7], "texture": "#0"},
				"up": {"uv": [2, 6, 6, 7], "rotation": 90, "texture": "#0"}
			}
		},
		{
			"from": [14, 0, 4],
			"to": [15, 1, 8],
			"faces": {
				"north": {"uv": [2, 15, 3, 16], "texture": "#0"},
				"east": {"uv": [2, 15, 6, 16], "texture": "#0"},
				"south": {"uv": [2, 15, 3, 16], "texture": "#0"},
				"down": {"uv": [2, 15, 6, 16], "rotation": 270, "texture": "#0"}
			}
		},
		{
			"from": [14, 1, 5],
			"to": [15, 9, 7],
			"faces": {
				"north": {"uv": [3, 7, 4, 15], "texture": "#0"},
				"east": {"uv": [3, 7, 5, 15], "texture": "#0"},
				"south": {"uv": [3, 7, 4, 15], "texture": "#0"},
				"west": {"uv": [3, 7, 5, 15], "texture": "#0"}
			}
		},
		{
			"from": [14, 3, 8],
			"to": [15, 7, 9],
			"faces": {
				"north": {"uv": [1, 9, 2, 13], "texture": "#0"},
				"east": {"uv": [1, 9, 2, 13], "texture": "#0"},
				"west": {"uv": [1, 9, 2, 13], "texture": "#0"}
			}
		},
		{
			"from": [14, 7, 7],
			"to": [15, 9, 9],
			"faces": {
				"east": {"uv": [2, 7, 4, 9], "texture": "#0"},
				"south": {"uv": [2, 7, 3, 9], "texture": "#0"},
				"west": {"uv": [2, 7, 4, 9], "texture": "#0"},
				"up": {"uv": [2, 7, 4, 8], "rotation": 90, "texture": "#0"},
				"down": {"uv": [2, 7, 4, 8], "rotation": 270, "texture": "#0"}
			}
		},
		{
			"from": [14, 1, 7],
			"to": [15, 3, 9],
			"faces": {
				"east": {"uv": [2, 13, 4, 15], "texture": "#0"},
				"south": {"uv": [2, 13, 3, 15], "texture": "#0"},
				"west": {"uv": [2, 13, 4, 15], "texture": "#0"},
				"up": {"uv": [2, 13, 4, 14], "rotation": 90, "texture": "#0"},
				"down": {"uv": [2, 13, 4, 14], "rotation": 270, "texture": "#0"}
			}
		},
		{
			"from": [10, 9, 3],
			"to": [11, 10, 9],
			"faces": {
				"west": {"uv": [5, 8, 6, 14], "rotation": 90, "texture": "#0"},
				"down": {"uv": [5, 8, 6, 14], "rotation": 180, "texture": "#0"}
			}
		},
		{
			"from": [10, 0, 3],
			"to": [11, 1, 9],
			"faces": {
				"west": {"uv": [5, 9, 6, 15], "rotation": 90, "texture": "#0"},
				"up": {"uv": [5, 9, 6, 15], "rotation": 180, "texture": "#0"}
			}
		},
		{
			"from": [5, 0, 3],
			"to": [6, 1, 9],
			"faces": {
				"east": {"uv": [10, 9, 11, 15], "rotation": 90, "texture": "#0"},
				"up": {"uv": [10, 9, 11, 15], "texture": "#0"}
			}
		},
		{
			"from": [5, 9, 3],
			"to": [6, 10, 9],
			"faces": {
				"east": {"uv": [10, 8, 11, 14], "rotation": 90, "texture": "#0"},
				"down": {"uv": [10, 8, 11, 14], "texture": "#0"}
			}
		},
		{
			"from": [10, 10, 3],
			"to": [13, 11, 9],
			"faces": {
				"north": {"uv": [2, 6, 5, 7], "texture": "#0"},
				"east": {"uv": [2, 6, 3, 12], "rotation": 90, "texture": "#0"},
				"south": {"uv": [2, 6, 5, 7], "rotation": 180, "texture": "#0"},
				"west": {"uv": [5, 7, 6, 13], "rotation": 90, "texture": "#0"},
				"up": {"uv": [2, 6, 5, 12], "rotation": 180, "texture": "#0"},
				"down": {"uv": [2, 6, 5, 12], "rotation": 180, "texture": "#0"}
			}
		},
		{
			"from": [10, -1, 3],
			"to": [13, 0, 9],
			"faces": {
				"north": {"uv": [2, 13, 5, 14], "texture": "#0"},
				"east": {"uv": [2, 15, 6, 16], "texture": "#0"},
				"south": {"uv": [2, 13, 5, 14], "texture": "#0"},
				"west": {"uv": [5, 7, 6, 13], "rotation": 90, "texture": "#0"},
				"up": {"uv": [2, 13, 8, 16], "rotation": 90, "texture": "#0"},
				"down": {"uv": [2, 8, 5, 14], "rotation": 180, "texture": "#0"}
			}
		},
		{
			"from": [11, 0, 3],
			"to": [12, 10, 9],
			"faces": {
				"north": {"uv": [0, 0, 1, 10], "texture": "#0"},
				"east": {"uv": [0, 0, 6, 10], "texture": "#0"},
				"south": {"uv": [0, 0, 1, 10], "texture": "#0"},
				"west": {"uv": [6, 8, 7, 15], "texture": "#0"}
			}
		},
		{
			"from": [10, 1, 2],
			"to": [11, 9, 3],
			"faces": {
				"east": {"uv": [4, 7, 5, 15], "texture": "#0"},
				"south": {"uv": [5, 7, 6, 15], "texture": "#0"},
				"west": {"uv": [5, 7, 6, 15], "texture": "#0"}
			}
		},
		{
			"from": [10, 1, 9],
			"to": [11, 9, 10],
			"faces": {
				"north": {"uv": [5, 7, 6, 15], "texture": "#0"},
				"east": {"uv": [4, 7, 5, 15], "texture": "#0"},
				"west": {"uv": [5, 7, 6, 15], "texture": "#0"}
			}
		},
		{
			"from": [7, 9, 0],
			"to": [7, 12, 2],
			"rotation": {"angle": -45, "axis": "y", "origin": [0, 0, 0]},
			"faces": {
				"east": {"uv": [3, 3, 6, 7], "texture": "#2"},
				"west": {"uv": [3, 3, 6, 7], "texture": "#2"}
			}
		},
		{
			"from": [3.4, 12.1, 5.6],
			"to": [6.4, 14.1, 5.6],
			"faces": {
				"north": {"uv": [3, 3, 6, 7], "rotation": 90, "texture": "#2"},
				"south": {"uv": [3, 3, 6, 7], "rotation": 270, "texture": "#2"}
			}
		},
		{
			"from": [9.2, 11.6, 5.6],
			"to": [11.2, 13.6, 5.6],
			"faces": {
				"north": {"uv": [0, 12, 3, 15], "rotation": 180, "texture": "#2"},
				"south": {"uv": [0, 12, 3, 15], "rotation": 180, "texture": "#2"}
			}
		},
		{
			"from": [6, 13.2, -7.5],
			"to": [9, 15.2, -7.5],
			"rotation": {"angle": 45, "axis": "x", "origin": [1, -0.8, -0.6]},
			"faces": {
				"north": {"uv": [0, 6, 3, 10], "rotation": 90, "texture": "#2"},
				"south": {"uv": [0, 6, 3, 10], "rotation": 270, "texture": "#2"}
			}
		},
		{
			"from": [4.5, 5.2, 14.5],
			"to": [7.5, 7.2, 14.5],
			"rotation": {"angle": -45, "axis": "x", "origin": [1, -0.8, -0.6]},
			"faces": {
				"north": {"uv": [0, 6, 3, 10], "rotation": 90, "texture": "#2"},
				"south": {"uv": [0, 6, 3, 10], "rotation": 270, "texture": "#2"}
			}
		},
		{
			"from": [7.5, 5.2, 14.5],
			"to": [10.5, 7.2, 14.5],
			"rotation": {"angle": -45, "axis": "x", "origin": [1, -0.8, -0.6]},
			"faces": {
				"north": {"uv": [0, 6, 3, 10], "rotation": 90, "texture": "#2"},
				"south": {"uv": [0, 6, 3, 10], "rotation": 270, "texture": "#2"}
			}
		},
		{
			"from": [6, 10.5, 1],
			"to": [8, 13.5, 1],
			"rotation": {"angle": -45, "axis": "y", "origin": [0, 0, 0]},
			"faces": {
				"north": {"uv": [3, 3, 6, 7], "texture": "#2"},
				"south": {"uv": [3, 3, 6, 7], "texture": "#2"}
			}
		},
		{
			"from": [6.6, 12.8, 0],
			"to": [8.6, 14.8, 0],
			"rotation": {"angle": -45, "axis": "y", "origin": [0, 0, 0]},
			"faces": {
				"north": {"uv": [0, 1, 3, 4], "texture": "#2"},
				"south": {"uv": [0, 1, 3, 4], "texture": "#2"}
			}
		},
		{
			"from": [12, 10, -5.6],
			"to": [12, 13, -3.6],
			"rotation": {"angle": -45, "axis": "y", "origin": [0, 0, 0]},
			"faces": {
				"east": {"uv": [3, 3, 6, 7], "texture": "#2"},
				"west": {"uv": [3, 3, 6, 7], "texture": "#2"}
			}
		},
		{
			"from": [11.3, 12.3, -3.4],
			"to": [11.3, 15.3, -1.4],
			"rotation": {"angle": -45, "axis": "y", "origin": [1, 0, 0]},
			"faces": {
				"east": {"uv": [3, 3, 6, 7], "texture": "#2"},
				"west": {"uv": [3, 3, 6, 7], "texture": "#2"}
			}
		},
		{
			"from": [13, 1, 2],
			"to": [14, 3, 3],
			"faces": {
				"north": {"uv": [2, 12, 3, 14], "texture": "#0"},
				"east": {"uv": [2, 12, 3, 14], "texture": "#0"},
				"south": {"uv": [2, 12, 3, 14], "texture": "#0"},
				"west": {"uv": [2, 12, 3, 14], "texture": "#0"},
				"up": {"uv": [2, 12, 3, 13], "rotation": 90, "texture": "#0"},
				"down": {"uv": [2, 12, 3, 13], "rotation": 270, "texture": "#0"}
			}
		}
	],
	"gui_light": "front",
	"display": {
		"thirdperson_righthand": {
			"rotation": [90, -15, -95],
			"translation": [0.75, 1.25, 1.75],
			"scale": [0.43, 0.43, 0.43]
		},
		"thirdperson_lefthand": {
			"rotation": [90, -15, -95],
			"translation": [1.5, 0.75, 1.75],
			"scale": [0.43, 0.43, 0.43]
		},
		"firstperson_righthand": {
			"rotation": [-59, -66, -40],
			"translation": [7.5, 1, -8.75],
			"scale": [0.88, 0.88, 0.88]
		},
		"firstperson_lefthand": {
			"rotation": [-59, -66, -40],
			"translation": [8.25, 1.5, -9.75],
			"scale": [0.88, 0.88, 0.88]
		},
		"ground": {
			"translation": [0, 2.75, 0.5],
			"scale": [0.5, 0.5, 0.5]
		},
		"gui": {
			"rotation": [0, -90, 0],
			"translation": [-4, 8, 0],
			"scale": [2, 2, 2]
		},
		"head": {
			"rotation": [-90, 0, 0],
			"translation": [0, -25.5, -4.5],
			"scale": [2.5, 2.5, 2.5]
		}
	},
	"groups": [
		0,
		{
			"name": "group",
			"origin": [0, 0, 0],
			"color": 0,
			"children": [1, 2, 3, 4, 5, 6, 7, 8, 9, 10, 11, 12, 13, 14, 15, 16, 17, 18, 19, 20, 21, 22, 23]
		},
		{
			"name": "group",
			"origin": [0, 0, 0],
			"color": 0,
			"children": [24, 25, 26, 27, 28, 29, 30, 31, 32, 33, 34, 35, 36, 37, 38, 39, 40, 41, 42, 43, 44, 45, 46]
		},
		{
			"name": "group",
			"origin": [0, 0, 0],
			"color": 0,
			"children": [47, 48, 49, 50, 51, 52, 53, 54, 55, 56, 57, 58, 59, 60, 61, 62, 63, 64, 65, 66, 67, 68, 69, 70, 71, 72, 73, 74, 75, 76, 77, 78, 79, 80, 81, 82, 83, 84, 85, 86]
		},
		{
			"name": "chain",
			"origin": [0, 0, 0],
			"color": 0,
			"children": [87, 88, 89, 90, 91, 92, 93, 94, 95, 96]
		},
		97
	]
}