{
	"credit": "Made with Blockbench",
	"textures": {
		"0": "custom/chain_cannonball",
		"2": "custom/chain",
		"3": "block/purple_wool",
		"particle": "custom/chain_cannonball"
	},
	"elements": [
		{
			"from": [-4, 2.7, -1],
			"to": [-2, 6.7, 0],
			"rotation": {"angle": 0, "axis": "z", "origin": [0, 15, 0]},
			"faces": {
				"north": {"uv": [13, 9, 15, 13], "texture": "#0"},
				"east": {"uv": [13, 9, 14, 13], "texture": "#0"},
				"south": {"uv": [13, 9, 15, 13], "texture": "#0"},
				"west": {"uv": [13, 9, 14, 13], "texture": "#0"},
				"up": {"uv": [13, 9, 15, 10], "texture": "#0"},
				"down": {"uv": [13, 9, 15, 10], "texture": "#0"}
			}
		},
		{
			"from": [-3, -0.3, 0],
			"to": [0, 0.7, 1],
			"rotation": {"angle": 0, "axis": "z", "origin": [0, 15, 0]},
			"faces": {
				"north": {"uv": [11, 14, 14, 15], "texture": "#0"},
				"east": {"uv": [11, 14, 12, 15], "texture": "#0"},
				"south": {"uv": [11, 14, 14, 15], "texture": "#0"},
				"west": {"uv": [11, 14, 12, 15], "texture": "#0"},
				"up": {"uv": [11, 14, 14, 15], "texture": "#0"},
				"down": {"uv": [11, 14, 14, 15], "texture": "#0"}
			}
		},
		{
			"from": [-4, 0.7, 0],
			"to": [-3, 2.7, 1],
			"rotation": {"angle": 0, "axis": "z", "origin": [0, 15, 0]},
			"faces": {
				"north": {"uv": [13, 13, 14, 15], "texture": "#0"},
				"east": {"uv": [13, 13, 14, 15], "texture": "#0"},
				"west": {"uv": [13, 13, 14, 15], "texture": "#0"},
				"up": {"uv": [13, 13, 14, 14], "texture": "#0"},
				"down": {"uv": [13, 13, 14, 14], "texture": "#0"}
			}
		},
		{
			"from": [-5, 2.7, 0],
			"to": [-4, 6.7, 1],
			"rotation": {"angle": 0, "axis": "z", "origin": [0, 15, 0]},
			"faces": {
				"north": {"uv": [14, 9, 15, 13], "texture": "#0"},
				"east": {"uv": [14, 9, 15, 13], "texture": "#0"},
				"west": {"uv": [14, 9, 15, 13], "texture": "#0"},
				"up": {"uv": [14, 9, 15, 10], "texture": "#0"},
				"down": {"uv": [14, 9, 15, 10], "texture": "#0"}
			}
		},
		{
			"from": [-4, 6.7, 0],
			"to": [-3, 8.7, 1],
			"rotation": {"angle": 0, "axis": "z", "origin": [0, 15, 0]},
			"faces": {
				"north": {"uv": [13, 6, 14, 8], "texture": "#0"},
				"east": {"uv": [13, 6, 14, 8], "texture": "#0"},
				"west": {"uv": [13, 6, 14, 8], "texture": "#0"},
				"up": {"uv": [13, 6, 14, 7], "texture": "#0"},
				"down": {"uv": [13, 6, 14, 7], "texture": "#0"}
			}
		},
		{
			"from": [-3, 8.7, 0],
			"to": [0, 9.7, 1],
			"rotation": {"angle": 0, "axis": "z", "origin": [0, 15, 0]},
			"faces": {
				"north": {"uv": [10, 6, 13, 7], "texture": "#0"},
				"east": {"uv": [10, 6, 11, 7], "texture": "#0"},
				"south": {"uv": [10, 6, 13, 7], "texture": "#0"},
				"west": {"uv": [10, 6, 11, 7], "texture": "#0"},
				"up": {"uv": [10, 6, 13, 7], "texture": "#0"},
				"down": {"uv": [10, 6, 13, 7], "texture": "#0"}
			}
		},
		{
			"from": [-1, 0.7, -1],
			"to": [0, 8.7, 0],
			"rotation": {"angle": 0, "axis": "z", "origin": [0, 15, 0]},
			"faces": {
				"north": {"uv": [10, 7, 11, 15], "texture": "#0"},
				"east": {"uv": [10, 7, 11, 15], "texture": "#0"},
				"west": {"uv": [10, 7, 11, 15], "texture": "#0"}
			}
		},
		{
			"from": [-3, 6.7, -1],
			"to": [-1, 8.7, 0],
			"rotation": {"angle": 0, "axis": "z", "origin": [0, 15, 0]},
			"faces": {
				"north": {"uv": [11, 7, 13, 9], "texture": "#0"},
				"south": {"uv": [11, 7, 13, 9], "texture": "#0"},
				"west": {"uv": [11, 7, 12, 9], "texture": "#0"},
				"up": {"uv": [11, 7, 13, 8], "texture": "#0"},
				"down": {"uv": [11, 7, 13, 8], "texture": "#0"}
			}
		},
		{
			"from": [-3, 0.7, -1],
			"to": [-1, 2.7, 0],
			"rotation": {"angle": 0, "axis": "z", "origin": [0, 15, 0]},
			"faces": {
				"north": {"uv": [11, 11, 13, 13], "texture": "#0"},
				"south": {"uv": [11, 11, 13, 13], "texture": "#0"},
				"west": {"uv": [11, 11, 12, 13], "texture": "#0"},
				"up": {"uv": [11, 11, 13, 12], "texture": "#0"},
				"down": {"uv": [11, 11, 13, 12], "texture": "#0"}
			}
		},
		{
			"from": [-2, 2.7, -2],
			"to": [0, 6.7, -1],
			"rotation": {"angle": 0, "axis": "z", "origin": [0, 15, 0]},
			"faces": {
				"north": {"uv": [10, 9, 12, 13], "texture": "#0"},
				"east": {"uv": [10, 9, 11, 13], "texture": "#0"},
				"south": {"uv": [10, 9, 12, 13], "texture": "#0"},
				"west": {"uv": [11, 9, 12, 13], "texture": "#0"},
				"up": {"uv": [10, 9, 12, 10], "rotation": 180, "texture": "#0"},
				"down": {"uv": [10, 9, 12, 10], "texture": "#0"}
			}
		},
		{
			"from": [-2, 8.7, -1],
			"to": [0, 9.7, 0],
			"rotation": {"angle": 0, "axis": "z", "origin": [0, 15, 0]},
			"faces": {
				"north": {"uv": [10, 6, 12, 7], "texture": "#0"},
				"east": {"uv": [10, 6, 11, 7], "texture": "#0"},
				"west": {"uv": [10, 6, 11, 7], "texture": "#0"},
				"up": {"uv": [10, 6, 12, 7], "texture": "#0"}
			}
		},
		{
			"from": [-2, -0.3, -1],
			"to": [0, 0.7, 0],
			"rotation": {"angle": 0, "axis": "z", "origin": [0, 15, 0]},
			"faces": {
				"north": {"uv": [10, 14, 12, 15], "texture": "#0"},
				"east": {"uv": [10, 14, 11, 15], "texture": "#0"},
				"west": {"uv": [10, 14, 11, 15], "texture": "#0"},
				"down": {"uv": [10, 14, 12, 15], "texture": "#0"}
			}
		},
		{
			"from": [14, -5, 18],
			"to": [15, -3, 19],
			"rotation": {"angle": 45, "axis": "z", "origin": [0, 15, 0]},
			"faces": {
				"east": {"uv": [2, 13, 3, 15], "texture": "#0"},
				"south": {"uv": [2, 13, 3, 15], "texture": "#0"},
				"west": {"uv": [2, 13, 3, 15], "texture": "#0"},
				"up": {"uv": [2, 13, 3, 14], "rotation": 180, "texture": "#0"},
				"down": {"uv": [2, 13, 3, 14], "rotation": 180, "texture": "#0"}
			}
		},
		{
			"from": [15, -3, 18],
			"to": [16, 1, 19],
			"rotation": {"angle": 45, "axis": "z", "origin": [0, 15, 0]},
			"faces": {
				"east": {"uv": [1, 9, 2, 13], "texture": "#0"},
				"south": {"uv": [1, 9, 2, 13], "texture": "#0"},
				"west": {"uv": [1, 9, 2, 13], "texture": "#0"},
				"up": {"uv": [1, 9, 2, 10], "rotation": 180, "texture": "#0"},
				"down": {"uv": [1, 9, 2, 10], "rotation": 180, "texture": "#0"}
			}
		},
		{
			"from": [14, 1, 18],
			"to": [15, 3, 19],
			"rotation": {"angle": 45, "axis": "z", "origin": [0, 15, 0]},
			"faces": {
				"east": {"uv": [2, 7, 3, 9], "texture": "#0"},
				"south": {"uv": [2, 7, 3, 9], "texture": "#0"},
				"west": {"uv": [2, 7, 3, 9], "texture": "#0"},
				"up": {"uv": [2, 7, 3, 8], "rotation": 180, "texture": "#0"},
				"down": {"uv": [2, 7, 3, 8], "rotation": 180, "texture": "#0"}
			}
		},
		{
			"from": [11, 3, 18],
			"to": [14, 4, 19],
			"rotation": {"angle": 45, "axis": "z", "origin": [0, 15, 0]},
			"faces": {
				"north": {"uv": [3, 6, 6, 7], "texture": "#0"},
				"east": {"uv": [3, 6, 4, 7], "texture": "#0"},
				"south": {"uv": [3, 6, 6, 7], "texture": "#0"},
				"west": {"uv": [3, 6, 4, 7], "texture": "#0"},
				"up": {"uv": [3, 6, 6, 7], "rotation": 180, "texture": "#0"},
				"down": {"uv": [3, 6, 6, 7], "rotation": 180, "texture": "#0"}
			}
		},
		{
			"from": [13, -3, 19],
			"to": [15, 1, 20],
			"rotation": {"angle": 45, "axis": "z", "origin": [0, 15, 0]},
			"faces": {
				"north": {"uv": [1, 9, 3, 13], "texture": "#0"},
				"east": {"uv": [1, 9, 2, 13], "texture": "#0"},
				"south": {"uv": [1, 9, 3, 13], "texture": "#0"},
				"west": {"uv": [1, 9, 2, 13], "texture": "#0"},
				"up": {"uv": [1, 9, 3, 10], "rotation": 180, "texture": "#0"},
				"down": {"uv": [1, 9, 3, 10], "rotation": 180, "texture": "#0"}
			}
		},
		{
			"from": [11, -5, 19],
			"to": [12, 3, 20],
			"rotation": {"angle": 45, "axis": "z", "origin": [0, 15, 0]},
			"faces": {
				"east": {"uv": [5, 6, 6, 14], "texture": "#0"},
				"south": {"uv": [5, 6, 6, 14], "texture": "#0"},
				"west": {"uv": [5, 6, 6, 14], "texture": "#0"}
			}
		},
		{
			"from": [12, 1, 19],
			"to": [14, 3, 20],
			"rotation": {"angle": 45, "axis": "z", "origin": [0, 15, 0]},
			"faces": {
				"north": {"uv": [2, 7, 4, 9], "texture": "#0"},
				"east": {"uv": [2, 7, 3, 9], "texture": "#0"},
				"south": {"uv": [2, 7, 4, 9], "texture": "#0"},
				"up": {"uv": [2, 7, 4, 8], "rotation": 180, "texture": "#0"},
				"down": {"uv": [2, 7, 4, 8], "rotation": 180, "texture": "#0"}
			}
		},
		{
			"from": [12, -5, 19],
			"to": [14, -3, 20],
			"rotation": {"angle": 45, "axis": "z", "origin": [0, 15, 0]},
			"faces": {
				"north": {"uv": [3, 13, 5, 15], "texture": "#0"},
				"east": {"uv": [3, 13, 4, 15], "texture": "#0"},
				"south": {"uv": [3, 13, 5, 15], "texture": "#0"},
				"up": {"uv": [3, 13, 5, 14], "rotation": 180, "texture": "#0"},
				"down": {"uv": [3, 13, 5, 14], "rotation": 180, "texture": "#0"}
			}
		},
		{
			"from": [11, -3, 20],
			"to": [13, 1, 21],
			"rotation": {"angle": 45, "axis": "z", "origin": [0, 15, 0]},
			"faces": {
				"north": {"uv": [4, 9, 6, 13], "texture": "#0"},
				"east": {"uv": [3, 9, 4, 13], "texture": "#0"},
				"south": {"uv": [4, 9, 6, 13], "rotation": 180, "texture": "#0"},
				"west": {"uv": [4, 9, 5, 13], "texture": "#0"},
				"up": {"uv": [4, 9, 6, 10], "rotation": 180, "texture": "#0"},
				"down": {"uv": [4, 9, 6, 10], "rotation": 180, "texture": "#0"}
			}
		},
		{
			"from": [11, 3, 19],
			"to": [13, 4, 20],
			"rotation": {"angle": 45, "axis": "z", "origin": [0, 15, 0]},
			"faces": {
				"east": {"uv": [2, 6, 3, 7], "texture": "#0"},
				"south": {"uv": [2, 6, 4, 7], "texture": "#0"},
				"west": {"uv": [2, 6, 3, 7], "texture": "#0"},
				"up": {"uv": [2, 6, 4, 7], "rotation": 180, "texture": "#0"}
			}
		},
		{
			"from": [11, -6, 19],
			"to": [13, -5, 20],
			"rotation": {"angle": 45, "axis": "z", "origin": [0, 15, 0]},
			"faces": {
				"east": {"uv": [2, 15, 3, 16], "texture": "#0"},
				"south": {"uv": [2, 15, 4, 16], "texture": "#0"},
				"west": {"uv": [2, 15, 3, 16], "texture": "#0"},
				"down": {"uv": [2, 15, 4, 16], "rotation": 180, "texture": "#0"}
			}
		},
		{
			"from": [-4, 2.7, 8],
			"to": [-2, 6.7, 9],
			"rotation": {"angle": 0, "axis": "z", "origin": [0, 15, 0]},
			"faces": {
				"north": {"uv": [12, 7, 14, 11], "texture": "#0"},
				"east": {"uv": [12, 7, 13, 11], "texture": "#0"},
				"south": {"uv": [12, 7, 14, 11], "texture": "#0"},
				"west": {"uv": [12, 7, 13, 11], "texture": "#0"},
				"up": {"uv": [12, 7, 14, 8], "texture": "#0"},
				"down": {"uv": [12, 7, 14, 8], "texture": "#0"}
			}
		},
		{
			"from": [-3, -0.3, 7],
			"to": [0, 0.7, 8],
			"rotation": {"angle": 0, "axis": "z", "origin": [0, 15, 0]},
			"faces": {
				"north": {"uv": [11, 14, 14, 15], "texture": "#0"},
				"east": {"uv": [11, 14, 12, 15], "texture": "#0"},
				"south": {"uv": [11, 14, 14, 15], "texture": "#0"},
				"west": {"uv": [11, 14, 12, 15], "texture": "#0"},
				"up": {"uv": [11, 14, 14, 15], "texture": "#0"},
				"down": {"uv": [11, 14, 14, 15], "texture": "#0"}
			}
		},
		{
			"from": [-4, 0.7, 7],
			"to": [-3, 2.7, 8],
			"rotation": {"angle": 0, "axis": "z", "origin": [0, 15, 0]},
			"faces": {
				"north": {"uv": [13, 13, 14, 15], "texture": "#0"},
				"east": {"uv": [13, 13, 14, 15], "texture": "#0"},
				"south": {"uv": [13, 13, 14, 15], "texture": "#0"},
				"west": {"uv": [13, 13, 14, 15], "texture": "#0"},
				"up": {"uv": [13, 13, 14, 14], "texture": "#0"},
				"down": {"uv": [13, 13, 14, 14], "texture": "#0"}
			}
		},
		{
			"from": [-5, 2.7, 7],
			"to": [-4, 6.7, 8],
			"rotation": {"angle": 0, "axis": "z", "origin": [0, 15, 0]},
			"faces": {
				"east": {"uv": [15, 9, 16, 13], "texture": "#0"},
				"south": {"uv": [15, 9, 16, 13], "texture": "#0"},
				"west": {"uv": [15, 9, 16, 13], "texture": "#0"},
				"up": {"uv": [15, 9, 16, 10], "texture": "#0"},
				"down": {"uv": [15, 9, 16, 10], "texture": "#0"}
			}
		},
		{
			"from": [-4, 6.7, 7],
			"to": [-3, 8.7, 8],
			"rotation": {"angle": 0, "axis": "z", "origin": [0, 15, 0]},
			"faces": {
				"north": {"uv": [13, 7, 14, 9], "texture": "#0"},
				"east": {"uv": [13, 7, 14, 9], "texture": "#0"},
				"south": {"uv": [13, 7, 14, 9], "texture": "#0"},
				"west": {"uv": [13, 7, 14, 9], "texture": "#0"},
				"up": {"uv": [13, 7, 14, 8], "texture": "#0"},
				"down": {"uv": [13, 7, 14, 8], "texture": "#0"}
			}
		},
		{
			"from": [-3, 8.7, 7],
			"to": [0, 9.7, 8],
			"rotation": {"angle": 0, "axis": "z", "origin": [0, 15, 0]},
			"faces": {
				"north": {"uv": [2, 6, 5, 7], "rotation": 180, "texture": "#0"},
				"east": {"uv": [2, 6, 3, 7], "rotation": 180, "texture": "#0"},
				"south": {"uv": [2, 6, 5, 7], "rotation": 180, "texture": "#0"},
				"west": {"uv": [2, 6, 3, 7], "rotation": 180, "texture": "#0"},
				"up": {"uv": [2, 6, 5, 7], "rotation": 180, "texture": "#0"},
				"down": {"uv": [2, 6, 5, 7], "rotation": 180, "texture": "#0"}
			}
		},
		{
			"from": [-1, 0.7, 8],
			"to": [0, 8.7, 9],
			"rotation": {"angle": 0, "axis": "z", "origin": [0, 15, 0]},
			"faces": {
				"east": {"uv": [5, 8, 6, 16], "texture": "#0"},
				"south": {"uv": [5, 8, 6, 16], "texture": "#0"},
				"west": {"uv": [5, 8, 6, 16], "texture": "#0"}
			}
		},
		{
			"from": [-3, 6.7, 8],
			"to": [-1, 8.7, 9],
			"rotation": {"angle": 0, "axis": "z", "origin": [0, 15, 0]},
			"faces": {
				"north": {"uv": [11, 7, 13, 9], "texture": "#0"},
				"south": {"uv": [11, 7, 13, 9], "texture": "#0"},
				"west": {"uv": [11, 7, 12, 9], "texture": "#0"},
				"up": {"uv": [11, 7, 13, 8], "texture": "#0"},
				"down": {"uv": [11, 7, 13, 8], "texture": "#0"}
			}
		},
		{
			"from": [-3, 0.7, 8],
			"to": [-1, 2.7, 9],
			"rotation": {"angle": 0, "axis": "z", "origin": [0, 15, 0]},
			"faces": {
				"north": {"uv": [11, 13, 13, 15], "texture": "#0"},
				"south": {"uv": [11, 13, 13, 15], "texture": "#0"},
				"west": {"uv": [11, 13, 12, 15], "texture": "#0"},
				"up": {"uv": [11, 13, 13, 14], "texture": "#0"},
				"down": {"uv": [11, 13, 13, 14], "texture": "#0"}
			}
		},
		{
			"from": [-2, 2.7, 9],
			"to": [0, 6.7, 10],
			"rotation": {"angle": 0, "axis": "z", "origin": [0, 15, 0]},
			"faces": {
				"north": {"uv": [4, 8, 6, 12], "texture": "#0"},
				"east": {"uv": [5, 8, 6, 12], "texture": "#0"},
				"south": {"uv": [4, 8, 6, 12], "texture": "#0"},
				"west": {"uv": [4, 8, 5, 12], "texture": "#0"},
				"up": {"uv": [4, 8, 6, 9], "texture": "#0"},
				"down": {"uv": [4, 8, 6, 9], "texture": "#0"}
			}
		},
		{
			"from": [-2, 8.7, 8],
			"to": [0, 9.7, 9],
			"rotation": {"angle": 0, "axis": "z", "origin": [0, 15, 0]},
			"faces": {
				"east": {"uv": [5, 7, 6, 8], "texture": "#0"},
				"south": {"uv": [4, 6, 6, 7], "texture": "#0"},
				"west": {"uv": [4, 6, 5, 7], "texture": "#0"},
				"up": {"uv": [4, 6, 6, 7], "texture": "#0"}
			}
		},
		{
			"from": [-2, -0.3, 8],
			"to": [0, 0.7, 9],
			"rotation": {"angle": 0, "axis": "z", "origin": [0, 15, 0]},
			"faces": {
				"east": {"uv": [10, 14, 11, 15], "rotation": 180, "texture": "#0"},
				"south": {"uv": [10, 14, 12, 15], "rotation": 180, "texture": "#0"},
				"west": {"uv": [10, 14, 11, 15], "rotation": 180, "texture": "#0"},
				"down": {"uv": [10, 14, 12, 15], "rotation": 180, "texture": "#0"}
			}
		},
		{
			"from": [13, -3, 10],
			"to": [15, 1, 11],
			"rotation": {"angle": 45, "axis": "z", "origin": [0, 15, 0]},
			"faces": {
				"north": {"uv": [2, 9, 4, 13], "texture": "#0"},
				"east": {"uv": [2, 9, 3, 13], "texture": "#0"},
				"south": {"uv": [2, 9, 4, 13], "texture": "#0"},
				"west": {"uv": [2, 9, 3, 13], "texture": "#0"},
				"up": {"uv": [2, 9, 4, 10], "rotation": 180, "texture": "#0"},
				"down": {"uv": [2, 9, 4, 10], "rotation": 180, "texture": "#0"}
			}
		},
		{
			"from": [11, -6, 11],
			"to": [14, -5, 12],
			"rotation": {"angle": 45, "axis": "z", "origin": [0, 15, 0]},
			"faces": {
				"north": {"uv": [3, 15, 6, 16], "texture": "#0"},
				"east": {"uv": [3, 15, 4, 16], "texture": "#0"},
				"south": {"uv": [3, 15, 6, 16], "texture": "#0"},
				"west": {"uv": [3, 15, 4, 16], "texture": "#0"},
				"up": {"uv": [3, 15, 6, 16], "rotation": 180, "texture": "#0"},
				"down": {"uv": [3, 15, 6, 16], "rotation": 180, "texture": "#0"}
			}
		},
		{
			"from": [11, -6, 18],
			"to": [14, -5, 19],
			"rotation": {"angle": 45, "axis": "z", "origin": [0, 15, 0]},
			"faces": {
				"north": {"uv": [2, 15, 5, 16], "texture": "#0"},
				"east": {"uv": [2, 15, 3, 16], "texture": "#0"},
				"south": {"uv": [2, 15, 5, 16], "texture": "#0"},
				"west": {"uv": [2, 15, 3, 16], "texture": "#0"},
				"up": {"uv": [2, 15, 5, 16], "rotation": 180, "texture": "#0"},
				"down": {"uv": [2, 15, 5, 16], "rotation": 180, "texture": "#0"}
			}
		},
		{
			"from": [15, -3, 11],
			"to": [16, 1, 12],
			"rotation": {"angle": 45, "axis": "z", "origin": [0, 15, 0]},
			"faces": {
				"north": {"uv": [1, 9, 2, 13], "texture": "#0"},
				"east": {"uv": [1, 9, 2, 13], "texture": "#0"},
				"west": {"uv": [1, 9, 2, 13], "texture": "#0"},
				"up": {"uv": [1, 9, 2, 10], "rotation": 180, "texture": "#0"},
				"down": {"uv": [1, 9, 2, 10], "rotation": 180, "texture": "#0"}
			}
		},
		{
			"from": [11, 3, 11],
			"to": [14, 4, 12],
			"rotation": {"angle": 45, "axis": "z", "origin": [0, 15, 0]},
			"faces": {
				"north": {"uv": [2, 6, 5, 7], "texture": "#0"},
				"east": {"uv": [2, 6, 3, 7], "texture": "#0"},
				"south": {"uv": [2, 6, 5, 7], "texture": "#0"},
				"west": {"uv": [2, 6, 3, 7], "texture": "#0"},
				"up": {"uv": [2, 6, 5, 7], "rotation": 180, "texture": "#0"},
				"down": {"uv": [2, 6, 5, 7], "rotation": 180, "texture": "#0"}
			}
		},
		{
			"from": [11, -5, 10],
			"to": [12, 3, 11],
			"rotation": {"angle": 45, "axis": "z", "origin": [0, 15, 0]},
			"faces": {
				"north": {"uv": [5, 7, 6, 15], "texture": "#0"},
				"east": {"uv": [5, 7, 6, 15], "texture": "#0"},
				"west": {"uv": [5, 7, 6, 15], "texture": "#0"}
			}
		},
		{
			"from": [12, 1, 10],
			"to": [14, 3, 11],
			"rotation": {"angle": 45, "axis": "z", "origin": [0, 15, 0]},
			"faces": {
				"north": {"uv": [3, 7, 5, 9], "texture": "#0"},
				"east": {"uv": [3, 7, 4, 9], "texture": "#0"},
				"south": {"uv": [3, 7, 5, 9], "texture": "#0"},
				"up": {"uv": [3, 7, 5, 8], "rotation": 180, "texture": "#0"},
				"down": {"uv": [3, 7, 5, 8], "rotation": 180, "texture": "#0"}
			}
		},
		{
			"from": [12, -5, 10],
			"to": [14, -3, 11],
			"rotation": {"angle": 45, "axis": "z", "origin": [0, 15, 0]},
			"faces": {
				"north": {"uv": [3, 13, 5, 15], "texture": "#0"},
				"east": {"uv": [3, 13, 4, 15], "texture": "#0"},
				"south": {"uv": [3, 13, 5, 15], "texture": "#0"},
				"up": {"uv": [3, 13, 5, 14], "rotation": 180, "texture": "#0"},
				"down": {"uv": [3, 13, 5, 14], "rotation": 180, "texture": "#0"}
			}
		},
		{
			"from": [11, -3, 9],
			"to": [13, 1, 10],
			"rotation": {"angle": 45, "axis": "z", "origin": [0, 15, 0]},
			"faces": {
				"north": {"uv": [4, 9, 6, 13], "texture": "#0"},
				"east": {"uv": [4, 9, 5, 13], "texture": "#0"},
				"south": {"uv": [4, 9, 6, 13], "texture": "#0"},
				"west": {"uv": [4, 9, 5, 13], "texture": "#0"},
				"up": {"uv": [4, 9, 6, 10], "rotation": 180, "texture": "#0"},
				"down": {"uv": [4, 9, 6, 10], "rotation": 180, "texture": "#0"}
			}
		},
		{
			"from": [11, 3, 10],
			"to": [13, 4, 11],
			"rotation": {"angle": 45, "axis": "z", "origin": [0, 15, 0]},
			"faces": {
				"north": {"uv": [4, 6, 6, 7], "texture": "#0"},
				"east": {"uv": [4, 6, 5, 7], "texture": "#0"},
				"west": {"uv": [5, 6, 6, 7], "texture": "#0"},
				"up": {"uv": [4, 6, 6, 7], "rotation": 180, "texture": "#0"}
			}
		},
		{
			"from": [11, -6, 10],
			"to": [13, -5, 11],
			"rotation": {"angle": 45, "axis": "z", "origin": [0, 15, 0]},
			"faces": {
				"north": {"uv": [4, 14, 6, 15], "texture": "#0"},
				"east": {"uv": [4, 14, 5, 15], "texture": "#0"},
				"west": {"uv": [4, 14, 5, 15], "texture": "#0"},
				"down": {"uv": [4, 14, 6, 15], "rotation": 180, "texture": "#0"}
			}
		},
		{
			"from": [-5, 2.7, 6],
			"to": [-4, 6.7, 7],
			"rotation": {"angle": 0, "axis": "z", "origin": [0, 15, 0]},
			"faces": {
				"north": {"uv": [14, 10, 15, 14], "texture": "#0"},
				"east": {"uv": [14, 10, 15, 14], "texture": "#0"},
				"west": {"uv": [14, 10, 15, 14], "texture": "#0"}
			}
		},
		{
			"from": [-5, 2.7, 1],
			"to": [-4, 6.7, 2],
			"rotation": {"angle": 0, "axis": "z", "origin": [0, 15, 0]},
			"faces": {
				"east": {"uv": [11, 9, 12, 13], "texture": "#0"},
				"south": {"uv": [11, 9, 12, 13], "texture": "#0"},
				"west": {"uv": [11, 9, 12, 13], "texture": "#0"}
			}
		},
		{
			"from": [-4, -0.3, 1],
			"to": [-3, 0.7, 7],
			"rotation": {"angle": 0, "axis": "z", "origin": [0, 15, 0]},
			"faces": {
				"north": {"uv": [10, 12, 11, 13], "texture": "#0"},
				"east": {"uv": [10, 12, 16, 13], "texture": "#0"},
				"south": {"uv": [10, 12, 11, 13], "texture": "#0"},
				"west": {"uv": [10, 12, 16, 13], "texture": "#0"},
				"up": {"uv": [10, 12, 16, 13], "rotation": 270, "texture": "#0"},
				"down": {"uv": [10, 12, 16, 13], "rotation": 90, "texture": "#0"}
			}
		},
		{
			"from": [-4, 8.7, 1],
			"to": [-3, 9.7, 7],
			"rotation": {"angle": 0, "axis": "z", "origin": [0, 15, 0]},
			"faces": {
				"north": {"uv": [10, 10, 11, 11], "texture": "#0"},
				"east": {"uv": [10, 10, 16, 11], "texture": "#0"},
				"south": {"uv": [10, 10, 11, 11], "texture": "#0"},
				"west": {"uv": [10, 10, 16, 11], "texture": "#0"},
				"up": {"uv": [10, 10, 16, 11], "rotation": 270, "texture": "#0"},
				"down": {"uv": [10, 10, 16, 11], "rotation": 90, "texture": "#0"}
			}
		},
		{
			"from": [-3, 9.7, 1],
			"to": [0, 10.7, 7],
			"rotation": {"angle": 0, "axis": "z", "origin": [0, 15, 0]},
			"faces": {
				"north": {"uv": [10, 6, 13, 7], "texture": "#0"},
				"east": {"uv": [10, 13, 15, 14], "texture": "#0"},
				"south": {"uv": [10, 6, 13, 7], "texture": "#0"},
				"west": {"uv": [10, 10, 16, 11], "texture": "#0"},
				"up": {"uv": [10, 9, 16, 13], "rotation": 270, "texture": "#0"},
				"down": {"uv": [10, 6, 16, 9], "rotation": 90, "texture": "#0"}
			}
		},
		{
			"from": [-3, -1.3, 1],
			"to": [0, -0.3, 7],
			"rotation": {"angle": 0, "axis": "z", "origin": [0, 15, 0]},
			"faces": {
				"north": {"uv": [10, 13, 13, 14], "texture": "#0"},
				"east": {"uv": [10, 10, 11, 16], "rotation": 90, "texture": "#0"},
				"south": {"uv": [11, 13, 14, 14], "texture": "#0"},
				"west": {"uv": [10, 8, 11, 14], "rotation": 90, "texture": "#0"},
				"up": {"uv": [9, 13, 15, 16], "rotation": 270, "texture": "#0"},
				"down": {"uv": [11, 7, 14, 13], "texture": "#0"}
			}
		},
		{
			"from": [-2, -0.3, 1],
			"to": [-1, 9.7, 7],
			"rotation": {"angle": 0, "axis": "z", "origin": [0, 15, 0]},
			"faces": {
				"north": {"uv": [6, 7, 7, 15], "texture": "#0"},
				"east": {"uv": [6, 7, 7, 15], "texture": "#0"},
				"south": {"uv": [6, 7, 7, 15], "texture": "#0"},
				"west": {"uv": [6, 7, 7, 15], "texture": "#0"}
			}
		},
		{
			"from": [-1, 0.7, 7],
			"to": [0, 8.7, 8],
			"rotation": {"angle": 0, "axis": "z", "origin": [0, 15, 0]},
			"faces": {
				"north": {"uv": [10, 7, 11, 15], "texture": "#0"},
				"east": {"uv": [10, 7, 11, 15], "texture": "#0"},
				"west": {"uv": [11, 7, 12, 15], "texture": "#0"}
			}
		},
		{
			"from": [-1, 0.7, 0],
			"to": [0, 8.7, 1],
			"rotation": {"angle": 0, "axis": "z", "origin": [0, 15, 0]},
			"faces": {
				"east": {"uv": [10, 7, 11, 15], "texture": "#0"},
				"south": {"uv": [10, 7, 11, 15], "texture": "#0"},
				"west": {"uv": [11, 7, 12, 15], "texture": "#0"}
			}
		},
		{
			"from": [-5, 0.7, 3],
			"to": [-4, 8.7, 5],
			"rotation": {"angle": 0, "axis": "z", "origin": [0, 15, 0]},
			"faces": {
				"north": {"uv": [11, 7, 12, 15], "texture": "#0"},
				"east": {"uv": [11, 7, 13, 15], "texture": "#0"},
				"south": {"uv": [11, 7, 12, 15], "texture": "#0"},
				"west": {"uv": [13, 7, 11, 15], "texture": "#0"}
			}
		},
		{
			"from": [-5, 6.7, 5],
			"to": [-4, 8.7, 7],
			"rotation": {"angle": 0, "axis": "z", "origin": [0, 15, 0]},
			"faces": {
				"east": {"uv": [12, 6, 14, 8], "texture": "#0"},
				"south": {"uv": [12, 6, 13, 8], "texture": "#0"},
				"west": {"uv": [12, 6, 14, 8], "rotation": 90, "texture": "#0"},
				"up": {"uv": [12, 6, 14, 7], "rotation": 270, "texture": "#0"},
				"down": {"uv": [12, 6, 14, 7], "rotation": 90, "texture": "#0"}
			}
		},
		{
			"from": [-5, 6.7, 1],
			"to": [-4, 8.7, 3],
			"rotation": {"angle": 0, "axis": "z", "origin": [0, 15, 0]},
			"faces": {
				"north": {"uv": [11, 7, 12, 9], "texture": "#0"},
				"east": {"uv": [11, 7, 13, 9], "texture": "#0"},
				"west": {"uv": [11, 7, 13, 9], "texture": "#0"},
				"up": {"uv": [11, 7, 13, 8], "rotation": 270, "texture": "#0"},
				"down": {"uv": [11, 7, 13, 8], "rotation": 90, "texture": "#0"}
			}
		},
		{
			"from": [-5, 0.7, 5],
			"to": [-4, 2.7, 7],
			"rotation": {"angle": 0, "axis": "z", "origin": [0, 15, 0]},
			"faces": {
				"east": {"uv": [13, 13, 15, 15], "texture": "#0"},
				"south": {"uv": [13, 13, 14, 15], "texture": "#0"},
				"west": {"uv": [13, 13, 15, 15], "texture": "#0"},
				"up": {"uv": [13, 13, 15, 14], "rotation": 270, "texture": "#0"},
				"down": {"uv": [13, 13, 15, 14], "rotation": 90, "texture": "#0"}
			}
		},
		{
			"from": [-5, 0.7, 1],
			"to": [-4, 2.7, 3],
			"rotation": {"angle": 0, "axis": "z", "origin": [0, 15, 0]},
			"faces": {
				"north": {"uv": [11, 13, 12, 15], "texture": "#0"},
				"east": {"uv": [11, 13, 13, 15], "texture": "#0"},
				"west": {"uv": [11, 13, 13, 15], "texture": "#0"},
				"up": {"uv": [11, 13, 13, 14], "rotation": 270, "texture": "#0"},
				"down": {"uv": [11, 13, 13, 14], "rotation": 90, "texture": "#0"}
			}
		},
		{
			"from": [-6, 2.7, 2],
			"to": [-5, 6.7, 6],
			"rotation": {"angle": 0, "axis": "z", "origin": [0, 15, 0]},
			"faces": {
				"north": {"uv": [15, 9, 16, 13], "texture": "#0"},
				"east": {"uv": [12, 9, 16, 13], "texture": "#0"},
				"south": {"uv": [12, 9, 13, 13], "texture": "#0"},
				"west": {"uv": [12, 9, 16, 13], "texture": "#0"},
				"up": {"uv": [12, 9, 16, 10], "rotation": 270, "texture": "#0"},
				"down": {"uv": [12, 9, 16, 10], "rotation": 90, "texture": "#0"}
			}
		},
		{
			"from": [-5, 8.7, 2],
			"to": [-4, 9.7, 6],
			"rotation": {"angle": 0, "axis": "z", "origin": [0, 15, 0]},
			"faces": {
				"north": {"uv": [10, 6, 11, 7], "texture": "#0"},
				"south": {"uv": [10, 6, 11, 7], "texture": "#0"},
				"west": {"uv": [10, 6, 14, 7], "texture": "#0"},
				"up": {"uv": [10, 6, 14, 7], "rotation": 90, "texture": "#0"}
			}
		},
		{
			"from": [-5, -0.3, 2],
			"to": [-4, 0.7, 6],
			"rotation": {"angle": 0, "axis": "z", "origin": [0, 15, 0]},
			"faces": {
				"north": {"uv": [11, 13, 12, 14], "texture": "#0"},
				"south": {"uv": [11, 13, 12, 14], "texture": "#0"},
				"west": {"uv": [11, 13, 15, 14], "texture": "#0"},
				"down": {"uv": [11, 13, 15, 14], "rotation": 90, "texture": "#0"}
			}
		},
		{
			"from": [15, -3, 12],
			"to": [16, 1, 13],
			"rotation": {"angle": 45, "axis": "z", "origin": [0, 15, 0]},
			"faces": {
				"east": {"uv": [4, 10, 5, 14], "texture": "#0"},
				"south": {"uv": [4, 10, 5, 14], "texture": "#0"},
				"west": {"uv": [4, 10, 5, 14], "texture": "#0"}
			}
		},
		{
			"from": [14, -6, 12],
			"to": [15, -5, 18],
			"rotation": {"angle": 45, "axis": "z", "origin": [0, 15, 0]},
			"faces": {
				"north": {"uv": [1, 14, 2, 15], "texture": "#0"},
				"east": {"uv": [0, 12, 6, 13], "texture": "#0"},
				"south": {"uv": [1, 14, 2, 15], "texture": "#0"},
				"west": {"uv": [1, 14, 7, 15], "texture": "#0"},
				"up": {"uv": [1, 14, 6, 15], "rotation": 90, "texture": "#0"},
				"down": {"uv": [1, 14, 6, 15], "rotation": 270, "texture": "#0"}
			}
		},
		{
			"from": [14, 1, 11],
			"to": [15, 3, 12],
			"rotation": {"angle": 45, "axis": "z", "origin": [0, 15, 0]},
			"faces": {
				"north": {"uv": [2, 7, 3, 9], "texture": "#0"},
				"east": {"uv": [2, 7, 3, 9], "texture": "#0"},
				"south": {"uv": [2, 7, 3, 9], "texture": "#0"},
				"west": {"uv": [2, 7, 3, 9], "texture": "#0"},
				"up": {"uv": [2, 7, 3, 8], "rotation": 90, "texture": "#0"},
				"down": {"uv": [2, 7, 3, 8], "rotation": 270, "texture": "#0"}
			}
		},
		{
			"from": [14, 3, 12],
			"to": [15, 4, 18],
			"rotation": {"angle": 45, "axis": "z", "origin": [0, 15, 0]},
			"faces": {
				"north": {"uv": [0, 11, 1, 12], "texture": "#0"},
				"east": {"uv": [0, 11, 6, 12], "texture": "#0"},
				"south": {"uv": [0, 11, 1, 12], "texture": "#0"},
				"west": {"uv": [0, 11, 6, 12], "texture": "#0"},
				"up": {"uv": [0, 11, 6, 12], "rotation": 90, "texture": "#0"},
				"down": {"uv": [0, 11, 6, 12], "rotation": 270, "texture": "#0"}
			}
		},
		{
			"from": [15, 1, 12],
			"to": [16, 3, 14],
			"rotation": {"angle": 45, "axis": "z", "origin": [0, 15, 0]},
			"faces": {
				"north": {"uv": [3, 7, 4, 9], "texture": "#0"},
				"east": {"uv": [3, 7, 5, 9], "texture": "#0"},
				"west": {"uv": [3, 7, 5, 9], "texture": "#0"},
				"up": {"uv": [3, 7, 5, 8], "rotation": 90, "texture": "#0"},
				"down": {"uv": [3, 7, 5, 8], "rotation": 270, "texture": "#0"}
			}
		},
		{
			"from": [15, -5, 12],
			"to": [16, -3, 14],
			"rotation": {"angle": 45, "axis": "z", "origin": [0, 15, 0]},
			"faces": {
				"north": {"uv": [2, 13, 3, 15], "texture": "#0"},
				"east": {"uv": [2, 13, 4, 15], "texture": "#0"},
				"west": {"uv": [2, 13, 4, 15], "texture": "#0"},
				"up": {"uv": [2, 13, 4, 14], "rotation": 90, "texture": "#0"},
				"down": {"uv": [2, 13, 4, 14], "rotation": 270, "texture": "#0"}
			}
		},
		{
			"from": [16, -3, 13],
			"to": [17, 1, 17],
			"rotation": {"angle": 45, "axis": "z", "origin": [0, 15, 0]},
			"faces": {
				"north": {"uv": [0, 9, 1, 13], "texture": "#0"},
				"east": {"uv": [0, 9, 4, 13], "texture": "#0"},
				"south": {"uv": [0, 9, 1, 13], "texture": "#0"},
				"west": {"uv": [0, 9, 4, 13], "texture": "#0"},
				"up": {"uv": [0, 9, 4, 10], "rotation": 90, "texture": "#0"},
				"down": {"uv": [0, 9, 4, 10], "rotation": 270, "texture": "#0"}
			}
		},
		{
			"from": [15, 3, 13],
			"to": [16, 4, 17],
			"rotation": {"angle": 45, "axis": "z", "origin": [0, 15, 0]},
			"faces": {
				"north": {"uv": [2, 6, 3, 7], "texture": "#0"},
				"east": {"uv": [2, 6, 6, 7], "texture": "#0"},
				"south": {"uv": [2, 6, 3, 7], "texture": "#0"},
				"up": {"uv": [2, 6, 6, 7], "rotation": 90, "texture": "#0"}
			}
		},
		{
			"from": [15, -6, 13],
			"to": [16, -5, 17],
			"rotation": {"angle": 45, "axis": "z", "origin": [0, 15, 0]},
			"faces": {
				"north": {"uv": [2, 15, 3, 16], "texture": "#0"},
				"east": {"uv": [2, 15, 6, 16], "texture": "#0"},
				"south": {"uv": [2, 15, 3, 16], "texture": "#0"},
				"down": {"uv": [2, 15, 6, 16], "rotation": 270, "texture": "#0"}
			}
		},
		{
			"from": [15, -5, 14],
			"to": [16, 3, 16],
			"rotation": {"angle": 45, "axis": "z", "origin": [0, 15, 0]},
			"faces": {
				"north": {"uv": [3, 7, 4, 15], "texture": "#0"},
				"east": {"uv": [3, 7, 5, 15], "texture": "#0"},
				"south": {"uv": [3, 7, 4, 15], "texture": "#0"},
				"west": {"uv": [3, 7, 5, 15], "texture": "#0"}
			}
		},
		{
			"from": [15, -3, 17],
			"to": [16, 1, 18],
			"rotation": {"angle": 45, "axis": "z", "origin": [0, 15, 0]},
			"faces": {
				"north": {"uv": [1, 9, 2, 13], "texture": "#0"},
				"east": {"uv": [1, 9, 2, 13], "texture": "#0"},
				"west": {"uv": [1, 9, 2, 13], "texture": "#0"}
			}
		},
		{
			"from": [15, 1, 16],
			"to": [16, 3, 18],
			"rotation": {"angle": 45, "axis": "z", "origin": [0, 15, 0]},
			"faces": {
				"east": {"uv": [2, 7, 4, 9], "texture": "#0"},
				"south": {"uv": [2, 7, 3, 9], "texture": "#0"},
				"west": {"uv": [2, 7, 4, 9], "texture": "#0"},
				"up": {"uv": [2, 7, 4, 8], "rotation": 90, "texture": "#0"},
				"down": {"uv": [2, 7, 4, 8], "rotation": 270, "texture": "#0"}
			}
		},
		{
			"from": [15, -5, 16],
			"to": [16, -3, 18],
			"rotation": {"angle": 45, "axis": "z", "origin": [0, 15, 0]},
			"faces": {
				"east": {"uv": [2, 13, 4, 15], "texture": "#0"},
				"south": {"uv": [2, 13, 3, 15], "texture": "#0"},
				"west": {"uv": [2, 13, 4, 15], "texture": "#0"},
				"up": {"uv": [2, 13, 4, 14], "rotation": 90, "texture": "#0"},
				"down": {"uv": [2, 13, 4, 14], "rotation": 270, "texture": "#0"}
			}
		},
		{
			"from": [11, 3, 12],
			"to": [12, 4, 18],
			"rotation": {"angle": 45, "axis": "z", "origin": [0, 15, 0]},
			"faces": {
				"west": {"uv": [5, 8, 6, 14], "rotation": 90, "texture": "#0"},
				"down": {"uv": [5, 8, 6, 14], "rotation": 180, "texture": "#0"}
			}
		},
		{
			"from": [11, -6, 12],
			"to": [12, -5, 18],
			"rotation": {"angle": 45, "axis": "z", "origin": [0, 15, 0]},
			"faces": {
				"west": {"uv": [5, 9, 6, 15], "rotation": 90, "texture": "#0"},
				"up": {"uv": [5, 9, 6, 15], "rotation": 180, "texture": "#0"}
			}
		},
		{
			"from": [-1, -0.3, 1],
			"to": [0, 0.7, 7],
			"rotation": {"angle": 0, "axis": "z", "origin": [0, 15, 0]},
			"faces": {
				"east": {"uv": [10, 9, 11, 15], "rotation": 90, "texture": "#0"},
				"up": {"uv": [10, 9, 11, 15], "texture": "#0"}
			}
		},
		{
			"from": [-1, 8.7, 1],
			"to": [0, 9.7, 7],
			"rotation": {"angle": 0, "axis": "z", "origin": [0, 15, 0]},
			"faces": {
				"east": {"uv": [10, 8, 11, 14], "rotation": 90, "texture": "#0"},
				"down": {"uv": [10, 8, 11, 14], "texture": "#0"}
			}
		},
		{
			"from": [11, 4, 12],
			"to": [14, 5, 18],
			"rotation": {"angle": 45, "axis": "z", "origin": [0, 15, 0]},
			"faces": {
				"north": {"uv": [2, 6, 5, 7], "texture": "#0"},
				"east": {"uv": [2, 6, 3, 12], "rotation": 90, "texture": "#0"},
				"south": {"uv": [2, 6, 5, 7], "rotation": 180, "texture": "#0"},
				"west": {"uv": [5, 7, 6, 13], "rotation": 90, "texture": "#0"},
				"up": {"uv": [2, 6, 5, 12], "rotation": 180, "texture": "#0"},
				"down": {"uv": [2, 6, 5, 12], "rotation": 180, "texture": "#0"}
			}
		},
		{
			"from": [11, -7, 12],
			"to": [14, -6, 18],
			"rotation": {"angle": 45, "axis": "z", "origin": [0, 15, 0]},
			"faces": {
				"north": {"uv": [2, 13, 5, 14], "texture": "#0"},
				"east": {"uv": [2, 15, 6, 16], "texture": "#0"},
				"south": {"uv": [2, 13, 5, 14], "texture": "#0"},
				"west": {"uv": [5, 7, 6, 13], "rotation": 90, "texture": "#0"},
				"up": {"uv": [2, 13, 8, 16], "rotation": 90, "texture": "#0"},
				"down": {"uv": [2, 8, 5, 14], "rotation": 180, "texture": "#0"}
			}
		},
		{
			"from": [12, -6, 12],
			"to": [13, 4, 18],
			"rotation": {"angle": 45, "axis": "z", "origin": [0, 15, 0]},
			"faces": {
				"north": {"uv": [0, 0, 1, 10], "texture": "#0"},
				"east": {"uv": [0, 0, 6, 10], "texture": "#0"},
				"south": {"uv": [0, 0, 1, 10], "texture": "#0"},
				"west": {"uv": [6, 8, 7, 15], "texture": "#0"}
			}
		},
		{
			"from": [11, -5, 11],
			"to": [12, 3, 12],
			"rotation": {"angle": 45, "axis": "z", "origin": [0, 15, 0]},
			"faces": {
				"east": {"uv": [4, 7, 5, 15], "texture": "#0"},
				"south": {"uv": [5, 7, 6, 15], "texture": "#0"},
				"west": {"uv": [5, 7, 6, 15], "texture": "#0"}
			}
		},
		{
			"from": [11, -5, 18],
			"to": [12, 3, 19],
			"rotation": {"angle": 45, "axis": "z", "origin": [0, 15, 0]},
			"faces": {
				"north": {"uv": [5, 7, 6, 15], "texture": "#0"},
				"east": {"uv": [4, 7, 5, 15], "texture": "#0"},
				"west": {"uv": [5, 7, 6, 15], "texture": "#0"}
			}
		},
		{
			"from": [14, -5, 11],
			"to": [15, -3, 12],
			"rotation": {"angle": 45, "axis": "z", "origin": [0, 15, 0]},
			"faces": {
				"north": {"uv": [2, 12, 3, 14], "texture": "#0"},
				"east": {"uv": [2, 12, 3, 14], "texture": "#0"},
				"south": {"uv": [2, 12, 3, 14], "texture": "#0"},
				"west": {"uv": [2, 12, 3, 14], "texture": "#0"},
				"up": {"uv": [2, 12, 3, 13], "rotation": 90, "texture": "#0"},
				"down": {"uv": [2, 12, 3, 13], "rotation": 270, "texture": "#0"}
			}
		},
		{
			"from": [-0.9, 8, 0.5],
			"to": [2.1, 8, 2.5],
			"rotation": {"angle": 0, "axis": "x", "origin": [0, 15, 0]},
			"faces": {
				"up": {"uv": [3, 3, 6, 7], "rotation": 90, "texture": "#2"},
				"down": {"uv": [3, 3, 6, 7], "rotation": 270, "texture": "#2"}
			}
		},
		{
			"from": [2.7, 8, -1.5],
			"to": [5.7, 8, 0.5],
			"rotation": {"angle": 0, "axis": "x", "origin": [0, 15, 0]},
			"faces": {
				"up": {"uv": [3, 3, 6, 7], "rotation": 90, "texture": "#2"},
				"down": {"uv": [3, 3, 6, 7], "rotation": 270, "texture": "#2"}
			}
		},
		{
			"from": [-1.3, 8, -1.5],
			"to": [1.7, 8, 0.5],
			"rotation": {"angle": 0, "axis": "x", "origin": [0, 15, 0]},
			"faces": {
				"up": {"uv": [3, 3, 6, 7], "rotation": 90, "texture": "#2"},
				"down": {"uv": [3, 3, 6, 7], "rotation": 270, "texture": "#2"}
			}
		},
		{
			"from": [3.4, 6, -1.5],
			"to": [6.4, 6, 0.5],
			"rotation": {"angle": 45, "axis": "z", "origin": [0, 15, 0]},
			"faces": {
				"up": {"uv": [3, 3, 6, 7], "rotation": 90, "texture": "#2"},
				"down": {"uv": [3, 3, 6, 7], "rotation": 270, "texture": "#2"}
			}
		},
		{
			"from": [-0.6, 6, -1.5],
			"to": [2.4, 6, 0.5],
			"rotation": {"angle": 45, "axis": "z", "origin": [0, 15, 0]},
			"faces": {
				"up": {"uv": [3, 3, 6, 7], "rotation": 90, "texture": "#2"},
				"down": {"uv": [3, 3, 6, 7], "rotation": 270, "texture": "#2"}
			}
		},
		{
			"from": [12, 13, -1.5],
			"to": [15, 13, 0.5],
			"rotation": {"angle": 0, "axis": "x", "origin": [0, 15, 0]},
			"faces": {
				"up": {"uv": [3, 3, 6, 7], "rotation": 90, "texture": "#2"},
				"down": {"uv": [3, 3, 6, 7], "rotation": 270, "texture": "#2"}
			}
		},
		{
			"from": [15.7, 13, -1.5],
			"to": [18.7, 13, 0.5],
			"rotation": {"angle": 0, "axis": "x", "origin": [0, 15, 0]},
			"faces": {
				"up": {"uv": [3, 3, 6, 7], "rotation": 90, "texture": "#2"},
				"down": {"uv": [3, 3, 6, 7], "rotation": 270, "texture": "#2"}
			}
		},
		{
			"from": [19.5, 13, -1.3],
			"to": [21.5, 13, 1.7],
			"rotation": {"angle": 0, "axis": "y", "origin": [0, 15, 0]},
			"faces": {
				"up": {"uv": [3, 3, 6, 7], "rotation": 180, "texture": "#2"},
				"down": {"uv": [3, 3, 6, 7], "rotation": 180, "texture": "#2"}
			}
		},
		{
			"from": [19.5, 13, 2.7],
			"to": [21.5, 13, 5.7],
			"rotation": {"angle": 0, "axis": "y", "origin": [0, 15, 0]},
			"faces": {
				"up": {"uv": [3, 3, 6, 7], "rotation": 180, "texture": "#2"},
				"down": {"uv": [3, 3, 6, 7], "rotation": 180, "texture": "#2"}
			}
		},
		{
			"from": [19.5, 13, 6.7],
			"to": [21.5, 13, 9.7],
			"rotation": {"angle": 0, "axis": "y", "origin": [0, 15, 0]},
			"faces": {
				"up": {"uv": [3, 3, 6, 7], "rotation": 180, "texture": "#2"},
				"down": {"uv": [3, 3, 6, 7], "rotation": 180, "texture": "#2"}
			}
		},
		{
			"from": [1.4, 6.9, -0.5],
			"to": [3.4, 8.9, -0.5],
			"rotation": {"angle": 0, "axis": "x", "origin": [0, 15, 0]},
			"faces": {
				"north": {"uv": [0, 1, 3, 4], "rotation": 90, "texture": "#2"},
				"south": {"uv": [0, 1, 3, 4], "rotation": 90, "texture": "#2"}
			}
		},
		{
			"from": [2, 4.9, -0.5],
			"to": [4, 6.9, -0.5],
			"rotation": {"angle": 45, "axis": "z", "origin": [0, 15, 0]},
			"faces": {
				"north": {"uv": [0, 1, 3, 4], "rotation": 90, "texture": "#2"},
				"south": {"uv": [0, 1, 3, 4], "rotation": 90, "texture": "#2"}
			}
		},
		{
			"from": [-2, 4.9, -0.5],
			"to": [0, 6.9, -0.5],
			"rotation": {"angle": 45, "axis": "z", "origin": [0, 15, 0]},
			"faces": {
				"north": {"uv": [0, 1, 3, 4], "rotation": 90, "texture": "#2"},
				"south": {"uv": [0, 1, 3, 4], "rotation": 90, "texture": "#2"}
			}
		},
		{
			"from": [10.7, 11.9, -0.5],
			"to": [12.7, 13.9, -0.5],
			"rotation": {"angle": 0, "axis": "x", "origin": [0, 15, 0]},
			"faces": {
				"north": {"uv": [0, 1, 3, 4], "rotation": 90, "texture": "#2"},
				"south": {"uv": [0, 1, 3, 4], "rotation": 90, "texture": "#2"}
			}
		},
		{
			"from": [14.3, 11.9, -0.5],
			"to": [16.3, 13.9, -0.5],
			"rotation": {"angle": 0, "axis": "x", "origin": [0, 15, 0]},
			"faces": {
				"north": {"uv": [0, 1, 3, 4], "rotation": 90, "texture": "#2"},
				"south": {"uv": [0, 1, 3, 4], "rotation": 90, "texture": "#2"}
			}
		},
		{
			"from": [18, 11.9, -0.5],
			"to": [20, 13.9, -0.5],
			"rotation": {"angle": 0, "axis": "x", "origin": [0, 15, 0]},
			"faces": {
				"north": {"uv": [0, 1, 3, 4], "rotation": 90, "texture": "#2"},
				"south": {"uv": [0, 1, 3, 4], "rotation": 90, "texture": "#2"}
			}
		},
		{
			"from": [20.5, 11.9, 1],
			"to": [20.5, 13.9, 3],
			"rotation": {"angle": 0, "axis": "y", "origin": [0, 15, 0]},
			"faces": {
				"east": {"uv": [0, 1, 3, 4], "rotation": 90, "texture": "#2"},
				"west": {"uv": [0, 1, 3, 4], "rotation": 90, "texture": "#2"}
			}
		},
		{
			"from": [20.5, 11.9, 5],
			"to": [20.5, 13.9, 7],
			"rotation": {"angle": 0, "axis": "y", "origin": [0, 15, 0]},
			"faces": {
				"east": {"uv": [0, 1, 3, 4], "rotation": 90, "texture": "#2"},
				"west": {"uv": [0, 1, 3, 4], "rotation": 90, "texture": "#2"}
			}
		},
		{
			"from": [0, 0, 0],
			"to": [10, 10, 10],
			"faces": {
				"north": {"uv": [0, 0, 16, 16], "texture": "#3"},
				"east": {"uv": [0, 0, 16, 16], "texture": "#3"},
				"south": {"uv": [0, 0, 16, 16], "texture": "#3"},
				"west": {"uv": [0, 0, 16, 16], "texture": "#3"},
				"up": {"uv": [0, 0, 16, 16], "texture": "#3"},
				"down": {"uv": [0, 0, 16, 16], "texture": "#3"}
			}
		},
		{
			"from": [10, 6, 0],
			"to": [20, 16, 10],
			"faces": {
				"north": {"uv": [0, 0, 16, 16], "texture": "#3"},
				"east": {"uv": [0, 0, 16, 16], "texture": "#3"},
				"south": {"uv": [0, 0, 16, 16], "texture": "#3"},
				"west": {"uv": [0, 0, 16, 16], "texture": "#3"},
				"up": {"uv": [0, 0, 16, 16], "texture": "#3"},
				"down": {"uv": [0, 0, 16, 16], "texture": "#3"}
			}
		},
		{
			"from": [10, 1, 10],
			"to": [20, 11, 20],
			"faces": {
				"north": {"uv": [0, 0, 16, 16], "texture": "#3"},
				"east": {"uv": [0, 0, 16, 16], "texture": "#3"},
				"south": {"uv": [0, 0, 16, 16], "texture": "#3"},
				"west": {"uv": [0, 0, 16, 16], "texture": "#3"},
				"up": {"uv": [0, 0, 16, 16], "texture": "#3"},
				"down": {"uv": [0, 0, 16, 16], "texture": "#3"}
			}
		},
		{
			"from": [0, 9, 10],
			"to": [10, 19, 20],
			"faces": {
				"north": {"uv": [0, 0, 16, 16], "texture": "#3"},
				"east": {"uv": [0, 0, 16, 16], "texture": "#3"},
				"south": {"uv": [0, 0, 16, 16], "texture": "#3"},
				"west": {"uv": [0, 0, 16, 16], "texture": "#3"},
				"up": {"uv": [0, 0, 16, 16], "texture": "#3"},
				"down": {"uv": [0, 0, 16, 16], "texture": "#3"}
			}
		}
	],
	"gui_light": "front",
	"display": {
		"thirdperson_righthand": {
			"rotation": [90, -15, -95],
			"translation": [0.75, 1.25, 1.75],
			"scale": [0.43, 0.43, 0.43]
		},
		"thirdperson_lefthand": {
			"rotation": [90, -15, -95],
			"translation": [1.5, 0.75, 1.75],
			"scale": [0.43, 0.43, 0.43]
		},
		"firstperson_righthand": {
			"rotation": [-59, -66, -40],
			"translation": [7.5, 1, -8.75],
			"scale": [0.88, 0.88, 0.88]
		},
		"firstperson_lefthand": {
			"rotation": [-59, -66, -40],
			"translation": [8.25, 1.5, -9.75],
			"scale": [0.88, 0.88, 0.88]
		},
		"ground": {
			"translation": [0, 4.75, 0.75],
			"scale": [0.7, 0.7, 0.7]
		},
		"gui": {
			"rotation": [0, 180, 0]
		},
		"head": {
			"rotation": [0, -90, 0],
			"translation": [-3.25, -36.5, -2.25],
			"scale": [1.6, 1.6, 1.6]
		}
	},
	"groups": [
		{
			"name": "group",
			"origin": [0, 0, 0],
			"color": 0,
			"children": [0, 1, 2, 3, 4, 5, 6, 7, 8, 9, 10, 11, 12, 13, 14, 15, 16, 17, 18, 19, 20, 21, 22]
		},
		{
			"name": "group",
			"origin": [0, 0, 0],
			"color": 0,
			"children": [23, 24, 25, 26, 27, 28, 29, 30, 31, 32, 33, 34, 35, 36, 37, 38, 39, 40, 41, 42, 43, 44, 45]
		},
		{
			"name": "group",
			"origin": [0, 0, 0],
			"color": 0,
			"children": [46, 47, 48, 49, 50, 51, 52, 53, 54, 55, 56, 57, 58, 59, 60, 61, 62, 63, 64, 65, 66, 67, 68, 69, 70, 71, 72, 73, 74, 75, 76, 77, 78, 79, 80, 81, 82, 83, 84, 85, 86, 87, 88, 89, 90]
		},
		{
			"name": "chain",
			"origin": [0, 0, 0],
			"color": 0,
			"children": []
		},
		91,
		92,
		93,
		94,
		95,
		96,
		97,
		98,
		99,
		100,
		101,
		102,
		103,
		104,
		105,
		106,
		107
	]
}