{
	"credit": "Made with Blockbench",
	"textures": {
		"0": "custom/cluster_cannonball",
		"particle": "custom/cluster_cannonball"
	},
	"elements": [
		{
			"from": [6, 8, 4],
			"to": [10, 9, 5],
			"faces": {
				"north": {"uv": [10, 15, 14, 16], "texture": "#0"},
				"east": {"uv": [10, 15, 11, 16], "texture": "#0"},
				"south": {"uv": [10, 15, 14, 16], "texture": "#0"},
				"west": {"uv": [10, 15, 11, 16], "texture": "#0"},
				"up": {"uv": [10, 15, 14, 16], "texture": "#0"},
				"down": {"uv": [10, 14, 14, 15], "texture": "#0"}
			}
		},
		{
			"from": [10, 9, 4],
			"to": [11, 10, 5],
			"faces": {
				"north": {"uv": [9, 14, 10, 15], "texture": "#0"},
				"east": {"uv": [9, 14, 10, 15], "texture": "#0"},
				"south": {"uv": [9, 14, 10, 15], "texture": "#0"},
				"west": {"uv": [9, 14, 10, 15], "texture": "#0"},
				"up": {"uv": [9, 14, 10, 15], "texture": "#0"},
				"down": {"uv": [9, 14, 10, 15], "texture": "#0"}
			}
		},
		{
			"from": [5, 9, 4],
			"to": [6, 10, 5],
			"faces": {
				"north": {"uv": [14, 14, 15, 15], "texture": "#0"},
				"east": {"uv": [14, 14, 15, 15], "texture": "#0"},
				"south": {"uv": [14, 14, 15, 15], "texture": "#0"},
				"west": {"uv": [14, 14, 15, 15], "texture": "#0"},
				"up": {"uv": [14, 14, 15, 15], "texture": "#0"},
				"down": {"uv": [14, 14, 15, 15], "texture": "#0"}
			}
		},
		{
			"from": [4, 10, 4],
			"to": [5, 14, 5],
			"faces": {
				"north": {"uv": [15, 10, 16, 14], "texture": "#0"},
				"east": {"uv": [9, 10, 10, 14], "texture": "#0"},
				"south": {"uv": [9, 10, 10, 14], "texture": "#0"},
				"west": {"uv": [9, 10, 10, 14], "texture": "#0"},
				"up": {"uv": [9, 10, 10, 11], "texture": "#0"},
				"down": {"uv": [9, 10, 10, 11], "texture": "#0"}
			}
		},
		{
			"from": [5, 14, 4],
			"to": [6, 15, 5],
			"faces": {
				"north": {"uv": [10, 2, 11, 3], "texture": "#0"},
				"east": {"uv": [10, 2, 11, 3], "texture": "#0"},
				"south": {"uv": [10, 2, 11, 3], "texture": "#0"},
				"west": {"uv": [10, 2, 11, 3], "texture": "#0"},
				"up": {"uv": [10, 2, 11, 3], "texture": "#0"},
				"down": {"uv": [10, 2, 11, 3], "texture": "#0"}
			}
		},
		{
			"from": [6, 9, 3],
			"to": [10, 10, 4],
			"faces": {
				"north": {"uv": [10, 14, 14, 15], "texture": "#0"},
				"east": {"uv": [10, 14, 11, 15], "texture": "#0"},
				"south": {"uv": [10, 14, 14, 15], "texture": "#0"},
				"west": {"uv": [10, 14, 11, 15], "texture": "#0"},
				"up": {"uv": [10, 14, 14, 15], "texture": "#0"},
				"down": {"uv": [10, 14, 14, 15], "texture": "#0"}
			}
		},
		{
			"from": [10, 14, 4],
			"to": [11, 15, 5],
			"faces": {
				"north": {"uv": [9, 9, 10, 10], "texture": "#0"},
				"east": {"uv": [9, 9, 10, 10], "texture": "#0"},
				"south": {"uv": [9, 9, 10, 10], "texture": "#0"},
				"west": {"uv": [9, 9, 10, 10], "texture": "#0"},
				"up": {"uv": [9, 9, 10, 10], "texture": "#0"},
				"down": {"uv": [9, 9, 10, 10], "texture": "#0"}
			}
		},
		{
			"from": [11, 10, 4],
			"to": [12, 14, 5],
			"faces": {
				"north": {"uv": [8, 10, 9, 14], "texture": "#0"},
				"east": {"uv": [8, 10, 9, 14], "texture": "#0"},
				"south": {"uv": [8, 10, 9, 14], "texture": "#0"},
				"west": {"uv": [8, 10, 9, 14], "texture": "#0"},
				"up": {"uv": [8, 10, 9, 11], "texture": "#0"},
				"down": {"uv": [8, 10, 9, 11], "texture": "#0"}
			}
		},
		{
			"from": [10, 10, 3],
			"to": [11, 14, 4],
			"faces": {
				"north": {"uv": [9, 10, 10, 14], "texture": "#0"},
				"east": {"uv": [9, 10, 10, 14], "texture": "#0"},
				"south": {"uv": [9, 10, 10, 14], "texture": "#0"},
				"west": {"uv": [9, 10, 10, 14], "texture": "#0"},
				"up": {"uv": [9, 10, 10, 11], "texture": "#0"},
				"down": {"uv": [9, 10, 10, 11], "texture": "#0"}
			}
		},
		{
			"from": [5, 10, 3],
			"to": [6, 14, 4],
			"faces": {
				"north": {"uv": [14, 10, 15, 14], "texture": "#0"},
				"east": {"uv": [14, 10, 15, 14], "texture": "#0"},
				"south": {"uv": [14, 10, 15, 14], "texture": "#0"},
				"west": {"uv": [14, 10, 15, 14], "texture": "#0"},
				"up": {"uv": [14, 10, 15, 11], "texture": "#0"},
				"down": {"uv": [14, 10, 15, 11], "texture": "#0"}
			}
		},
		{
			"from": [6, 14, 3],
			"to": [10, 15, 4],
			"faces": {
				"north": {"uv": [10, 9, 14, 10], "texture": "#0"},
				"east": {"uv": [10, 9, 11, 10], "texture": "#0"},
				"south": {"uv": [10, 9, 14, 10], "texture": "#0"},
				"west": {"uv": [10, 9, 11, 10], "texture": "#0"},
				"up": {"uv": [10, 9, 14, 10], "texture": "#0"},
				"down": {"uv": [10, 9, 14, 10], "texture": "#0"}
			}
		},
		{
			"from": [6, 15, 4],
			"to": [10, 16, 5],
			"faces": {
				"north": {"uv": [10, 8, 14, 9], "texture": "#0"},
				"east": {"uv": [10, 8, 11, 9], "texture": "#0"},
				"south": {"uv": [10, 8, 14, 9], "texture": "#0"},
				"west": {"uv": [10, 8, 11, 9], "texture": "#0"},
				"up": {"uv": [10, 14, 14, 15], "texture": "#0"},
				"down": {"uv": [10, 8, 14, 9], "texture": "#0"}
			}
		},
		{
			"from": [6, 10, 3],
			"to": [10, 14, 4],
			"faces": {
				"north": {"uv": [10, 10, 14, 14], "texture": "#0"},
				"east": {"uv": [10, 10, 11, 14], "texture": "#0"},
				"south": {"uv": [10, 10, 14, 14], "texture": "#0"},
				"west": {"uv": [10, 10, 11, 14], "texture": "#0"},
				"up": {"uv": [10, 10, 14, 11], "texture": "#0"},
				"down": {"uv": [10, 10, 14, 11], "texture": "#0"}
			}
		},
		{
			"from": [6, 15, 5],
			"to": [10, 16, 9],
			"faces": {
				"north": {"uv": [10, 10, 14, 11], "texture": "#0"},
				"east": {"uv": [10, 10, 14, 11], "texture": "#0"},
				"south": {"uv": [10, 10, 14, 11], "texture": "#0"},
				"west": {"uv": [10, 10, 14, 11], "texture": "#0"},
				"up": {"uv": [10, 10, 14, 14], "rotation": 180, "texture": "#0"},
				"down": {"uv": [10, 10, 14, 14], "texture": "#0"}
			}
		},
		{
			"from": [6, 8, 5],
			"to": [10, 9, 9],
			"faces": {
				"north": {"uv": [10, 10, 14, 11], "texture": "#0"},
				"east": {"uv": [10, 10, 14, 11], "texture": "#0"},
				"south": {"uv": [10, 10, 14, 11], "texture": "#0"},
				"west": {"uv": [10, 10, 14, 11], "texture": "#0"},
				"up": {"uv": [10, 10, 14, 14], "texture": "#0"},
				"down": {"uv": [10, 10, 14, 14], "texture": "#0"}
			}
		},
		{
			"from": [5, 8, 5],
			"to": [6, 9, 9],
			"faces": {
				"north": {"uv": [13, 15, 14, 16], "texture": "#0"},
				"east": {"uv": [10, 15, 14, 16], "texture": "#0"},
				"south": {"uv": [10, 15, 11, 16], "texture": "#0"},
				"west": {"uv": [10, 15, 14, 16], "texture": "#0"},
				"up": {"uv": [10, 15, 14, 16], "rotation": 270, "texture": "#0"},
				"down": {"uv": [14, 10, 15, 14], "texture": "#0"}
			}
		},
		{
			"from": [4, 9, 5],
			"to": [5, 10, 9],
			"faces": {
				"north": {"uv": [14, 14, 15, 15], "texture": "#0"},
				"east": {"uv": [10, 14, 14, 15], "texture": "#0"},
				"south": {"uv": [10, 14, 11, 15], "texture": "#0"},
				"west": {"uv": [10, 14, 14, 15], "texture": "#0"},
				"up": {"uv": [10, 14, 14, 15], "rotation": 270, "texture": "#0"},
				"down": {"uv": [10, 14, 14, 15], "rotation": 90, "texture": "#0"}
			}
		},
		{
			"from": [4, 14, 5],
			"to": [5, 15, 9],
			"faces": {
				"north": {"uv": [14, 9, 15, 10], "texture": "#0"},
				"east": {"uv": [10, 9, 14, 10], "texture": "#0"},
				"south": {"uv": [10, 9, 11, 10], "texture": "#0"},
				"west": {"uv": [10, 9, 14, 10], "texture": "#0"},
				"up": {"uv": [10, 9, 14, 10], "rotation": 270, "texture": "#0"},
				"down": {"uv": [10, 9, 14, 10], "rotation": 90, "texture": "#0"}
			}
		},
		{
			"from": [5, 15, 5],
			"to": [6, 16, 9],
			"faces": {
				"north": {"uv": [13, 8, 14, 9], "texture": "#0"},
				"east": {"uv": [10, 8, 14, 9], "texture": "#0"},
				"south": {"uv": [10, 8, 11, 9], "texture": "#0"},
				"west": {"uv": [10, 8, 14, 9], "texture": "#0"},
				"up": {"uv": [10, 9, 14, 10], "rotation": 270, "texture": "#0"},
				"down": {"uv": [10, 8, 14, 9], "rotation": 90, "texture": "#0"}
			}
		},
		{
			"from": [4, 10, 5],
			"to": [5, 14, 9],
			"faces": {
				"north": {"uv": [10, 10, 11, 14], "texture": "#0"},
				"east": {"uv": [10, 10, 14, 14], "texture": "#0"},
				"south": {"uv": [10, 10, 11, 14], "texture": "#0"},
				"west": {"uv": [10, 10, 14, 14], "texture": "#0"},
				"up": {"uv": [10, 10, 14, 11], "rotation": 270, "texture": "#0"},
				"down": {"uv": [10, 10, 14, 11], "rotation": 90, "texture": "#0"}
			}
		},
		{
			"from": [11, 10, 5],
			"to": [12, 14, 9],
			"faces": {
				"north": {"uv": [10, 10, 11, 14], "texture": "#0"},
				"east": {"uv": [10, 10, 14, 14], "texture": "#0"},
				"south": {"uv": [10, 10, 11, 14], "texture": "#0"},
				"west": {"uv": [10, 10, 14, 14], "texture": "#0"},
				"up": {"uv": [10, 10, 14, 11], "rotation": 90, "texture": "#0"},
				"down": {"uv": [10, 10, 14, 11], "rotation": 270, "texture": "#0"}
			}
		},
		{
			"from": [10, 15, 5],
			"to": [11, 16, 9],
			"faces": {
				"north": {"uv": [10, 8, 11, 9], "texture": "#0"},
				"east": {"uv": [10, 8, 14, 9], "texture": "#0"},
				"south": {"uv": [10, 8, 11, 9], "texture": "#0"},
				"west": {"uv": [10, 8, 14, 9], "texture": "#0"},
				"up": {"uv": [10, 9, 14, 10], "rotation": 90, "texture": "#0"},
				"down": {"uv": [10, 8, 14, 9], "rotation": 270, "texture": "#0"}
			}
		},
		{
			"from": [11, 14, 5],
			"to": [12, 15, 9],
			"faces": {
				"north": {"uv": [9, 9, 10, 10], "texture": "#0"},
				"east": {"uv": [9, 9, 13, 10], "texture": "#0"},
				"south": {"uv": [14, 9, 15, 10], "texture": "#0"},
				"west": {"uv": [9, 9, 13, 10], "texture": "#0"},
				"up": {"uv": [9, 9, 13, 10], "rotation": 90, "texture": "#0"},
				"down": {"uv": [9, 9, 13, 10], "rotation": 270, "texture": "#0"}
			}
		},
		{
			"from": [11, 9, 5],
			"to": [12, 10, 9],
			"faces": {
				"north": {"uv": [10, 14, 11, 15], "texture": "#0"},
				"east": {"uv": [10, 14, 14, 15], "texture": "#0"},
				"south": {"uv": [14, 14, 15, 15], "texture": "#0"},
				"west": {"uv": [10, 14, 14, 15], "texture": "#0"},
				"up": {"uv": [10, 14, 14, 15], "rotation": 90, "texture": "#0"},
				"down": {"uv": [10, 14, 14, 15], "rotation": 270, "texture": "#0"}
			}
		},
		{
			"from": [10, 8, 5],
			"to": [11, 9, 9],
			"faces": {
				"north": {"uv": [10, 15, 11, 16], "texture": "#0"},
				"east": {"uv": [10, 15, 14, 16], "texture": "#0"},
				"south": {"uv": [10, 15, 11, 16], "texture": "#0"},
				"west": {"uv": [10, 15, 14, 16], "texture": "#0"},
				"up": {"uv": [10, 15, 14, 16], "rotation": 90, "texture": "#0"},
				"down": {"uv": [9, 10, 10, 14], "texture": "#0"}
			}
		},
		{
			"from": [6, 8, 9],
			"to": [10, 9, 10],
			"faces": {
				"north": {"uv": [10, 15, 14, 16], "texture": "#0"},
				"east": {"uv": [10, 15, 11, 16], "texture": "#0"},
				"south": {"uv": [10, 15, 14, 16], "texture": "#0"},
				"west": {"uv": [10, 15, 11, 16], "texture": "#0"},
				"up": {"uv": [10, 15, 14, 16], "rotation": 180, "texture": "#0"},
				"down": {"uv": [10, 9, 14, 10], "rotation": 180, "texture": "#0"}
			}
		},
		{
			"from": [5, 9, 9],
			"to": [6, 10, 10],
			"faces": {
				"north": {"uv": [14, 14, 15, 15], "texture": "#0"},
				"east": {"uv": [14, 14, 15, 15], "texture": "#0"},
				"south": {"uv": [14, 14, 15, 15], "texture": "#0"},
				"west": {"uv": [14, 14, 15, 15], "texture": "#0"},
				"up": {"uv": [14, 14, 15, 15], "rotation": 180, "texture": "#0"},
				"down": {"uv": [14, 14, 15, 15], "rotation": 180, "texture": "#0"}
			}
		},
		{
			"from": [10, 9, 9],
			"to": [11, 10, 10],
			"faces": {
				"north": {"uv": [9, 14, 10, 15], "texture": "#0"},
				"east": {"uv": [9, 14, 10, 15], "texture": "#0"},
				"south": {"uv": [9, 14, 10, 15], "texture": "#0"},
				"west": {"uv": [9, 14, 10, 15], "texture": "#0"},
				"up": {"uv": [9, 14, 10, 15], "rotation": 180, "texture": "#0"},
				"down": {"uv": [9, 14, 10, 15], "rotation": 180, "texture": "#0"}
			}
		},
		{
			"from": [11, 10, 9],
			"to": [12, 14, 10],
			"faces": {
				"north": {"uv": [9, 10, 10, 14], "texture": "#0"},
				"east": {"uv": [9, 10, 10, 14], "texture": "#0"},
				"south": {"uv": [15, 10, 16, 14], "texture": "#0"},
				"west": {"uv": [9, 10, 10, 14], "texture": "#0"},
				"up": {"uv": [9, 10, 10, 11], "rotation": 180, "texture": "#0"},
				"down": {"uv": [9, 10, 10, 11], "rotation": 180, "texture": "#0"}
			}
		},
		{
			"from": [10, 14, 9],
			"to": [11, 15, 10],
			"faces": {
				"north": {"uv": [9, 9, 10, 10], "texture": "#0"},
				"east": {"uv": [9, 9, 10, 10], "texture": "#0"},
				"south": {"uv": [9, 9, 10, 10], "texture": "#0"},
				"west": {"uv": [9, 9, 10, 10], "texture": "#0"},
				"up": {"uv": [9, 9, 10, 10], "rotation": 180, "texture": "#0"},
				"down": {"uv": [9, 9, 10, 10], "rotation": 180, "texture": "#0"}
			}
		},
		{
			"from": [6, 9, 10],
			"to": [10, 10, 11],
			"faces": {
				"north": {"uv": [10, 14, 14, 15], "texture": "#0"},
				"east": {"uv": [10, 14, 11, 15], "texture": "#0"},
				"south": {"uv": [10, 14, 14, 15], "texture": "#0"},
				"west": {"uv": [10, 14, 11, 15], "texture": "#0"},
				"up": {"uv": [10, 14, 14, 15], "rotation": 180, "texture": "#0"},
				"down": {"uv": [10, 14, 14, 15], "rotation": 180, "texture": "#0"}
			}
		},
		{
			"from": [5, 14, 9],
			"to": [6, 15, 10],
			"faces": {
				"north": {"uv": [14, 9, 15, 10], "texture": "#0"},
				"east": {"uv": [14, 9, 15, 10], "texture": "#0"},
				"south": {"uv": [14, 9, 15, 10], "texture": "#0"},
				"west": {"uv": [14, 9, 15, 10], "texture": "#0"},
				"up": {"uv": [14, 9, 15, 10], "rotation": 180, "texture": "#0"},
				"down": {"uv": [14, 9, 15, 10], "rotation": 180, "texture": "#0"}
			}
		},
		{
			"from": [4, 10, 9],
			"to": [5, 14, 10],
			"faces": {
				"north": {"uv": [14, 10, 15, 14], "texture": "#0"},
				"east": {"uv": [14, 10, 15, 14], "texture": "#0"},
				"south": {"uv": [14, 10, 15, 14], "texture": "#0"},
				"west": {"uv": [14, 10, 15, 14], "texture": "#0"},
				"up": {"uv": [14, 10, 15, 11], "rotation": 180, "texture": "#0"},
				"down": {"uv": [14, 10, 15, 11], "rotation": 180, "texture": "#0"}
			}
		},
		{
			"from": [5, 10, 10],
			"to": [6, 14, 11],
			"faces": {
				"north": {"uv": [10, 10, 11, 14], "texture": "#0"},
				"east": {"uv": [10, 10, 11, 14], "texture": "#0"},
				"south": {"uv": [10, 10, 11, 14], "texture": "#0"},
				"west": {"uv": [10, 10, 11, 14], "texture": "#0"},
				"up": {"uv": [10, 10, 11, 11], "rotation": 180, "texture": "#0"},
				"down": {"uv": [10, 10, 11, 11], "rotation": 180, "texture": "#0"}
			}
		},
		{
			"from": [10, 10, 10],
			"to": [11, 14, 11],
			"faces": {
				"north": {"uv": [8, 10, 9, 14], "texture": "#0"},
				"east": {"uv": [8, 10, 9, 14], "texture": "#0"},
				"south": {"uv": [14, 10, 15, 14], "texture": "#0"},
				"west": {"uv": [8, 10, 9, 14], "texture": "#0"},
				"up": {"uv": [8, 10, 9, 11], "rotation": 180, "texture": "#0"},
				"down": {"uv": [8, 10, 9, 11], "rotation": 180, "texture": "#0"}
			}
		},
		{
			"from": [6, 14, 10],
			"to": [10, 15, 11],
			"faces": {
				"north": {"uv": [10, 9, 14, 10], "texture": "#0"},
				"east": {"uv": [10, 9, 11, 10], "texture": "#0"},
				"south": {"uv": [10, 9, 14, 10], "texture": "#0"},
				"west": {"uv": [10, 9, 11, 10], "texture": "#0"},
				"up": {"uv": [10, 9, 14, 10], "rotation": 180, "texture": "#0"},
				"down": {"uv": [10, 9, 14, 10], "rotation": 180, "texture": "#0"}
			}
		},
		{
			"from": [6, 15, 9],
			"to": [10, 16, 10],
			"faces": {
				"north": {"uv": [10, 8, 14, 9], "texture": "#0"},
				"east": {"uv": [10, 8, 11, 9], "texture": "#0"},
				"south": {"uv": [10, 8, 14, 9], "texture": "#0"},
				"west": {"uv": [10, 8, 11, 9], "texture": "#0"},
				"up": {"uv": [10, 9, 14, 10], "rotation": 180, "texture": "#0"},
				"down": {"uv": [10, 8, 14, 9], "rotation": 180, "texture": "#0"}
			}
		},
		{
			"from": [6, 10, 10],
			"to": [10, 14, 11],
			"faces": {
				"north": {"uv": [10, 10, 14, 14], "texture": "#0"},
				"east": {"uv": [10, 10, 11, 14], "texture": "#0"},
				"south": {"uv": [10, 10, 14, 14], "texture": "#0"},
				"west": {"uv": [10, 10, 11, 14], "texture": "#0"},
				"up": {"uv": [10, 10, 14, 11], "rotation": 180, "texture": "#0"},
				"down": {"uv": [10, 10, 14, 11], "rotation": 180, "texture": "#0"}
			}
		}
	],
	"gui_light": "front",
	"display": {
		"thirdperson_righthand": {
			"translation": [-0.25, -0.5, 2.25],
			"scale": [0.94, 0.94, 0.93]
		},
		"thirdperson_lefthand": {
			"translation": [0, -1, 2.5],
			"scale": [0.94, 0.94, 0.94]
		},
		"firstperson_righthand": {
			"rotation": [-19, -52, 14],
			"translation": [-0.75, 4.5, 1.25],
			"scale": [0.32, 0.32, 0.32]
		},
		"firstperson_lefthand": {
			"rotation": [-19, -52, 14],
			"translation": [-1, 4.5, 1.25],
			"scale": [0.32, 0.32, 0.32]
		},
		"ground": {
			"translation": [0, 1.5, 0],
			"scale": [0.38, 0.38, 0.38]
		},
		"gui": {
			"rotation": [0, 180, 0]
		},
		"head": {
			"translation": [0, -29.5, 1.5],
			"scale": [2, 2, 2]
		}
	},
	"groups": [
		{
			"name": "group",
			"origin": [0, 0, 0],
			"color": 0,
			"children": [0, 1, 2, 3, 4, 5, 6, 7, 8, 9, 10, 11, 12, 13, 14]
		},
		{
			"name": "group",
			"origin": [0, 0, 0],
			"color": 0,
			"children": [15, 16, 17, 18, 19]
		},
		{
			"name": "group",
			"origin": [0, 0, 0],
			"color": 0,
			"children": [20, 21, 22, 23, 24]
		},
		{
			"name": "group",
			"origin": [0, 0, 0],
			"color": 0,
			"children": [25, 26, 27, 28, 29, 30, 31, 32, 33, 34, 35, 36, 37]
		}
	]
}