{
	"credit": "Made with Blockbench",
	"textures": {
		"0": "custom/cluster_cannonball",
		"1": "custom/cluster_cannonball_gui",
		"particle": "custom/cluster_cannonball"
	},
	"elements": [
		{
			"name": "ICON",
			"from": [0, 0, 5],
			"to": [16, 16, 5],
			"faces": {
				"north": {"uv": [0, 0, 16, 16], "texture": "#1"},
				"south": {"uv": [0, 0, 16, 16], "texture": "#1"}
			}
		},
		{
			"from": [2, 0, 0],
			"to": [6, 1, 1],
			"faces": {
				"north": {"uv": [10, 15, 14, 16], "texture": "#0"},
				"east": {"uv": [10, 15, 11, 16], "texture": "#0"},
				"south": {"uv": [10, 15, 14, 16], "texture": "#0"},
				"west": {"uv": [10, 15, 11, 16], "texture": "#0"},
				"up": {"uv": [10, 15, 14, 16], "texture": "#0"},
				"down": {"uv": [10, 15, 14, 16], "texture": "#0"}
			}
		},
		{
			"from": [6, 1, 0],
			"to": [7, 2, 1],
			"faces": {
				"north": {"uv": [9, 14, 10, 15], "texture": "#0"},
				"east": {"uv": [9, 14, 10, 15], "texture": "#0"},
				"south": {"uv": [9, 14, 10, 15], "texture": "#0"},
				"west": {"uv": [9, 14, 10, 15], "texture": "#0"},
				"up": {"uv": [9, 14, 10, 15], "texture": "#0"},
				"down": {"uv": [9, 14, 10, 15], "texture": "#0"}
			}
		},
		{
			"from": [1, 1, 0],
			"to": [2, 2, 1],
			"faces": {
				"north": {"uv": [14, 14, 15, 15], "texture": "#0"},
				"east": {"uv": [14, 14, 15, 15], "texture": "#0"},
				"south": {"uv": [14, 14, 15, 15], "texture": "#0"},
				"west": {"uv": [14, 14, 15, 15], "texture": "#0"},
				"up": {"uv": [14, 14, 15, 15], "texture": "#0"},
				"down": {"uv": [14, 14, 15, 15], "texture": "#0"}
			}
		},
		{
			"from": [0, 2, 0],
			"to": [1, 6, 1],
			"faces": {
				"north": {"uv": [15, 10, 16, 14], "texture": "#0"},
				"east": {"uv": [9, 10, 10, 14], "texture": "#0"},
				"south": {"uv": [9, 10, 10, 14], "texture": "#0"},
				"west": {"uv": [9, 10, 10, 14], "texture": "#0"},
				"up": {"uv": [9, 10, 10, 11], "texture": "#0"},
				"down": {"uv": [9, 10, 10, 11], "texture": "#0"}
			}
		},
		{
			"from": [1, 6, 0],
			"to": [2, 7, 1],
			"faces": {
				"north": {"uv": [10, 2, 11, 3], "texture": "#0"},
				"east": {"uv": [10, 2, 11, 3], "texture": "#0"},
				"south": {"uv": [10, 2, 11, 3], "texture": "#0"},
				"west": {"uv": [10, 2, 11, 3], "texture": "#0"},
				"up": {"uv": [10, 2, 11, 3], "texture": "#0"},
				"down": {"uv": [10, 2, 11, 3], "texture": "#0"}
			}
		},
		{
			"from": [9, 6, 0],
			"to": [10, 7, 1],
			"faces": {
				"north": {"uv": [10, 2, 11, 3], "texture": "#0"},
				"east": {"uv": [10, 2, 11, 3], "texture": "#0"},
				"south": {"uv": [10, 2, 11, 3], "texture": "#0"},
				"west": {"uv": [10, 2, 11, 3], "texture": "#0"},
				"up": {"uv": [10, 2, 11, 3], "texture": "#0"},
				"down": {"uv": [10, 2, 11, 3], "texture": "#0"}
			}
		},
		{
			"from": [2, 1, -1],
			"to": [6, 2, 0],
			"faces": {
				"north": {"uv": [10, 14, 14, 15], "texture": "#0"},
				"east": {"uv": [10, 14, 11, 15], "texture": "#0"},
				"south": {"uv": [10, 14, 14, 15], "texture": "#0"},
				"west": {"uv": [10, 14, 11, 15], "texture": "#0"},
				"up": {"uv": [10, 14, 14, 15], "texture": "#0"},
				"down": {"uv": [10, 14, 14, 15], "texture": "#0"}
			}
		},
		{
			"from": [6, 6, 0],
			"to": [7, 7, 1],
			"faces": {
				"north": {"uv": [9, 9, 10, 10], "texture": "#0"},
				"east": {"uv": [9, 9, 10, 10], "texture": "#0"},
				"south": {"uv": [9, 9, 10, 10], "texture": "#0"},
				"west": {"uv": [9, 9, 10, 10], "texture": "#0"},
				"up": {"uv": [9, 9, 10, 10], "texture": "#0"},
				"down": {"uv": [9, 9, 10, 10], "texture": "#0"}
			}
		},
		{
			"from": [7, 2, 0],
			"to": [8, 6, 1],
			"faces": {
				"north": {"uv": [8, 10, 9, 14], "texture": "#0"},
				"east": {"uv": [8, 10, 9, 14], "texture": "#0"},
				"south": {"uv": [8, 10, 9, 14], "texture": "#0"},
				"west": {"uv": [8, 10, 9, 14], "texture": "#0"},
				"up": {"uv": [8, 10, 9, 11], "texture": "#0"},
				"down": {"uv": [8, 10, 9, 11], "texture": "#0"}
			}
		},
		{
			"from": [6, 2, -1],
			"to": [7, 6, 0],
			"faces": {
				"north": {"uv": [9, 10, 10, 14], "texture": "#0"},
				"east": {"uv": [9, 10, 10, 14], "texture": "#0"},
				"south": {"uv": [9, 10, 10, 14], "texture": "#0"},
				"west": {"uv": [9, 10, 10, 14], "texture": "#0"},
				"up": {"uv": [9, 10, 10, 11], "texture": "#0"},
				"down": {"uv": [9, 10, 10, 11], "texture": "#0"}
			}
		},
		{
			"from": [1, 2, -1],
			"to": [2, 6, 0],
			"faces": {
				"north": {"uv": [14, 10, 15, 14], "texture": "#0"},
				"east": {"uv": [14, 10, 15, 14], "texture": "#0"},
				"south": {"uv": [14, 10, 15, 14], "texture": "#0"},
				"west": {"uv": [14, 10, 15, 14], "texture": "#0"},
				"up": {"uv": [14, 10, 15, 11], "texture": "#0"},
				"down": {"uv": [14, 10, 15, 11], "texture": "#0"}
			}
		},
		{
			"from": [2, 6, -1],
			"to": [6, 7, 0],
			"faces": {
				"north": {"uv": [10, 9, 14, 10], "texture": "#0"},
				"east": {"uv": [10, 9, 11, 10], "texture": "#0"},
				"south": {"uv": [10, 9, 14, 10], "texture": "#0"},
				"west": {"uv": [10, 9, 11, 10], "texture": "#0"},
				"up": {"uv": [10, 9, 14, 10], "texture": "#0"},
				"down": {"uv": [10, 9, 14, 10], "texture": "#0"}
			}
		},
		{
			"from": [2, 7, 0],
			"to": [6, 8, 1],
			"faces": {
				"north": {"uv": [10, 8, 14, 9], "texture": "#0"},
				"east": {"uv": [10, 8, 11, 9], "texture": "#0"},
				"south": {"uv": [10, 8, 14, 9], "texture": "#0"},
				"west": {"uv": [10, 8, 11, 9], "texture": "#0"},
				"up": {"uv": [10, 14, 14, 15], "texture": "#0"},
				"down": {"uv": [10, 8, 14, 9], "texture": "#0"}
			}
		},
		{
			"from": [2, 7, 1],
			"to": [6, 8, 5],
			"faces": {
				"north": {"uv": [10, 10, 14, 11], "texture": "#0"},
				"east": {"uv": [10, 10, 14, 11], "texture": "#0"},
				"south": {"uv": [10, 10, 14, 11], "texture": "#0"},
				"west": {"uv": [10, 10, 14, 11], "texture": "#0"},
				"up": {"uv": [10, 10, 14, 14], "rotation": 90, "texture": "#0"},
				"down": {"uv": [10, 10, 14, 14], "texture": "#0"}
			}
		},
		{
			"from": [2, 0, 1],
			"to": [6, 1, 5],
			"faces": {
				"north": {"uv": [10, 10, 14, 11], "texture": "#0"},
				"east": {"uv": [10, 10, 14, 11], "texture": "#0"},
				"south": {"uv": [10, 10, 14, 11], "texture": "#0"},
				"west": {"uv": [10, 10, 14, 11], "texture": "#0"},
				"up": {"uv": [10, 10, 14, 14], "texture": "#0"},
				"down": {"uv": [10, 10, 14, 14], "texture": "#0"}
			}
		},
		{
			"from": [2, 2, -1],
			"to": [6, 6, 0],
			"faces": {
				"north": {"uv": [10, 10, 14, 14], "texture": "#0"},
				"east": {"uv": [10, 10, 11, 14], "texture": "#0"},
				"south": {"uv": [10, 10, 14, 14], "texture": "#0"},
				"west": {"uv": [10, 10, 11, 14], "texture": "#0"},
				"up": {"uv": [10, 10, 14, 11], "texture": "#0"},
				"down": {"uv": [10, 10, 14, 11], "texture": "#0"}
			}
		},
		{
			"from": [2, 0, 8],
			"to": [6, 1, 9],
			"faces": {
				"north": {"uv": [10, 15, 14, 16], "texture": "#0"},
				"east": {"uv": [10, 15, 11, 16], "texture": "#0"},
				"south": {"uv": [10, 15, 14, 16], "texture": "#0"},
				"west": {"uv": [10, 15, 11, 16], "texture": "#0"},
				"up": {"uv": [10, 15, 14, 16], "texture": "#0"},
				"down": {"uv": [10, 15, 14, 16], "texture": "#0"}
			}
		},
		{
			"from": [6, 1, 8],
			"to": [7, 2, 9],
			"faces": {
				"north": {"uv": [9, 14, 10, 15], "texture": "#0"},
				"east": {"uv": [9, 14, 10, 15], "texture": "#0"},
				"south": {"uv": [9, 14, 10, 15], "texture": "#0"},
				"west": {"uv": [9, 14, 10, 15], "texture": "#0"},
				"up": {"uv": [9, 14, 10, 15], "texture": "#0"},
				"down": {"uv": [9, 14, 10, 15], "texture": "#0"}
			}
		},
		{
			"from": [1, 1, 8],
			"to": [2, 2, 9],
			"faces": {
				"north": {"uv": [14, 14, 15, 15], "texture": "#0"},
				"east": {"uv": [14, 14, 15, 15], "texture": "#0"},
				"south": {"uv": [14, 14, 15, 15], "texture": "#0"},
				"west": {"uv": [14, 14, 15, 15], "texture": "#0"},
				"up": {"uv": [14, 14, 15, 15], "texture": "#0"},
				"down": {"uv": [14, 14, 15, 15], "texture": "#0"}
			}
		},
		{
			"from": [0, 2, 8],
			"to": [1, 6, 9],
			"faces": {
				"north": {"uv": [15, 10, 16, 14], "texture": "#0"},
				"east": {"uv": [9, 10, 10, 14], "texture": "#0"},
				"south": {"uv": [9, 10, 10, 14], "texture": "#0"},
				"west": {"uv": [9, 10, 10, 14], "texture": "#0"},
				"up": {"uv": [9, 10, 10, 11], "texture": "#0"},
				"down": {"uv": [9, 10, 10, 11], "texture": "#0"}
			}
		},
		{
			"from": [1, 6, 8],
			"to": [2, 7, 9],
			"faces": {
				"north": {"uv": [10, 2, 11, 3], "texture": "#0"},
				"east": {"uv": [10, 2, 11, 3], "texture": "#0"},
				"south": {"uv": [10, 2, 11, 3], "texture": "#0"},
				"west": {"uv": [10, 2, 11, 3], "texture": "#0"},
				"up": {"uv": [10, 2, 11, 3], "texture": "#0"},
				"down": {"uv": [10, 2, 11, 3], "texture": "#0"}
			}
		},
		{
			"from": [2, 1, 7],
			"to": [6, 2, 8],
			"faces": {
				"north": {"uv": [10, 14, 14, 15], "texture": "#0"},
				"east": {"uv": [10, 14, 11, 15], "texture": "#0"},
				"south": {"uv": [10, 14, 14, 15], "texture": "#0"},
				"west": {"uv": [10, 14, 11, 15], "texture": "#0"},
				"up": {"uv": [10, 14, 14, 15], "texture": "#0"},
				"down": {"uv": [10, 14, 14, 15], "texture": "#0"}
			}
		},
		{
			"from": [6, 6, 8],
			"to": [7, 7, 9],
			"faces": {
				"north": {"uv": [9, 9, 10, 10], "texture": "#0"},
				"east": {"uv": [9, 9, 10, 10], "texture": "#0"},
				"south": {"uv": [9, 9, 10, 10], "texture": "#0"},
				"west": {"uv": [9, 9, 10, 10], "texture": "#0"},
				"up": {"uv": [9, 9, 10, 10], "texture": "#0"},
				"down": {"uv": [9, 9, 10, 10], "texture": "#0"}
			}
		},
		{
			"from": [7, 2, 8],
			"to": [8, 6, 9],
			"faces": {
				"north": {"uv": [8, 10, 9, 14], "texture": "#0"},
				"east": {"uv": [8, 10, 9, 14], "texture": "#0"},
				"south": {"uv": [8, 10, 9, 14], "texture": "#0"},
				"west": {"uv": [8, 10, 9, 14], "texture": "#0"},
				"up": {"uv": [8, 10, 9, 11], "texture": "#0"},
				"down": {"uv": [8, 10, 9, 11], "texture": "#0"}
			}
		},
		{
			"from": [6, 2, 7],
			"to": [7, 6, 8],
			"faces": {
				"north": {"uv": [9, 10, 10, 14], "texture": "#0"},
				"east": {"uv": [9, 10, 10, 14], "texture": "#0"},
				"south": {"uv": [9, 10, 10, 14], "texture": "#0"},
				"west": {"uv": [9, 10, 10, 14], "texture": "#0"},
				"up": {"uv": [9, 10, 10, 11], "texture": "#0"},
				"down": {"uv": [9, 10, 10, 11], "texture": "#0"}
			}
		},
		{
			"from": [1, 2, 7],
			"to": [2, 6, 8],
			"faces": {
				"north": {"uv": [14, 10, 15, 14], "texture": "#0"},
				"east": {"uv": [14, 10, 15, 14], "texture": "#0"},
				"south": {"uv": [14, 10, 15, 14], "texture": "#0"},
				"west": {"uv": [8, 10, 9, 14], "texture": "#0"},
				"up": {"uv": [8, 10, 9, 11], "texture": "#0"},
				"down": {"uv": [14, 10, 15, 11], "texture": "#0"}
			}
		},
		{
			"from": [2, 6, 7],
			"to": [6, 7, 8],
			"faces": {
				"north": {"uv": [10, 9, 14, 10], "texture": "#0"},
				"east": {"uv": [10, 9, 11, 10], "texture": "#0"},
				"south": {"uv": [10, 9, 14, 10], "texture": "#0"},
				"west": {"uv": [10, 9, 11, 10], "texture": "#0"},
				"up": {"uv": [10, 9, 14, 10], "texture": "#0"},
				"down": {"uv": [10, 9, 14, 10], "texture": "#0"}
			}
		},
		{
			"from": [2, 7, 8],
			"to": [6, 8, 9],
			"faces": {
				"north": {"uv": [10, 8, 14, 9], "texture": "#0"},
				"east": {"uv": [10, 8, 11, 9], "texture": "#0"},
				"south": {"uv": [10, 8, 14, 9], "texture": "#0"},
				"west": {"uv": [10, 8, 11, 9], "texture": "#0"},
				"up": {"uv": [10, 9, 14, 10], "texture": "#0"},
				"down": {"uv": [10, 8, 14, 9], "texture": "#0"}
			}
		},
		{
			"from": [2, 2, 7],
			"to": [6, 6, 8],
			"faces": {
				"north": {"uv": [10, 10, 14, 14], "texture": "#0"},
				"east": {"uv": [10, 10, 11, 14], "texture": "#0"},
				"south": {"uv": [10, 10, 14, 14], "texture": "#0"},
				"west": {"uv": [10, 10, 11, 14], "texture": "#0"},
				"up": {"uv": [10, 10, 14, 11], "texture": "#0"},
				"down": {"uv": [10, 10, 14, 11], "texture": "#0"}
			}
		},
		{
			"from": [2, 7, 9],
			"to": [6, 8, 13],
			"faces": {
				"north": {"uv": [10, 10, 14, 11], "texture": "#0"},
				"east": {"uv": [10, 10, 14, 11], "texture": "#0"},
				"south": {"uv": [10, 10, 14, 11], "texture": "#0"},
				"west": {"uv": [10, 10, 14, 11], "texture": "#0"},
				"up": {"uv": [10, 10, 14, 14], "texture": "#0"},
				"down": {"uv": [10, 10, 14, 14], "texture": "#0"}
			}
		},
		{
			"from": [2, 0, 9],
			"to": [6, 1, 13],
			"faces": {
				"north": {"uv": [10, 10, 14, 11], "texture": "#0"},
				"east": {"uv": [10, 10, 14, 11], "texture": "#0"},
				"south": {"uv": [10, 10, 14, 11], "texture": "#0"},
				"west": {"uv": [10, 10, 14, 11], "texture": "#0"},
				"up": {"uv": [10, 10, 14, 14], "texture": "#0"},
				"down": {"uv": [10, 10, 14, 14], "texture": "#0"}
			}
		},
		{
			"from": [6, 8, 4],
			"to": [10, 9, 5],
			"faces": {
				"north": {"uv": [10, 15, 14, 16], "texture": "#0"},
				"east": {"uv": [10, 15, 11, 16], "texture": "#0"},
				"south": {"uv": [10, 15, 14, 16], "texture": "#0"},
				"west": {"uv": [10, 15, 11, 16], "texture": "#0"},
				"up": {"uv": [10, 15, 14, 16], "texture": "#0"},
				"down": {"uv": [10, 15, 14, 16], "texture": "#0"}
			}
		},
		{
			"from": [10, 9, 4],
			"to": [11, 10, 5],
			"faces": {
				"north": {"uv": [9, 14, 10, 15], "texture": "#0"},
				"east": {"uv": [9, 14, 10, 15], "texture": "#0"},
				"south": {"uv": [9, 14, 10, 15], "texture": "#0"},
				"west": {"uv": [9, 14, 10, 15], "texture": "#0"},
				"up": {"uv": [9, 14, 10, 15], "texture": "#0"},
				"down": {"uv": [9, 14, 10, 15], "texture": "#0"}
			}
		},
		{
			"from": [5, 9, 4],
			"to": [6, 10, 5],
			"faces": {
				"north": {"uv": [14, 14, 15, 15], "texture": "#0"},
				"east": {"uv": [14, 14, 15, 15], "texture": "#0"},
				"south": {"uv": [14, 14, 15, 15], "texture": "#0"},
				"west": {"uv": [14, 14, 15, 15], "texture": "#0"},
				"up": {"uv": [14, 14, 15, 15], "texture": "#0"},
				"down": {"uv": [14, 14, 15, 15], "texture": "#0"}
			}
		},
		{
			"from": [4, 10, 4],
			"to": [5, 14, 5],
			"faces": {
				"north": {"uv": [15, 10, 16, 14], "texture": "#0"},
				"east": {"uv": [9, 10, 10, 14], "texture": "#0"},
				"south": {"uv": [9, 10, 10, 14], "texture": "#0"},
				"west": {"uv": [9, 10, 10, 14], "texture": "#0"},
				"up": {"uv": [9, 10, 10, 11], "texture": "#0"},
				"down": {"uv": [9, 10, 10, 11], "texture": "#0"}
			}
		},
		{
			"from": [5, 14, 4],
			"to": [6, 15, 5],
			"faces": {
				"north": {"uv": [10, 2, 11, 3], "texture": "#0"},
				"east": {"uv": [10, 2, 11, 3], "texture": "#0"},
				"south": {"uv": [10, 2, 11, 3], "texture": "#0"},
				"west": {"uv": [10, 2, 11, 3], "texture": "#0"},
				"up": {"uv": [10, 2, 11, 3], "texture": "#0"},
				"down": {"uv": [10, 2, 11, 3], "texture": "#0"}
			}
		},
		{
			"from": [6, 9, 3],
			"to": [10, 10, 4],
			"faces": {
				"north": {"uv": [10, 14, 14, 15], "texture": "#0"},
				"east": {"uv": [10, 14, 11, 15], "texture": "#0"},
				"south": {"uv": [10, 14, 14, 15], "texture": "#0"},
				"west": {"uv": [10, 14, 11, 15], "texture": "#0"},
				"up": {"uv": [10, 14, 14, 15], "texture": "#0"},
				"down": {"uv": [10, 14, 14, 15], "texture": "#0"}
			}
		},
		{
			"from": [10, 14, 4],
			"to": [11, 15, 5],
			"faces": {
				"north": {"uv": [14, 9, 15, 10], "texture": "#0"},
				"east": {"uv": [14, 9, 15, 10], "texture": "#0"},
				"south": {"uv": [14, 9, 15, 10], "texture": "#0"},
				"west": {"uv": [14, 9, 15, 10], "texture": "#0"},
				"up": {"uv": [14, 9, 15, 10], "texture": "#0"},
				"down": {"uv": [14, 9, 15, 10], "texture": "#0"}
			}
		},
		{
			"from": [11, 10, 4],
			"to": [12, 14, 5],
			"faces": {
				"north": {"uv": [14, 10, 15, 14], "texture": "#0"},
				"east": {"uv": [14, 10, 15, 14], "texture": "#0"},
				"south": {"uv": [14, 10, 15, 14], "texture": "#0"},
				"west": {"uv": [14, 10, 15, 14], "texture": "#0"},
				"up": {"uv": [14, 10, 15, 11], "texture": "#0"},
				"down": {"uv": [14, 10, 15, 11], "texture": "#0"}
			}
		},
		{
			"from": [10, 10, 3],
			"to": [11, 14, 4],
			"faces": {
				"north": {"uv": [9, 10, 10, 14], "texture": "#0"},
				"east": {"uv": [9, 10, 10, 14], "texture": "#0"},
				"south": {"uv": [9, 10, 10, 14], "texture": "#0"},
				"west": {"uv": [9, 10, 10, 14], "texture": "#0"},
				"up": {"uv": [9, 10, 10, 11], "texture": "#0"},
				"down": {"uv": [9, 10, 10, 11], "texture": "#0"}
			}
		},
		{
			"from": [5, 10, 3],
			"to": [6, 14, 4],
			"faces": {
				"north": {"uv": [14, 10, 15, 14], "texture": "#0"},
				"east": {"uv": [14, 10, 15, 14], "texture": "#0"},
				"south": {"uv": [14, 10, 15, 14], "texture": "#0"},
				"west": {"uv": [14, 10, 15, 14], "texture": "#0"},
				"up": {"uv": [14, 10, 15, 11], "texture": "#0"},
				"down": {"uv": [14, 10, 15, 11], "texture": "#0"}
			}
		},
		{
			"from": [6, 14, 3],
			"to": [10, 15, 4],
			"faces": {
				"north": {"uv": [10, 9, 14, 10], "texture": "#0"},
				"east": {"uv": [10, 9, 11, 10], "texture": "#0"},
				"south": {"uv": [10, 9, 14, 10], "texture": "#0"},
				"west": {"uv": [10, 9, 11, 10], "texture": "#0"},
				"up": {"uv": [10, 9, 14, 10], "texture": "#0"},
				"down": {"uv": [10, 9, 14, 10], "texture": "#0"}
			}
		},
		{
			"from": [6, 15, 4],
			"to": [10, 16, 5],
			"faces": {
				"north": {"uv": [10, 8, 14, 9], "texture": "#0"},
				"east": {"uv": [10, 8, 11, 9], "texture": "#0"},
				"south": {"uv": [10, 8, 14, 9], "texture": "#0"},
				"west": {"uv": [10, 8, 11, 9], "texture": "#0"},
				"up": {"uv": [10, 14, 14, 15], "texture": "#0"},
				"down": {"uv": [10, 8, 14, 9], "texture": "#0"}
			}
		},
		{
			"from": [6, 10, 3],
			"to": [10, 14, 4],
			"faces": {
				"north": {"uv": [10, 10, 14, 14], "texture": "#0"},
				"east": {"uv": [10, 10, 11, 14], "texture": "#0"},
				"south": {"uv": [10, 10, 14, 14], "texture": "#0"},
				"west": {"uv": [10, 10, 11, 14], "texture": "#0"},
				"up": {"uv": [10, 10, 14, 11], "texture": "#0"},
				"down": {"uv": [10, 10, 14, 11], "texture": "#0"}
			}
		},
		{
			"from": [6, 15, 5],
			"to": [10, 16, 9],
			"faces": {
				"north": {"uv": [10, 10, 14, 11], "texture": "#0"},
				"east": {"uv": [10, 10, 14, 11], "texture": "#0"},
				"south": {"uv": [10, 10, 14, 11], "texture": "#0"},
				"west": {"uv": [10, 10, 14, 11], "texture": "#0"},
				"up": {"uv": [10, 10, 14, 14], "rotation": 180, "texture": "#0"},
				"down": {"uv": [10, 10, 14, 14], "texture": "#0"}
			}
		},
		{
			"from": [6, 8, 5],
			"to": [10, 9, 9],
			"faces": {
				"north": {"uv": [10, 10, 14, 11], "texture": "#0"},
				"east": {"uv": [10, 10, 14, 11], "texture": "#0"},
				"south": {"uv": [10, 10, 14, 11], "texture": "#0"},
				"west": {"uv": [10, 10, 14, 11], "texture": "#0"},
				"up": {"uv": [10, 10, 14, 14], "texture": "#0"},
				"down": {"uv": [10, 10, 14, 14], "texture": "#0"}
			}
		},
		{
			"from": [10, 0, 0],
			"to": [14, 1, 1],
			"faces": {
				"north": {"uv": [2, 15, 6, 16], "texture": "#0"},
				"east": {"uv": [2, 15, 3, 16], "texture": "#0"},
				"south": {"uv": [2, 15, 6, 16], "texture": "#0"},
				"west": {"uv": [2, 15, 3, 16], "texture": "#0"},
				"up": {"uv": [2, 15, 6, 16], "texture": "#0"},
				"down": {"uv": [2, 15, 6, 16], "texture": "#0"}
			}
		},
		{
			"from": [14, 1, 0],
			"to": [15, 2, 1],
			"faces": {
				"north": {"uv": [1, 14, 2, 15], "texture": "#0"},
				"east": {"uv": [1, 14, 2, 15], "texture": "#0"},
				"south": {"uv": [1, 14, 2, 15], "texture": "#0"},
				"west": {"uv": [1, 14, 2, 15], "texture": "#0"},
				"up": {"uv": [1, 14, 2, 15], "texture": "#0"},
				"down": {"uv": [1, 14, 2, 15], "texture": "#0"}
			}
		},
		{
			"from": [9, 1, 0],
			"to": [10, 2, 1],
			"faces": {
				"north": {"uv": [6, 14, 7, 15], "texture": "#0"},
				"east": {"uv": [6, 14, 7, 15], "texture": "#0"},
				"south": {"uv": [6, 14, 7, 15], "texture": "#0"},
				"west": {"uv": [6, 14, 7, 15], "texture": "#0"},
				"up": {"uv": [6, 14, 7, 15], "texture": "#0"},
				"down": {"uv": [6, 14, 7, 15], "texture": "#0"}
			}
		},
		{
			"from": [8, 2, 0],
			"to": [9, 6, 1],
			"faces": {
				"north": {"uv": [7, 10, 8, 14], "texture": "#0"},
				"east": {"uv": [1, 10, 2, 14], "texture": "#0"},
				"south": {"uv": [1, 10, 2, 14], "texture": "#0"},
				"west": {"uv": [1, 10, 2, 14], "texture": "#0"},
				"up": {"uv": [1, 10, 2, 11], "texture": "#0"},
				"down": {"uv": [1, 10, 2, 11], "texture": "#0"}
			}
		},
		{
			"from": [9, 6, 0],
			"to": [10, 7, 1],
			"faces": {
				"north": {"uv": [2, 2, 3, 3], "texture": "#0"},
				"east": {"uv": [2, 2, 3, 3], "texture": "#0"},
				"south": {"uv": [2, 2, 3, 3], "texture": "#0"},
				"west": {"uv": [2, 2, 3, 3], "texture": "#0"},
				"up": {"uv": [2, 2, 3, 3], "texture": "#0"},
				"down": {"uv": [2, 2, 3, 3], "texture": "#0"}
			}
		},
		{
			"from": [10, 1, -1],
			"to": [14, 2, 0],
			"faces": {
				"north": {"uv": [2, 14, 6, 15], "texture": "#0"},
				"east": {"uv": [2, 14, 3, 15], "texture": "#0"},
				"south": {"uv": [2, 14, 6, 15], "texture": "#0"},
				"west": {"uv": [2, 14, 3, 15], "texture": "#0"},
				"up": {"uv": [2, 14, 6, 15], "texture": "#0"},
				"down": {"uv": [2, 14, 6, 15], "texture": "#0"}
			}
		},
		{
			"from": [14, 6, 0],
			"to": [15, 7, 1],
			"faces": {
				"north": {"uv": [1, 9, 2, 10], "texture": "#0"},
				"east": {"uv": [1, 9, 2, 10], "texture": "#0"},
				"south": {"uv": [1, 9, 2, 10], "texture": "#0"},
				"west": {"uv": [1, 9, 2, 10], "texture": "#0"},
				"up": {"uv": [1, 9, 2, 10], "texture": "#0"},
				"down": {"uv": [1, 9, 2, 10], "texture": "#0"}
			}
		},
		{
			"from": [15, 2, 0],
			"to": [16, 6, 1],
			"faces": {
				"north": {"uv": [0, 10, 1, 14], "texture": "#0"},
				"east": {"uv": [6, 10, 7, 14], "texture": "#0"},
				"south": {"uv": [0, 10, 1, 14], "texture": "#0"},
				"west": {"uv": [0, 10, 1, 14], "texture": "#0"},
				"up": {"uv": [0, 10, 1, 11], "texture": "#0"},
				"down": {"uv": [0, 10, 1, 11], "texture": "#0"}
			}
		},
		{
			"from": [14, 2, -1],
			"to": [15, 6, 0],
			"faces": {
				"north": {"uv": [1, 10, 2, 14], "texture": "#0"},
				"east": {"uv": [1, 10, 2, 14], "texture": "#0"},
				"south": {"uv": [1, 10, 2, 14], "texture": "#0"},
				"west": {"uv": [1, 10, 2, 14], "texture": "#0"},
				"up": {"uv": [1, 10, 2, 11], "texture": "#0"},
				"down": {"uv": [1, 10, 2, 11], "texture": "#0"}
			}
		},
		{
			"from": [9, 2, -1],
			"to": [10, 6, 0],
			"faces": {
				"north": {"uv": [6, 10, 7, 14], "texture": "#0"},
				"east": {"uv": [6, 10, 7, 14], "texture": "#0"},
				"south": {"uv": [6, 10, 7, 14], "texture": "#0"},
				"west": {"uv": [6, 10, 7, 14], "texture": "#0"},
				"up": {"uv": [6, 10, 7, 11], "texture": "#0"},
				"down": {"uv": [6, 10, 7, 11], "texture": "#0"}
			}
		},
		{
			"from": [10, 6, -1],
			"to": [14, 7, 0],
			"faces": {
				"north": {"uv": [2, 9, 6, 10], "texture": "#0"},
				"east": {"uv": [2, 9, 3, 10], "texture": "#0"},
				"south": {"uv": [2, 9, 6, 10], "texture": "#0"},
				"west": {"uv": [2, 9, 3, 10], "texture": "#0"},
				"up": {"uv": [2, 9, 6, 10], "texture": "#0"},
				"down": {"uv": [2, 9, 6, 10], "texture": "#0"}
			}
		},
		{
			"from": [10, 7, 0],
			"to": [14, 8, 1],
			"faces": {
				"north": {"uv": [2, 8, 6, 9], "texture": "#0"},
				"east": {"uv": [2, 8, 3, 9], "texture": "#0"},
				"south": {"uv": [2, 8, 6, 9], "texture": "#0"},
				"west": {"uv": [2, 8, 3, 9], "texture": "#0"},
				"up": {"uv": [2, 14, 6, 15], "texture": "#0"},
				"down": {"uv": [2, 8, 6, 9], "texture": "#0"}
			}
		},
		{
			"from": [10, 2, -1],
			"to": [14, 6, 0],
			"faces": {
				"north": {"uv": [2, 10, 6, 14], "texture": "#0"},
				"east": {"uv": [2, 10, 3, 14], "texture": "#0"},
				"south": {"uv": [2, 10, 6, 14], "texture": "#0"},
				"west": {"uv": [2, 10, 3, 14], "texture": "#0"},
				"up": {"uv": [2, 10, 6, 11], "texture": "#0"},
				"down": {"uv": [2, 10, 6, 11], "texture": "#0"}
			}
		},
		{
			"from": [10, 7, 1],
			"to": [14, 8, 5],
			"faces": {
				"north": {"uv": [2, 10, 6, 11], "texture": "#0"},
				"east": {"uv": [2, 10, 6, 11], "texture": "#0"},
				"south": {"uv": [2, 10, 6, 11], "texture": "#0"},
				"west": {"uv": [2, 10, 6, 11], "texture": "#0"},
				"up": {"uv": [2, 10, 6, 14], "rotation": 180, "texture": "#0"},
				"down": {"uv": [2, 10, 6, 14], "texture": "#0"}
			}
		},
		{
			"from": [10, 0, 1],
			"to": [14, 1, 5],
			"faces": {
				"north": {"uv": [2, 10, 6, 11], "texture": "#0"},
				"east": {"uv": [2, 10, 6, 11], "texture": "#0"},
				"south": {"uv": [2, 10, 6, 11], "texture": "#0"},
				"west": {"uv": [2, 10, 6, 11], "texture": "#0"},
				"up": {"uv": [2, 10, 6, 14], "texture": "#0"},
				"down": {"uv": [2, 10, 6, 14], "texture": "#0"}
			}
		},
		{
			"from": [10, 0, 8],
			"to": [14, 1, 9],
			"faces": {
				"north": {"uv": [2, 15, 6, 16], "texture": "#0"},
				"east": {"uv": [2, 15, 3, 16], "texture": "#0"},
				"south": {"uv": [2, 15, 6, 16], "texture": "#0"},
				"west": {"uv": [2, 15, 3, 16], "texture": "#0"},
				"up": {"uv": [2, 15, 6, 16], "texture": "#0"},
				"down": {"uv": [2, 15, 6, 16], "texture": "#0"}
			}
		},
		{
			"from": [14, 1, 8],
			"to": [15, 2, 9],
			"faces": {
				"north": {"uv": [1, 14, 2, 15], "texture": "#0"},
				"east": {"uv": [1, 14, 2, 15], "texture": "#0"},
				"south": {"uv": [1, 14, 2, 15], "texture": "#0"},
				"west": {"uv": [1, 14, 2, 15], "texture": "#0"},
				"up": {"uv": [1, 14, 2, 15], "texture": "#0"},
				"down": {"uv": [1, 14, 2, 15], "texture": "#0"}
			}
		},
		{
			"from": [9, 1, 8],
			"to": [10, 2, 9],
			"faces": {
				"north": {"uv": [6, 14, 7, 15], "texture": "#0"},
				"east": {"uv": [6, 14, 7, 15], "texture": "#0"},
				"south": {"uv": [6, 14, 7, 15], "texture": "#0"},
				"west": {"uv": [6, 14, 7, 15], "texture": "#0"},
				"up": {"uv": [6, 14, 7, 15], "texture": "#0"},
				"down": {"uv": [6, 14, 7, 15], "texture": "#0"}
			}
		},
		{
			"from": [8, 2, 8],
			"to": [9, 6, 9],
			"faces": {
				"north": {"uv": [7, 10, 8, 14], "texture": "#0"},
				"east": {"uv": [1, 10, 2, 14], "texture": "#0"},
				"south": {"uv": [1, 10, 2, 14], "texture": "#0"},
				"west": {"uv": [1, 10, 2, 14], "texture": "#0"},
				"up": {"uv": [1, 10, 2, 11], "texture": "#0"},
				"down": {"uv": [1, 10, 2, 11], "texture": "#0"}
			}
		},
		{
			"from": [9, 6, 8],
			"to": [10, 7, 9],
			"faces": {
				"north": {"uv": [2, 2, 3, 3], "texture": "#0"},
				"east": {"uv": [2, 2, 3, 3], "texture": "#0"},
				"south": {"uv": [2, 2, 3, 3], "texture": "#0"},
				"west": {"uv": [2, 2, 3, 3], "texture": "#0"},
				"up": {"uv": [2, 2, 3, 3], "texture": "#0"},
				"down": {"uv": [2, 2, 3, 3], "texture": "#0"}
			}
		},
		{
			"from": [10, 1, 7],
			"to": [14, 2, 8],
			"faces": {
				"north": {"uv": [2, 14, 6, 15], "texture": "#0"},
				"east": {"uv": [2, 14, 3, 15], "texture": "#0"},
				"south": {"uv": [2, 14, 6, 15], "texture": "#0"},
				"west": {"uv": [2, 14, 3, 15], "texture": "#0"},
				"up": {"uv": [2, 14, 6, 15], "texture": "#0"},
				"down": {"uv": [2, 14, 6, 15], "texture": "#0"}
			}
		},
		{
			"from": [14, 6, 8],
			"to": [15, 7, 9],
			"faces": {
				"north": {"uv": [1, 9, 2, 10], "texture": "#0"},
				"east": {"uv": [1, 9, 2, 10], "texture": "#0"},
				"south": {"uv": [1, 9, 2, 10], "texture": "#0"},
				"west": {"uv": [1, 9, 2, 10], "texture": "#0"},
				"up": {"uv": [1, 9, 2, 10], "texture": "#0"},
				"down": {"uv": [1, 9, 2, 10], "texture": "#0"}
			}
		},
		{
			"from": [15, 2, 8],
			"to": [16, 6, 9],
			"faces": {
				"north": {"uv": [0, 10, 1, 14], "texture": "#0"},
				"east": {"uv": [6, 10, 7, 14], "texture": "#0"},
				"south": {"uv": [0, 10, 1, 14], "texture": "#0"},
				"west": {"uv": [0, 10, 1, 14], "texture": "#0"},
				"up": {"uv": [0, 10, 1, 11], "texture": "#0"},
				"down": {"uv": [0, 10, 1, 11], "texture": "#0"}
			}
		},
		{
			"from": [14, 2, 7],
			"to": [15, 6, 8],
			"faces": {
				"north": {"uv": [1, 10, 2, 14], "texture": "#0"},
				"east": {"uv": [1, 10, 2, 14], "texture": "#0"},
				"south": {"uv": [1, 10, 2, 14], "texture": "#0"},
				"west": {"uv": [1, 10, 2, 14], "texture": "#0"},
				"up": {"uv": [1, 10, 2, 11], "texture": "#0"},
				"down": {"uv": [1, 10, 2, 11], "texture": "#0"}
			}
		},
		{
			"from": [9, 2, 7],
			"to": [10, 6, 8],
			"faces": {
				"north": {"uv": [6, 10, 7, 14], "texture": "#0"},
				"east": {"uv": [6, 10, 7, 14], "texture": "#0"},
				"south": {"uv": [6, 10, 7, 14], "texture": "#0"},
				"west": {"uv": [6, 10, 7, 14], "texture": "#0"},
				"up": {"uv": [6, 10, 7, 11], "texture": "#0"},
				"down": {"uv": [6, 10, 7, 11], "texture": "#0"}
			}
		},
		{
			"from": [10, 6, 7],
			"to": [14, 7, 8],
			"faces": {
				"north": {"uv": [2, 9, 6, 10], "texture": "#0"},
				"east": {"uv": [2, 9, 3, 10], "texture": "#0"},
				"south": {"uv": [2, 9, 6, 10], "texture": "#0"},
				"west": {"uv": [2, 9, 3, 10], "texture": "#0"},
				"up": {"uv": [2, 9, 6, 10], "texture": "#0"},
				"down": {"uv": [2, 9, 6, 10], "texture": "#0"}
			}
		},
		{
			"from": [10, 7, 8],
			"to": [14, 8, 9],
			"faces": {
				"north": {"uv": [2, 8, 6, 9], "texture": "#0"},
				"east": {"uv": [2, 8, 3, 9], "texture": "#0"},
				"south": {"uv": [2, 8, 6, 9], "texture": "#0"},
				"west": {"uv": [2, 8, 3, 9], "texture": "#0"},
				"up": {"uv": [2, 14, 6, 15], "texture": "#0"},
				"down": {"uv": [2, 8, 6, 9], "texture": "#0"}
			}
		},
		{
			"from": [10, 2, 7],
			"to": [14, 6, 8],
			"faces": {
				"north": {"uv": [2, 10, 6, 14], "texture": "#0"},
				"east": {"uv": [2, 10, 3, 14], "texture": "#0"},
				"south": {"uv": [2, 10, 6, 14], "texture": "#0"},
				"west": {"uv": [2, 10, 3, 14], "texture": "#0"},
				"up": {"uv": [2, 10, 6, 11], "texture": "#0"},
				"down": {"uv": [2, 10, 6, 11], "texture": "#0"}
			}
		},
		{
			"from": [10, 7, 9],
			"to": [14, 8, 13],
			"faces": {
				"north": {"uv": [2, 10, 6, 11], "texture": "#0"},
				"east": {"uv": [2, 10, 6, 11], "texture": "#0"},
				"south": {"uv": [2, 10, 6, 11], "texture": "#0"},
				"west": {"uv": [2, 10, 6, 11], "texture": "#0"},
				"up": {"uv": [2, 10, 6, 14], "texture": "#0"},
				"down": {"uv": [2, 10, 6, 14], "texture": "#0"}
			}
		},
		{
			"from": [10, 0, 9],
			"to": [14, 1, 13],
			"faces": {
				"north": {"uv": [2, 10, 6, 11], "texture": "#0"},
				"east": {"uv": [2, 10, 6, 11], "texture": "#0"},
				"south": {"uv": [2, 10, 6, 11], "texture": "#0"},
				"west": {"uv": [2, 10, 6, 11], "texture": "#0"},
				"up": {"uv": [2, 10, 6, 14], "texture": "#0"},
				"down": {"uv": [2, 10, 6, 14], "texture": "#0"}
			}
		},
		{
			"from": [1, 0, 1],
			"to": [2, 1, 5],
			"faces": {
				"north": {"uv": [13, 15, 14, 16], "texture": "#0"},
				"east": {"uv": [10, 15, 14, 16], "texture": "#0"},
				"south": {"uv": [10, 15, 11, 16], "texture": "#0"},
				"west": {"uv": [10, 15, 14, 16], "texture": "#0"},
				"up": {"uv": [10, 15, 14, 16], "rotation": 270, "texture": "#0"},
				"down": {"uv": [10, 15, 14, 16], "rotation": 90, "texture": "#0"}
			}
		},
		{
			"from": [0, 1, 1],
			"to": [1, 2, 5],
			"faces": {
				"north": {"uv": [14, 14, 15, 15], "texture": "#0"},
				"east": {"uv": [10, 14, 14, 15], "texture": "#0"},
				"south": {"uv": [10, 14, 11, 15], "texture": "#0"},
				"west": {"uv": [10, 14, 14, 15], "texture": "#0"},
				"up": {"uv": [10, 14, 14, 15], "rotation": 270, "texture": "#0"},
				"down": {"uv": [10, 14, 14, 15], "rotation": 90, "texture": "#0"}
			}
		},
		{
			"from": [0, 6, 1],
			"to": [1, 7, 5],
			"faces": {
				"north": {"uv": [14, 9, 15, 10], "texture": "#0"},
				"east": {"uv": [10, 9, 14, 10], "texture": "#0"},
				"south": {"uv": [10, 9, 11, 10], "texture": "#0"},
				"west": {"uv": [10, 9, 14, 10], "texture": "#0"},
				"up": {"uv": [10, 9, 14, 10], "rotation": 270, "texture": "#0"},
				"down": {"uv": [10, 9, 14, 10], "rotation": 90, "texture": "#0"}
			}
		},
		{
			"from": [1, 7, 1],
			"to": [2, 8, 5],
			"faces": {
				"north": {"uv": [13, 8, 14, 9], "texture": "#0"},
				"east": {"uv": [10, 8, 14, 9], "texture": "#0"},
				"south": {"uv": [10, 8, 11, 9], "texture": "#0"},
				"west": {"uv": [10, 8, 14, 9], "texture": "#0"},
				"up": {"uv": [10, 14, 14, 15], "rotation": 270, "texture": "#0"},
				"down": {"uv": [10, 8, 14, 9], "rotation": 90, "texture": "#0"}
			}
		},
		{
			"from": [0, 2, 1],
			"to": [1, 6, 5],
			"faces": {
				"north": {"uv": [10, 10, 11, 14], "texture": "#0"},
				"east": {"uv": [10, 10, 14, 14], "texture": "#0"},
				"south": {"uv": [10, 10, 11, 14], "texture": "#0"},
				"west": {"uv": [10, 10, 14, 14], "texture": "#0"},
				"up": {"uv": [10, 10, 14, 11], "rotation": 270, "texture": "#0"},
				"down": {"uv": [10, 10, 14, 11], "rotation": 90, "texture": "#0"}
			}
		},
		{
			"from": [1, 0, 9],
			"to": [2, 1, 13],
			"faces": {
				"north": {"uv": [13, 15, 14, 16], "texture": "#0"},
				"east": {"uv": [10, 15, 14, 16], "texture": "#0"},
				"south": {"uv": [10, 15, 11, 16], "texture": "#0"},
				"west": {"uv": [10, 15, 14, 16], "texture": "#0"},
				"up": {"uv": [10, 15, 14, 16], "rotation": 270, "texture": "#0"},
				"down": {"uv": [10, 15, 14, 16], "rotation": 90, "texture": "#0"}
			}
		},
		{
			"from": [0, 1, 9],
			"to": [1, 2, 13],
			"faces": {
				"north": {"uv": [14, 14, 15, 15], "texture": "#0"},
				"east": {"uv": [10, 14, 14, 15], "texture": "#0"},
				"south": {"uv": [10, 14, 11, 15], "texture": "#0"},
				"west": {"uv": [10, 14, 14, 15], "texture": "#0"},
				"up": {"uv": [10, 14, 14, 15], "rotation": 270, "texture": "#0"},
				"down": {"uv": [10, 14, 14, 15], "rotation": 90, "texture": "#0"}
			}
		},
		{
			"from": [0, 6, 9],
			"to": [1, 7, 13],
			"faces": {
				"north": {"uv": [14, 9, 15, 10], "texture": "#0"},
				"east": {"uv": [10, 9, 14, 10], "texture": "#0"},
				"south": {"uv": [10, 9, 11, 10], "texture": "#0"},
				"west": {"uv": [10, 9, 14, 10], "texture": "#0"},
				"up": {"uv": [10, 9, 14, 10], "rotation": 270, "texture": "#0"},
				"down": {"uv": [10, 9, 14, 10], "rotation": 90, "texture": "#0"}
			}
		},
		{
			"from": [1, 7, 9],
			"to": [2, 8, 13],
			"faces": {
				"north": {"uv": [13, 8, 14, 9], "texture": "#0"},
				"east": {"uv": [10, 8, 14, 9], "texture": "#0"},
				"south": {"uv": [10, 8, 11, 9], "texture": "#0"},
				"west": {"uv": [10, 8, 14, 9], "texture": "#0"},
				"up": {"uv": [9, 10, 10, 14], "rotation": 180, "texture": "#0"},
				"down": {"uv": [10, 8, 14, 9], "rotation": 90, "texture": "#0"}
			}
		},
		{
			"from": [0, 2, 9],
			"to": [1, 6, 13],
			"faces": {
				"north": {"uv": [10, 10, 11, 14], "texture": "#0"},
				"east": {"uv": [10, 10, 14, 14], "texture": "#0"},
				"south": {"uv": [10, 10, 11, 14], "texture": "#0"},
				"west": {"uv": [10, 10, 14, 14], "texture": "#0"},
				"up": {"uv": [10, 10, 14, 11], "rotation": 270, "texture": "#0"},
				"down": {"uv": [10, 10, 14, 11], "rotation": 90, "texture": "#0"}
			}
		},
		{
			"from": [5, 8, 5],
			"to": [6, 9, 9],
			"faces": {
				"north": {"uv": [13, 15, 14, 16], "texture": "#0"},
				"east": {"uv": [10, 15, 14, 16], "texture": "#0"},
				"south": {"uv": [10, 15, 11, 16], "texture": "#0"},
				"west": {"uv": [10, 15, 14, 16], "texture": "#0"},
				"up": {"uv": [10, 15, 14, 16], "rotation": 270, "texture": "#0"},
				"down": {"uv": [10, 15, 14, 16], "rotation": 90, "texture": "#0"}
			}
		},
		{
			"from": [4, 9, 5],
			"to": [5, 10, 9],
			"faces": {
				"north": {"uv": [14, 14, 15, 15], "texture": "#0"},
				"east": {"uv": [10, 14, 14, 15], "texture": "#0"},
				"south": {"uv": [10, 14, 11, 15], "texture": "#0"},
				"west": {"uv": [10, 14, 14, 15], "texture": "#0"},
				"up": {"uv": [10, 14, 14, 15], "rotation": 270, "texture": "#0"},
				"down": {"uv": [10, 14, 14, 15], "rotation": 90, "texture": "#0"}
			}
		},
		{
			"from": [4, 14, 5],
			"to": [5, 15, 9],
			"faces": {
				"north": {"uv": [14, 9, 15, 10], "texture": "#0"},
				"east": {"uv": [10, 9, 14, 10], "texture": "#0"},
				"south": {"uv": [10, 9, 11, 10], "texture": "#0"},
				"west": {"uv": [10, 9, 14, 10], "texture": "#0"},
				"up": {"uv": [10, 9, 14, 10], "rotation": 270, "texture": "#0"},
				"down": {"uv": [10, 9, 14, 10], "rotation": 90, "texture": "#0"}
			}
		},
		{
			"from": [5, 15, 5],
			"to": [6, 16, 9],
			"faces": {
				"north": {"uv": [13, 8, 14, 9], "texture": "#0"},
				"east": {"uv": [10, 8, 14, 9], "texture": "#0"},
				"south": {"uv": [10, 8, 11, 9], "texture": "#0"},
				"west": {"uv": [10, 8, 14, 9], "texture": "#0"},
				"up": {"uv": [10, 9, 14, 10], "rotation": 270, "texture": "#0"},
				"down": {"uv": [10, 8, 14, 9], "rotation": 90, "texture": "#0"}
			}
		},
		{
			"from": [4, 10, 5],
			"to": [5, 14, 9],
			"faces": {
				"north": {"uv": [10, 10, 11, 14], "texture": "#0"},
				"east": {"uv": [10, 10, 14, 14], "texture": "#0"},
				"south": {"uv": [10, 10, 11, 14], "texture": "#0"},
				"west": {"uv": [10, 10, 14, 14], "texture": "#0"},
				"up": {"uv": [10, 10, 14, 11], "rotation": 270, "texture": "#0"},
				"down": {"uv": [10, 10, 14, 11], "rotation": 90, "texture": "#0"}
			}
		},
		{
			"from": [9, 0, 1],
			"to": [10, 1, 5],
			"faces": {
				"north": {"uv": [5, 15, 6, 16], "texture": "#0"},
				"east": {"uv": [2, 15, 6, 16], "texture": "#0"},
				"south": {"uv": [2, 15, 3, 16], "texture": "#0"},
				"west": {"uv": [2, 15, 6, 16], "texture": "#0"},
				"up": {"uv": [2, 15, 6, 16], "rotation": 270, "texture": "#0"},
				"down": {"uv": [2, 15, 6, 16], "rotation": 90, "texture": "#0"}
			}
		},
		{
			"from": [8, 1, 1],
			"to": [9, 2, 5],
			"faces": {
				"north": {"uv": [6, 14, 7, 15], "texture": "#0"},
				"east": {"uv": [2, 14, 6, 15], "texture": "#0"},
				"south": {"uv": [2, 14, 3, 15], "texture": "#0"},
				"west": {"uv": [2, 14, 6, 15], "texture": "#0"},
				"up": {"uv": [2, 14, 6, 15], "rotation": 270, "texture": "#0"},
				"down": {"uv": [2, 14, 6, 15], "rotation": 90, "texture": "#0"}
			}
		},
		{
			"from": [8, 6, 1],
			"to": [9, 7, 5],
			"faces": {
				"north": {"uv": [6, 9, 7, 10], "texture": "#0"},
				"east": {"uv": [2, 9, 6, 10], "texture": "#0"},
				"south": {"uv": [2, 9, 3, 10], "texture": "#0"},
				"west": {"uv": [2, 9, 6, 10], "texture": "#0"},
				"up": {"uv": [2, 9, 6, 10], "rotation": 270, "texture": "#0"},
				"down": {"uv": [2, 9, 6, 10], "rotation": 90, "texture": "#0"}
			}
		},
		{
			"from": [9, 7, 1],
			"to": [10, 8, 5],
			"faces": {
				"north": {"uv": [5, 8, 6, 9], "texture": "#0"},
				"east": {"uv": [2, 8, 6, 9], "texture": "#0"},
				"south": {"uv": [2, 8, 3, 9], "texture": "#0"},
				"west": {"uv": [2, 8, 6, 9], "texture": "#0"},
				"up": {"uv": [2, 9, 6, 10], "rotation": 270, "texture": "#0"},
				"down": {"uv": [2, 8, 6, 9], "rotation": 90, "texture": "#0"}
			}
		},
		{
			"from": [8, 2, 1],
			"to": [9, 6, 5],
			"faces": {
				"north": {"uv": [2, 10, 3, 14], "texture": "#0"},
				"east": {"uv": [2, 10, 6, 14], "texture": "#0"},
				"south": {"uv": [2, 10, 3, 14], "texture": "#0"},
				"west": {"uv": [2, 10, 6, 14], "texture": "#0"},
				"up": {"uv": [2, 10, 6, 11], "rotation": 270, "texture": "#0"},
				"down": {"uv": [2, 10, 6, 11], "rotation": 90, "texture": "#0"}
			}
		},
		{
			"from": [9, 0, 9],
			"to": [10, 1, 13],
			"faces": {
				"north": {"uv": [5, 15, 6, 16], "texture": "#0"},
				"east": {"uv": [2, 15, 6, 16], "texture": "#0"},
				"south": {"uv": [2, 15, 3, 16], "texture": "#0"},
				"west": {"uv": [2, 15, 6, 16], "texture": "#0"},
				"up": {"uv": [2, 15, 6, 16], "rotation": 270, "texture": "#0"},
				"down": {"uv": [2, 15, 6, 16], "rotation": 90, "texture": "#0"}
			}
		},
		{
			"from": [8, 1, 9],
			"to": [9, 2, 13],
			"faces": {
				"north": {"uv": [6, 14, 7, 15], "texture": "#0"},
				"east": {"uv": [2, 14, 6, 15], "texture": "#0"},
				"south": {"uv": [9, 14, 10, 15], "texture": "#0"},
				"west": {"uv": [2, 14, 6, 15], "texture": "#0"},
				"up": {"uv": [2, 14, 6, 15], "rotation": 270, "texture": "#0"},
				"down": {"uv": [2, 14, 6, 15], "rotation": 90, "texture": "#0"}
			}
		},
		{
			"from": [8, 6, 9],
			"to": [9, 7, 13],
			"faces": {
				"north": {"uv": [6, 9, 7, 10], "texture": "#0"},
				"east": {"uv": [2, 9, 6, 10], "texture": "#0"},
				"south": {"uv": [9, 9, 10, 10], "texture": "#0"},
				"west": {"uv": [2, 9, 6, 10], "texture": "#0"},
				"up": {"uv": [6, 8, 10, 9], "rotation": 270, "texture": "#0"},
				"down": {"uv": [2, 9, 6, 10], "rotation": 90, "texture": "#0"}
			}
		},
		{
			"from": [9, 7, 9],
			"to": [10, 8, 13],
			"faces": {
				"north": {"uv": [5, 8, 6, 9], "texture": "#0"},
				"east": {"uv": [2, 8, 6, 9], "texture": "#0"},
				"south": {"uv": [2, 8, 3, 9], "texture": "#0"},
				"west": {"uv": [2, 8, 6, 9], "texture": "#0"},
				"up": {"uv": [2, 8, 6, 9], "rotation": 270, "texture": "#0"},
				"down": {"uv": [2, 8, 6, 9], "rotation": 90, "texture": "#0"}
			}
		},
		{
			"from": [8, 2, 9],
			"to": [9, 6, 13],
			"faces": {
				"north": {"uv": [2, 10, 3, 14], "texture": "#0"},
				"east": {"uv": [2, 10, 6, 14], "texture": "#0"},
				"south": {"uv": [2, 10, 3, 14], "texture": "#0"},
				"west": {"uv": [2, 10, 6, 14], "texture": "#0"},
				"up": {"uv": [2, 10, 6, 11], "rotation": 270, "texture": "#0"},
				"down": {"uv": [2, 10, 6, 11], "rotation": 90, "texture": "#0"}
			}
		},
		{
			"from": [7, 2, 1],
			"to": [8, 6, 5],
			"faces": {
				"north": {"uv": [10, 10, 11, 14], "texture": "#0"},
				"east": {"uv": [10, 10, 14, 14], "texture": "#0"},
				"south": {"uv": [10, 10, 11, 14], "texture": "#0"},
				"west": {"uv": [10, 10, 14, 14], "texture": "#0"},
				"up": {"uv": [10, 10, 14, 11], "rotation": 90, "texture": "#0"},
				"down": {"uv": [10, 10, 14, 11], "rotation": 270, "texture": "#0"}
			}
		},
		{
			"from": [6, 7, 1],
			"to": [7, 8, 5],
			"faces": {
				"north": {"uv": [10, 8, 11, 9], "texture": "#0"},
				"east": {"uv": [10, 8, 14, 9], "texture": "#0"},
				"south": {"uv": [10, 8, 11, 9], "texture": "#0"},
				"west": {"uv": [10, 8, 14, 9], "texture": "#0"},
				"up": {"uv": [10, 9, 14, 10], "rotation": 90, "texture": "#0"},
				"down": {"uv": [10, 8, 14, 9], "rotation": 270, "texture": "#0"}
			}
		},
		{
			"from": [7, 6, 1],
			"to": [8, 7, 5],
			"faces": {
				"north": {"uv": [9, 9, 10, 10], "texture": "#0"},
				"east": {"uv": [9, 9, 13, 10], "texture": "#0"},
				"south": {"uv": [14, 9, 15, 10], "texture": "#0"},
				"west": {"uv": [9, 9, 13, 10], "texture": "#0"},
				"up": {"uv": [9, 9, 13, 10], "rotation": 90, "texture": "#0"},
				"down": {"uv": [9, 9, 13, 10], "rotation": 270, "texture": "#0"}
			}
		},
		{
			"from": [7, 1, 1],
			"to": [8, 2, 5],
			"faces": {
				"north": {"uv": [10, 14, 11, 15], "texture": "#0"},
				"east": {"uv": [10, 14, 14, 15], "texture": "#0"},
				"south": {"uv": [14, 14, 15, 15], "texture": "#0"},
				"west": {"uv": [10, 14, 14, 15], "texture": "#0"},
				"up": {"uv": [10, 14, 14, 15], "rotation": 90, "texture": "#0"},
				"down": {"uv": [10, 14, 14, 15], "rotation": 270, "texture": "#0"}
			}
		},
		{
			"from": [6, 0, 1],
			"to": [7, 1, 5],
			"faces": {
				"north": {"uv": [10, 15, 11, 16], "texture": "#0"},
				"east": {"uv": [10, 15, 14, 16], "texture": "#0"},
				"south": {"uv": [10, 15, 11, 16], "texture": "#0"},
				"west": {"uv": [10, 15, 14, 16], "texture": "#0"},
				"up": {"uv": [10, 15, 14, 16], "rotation": 90, "texture": "#0"},
				"down": {"uv": [10, 15, 14, 16], "rotation": 270, "texture": "#0"}
			}
		},
		{
			"from": [7, 2, 9],
			"to": [8, 6, 13],
			"faces": {
				"north": {"uv": [10, 10, 11, 14], "texture": "#0"},
				"east": {"uv": [10, 10, 14, 14], "texture": "#0"},
				"south": {"uv": [10, 10, 11, 14], "texture": "#0"},
				"west": {"uv": [10, 10, 14, 14], "texture": "#0"},
				"up": {"uv": [10, 10, 14, 11], "rotation": 90, "texture": "#0"},
				"down": {"uv": [10, 10, 14, 11], "rotation": 270, "texture": "#0"}
			}
		},
		{
			"from": [6, 7, 9],
			"to": [7, 8, 13],
			"faces": {
				"north": {"uv": [10, 8, 11, 9], "texture": "#0"},
				"east": {"uv": [10, 8, 14, 9], "texture": "#0"},
				"south": {"uv": [10, 8, 11, 9], "texture": "#0"},
				"west": {"uv": [10, 8, 14, 9], "texture": "#0"},
				"up": {"uv": [14, 10, 15, 14], "texture": "#0"},
				"down": {"uv": [10, 8, 14, 9], "rotation": 270, "texture": "#0"}
			}
		},
		{
			"from": [7, 6, 9],
			"to": [8, 7, 13],
			"faces": {
				"north": {"uv": [9, 9, 10, 10], "texture": "#0"},
				"east": {"uv": [9, 9, 13, 10], "texture": "#0"},
				"south": {"uv": [14, 9, 15, 10], "texture": "#0"},
				"west": {"uv": [9, 9, 13, 10], "texture": "#0"},
				"up": {"uv": [9, 9, 13, 10], "rotation": 90, "texture": "#0"},
				"down": {"uv": [9, 9, 13, 10], "rotation": 270, "texture": "#0"}
			}
		},
		{
			"from": [7, 1, 9],
			"to": [8, 2, 13],
			"faces": {
				"north": {"uv": [10, 14, 11, 15], "texture": "#0"},
				"east": {"uv": [10, 14, 14, 15], "texture": "#0"},
				"south": {"uv": [6, 14, 7, 15], "texture": "#0"},
				"west": {"uv": [10, 14, 14, 15], "texture": "#0"},
				"up": {"uv": [10, 14, 14, 15], "rotation": 90, "texture": "#0"},
				"down": {"uv": [10, 14, 14, 15], "rotation": 270, "texture": "#0"}
			}
		},
		{
			"from": [6, 0, 9],
			"to": [7, 1, 13],
			"faces": {
				"north": {"uv": [10, 15, 11, 16], "texture": "#0"},
				"east": {"uv": [10, 15, 14, 16], "texture": "#0"},
				"south": {"uv": [10, 15, 11, 16], "texture": "#0"},
				"west": {"uv": [10, 15, 14, 16], "texture": "#0"},
				"up": {"uv": [10, 15, 14, 16], "rotation": 90, "texture": "#0"},
				"down": {"uv": [10, 15, 14, 16], "rotation": 270, "texture": "#0"}
			}
		},
		{
			"from": [11, 10, 5],
			"to": [12, 14, 9],
			"faces": {
				"north": {"uv": [10, 10, 11, 14], "texture": "#0"},
				"east": {"uv": [10, 10, 14, 14], "texture": "#0"},
				"south": {"uv": [10, 10, 11, 14], "texture": "#0"},
				"west": {"uv": [10, 10, 14, 14], "texture": "#0"},
				"up": {"uv": [10, 10, 14, 11], "rotation": 90, "texture": "#0"},
				"down": {"uv": [10, 10, 14, 11], "rotation": 270, "texture": "#0"}
			}
		},
		{
			"from": [10, 15, 5],
			"to": [11, 16, 9],
			"faces": {
				"north": {"uv": [10, 8, 11, 9], "texture": "#0"},
				"east": {"uv": [10, 8, 14, 9], "texture": "#0"},
				"south": {"uv": [10, 8, 11, 9], "texture": "#0"},
				"west": {"uv": [10, 8, 14, 9], "texture": "#0"},
				"up": {"uv": [10, 9, 14, 10], "rotation": 90, "texture": "#0"},
				"down": {"uv": [10, 8, 14, 9], "rotation": 270, "texture": "#0"}
			}
		},
		{
			"from": [11, 14, 5],
			"to": [12, 15, 9],
			"faces": {
				"north": {"uv": [9, 9, 10, 10], "texture": "#0"},
				"east": {"uv": [10, 9, 14, 10], "texture": "#0"},
				"south": {"uv": [14, 9, 15, 10], "texture": "#0"},
				"west": {"uv": [9, 9, 13, 10], "texture": "#0"},
				"up": {"uv": [9, 9, 13, 10], "rotation": 90, "texture": "#0"},
				"down": {"uv": [9, 9, 13, 10], "rotation": 270, "texture": "#0"}
			}
		},
		{
			"from": [11, 9, 5],
			"to": [12, 10, 9],
			"faces": {
				"north": {"uv": [10, 14, 11, 15], "texture": "#0"},
				"east": {"uv": [10, 14, 14, 15], "texture": "#0"},
				"south": {"uv": [14, 14, 15, 15], "texture": "#0"},
				"west": {"uv": [10, 14, 14, 15], "texture": "#0"},
				"up": {"uv": [10, 14, 14, 15], "rotation": 90, "texture": "#0"},
				"down": {"uv": [10, 14, 14, 15], "rotation": 270, "texture": "#0"}
			}
		},
		{
			"from": [10, 8, 5],
			"to": [11, 9, 9],
			"faces": {
				"north": {"uv": [10, 15, 11, 16], "texture": "#0"},
				"east": {"uv": [10, 15, 14, 16], "texture": "#0"},
				"south": {"uv": [10, 15, 11, 16], "texture": "#0"},
				"west": {"uv": [10, 15, 14, 16], "texture": "#0"},
				"up": {"uv": [10, 15, 14, 16], "rotation": 90, "texture": "#0"},
				"down": {"uv": [10, 15, 14, 16], "rotation": 270, "texture": "#0"}
			}
		},
		{
			"from": [15, 2, 1],
			"to": [16, 6, 5],
			"faces": {
				"north": {"uv": [2, 10, 3, 14], "texture": "#0"},
				"east": {"uv": [2, 10, 6, 14], "texture": "#0"},
				"south": {"uv": [2, 10, 3, 14], "texture": "#0"},
				"west": {"uv": [2, 10, 6, 14], "texture": "#0"},
				"up": {"uv": [2, 10, 6, 11], "rotation": 90, "texture": "#0"},
				"down": {"uv": [2, 10, 6, 11], "rotation": 270, "texture": "#0"}
			}
		},
		{
			"from": [14, 7, 1],
			"to": [15, 8, 5],
			"faces": {
				"north": {"uv": [2, 8, 3, 9], "texture": "#0"},
				"east": {"uv": [2, 8, 6, 9], "texture": "#0"},
				"south": {"uv": [2, 8, 3, 9], "texture": "#0"},
				"west": {"uv": [2, 8, 6, 9], "texture": "#0"},
				"up": {"uv": [2, 9, 6, 10], "rotation": 90, "texture": "#0"},
				"down": {"uv": [2, 8, 6, 9], "rotation": 270, "texture": "#0"}
			}
		},
		{
			"from": [15, 6, 1],
			"to": [16, 7, 5],
			"faces": {
				"north": {"uv": [5, 9, 6, 10], "texture": "#0"},
				"east": {"uv": [2, 9, 6, 10], "texture": "#0"},
				"south": {"uv": [1, 9, 2, 10], "texture": "#0"},
				"west": {"uv": [1, 9, 5, 10], "texture": "#0"},
				"up": {"uv": [2, 9, 6, 10], "rotation": 90, "texture": "#0"},
				"down": {"uv": [1, 9, 5, 10], "rotation": 270, "texture": "#0"}
			}
		},
		{
			"from": [15, 1, 1],
			"to": [16, 2, 5],
			"faces": {
				"north": {"uv": [2, 14, 3, 15], "texture": "#0"},
				"east": {"uv": [2, 14, 6, 15], "texture": "#0"},
				"south": {"uv": [6, 14, 7, 15], "texture": "#0"},
				"west": {"uv": [2, 14, 6, 15], "texture": "#0"},
				"up": {"uv": [2, 14, 6, 15], "rotation": 90, "texture": "#0"},
				"down": {"uv": [2, 14, 6, 15], "rotation": 270, "texture": "#0"}
			}
		},
		{
			"from": [14, 0, 1],
			"to": [15, 1, 5],
			"faces": {
				"north": {"uv": [2, 15, 3, 16], "texture": "#0"},
				"east": {"uv": [2, 15, 6, 16], "texture": "#0"},
				"south": {"uv": [2, 15, 3, 16], "texture": "#0"},
				"west": {"uv": [2, 15, 6, 16], "texture": "#0"},
				"up": {"uv": [2, 15, 6, 16], "rotation": 90, "texture": "#0"},
				"down": {"uv": [2, 15, 6, 16], "rotation": 270, "texture": "#0"}
			}
		},
		{
			"from": [15, 2, 9],
			"to": [16, 6, 13],
			"faces": {
				"north": {"uv": [2, 10, 3, 14], "texture": "#0"},
				"east": {"uv": [2, 10, 6, 14], "texture": "#0"},
				"south": {"uv": [2, 10, 3, 14], "texture": "#0"},
				"west": {"uv": [2, 10, 6, 14], "texture": "#0"},
				"up": {"uv": [2, 10, 6, 11], "rotation": 90, "texture": "#0"},
				"down": {"uv": [2, 10, 6, 11], "rotation": 270, "texture": "#0"}
			}
		},
		{
			"from": [14, 7, 9],
			"to": [15, 8, 13],
			"faces": {
				"north": {"uv": [2, 8, 3, 9], "texture": "#0"},
				"east": {"uv": [2, 8, 6, 9], "texture": "#0"},
				"south": {"uv": [2, 8, 3, 9], "texture": "#0"},
				"west": {"uv": [2, 8, 6, 9], "texture": "#0"},
				"up": {"uv": [2, 9, 6, 10], "rotation": 90, "texture": "#0"},
				"down": {"uv": [2, 8, 6, 9], "rotation": 270, "texture": "#0"}
			}
		},
		{
			"from": [15, 6, 9],
			"to": [16, 7, 13],
			"faces": {
				"north": {"uv": [1, 9, 2, 10], "texture": "#0"},
				"east": {"uv": [2, 9, 6, 10], "texture": "#0"},
				"south": {"uv": [2, 9, 3, 10], "texture": "#0"},
				"west": {"uv": [1, 9, 5, 10], "texture": "#0"},
				"up": {"uv": [1, 9, 5, 10], "rotation": 90, "texture": "#0"},
				"down": {"uv": [1, 9, 5, 10], "rotation": 270, "texture": "#0"}
			}
		},
		{
			"from": [15, 1, 9],
			"to": [16, 2, 13],
			"faces": {
				"north": {"uv": [2, 14, 3, 15], "texture": "#0"},
				"east": {"uv": [2, 14, 6, 15], "texture": "#0"},
				"south": {"uv": [6, 14, 7, 15], "texture": "#0"},
				"west": {"uv": [2, 14, 6, 15], "texture": "#0"},
				"up": {"uv": [2, 14, 6, 15], "rotation": 90, "texture": "#0"},
				"down": {"uv": [2, 14, 6, 15], "rotation": 270, "texture": "#0"}
			}
		},
		{
			"from": [14, 0, 9],
			"to": [15, 1, 13],
			"faces": {
				"north": {"uv": [2, 15, 3, 16], "texture": "#0"},
				"east": {"uv": [2, 15, 6, 16], "texture": "#0"},
				"south": {"uv": [2, 15, 3, 16], "texture": "#0"},
				"west": {"uv": [2, 15, 6, 16], "texture": "#0"},
				"up": {"uv": [2, 15, 6, 16], "rotation": 90, "texture": "#0"},
				"down": {"uv": [2, 15, 6, 16], "rotation": 270, "texture": "#0"}
			}
		},
		{
			"from": [2, 0, 5],
			"to": [6, 1, 6],
			"faces": {
				"north": {"uv": [10, 15, 14, 16], "texture": "#0"},
				"east": {"uv": [10, 15, 11, 16], "texture": "#0"},
				"south": {"uv": [10, 15, 14, 16], "texture": "#0"},
				"west": {"uv": [10, 15, 11, 16], "texture": "#0"},
				"up": {"uv": [10, 15, 14, 16], "rotation": 180, "texture": "#0"},
				"down": {"uv": [10, 15, 14, 16], "rotation": 180, "texture": "#0"}
			}
		},
		{
			"from": [1, 1, 5],
			"to": [2, 2, 6],
			"faces": {
				"north": {"uv": [14, 14, 15, 15], "texture": "#0"},
				"east": {"uv": [14, 14, 15, 15], "texture": "#0"},
				"south": {"uv": [14, 14, 15, 15], "texture": "#0"},
				"west": {"uv": [14, 14, 15, 15], "texture": "#0"},
				"up": {"uv": [14, 14, 15, 15], "rotation": 180, "texture": "#0"},
				"down": {"uv": [14, 14, 15, 15], "rotation": 180, "texture": "#0"}
			}
		},
		{
			"from": [6, 1, 5],
			"to": [7, 2, 6],
			"faces": {
				"north": {"uv": [9, 14, 10, 15], "texture": "#0"},
				"east": {"uv": [9, 14, 10, 15], "texture": "#0"},
				"south": {"uv": [9, 14, 10, 15], "texture": "#0"},
				"west": {"uv": [9, 14, 10, 15], "texture": "#0"},
				"up": {"uv": [9, 14, 10, 15], "rotation": 180, "texture": "#0"},
				"down": {"uv": [9, 14, 10, 15], "rotation": 180, "texture": "#0"}
			}
		},
		{
			"from": [7, 2, 5],
			"to": [8, 6, 6],
			"faces": {
				"north": {"uv": [9, 10, 10, 14], "texture": "#0"},
				"east": {"uv": [9, 10, 10, 14], "texture": "#0"},
				"south": {"uv": [15, 10, 16, 14], "texture": "#0"},
				"west": {"uv": [9, 10, 10, 14], "texture": "#0"},
				"up": {"uv": [9, 10, 10, 11], "rotation": 180, "texture": "#0"},
				"down": {"uv": [9, 10, 10, 11], "rotation": 180, "texture": "#0"}
			}
		},
		{
			"from": [6, 6, 5],
			"to": [7, 7, 6],
			"faces": {
				"north": {"uv": [9, 9, 10, 10], "texture": "#0"},
				"east": {"uv": [9, 9, 10, 10], "texture": "#0"},
				"south": {"uv": [9, 9, 10, 10], "texture": "#0"},
				"west": {"uv": [9, 9, 10, 10], "texture": "#0"},
				"up": {"uv": [9, 9, 10, 10], "rotation": 180, "texture": "#0"},
				"down": {"uv": [9, 9, 10, 10], "rotation": 180, "texture": "#0"}
			}
		},
		{
			"from": [2, 1, 6],
			"to": [6, 2, 7],
			"faces": {
				"north": {"uv": [10, 14, 14, 15], "texture": "#0"},
				"east": {"uv": [10, 14, 11, 15], "texture": "#0"},
				"south": {"uv": [10, 14, 14, 15], "texture": "#0"},
				"west": {"uv": [10, 14, 11, 15], "texture": "#0"},
				"up": {"uv": [10, 14, 14, 15], "rotation": 180, "texture": "#0"},
				"down": {"uv": [10, 14, 14, 15], "rotation": 180, "texture": "#0"}
			}
		},
		{
			"from": [1, 6, 5],
			"to": [2, 7, 6],
			"faces": {
				"north": {"uv": [14, 9, 15, 10], "texture": "#0"},
				"east": {"uv": [14, 9, 15, 10], "texture": "#0"},
				"south": {"uv": [14, 9, 15, 10], "texture": "#0"},
				"west": {"uv": [14, 9, 15, 10], "texture": "#0"},
				"up": {"uv": [14, 9, 15, 10], "rotation": 180, "texture": "#0"},
				"down": {"uv": [14, 9, 15, 10], "rotation": 180, "texture": "#0"}
			}
		},
		{
			"from": [0, 2, 5],
			"to": [1, 6, 6],
			"faces": {
				"north": {"uv": [14, 10, 15, 14], "texture": "#0"},
				"east": {"uv": [14, 10, 15, 14], "texture": "#0"},
				"south": {"uv": [14, 10, 15, 14], "texture": "#0"},
				"west": {"uv": [14, 10, 15, 14], "texture": "#0"},
				"up": {"uv": [14, 10, 15, 11], "rotation": 180, "texture": "#0"},
				"down": {"uv": [14, 10, 15, 11], "rotation": 180, "texture": "#0"}
			}
		},
		{
			"from": [1, 2, 6],
			"to": [2, 6, 7],
			"faces": {
				"north": {"uv": [10, 10, 11, 14], "texture": "#0"},
				"east": {"uv": [10, 10, 11, 14], "texture": "#0"},
				"south": {"uv": [10, 10, 11, 14], "texture": "#0"},
				"west": {"uv": [7, 10, 8, 14], "texture": "#0"},
				"up": {"uv": [10, 10, 11, 11], "rotation": 180, "texture": "#0"},
				"down": {"uv": [10, 10, 11, 11], "rotation": 180, "texture": "#0"}
			}
		},
		{
			"from": [6, 2, 6],
			"to": [7, 6, 7],
			"faces": {
				"north": {"uv": [8, 10, 9, 14], "texture": "#0"},
				"east": {"uv": [8, 10, 9, 14], "texture": "#0"},
				"south": {"uv": [8, 10, 9, 14], "texture": "#0"},
				"west": {"uv": [8, 10, 9, 14], "texture": "#0"},
				"up": {"uv": [8, 10, 9, 11], "rotation": 180, "texture": "#0"},
				"down": {"uv": [8, 10, 9, 11], "rotation": 180, "texture": "#0"}
			}
		},
		{
			"from": [2, 6, 6],
			"to": [6, 7, 7],
			"faces": {
				"north": {"uv": [10, 9, 14, 10], "texture": "#0"},
				"east": {"uv": [10, 9, 11, 10], "texture": "#0"},
				"south": {"uv": [10, 9, 14, 10], "texture": "#0"},
				"west": {"uv": [10, 9, 11, 10], "texture": "#0"},
				"up": {"uv": [10, 9, 14, 10], "rotation": 180, "texture": "#0"},
				"down": {"uv": [10, 9, 14, 10], "rotation": 180, "texture": "#0"}
			}
		},
		{
			"from": [2, 7, 5],
			"to": [6, 8, 6],
			"faces": {
				"north": {"uv": [10, 8, 14, 9], "texture": "#0"},
				"east": {"uv": [10, 8, 11, 9], "texture": "#0"},
				"south": {"uv": [10, 8, 14, 9], "texture": "#0"},
				"west": {"uv": [10, 8, 11, 9], "texture": "#0"},
				"up": {"uv": [10, 9, 14, 10], "rotation": 180, "texture": "#0"},
				"down": {"uv": [10, 8, 14, 9], "rotation": 180, "texture": "#0"}
			}
		},
		{
			"from": [2, 2, 6],
			"to": [6, 6, 7],
			"faces": {
				"north": {"uv": [10, 10, 14, 14], "texture": "#0"},
				"east": {"uv": [10, 10, 11, 14], "texture": "#0"},
				"south": {"uv": [10, 10, 14, 14], "texture": "#0"},
				"west": {"uv": [10, 10, 11, 14], "texture": "#0"},
				"up": {"uv": [10, 10, 14, 11], "rotation": 180, "texture": "#0"},
				"down": {"uv": [10, 10, 14, 11], "rotation": 180, "texture": "#0"}
			}
		},
		{
			"from": [2, 0, 13],
			"to": [6, 1, 14],
			"faces": {
				"north": {"uv": [10, 15, 14, 16], "texture": "#0"},
				"east": {"uv": [10, 15, 11, 16], "texture": "#0"},
				"south": {"uv": [10, 15, 14, 16], "texture": "#0"},
				"west": {"uv": [10, 15, 11, 16], "texture": "#0"},
				"up": {"uv": [10, 15, 14, 16], "rotation": 180, "texture": "#0"},
				"down": {"uv": [10, 15, 14, 16], "rotation": 180, "texture": "#0"}
			}
		},
		{
			"from": [1, 1, 13],
			"to": [2, 2, 14],
			"faces": {
				"north": {"uv": [14, 14, 15, 15], "texture": "#0"},
				"east": {"uv": [14, 14, 15, 15], "texture": "#0"},
				"south": {"uv": [14, 14, 15, 15], "texture": "#0"},
				"west": {"uv": [14, 14, 15, 15], "texture": "#0"},
				"up": {"uv": [14, 14, 15, 15], "rotation": 180, "texture": "#0"},
				"down": {"uv": [14, 14, 15, 15], "rotation": 180, "texture": "#0"}
			}
		},
		{
			"from": [6, 1, 13],
			"to": [7, 2, 14],
			"faces": {
				"north": {"uv": [9, 14, 10, 15], "texture": "#0"},
				"east": {"uv": [9, 14, 10, 15], "texture": "#0"},
				"south": {"uv": [9, 14, 10, 15], "texture": "#0"},
				"west": {"uv": [9, 14, 10, 15], "texture": "#0"},
				"up": {"uv": [9, 14, 10, 15], "rotation": 180, "texture": "#0"},
				"down": {"uv": [9, 14, 10, 15], "rotation": 180, "texture": "#0"}
			}
		},
		{
			"from": [7, 2, 13],
			"to": [8, 6, 14],
			"faces": {
				"north": {"uv": [9, 10, 10, 14], "texture": "#0"},
				"east": {"uv": [9, 10, 10, 14], "texture": "#0"},
				"south": {"uv": [7, 10, 8, 14], "texture": "#0"},
				"west": {"uv": [9, 10, 10, 14], "texture": "#0"},
				"up": {"uv": [9, 10, 10, 11], "rotation": 180, "texture": "#0"},
				"down": {"uv": [9, 10, 10, 11], "rotation": 180, "texture": "#0"}
			}
		},
		{
			"from": [6, 6, 13],
			"to": [7, 7, 14],
			"faces": {
				"north": {"uv": [9, 9, 10, 10], "texture": "#0"},
				"east": {"uv": [9, 9, 10, 10], "texture": "#0"},
				"south": {"uv": [13, 9, 14, 10], "texture": "#0"},
				"west": {"uv": [9, 9, 10, 10], "texture": "#0"},
				"up": {"uv": [13, 9, 14, 10], "rotation": 180, "texture": "#0"},
				"down": {"uv": [9, 9, 10, 10], "rotation": 180, "texture": "#0"}
			}
		},
		{
			"from": [2, 1, 14],
			"to": [6, 2, 15],
			"faces": {
				"north": {"uv": [10, 14, 14, 15], "texture": "#0"},
				"east": {"uv": [10, 14, 11, 15], "texture": "#0"},
				"south": {"uv": [10, 14, 14, 15], "texture": "#0"},
				"west": {"uv": [10, 14, 11, 15], "texture": "#0"},
				"up": {"uv": [10, 14, 14, 15], "rotation": 180, "texture": "#0"},
				"down": {"uv": [10, 14, 14, 15], "rotation": 180, "texture": "#0"}
			}
		},
		{
			"from": [1, 6, 13],
			"to": [2, 7, 14],
			"faces": {
				"north": {"uv": [14, 9, 15, 10], "texture": "#0"},
				"east": {"uv": [14, 9, 15, 10], "texture": "#0"},
				"south": {"uv": [14, 9, 15, 10], "texture": "#0"},
				"west": {"uv": [14, 9, 15, 10], "texture": "#0"},
				"up": {"uv": [14, 9, 15, 10], "rotation": 180, "texture": "#0"},
				"down": {"uv": [14, 9, 15, 10], "rotation": 180, "texture": "#0"}
			}
		},
		{
			"from": [0, 2, 13],
			"to": [1, 6, 14],
			"faces": {
				"north": {"uv": [14, 10, 15, 14], "texture": "#0"},
				"east": {"uv": [14, 10, 15, 14], "texture": "#0"},
				"south": {"uv": [14, 10, 15, 14], "texture": "#0"},
				"west": {"uv": [14, 10, 15, 14], "texture": "#0"},
				"up": {"uv": [14, 10, 15, 11], "rotation": 180, "texture": "#0"},
				"down": {"uv": [14, 10, 15, 11], "rotation": 180, "texture": "#0"}
			}
		},
		{
			"from": [1, 2, 14],
			"to": [2, 6, 15],
			"faces": {
				"north": {"uv": [10, 10, 11, 14], "texture": "#0"},
				"east": {"uv": [10, 10, 11, 14], "texture": "#0"},
				"south": {"uv": [10, 10, 11, 14], "texture": "#0"},
				"west": {"uv": [10, 10, 11, 14], "texture": "#0"},
				"up": {"uv": [10, 10, 11, 11], "rotation": 180, "texture": "#0"},
				"down": {"uv": [10, 10, 11, 11], "rotation": 180, "texture": "#0"}
			}
		},
		{
			"from": [6, 2, 14],
			"to": [7, 6, 15],
			"faces": {
				"north": {"uv": [8, 10, 9, 14], "texture": "#0"},
				"east": {"uv": [8, 10, 9, 14], "texture": "#0"},
				"south": {"uv": [14, 10, 15, 14], "texture": "#0"},
				"west": {"uv": [8, 10, 9, 14], "texture": "#0"},
				"up": {"uv": [8, 10, 9, 11], "rotation": 180, "texture": "#0"},
				"down": {"uv": [8, 10, 9, 11], "rotation": 180, "texture": "#0"}
			}
		},
		{
			"from": [2, 6, 14],
			"to": [6, 7, 15],
			"faces": {
				"north": {"uv": [10, 9, 14, 10], "texture": "#0"},
				"east": {"uv": [10, 9, 11, 10], "texture": "#0"},
				"south": {"uv": [10, 9, 14, 10], "texture": "#0"},
				"west": {"uv": [10, 9, 11, 10], "texture": "#0"},
				"up": {"uv": [10, 9, 14, 10], "rotation": 180, "texture": "#0"},
				"down": {"uv": [10, 9, 14, 10], "rotation": 180, "texture": "#0"}
			}
		},
		{
			"from": [2, 7, 13],
			"to": [6, 8, 14],
			"faces": {
				"north": {"uv": [10, 8, 14, 9], "texture": "#0"},
				"east": {"uv": [10, 8, 11, 9], "texture": "#0"},
				"south": {"uv": [10, 8, 14, 9], "texture": "#0"},
				"west": {"uv": [10, 8, 11, 9], "texture": "#0"},
				"up": {"uv": [10, 14, 14, 15], "rotation": 180, "texture": "#0"},
				"down": {"uv": [10, 8, 14, 9], "rotation": 180, "texture": "#0"}
			}
		},
		{
			"from": [2, 2, 14],
			"to": [6, 6, 15],
			"faces": {
				"north": {"uv": [10, 10, 14, 14], "texture": "#0"},
				"east": {"uv": [10, 10, 11, 14], "texture": "#0"},
				"south": {"uv": [10, 10, 14, 14], "texture": "#0"},
				"west": {"uv": [10, 10, 11, 14], "texture": "#0"},
				"up": {"uv": [10, 10, 14, 11], "rotation": 180, "texture": "#0"},
				"down": {"uv": [10, 10, 14, 11], "rotation": 180, "texture": "#0"}
			}
		},
		{
			"from": [6, 8, 9],
			"to": [10, 9, 10],
			"faces": {
				"north": {"uv": [10, 15, 14, 16], "texture": "#0"},
				"east": {"uv": [10, 15, 11, 16], "texture": "#0"},
				"south": {"uv": [10, 15, 14, 16], "texture": "#0"},
				"west": {"uv": [10, 15, 11, 16], "texture": "#0"},
				"up": {"uv": [10, 15, 14, 16], "rotation": 180, "texture": "#0"},
				"down": {"uv": [10, 15, 14, 16], "rotation": 180, "texture": "#0"}
			}
		},
		{
			"from": [5, 9, 9],
			"to": [6, 10, 10],
			"faces": {
				"north": {"uv": [14, 14, 15, 15], "texture": "#0"},
				"east": {"uv": [14, 14, 15, 15], "texture": "#0"},
				"south": {"uv": [14, 14, 15, 15], "texture": "#0"},
				"west": {"uv": [14, 14, 15, 15], "texture": "#0"},
				"up": {"uv": [14, 14, 15, 15], "rotation": 180, "texture": "#0"},
				"down": {"uv": [14, 14, 15, 15], "rotation": 180, "texture": "#0"}
			}
		},
		{
			"from": [10, 9, 9],
			"to": [11, 10, 10],
			"faces": {
				"north": {"uv": [9, 14, 10, 15], "texture": "#0"},
				"east": {"uv": [9, 14, 10, 15], "texture": "#0"},
				"south": {"uv": [9, 14, 10, 15], "texture": "#0"},
				"west": {"uv": [9, 14, 10, 15], "texture": "#0"},
				"up": {"uv": [9, 14, 10, 15], "rotation": 180, "texture": "#0"},
				"down": {"uv": [9, 14, 10, 15], "rotation": 180, "texture": "#0"}
			}
		},
		{
			"from": [11, 10, 9],
			"to": [12, 14, 10],
			"faces": {
				"north": {"uv": [9, 10, 10, 14], "texture": "#0"},
				"east": {"uv": [9, 10, 10, 14], "texture": "#0"},
				"south": {"uv": [15, 10, 16, 14], "texture": "#0"},
				"west": {"uv": [9, 10, 10, 14], "texture": "#0"},
				"up": {"uv": [9, 10, 10, 11], "rotation": 180, "texture": "#0"},
				"down": {"uv": [9, 10, 10, 11], "rotation": 180, "texture": "#0"}
			}
		},
		{
			"from": [10, 14, 9],
			"to": [11, 15, 10],
			"faces": {
				"north": {"uv": [14, 9, 15, 10], "texture": "#0"},
				"east": {"uv": [14, 9, 15, 10], "texture": "#0"},
				"south": {"uv": [14, 9, 15, 10], "texture": "#0"},
				"west": {"uv": [14, 9, 15, 10], "texture": "#0"},
				"up": {"uv": [14, 9, 15, 10], "rotation": 180, "texture": "#0"},
				"down": {"uv": [14, 9, 15, 10], "rotation": 180, "texture": "#0"}
			}
		},
		{
			"from": [6, 9, 10],
			"to": [10, 10, 11],
			"faces": {
				"north": {"uv": [10, 14, 14, 15], "texture": "#0"},
				"east": {"uv": [10, 14, 11, 15], "texture": "#0"},
				"south": {"uv": [10, 14, 14, 15], "texture": "#0"},
				"west": {"uv": [10, 14, 11, 15], "texture": "#0"},
				"up": {"uv": [10, 14, 14, 15], "rotation": 180, "texture": "#0"},
				"down": {"uv": [10, 14, 14, 15], "rotation": 180, "texture": "#0"}
			}
		},
		{
			"from": [5, 14, 9],
			"to": [6, 15, 10],
			"faces": {
				"north": {"uv": [14, 9, 15, 10], "texture": "#0"},
				"east": {"uv": [14, 9, 15, 10], "texture": "#0"},
				"south": {"uv": [14, 9, 15, 10], "texture": "#0"},
				"west": {"uv": [14, 9, 15, 10], "texture": "#0"},
				"up": {"uv": [14, 9, 15, 10], "rotation": 180, "texture": "#0"},
				"down": {"uv": [14, 9, 15, 10], "rotation": 180, "texture": "#0"}
			}
		},
		{
			"from": [4, 10, 9],
			"to": [5, 14, 10],
			"faces": {
				"north": {"uv": [14, 10, 15, 14], "texture": "#0"},
				"east": {"uv": [14, 10, 15, 14], "texture": "#0"},
				"south": {"uv": [14, 10, 15, 14], "texture": "#0"},
				"west": {"uv": [14, 10, 15, 14], "texture": "#0"},
				"up": {"uv": [14, 10, 15, 11], "rotation": 180, "texture": "#0"},
				"down": {"uv": [14, 10, 15, 11], "rotation": 180, "texture": "#0"}
			}
		},
		{
			"from": [5, 10, 10],
			"to": [6, 14, 11],
			"faces": {
				"north": {"uv": [10, 10, 11, 14], "texture": "#0"},
				"east": {"uv": [10, 10, 11, 14], "texture": "#0"},
				"south": {"uv": [10, 10, 11, 14], "texture": "#0"},
				"west": {"uv": [10, 10, 11, 14], "texture": "#0"},
				"up": {"uv": [10, 10, 11, 11], "rotation": 180, "texture": "#0"},
				"down": {"uv": [10, 10, 11, 11], "rotation": 180, "texture": "#0"}
			}
		},
		{
			"from": [10, 10, 10],
			"to": [11, 14, 11],
			"faces": {
				"north": {"uv": [8, 10, 9, 14], "texture": "#0"},
				"east": {"uv": [14, 10, 15, 14], "texture": "#0"},
				"south": {"uv": [14, 10, 15, 14], "texture": "#0"},
				"west": {"uv": [8, 10, 9, 14], "texture": "#0"},
				"up": {"uv": [14, 10, 15, 11], "rotation": 180, "texture": "#0"},
				"down": {"uv": [8, 10, 9, 11], "rotation": 180, "texture": "#0"}
			}
		},
		{
			"from": [6, 14, 10],
			"to": [10, 15, 11],
			"faces": {
				"north": {"uv": [10, 9, 14, 10], "texture": "#0"},
				"east": {"uv": [10, 9, 11, 10], "texture": "#0"},
				"south": {"uv": [10, 9, 14, 10], "texture": "#0"},
				"west": {"uv": [10, 9, 11, 10], "texture": "#0"},
				"up": {"uv": [10, 9, 14, 10], "rotation": 180, "texture": "#0"},
				"down": {"uv": [10, 9, 14, 10], "rotation": 180, "texture": "#0"}
			}
		},
		{
			"from": [6, 15, 9],
			"to": [10, 16, 10],
			"faces": {
				"north": {"uv": [10, 8, 14, 9], "texture": "#0"},
				"east": {"uv": [10, 8, 11, 9], "texture": "#0"},
				"south": {"uv": [10, 8, 14, 9], "texture": "#0"},
				"west": {"uv": [10, 8, 11, 9], "texture": "#0"},
				"up": {"uv": [10, 9, 14, 10], "rotation": 180, "texture": "#0"},
				"down": {"uv": [10, 8, 14, 9], "rotation": 180, "texture": "#0"}
			}
		},
		{
			"from": [6, 10, 10],
			"to": [10, 14, 11],
			"faces": {
				"north": {"uv": [10, 10, 14, 14], "texture": "#0"},
				"east": {"uv": [10, 10, 11, 14], "texture": "#0"},
				"south": {"uv": [10, 10, 14, 14], "texture": "#0"},
				"west": {"uv": [10, 10, 11, 14], "texture": "#0"},
				"up": {"uv": [10, 10, 14, 11], "rotation": 180, "texture": "#0"},
				"down": {"uv": [10, 10, 14, 11], "rotation": 180, "texture": "#0"}
			}
		},
		{
			"from": [10, 0, 5],
			"to": [14, 1, 6],
			"faces": {
				"north": {"uv": [2, 15, 6, 16], "texture": "#0"},
				"east": {"uv": [2, 15, 3, 16], "texture": "#0"},
				"south": {"uv": [2, 15, 6, 16], "texture": "#0"},
				"west": {"uv": [2, 15, 3, 16], "texture": "#0"},
				"up": {"uv": [2, 15, 6, 16], "rotation": 180, "texture": "#0"},
				"down": {"uv": [2, 15, 6, 16], "rotation": 180, "texture": "#0"}
			}
		},
		{
			"from": [9, 1, 5],
			"to": [10, 2, 6],
			"faces": {
				"north": {"uv": [6, 14, 7, 15], "texture": "#0"},
				"east": {"uv": [6, 14, 7, 15], "texture": "#0"},
				"south": {"uv": [6, 14, 7, 15], "texture": "#0"},
				"west": {"uv": [6, 14, 7, 15], "texture": "#0"},
				"up": {"uv": [6, 14, 7, 15], "rotation": 180, "texture": "#0"},
				"down": {"uv": [6, 14, 7, 15], "rotation": 180, "texture": "#0"}
			}
		},
		{
			"from": [14, 1, 5],
			"to": [15, 2, 6],
			"faces": {
				"north": {"uv": [1, 14, 2, 15], "texture": "#0"},
				"east": {"uv": [1, 14, 2, 15], "texture": "#0"},
				"south": {"uv": [1, 14, 2, 15], "texture": "#0"},
				"west": {"uv": [1, 14, 2, 15], "texture": "#0"},
				"up": {"uv": [1, 14, 2, 15], "rotation": 180, "texture": "#0"},
				"down": {"uv": [1, 14, 2, 15], "rotation": 180, "texture": "#0"}
			}
		},
		{
			"from": [15, 2, 5],
			"to": [16, 6, 6],
			"faces": {
				"north": {"uv": [1, 10, 2, 14], "texture": "#0"},
				"east": {"uv": [1, 10, 2, 14], "texture": "#0"},
				"south": {"uv": [7, 10, 8, 14], "texture": "#0"},
				"west": {"uv": [1, 10, 2, 14], "texture": "#0"},
				"up": {"uv": [1, 10, 2, 11], "rotation": 180, "texture": "#0"},
				"down": {"uv": [1, 10, 2, 11], "rotation": 180, "texture": "#0"}
			}
		},
		{
			"from": [14, 6, 5],
			"to": [15, 7, 6],
			"faces": {
				"north": {"uv": [1, 9, 2, 10], "texture": "#0"},
				"east": {"uv": [1, 9, 2, 10], "texture": "#0"},
				"south": {"uv": [1, 9, 2, 10], "texture": "#0"},
				"west": {"uv": [1, 9, 2, 10], "texture": "#0"},
				"up": {"uv": [1, 9, 2, 10], "rotation": 180, "texture": "#0"},
				"down": {"uv": [1, 9, 2, 10], "rotation": 180, "texture": "#0"}
			}
		},
		{
			"from": [10, 1, 6],
			"to": [14, 2, 7],
			"faces": {
				"north": {"uv": [2, 14, 6, 15], "texture": "#0"},
				"east": {"uv": [2, 14, 3, 15], "texture": "#0"},
				"south": {"uv": [2, 14, 6, 15], "texture": "#0"},
				"west": {"uv": [2, 14, 3, 15], "texture": "#0"},
				"up": {"uv": [2, 14, 6, 15], "rotation": 180, "texture": "#0"},
				"down": {"uv": [2, 14, 6, 15], "rotation": 180, "texture": "#0"}
			}
		},
		{
			"from": [9, 6, 5],
			"to": [10, 7, 6],
			"faces": {
				"north": {"uv": [6, 9, 7, 10], "texture": "#0"},
				"east": {"uv": [6, 9, 7, 10], "texture": "#0"},
				"south": {"uv": [6, 9, 7, 10], "texture": "#0"},
				"west": {"uv": [6, 9, 7, 10], "texture": "#0"},
				"up": {"uv": [6, 9, 7, 10], "rotation": 180, "texture": "#0"},
				"down": {"uv": [6, 9, 7, 10], "rotation": 180, "texture": "#0"}
			}
		},
		{
			"from": [8, 2, 5],
			"to": [9, 6, 6],
			"faces": {
				"north": {"uv": [6, 10, 7, 14], "texture": "#0"},
				"east": {"uv": [6, 10, 7, 14], "texture": "#0"},
				"south": {"uv": [6, 10, 7, 14], "texture": "#0"},
				"west": {"uv": [6, 10, 7, 14], "texture": "#0"},
				"up": {"uv": [6, 10, 7, 11], "rotation": 180, "texture": "#0"},
				"down": {"uv": [6, 10, 7, 11], "rotation": 180, "texture": "#0"}
			}
		},
		{
			"from": [9, 2, 6],
			"to": [10, 6, 7],
			"faces": {
				"north": {"uv": [2, 10, 3, 14], "texture": "#0"},
				"east": {"uv": [2, 10, 3, 14], "texture": "#0"},
				"south": {"uv": [2, 10, 3, 14], "texture": "#0"},
				"west": {"uv": [2, 10, 3, 14], "texture": "#0"},
				"up": {"uv": [2, 10, 3, 11], "rotation": 180, "texture": "#0"},
				"down": {"uv": [2, 10, 3, 11], "rotation": 180, "texture": "#0"}
			}
		},
		{
			"from": [14, 2, 6],
			"to": [15, 6, 7],
			"faces": {
				"north": {"uv": [0, 10, 1, 14], "texture": "#0"},
				"east": {"uv": [0, 10, 1, 14], "texture": "#0"},
				"south": {"uv": [0, 10, 1, 14], "texture": "#0"},
				"west": {"uv": [0, 10, 1, 14], "texture": "#0"},
				"up": {"uv": [0, 10, 1, 11], "rotation": 180, "texture": "#0"},
				"down": {"uv": [0, 10, 1, 11], "rotation": 180, "texture": "#0"}
			}
		},
		{
			"from": [10, 6, 6],
			"to": [14, 7, 7],
			"faces": {
				"north": {"uv": [2, 9, 6, 10], "texture": "#0"},
				"east": {"uv": [2, 9, 3, 10], "texture": "#0"},
				"south": {"uv": [2, 9, 6, 10], "texture": "#0"},
				"west": {"uv": [2, 9, 3, 10], "texture": "#0"},
				"up": {"uv": [2, 9, 6, 10], "rotation": 180, "texture": "#0"},
				"down": {"uv": [2, 9, 6, 10], "rotation": 180, "texture": "#0"}
			}
		},
		{
			"from": [10, 7, 5],
			"to": [14, 8, 6],
			"faces": {
				"north": {"uv": [2, 8, 6, 9], "texture": "#0"},
				"east": {"uv": [2, 8, 3, 9], "texture": "#0"},
				"south": {"uv": [2, 8, 6, 9], "texture": "#0"},
				"west": {"uv": [2, 8, 3, 9], "texture": "#0"},
				"up": {"uv": [2, 9, 6, 10], "rotation": 180, "texture": "#0"},
				"down": {"uv": [2, 8, 6, 9], "rotation": 180, "texture": "#0"}
			}
		},
		{
			"from": [10, 2, 6],
			"to": [14, 6, 7],
			"faces": {
				"north": {"uv": [2, 10, 6, 14], "texture": "#0"},
				"east": {"uv": [2, 10, 3, 14], "texture": "#0"},
				"south": {"uv": [2, 10, 6, 14], "texture": "#0"},
				"west": {"uv": [2, 10, 3, 14], "texture": "#0"},
				"up": {"uv": [2, 10, 6, 11], "rotation": 180, "texture": "#0"},
				"down": {"uv": [2, 10, 6, 11], "rotation": 180, "texture": "#0"}
			}
		},
		{
			"from": [10, 0, 13],
			"to": [14, 1, 14],
			"faces": {
				"north": {"uv": [2, 15, 6, 16], "texture": "#0"},
				"east": {"uv": [2, 15, 3, 16], "texture": "#0"},
				"south": {"uv": [2, 15, 6, 16], "texture": "#0"},
				"west": {"uv": [2, 15, 3, 16], "texture": "#0"},
				"up": {"uv": [2, 15, 6, 16], "rotation": 180, "texture": "#0"},
				"down": {"uv": [2, 15, 6, 16], "rotation": 180, "texture": "#0"}
			}
		},
		{
			"from": [9, 1, 13],
			"to": [10, 2, 14],
			"faces": {
				"north": {"uv": [6, 14, 7, 15], "texture": "#0"},
				"east": {"uv": [6, 14, 7, 15], "texture": "#0"},
				"south": {"uv": [6, 14, 7, 15], "texture": "#0"},
				"west": {"uv": [6, 14, 7, 15], "texture": "#0"},
				"up": {"uv": [6, 14, 7, 15], "rotation": 180, "texture": "#0"},
				"down": {"uv": [6, 14, 7, 15], "rotation": 180, "texture": "#0"}
			}
		},
		{
			"from": [14, 1, 13],
			"to": [15, 2, 14],
			"faces": {
				"north": {"uv": [1, 14, 2, 15], "texture": "#0"},
				"east": {"uv": [1, 14, 2, 15], "texture": "#0"},
				"south": {"uv": [1, 14, 2, 15], "texture": "#0"},
				"west": {"uv": [1, 14, 2, 15], "texture": "#0"},
				"up": {"uv": [1, 14, 2, 15], "rotation": 180, "texture": "#0"},
				"down": {"uv": [1, 14, 2, 15], "rotation": 180, "texture": "#0"}
			}
		},
		{
			"from": [15, 2, 13],
			"to": [16, 6, 14],
			"faces": {
				"north": {"uv": [1, 10, 2, 14], "texture": "#0"},
				"east": {"uv": [1, 10, 2, 14], "texture": "#0"},
				"south": {"uv": [7, 10, 8, 14], "texture": "#0"},
				"west": {"uv": [1, 10, 2, 14], "texture": "#0"},
				"up": {"uv": [1, 10, 2, 11], "rotation": 180, "texture": "#0"},
				"down": {"uv": [1, 10, 2, 11], "rotation": 180, "texture": "#0"}
			}
		},
		{
			"from": [14, 6, 13],
			"to": [15, 7, 14],
			"faces": {
				"north": {"uv": [1, 9, 2, 10], "texture": "#0"},
				"east": {"uv": [1, 9, 2, 10], "texture": "#0"},
				"south": {"uv": [5, 9, 6, 10], "texture": "#0"},
				"west": {"uv": [1, 9, 2, 10], "texture": "#0"},
				"up": {"uv": [5, 9, 6, 10], "rotation": 180, "texture": "#0"},
				"down": {"uv": [1, 9, 2, 10], "rotation": 180, "texture": "#0"}
			}
		},
		{
			"from": [10, 1, 14],
			"to": [14, 2, 15],
			"faces": {
				"north": {"uv": [2, 14, 6, 15], "texture": "#0"},
				"east": {"uv": [2, 14, 3, 15], "texture": "#0"},
				"south": {"uv": [2, 14, 6, 15], "texture": "#0"},
				"west": {"uv": [2, 14, 3, 15], "texture": "#0"},
				"up": {"uv": [2, 14, 6, 15], "rotation": 180, "texture": "#0"},
				"down": {"uv": [2, 14, 6, 15], "rotation": 180, "texture": "#0"}
			}
		},
		{
			"from": [9, 6, 13],
			"to": [10, 7, 14],
			"faces": {
				"north": {"uv": [6, 9, 7, 10], "texture": "#0"},
				"east": {"uv": [6, 9, 7, 10], "texture": "#0"},
				"south": {"uv": [6, 9, 7, 10], "texture": "#0"},
				"west": {"uv": [6, 9, 7, 10], "texture": "#0"},
				"up": {"uv": [6, 9, 7, 10], "rotation": 180, "texture": "#0"},
				"down": {"uv": [6, 9, 7, 10], "rotation": 180, "texture": "#0"}
			}
		},
		{
			"from": [8, 2, 13],
			"to": [9, 6, 14],
			"faces": {
				"north": {"uv": [6, 10, 7, 14], "texture": "#0"},
				"east": {"uv": [6, 10, 7, 14], "texture": "#0"},
				"south": {"uv": [8, 10, 9, 14], "texture": "#0"},
				"west": {"uv": [6, 10, 7, 14], "texture": "#0"},
				"up": {"uv": [8, 10, 9, 11], "rotation": 180, "texture": "#0"},
				"down": {"uv": [6, 10, 7, 11], "rotation": 180, "texture": "#0"}
			}
		},
		{
			"from": [9, 2, 14],
			"to": [10, 6, 15],
			"faces": {
				"north": {"uv": [2, 10, 3, 14], "texture": "#0"},
				"east": {"uv": [2, 10, 3, 14], "texture": "#0"},
				"south": {"uv": [2, 10, 3, 14], "texture": "#0"},
				"west": {"uv": [2, 10, 3, 14], "texture": "#0"},
				"up": {"uv": [2, 10, 3, 11], "rotation": 180, "texture": "#0"},
				"down": {"uv": [2, 10, 3, 11], "rotation": 180, "texture": "#0"}
			}
		},
		{
			"from": [14, 2, 14],
			"to": [15, 6, 15],
			"faces": {
				"north": {"uv": [0, 10, 1, 14], "texture": "#0"},
				"east": {"uv": [0, 10, 1, 14], "texture": "#0"},
				"south": {"uv": [6, 10, 7, 14], "texture": "#0"},
				"west": {"uv": [0, 10, 1, 14], "texture": "#0"},
				"up": {"uv": [0, 10, 1, 11], "rotation": 180, "texture": "#0"},
				"down": {"uv": [0, 10, 1, 11], "rotation": 180, "texture": "#0"}
			}
		},
		{
			"from": [10, 6, 14],
			"to": [14, 7, 15],
			"faces": {
				"north": {"uv": [2, 9, 6, 10], "texture": "#0"},
				"east": {"uv": [2, 9, 3, 10], "texture": "#0"},
				"south": {"uv": [2, 9, 6, 10], "texture": "#0"},
				"west": {"uv": [2, 9, 3, 10], "texture": "#0"},
				"up": {"uv": [2, 9, 6, 10], "rotation": 180, "texture": "#0"},
				"down": {"uv": [2, 9, 6, 10], "rotation": 180, "texture": "#0"}
			}
		},
		{
			"from": [10, 7, 13],
			"to": [14, 8, 14],
			"faces": {
				"north": {"uv": [2, 8, 6, 9], "texture": "#0"},
				"east": {"uv": [2, 8, 3, 9], "texture": "#0"},
				"south": {"uv": [2, 8, 6, 9], "texture": "#0"},
				"west": {"uv": [2, 8, 3, 9], "texture": "#0"},
				"up": {"uv": [2, 14, 6, 15], "rotation": 180, "texture": "#0"},
				"down": {"uv": [2, 8, 6, 9], "rotation": 180, "texture": "#0"}
			}
		},
		{
			"from": [10, 2, 14],
			"to": [14, 6, 15],
			"faces": {
				"north": {"uv": [2, 10, 6, 14], "texture": "#0"},
				"east": {"uv": [2, 10, 3, 14], "texture": "#0"},
				"south": {"uv": [2, 10, 6, 14], "texture": "#0"},
				"west": {"uv": [2, 10, 3, 14], "texture": "#0"},
				"up": {"uv": [2, 10, 6, 11], "rotation": 180, "texture": "#0"},
				"down": {"uv": [2, 10, 6, 11], "rotation": 180, "texture": "#0"}
			}
		}
	],
	"gui_light": "front",
	"display": {
		"thirdperson_righthand": {
			"translation": [-0.25, 2.5, 2.25],
			"scale": [0.32, 0.32, 0.32]
		},
		"thirdperson_lefthand": {
			"translation": [0, 2.75, 2.5],
			"scale": [0.32, 0.32, 0.32]
		},
		"firstperson_righthand": {
			"rotation": [-19, -52, 14],
			"translation": [-0.75, 4.5, 1.25],
			"scale": [0.32, 0.32, 0.32]
		},
		"firstperson_lefthand": {
			"rotation": [-19, -52, 14],
			"translation": [-1, 4.5, 1.25],
			"scale": [0.32, 0.32, 0.32]
		},
		"ground": {
			"translation": [-0.5, 2.75, 0.5],
			"scale": [0.5, 0.5, 0.5]
		},
		"gui": {
			"rotation": [0, 180, 0]
		},
		"head": {
			"translation": [0, -36.75, 1.25]
		}
	},
	"groups": [
		0,
		{
			"name": "group",
			"origin": [0, 0, 0],
			"color": 0,
			"children": [
				1,
				2,
				3,
				4,
				5,
				6,
				7,
				8,
				9,
				10,
				11,
				12,
				13,
				14,
				15,
				16,
				17,
				18,
				19,
				20,
				21,
				22,
				23,
				24,
				25,
				26,
				27,
				28,
				29,
				30,
				31,
				32,
				33,
				34,
				35,
				36,
				37,
				38,
				39,
				40,
				41,
				42,
				43,
				44,
				45,
				46,
				47,
				48,
				49,
				50,
				51,
				52,
				53,
				54,
				55,
				56,
				57,
				58,
				59,
				60,
				61,
				62,
				63,
				64,
				65,
				66,
				67,
				68,
				69,
				70,
				71,
				72,
				73,
				74,
				75,
				76
			]
		},
		{
			"name": "group",
			"origin": [0, 0, 0],
			"color": 0,
			"children": [77, 78, 79, 80, 81, 82, 83, 84, 85, 86, 87, 88, 89, 90, 91, 92, 93, 94, 95, 96, 97, 98, 99, 100, 101]
		},
		{
			"name": "group",
			"origin": [0, 0, 0],
			"color": 0,
			"children": [102, 103, 104, 105, 106, 107, 108, 109, 110, 111, 112, 113, 114, 115, 116, 117, 118, 119, 120, 121, 122, 123, 124, 125, 126]
		},
		{
			"name": "group",
			"origin": [0, 0, 0],
			"color": 0,
			"children": [
				127,
				128,
				129,
				130,
				131,
				132,
				133,
				134,
				135,
				136,
				137,
				138,
				139,
				140,
				141,
				142,
				143,
				144,
				145,
				146,
				147,
				148,
				149,
				150,
				151,
				152,
				153,
				154,
				155,
				156,
				157,
				158,
				159,
				160,
				161,
				162,
				163,
				164,
				165,
				166,
				167,
				168,
				169,
				170,
				171,
				172,
				173,
				174,
				175,
				176,
				177,
				178,
				179,
				180,
				181,
				182,
				183,
				184,
				185,
				186,
				187,
				188,
				189,
				190,
				191
			]
		}
	]
}