{
	"credit": "Made with Blockbench",
	"textures": {
		"0": "custom/copper_cannonball_exposed",
        "particle": "custom/copper_cannonball_exposed"
	},
	"elements": [
		{
			"from": [6, 4, 2],
			"to": [10, 8, 3],
			"faces": {
				"north": {"uv": [6, 9, 10, 13], "texture": "#0"},
				"south": {"uv": [6, 9, 10, 13], "texture": "#0"}
			}
		},
		{
			"from": [7, 8, 2],
			"to": [9, 9, 3],
			"faces": {
				"north": {"uv": [7, 8, 9, 9], "texture": "#0"},
				"south": {"uv": [7, 8, 9, 9], "texture": "#0"},
				"up": {"uv": [7, 8, 9, 9], "texture": "#0"}
			}
		},
		{
			"from": [7, 3, 2],
			"to": [9, 4, 3],
			"faces": {
				"north": {"uv": [7, 13, 9, 14], "texture": "#0"},
				"south": {"uv": [7, 13, 9, 14], "texture": "#0"},
				"down": {"uv": [7, 13, 9, 14], "texture": "#0"}
			}
		},
		{
			"from": [5, 4, 2],
			"to": [6, 8, 3],
			"faces": {
				"north": {"uv": [10, 9, 11, 13], "texture": "#0"},
				"south": {"uv": [10, 9, 11, 13], "texture": "#0"},
				"west": {"uv": [10, 9, 11, 13], "texture": "#0"},
				"up": {"uv": [10, 9, 11, 10], "texture": "#0"},
				"down": {"uv": [10, 9, 11, 10], "texture": "#0"}
			}
		},
		{
			"from": [10, 4, 2],
			"to": [11, 8, 3],
			"faces": {
				"north": {"uv": [5, 9, 6, 13], "texture": "#0"},
				"east": {"uv": [5, 9, 6, 13], "texture": "#0"},
				"south": {"uv": [5, 9, 6, 13], "texture": "#0"},
				"up": {"uv": [5, 9, 6, 10], "texture": "#0"},
				"down": {"uv": [5, 9, 6, 10], "texture": "#0"}
			}
		},
		{
			"from": [10, 8, 3],
			"to": [11, 9, 4],
			"faces": {
				"north": {"uv": [5, 8, 6, 9], "texture": "#0"},
				"east": {"uv": [5, 8, 6, 9], "texture": "#0"},
				"south": {"uv": [5, 8, 6, 9], "texture": "#0"},
				"west": {"uv": [5, 8, 6, 9], "texture": "#0"},
				"up": {"uv": [5, 8, 6, 9], "texture": "#0"},
				"down": {"uv": [5, 8, 6, 9], "texture": "#0"}
			}
		},
		{
			"from": [10, 3, 3],
			"to": [11, 4, 4],
			"faces": {
				"north": {"uv": [5, 13, 6, 14], "texture": "#0"},
				"east": {"uv": [5, 13, 6, 14], "texture": "#0"},
				"south": {"uv": [5, 13, 6, 14], "texture": "#0"},
				"west": {"uv": [5, 13, 6, 14], "texture": "#0"},
				"up": {"uv": [5, 13, 6, 14], "texture": "#0"},
				"down": {"uv": [5, 13, 6, 14], "texture": "#0"}
			}
		},
		{
			"from": [5, 3, 3],
			"to": [6, 4, 4],
			"faces": {
				"north": {"uv": [10, 13, 11, 14], "texture": "#0"},
				"east": {"uv": [10, 13, 11, 14], "texture": "#0"},
				"south": {"uv": [10, 13, 11, 14], "texture": "#0"},
				"west": {"uv": [10, 13, 11, 14], "texture": "#0"},
				"up": {"uv": [10, 13, 11, 14], "texture": "#0"},
				"down": {"uv": [10, 13, 11, 14], "texture": "#0"}
			}
		},
		{
			"from": [5, 8, 3],
			"to": [6, 9, 4],
			"faces": {
				"north": {"uv": [10, 8, 11, 9], "texture": "#0"},
				"east": {"uv": [10, 8, 11, 9], "texture": "#0"},
				"south": {"uv": [10, 8, 11, 9], "texture": "#0"},
				"west": {"uv": [10, 8, 11, 9], "texture": "#0"},
				"up": {"uv": [10, 8, 11, 9], "texture": "#0"},
				"down": {"uv": [10, 8, 11, 9], "texture": "#0"}
			}
		},
		{
			"from": [6, 8, 2],
			"to": [7, 9, 3],
			"faces": {
				"north": {"uv": [9, 8, 10, 9], "texture": "#0"},
				"south": {"uv": [9, 8, 10, 9], "texture": "#0"},
				"west": {"uv": [9, 8, 10, 9], "texture": "#0"},
				"up": {"uv": [9, 8, 10, 9], "texture": "#0"}
			}
		},
		{
			"from": [9, 8, 2],
			"to": [10, 9, 3],
			"faces": {
				"north": {"uv": [6, 8, 7, 9], "texture": "#0"},
				"east": {"uv": [6, 8, 7, 9], "texture": "#0"},
				"south": {"uv": [6, 8, 7, 9], "texture": "#0"},
				"up": {"uv": [6, 8, 7, 9], "texture": "#0"}
			}
		},
		{
			"from": [9, 3, 2],
			"to": [10, 4, 3],
			"faces": {
				"north": {"uv": [6, 13, 7, 14], "texture": "#0"},
				"east": {"uv": [6, 13, 7, 14], "texture": "#0"},
				"south": {"uv": [6, 13, 7, 14], "texture": "#0"},
				"down": {"uv": [6, 13, 7, 14], "texture": "#0"}
			}
		},
		{
			"from": [6, 3, 2],
			"to": [7, 4, 3],
			"faces": {
				"north": {"uv": [9, 13, 10, 14], "texture": "#0"},
				"south": {"uv": [9, 13, 10, 14], "texture": "#0"},
				"west": {"uv": [9, 13, 10, 14], "texture": "#0"},
				"down": {"uv": [9, 13, 10, 14], "texture": "#0"}
			}
		},
		{
			"from": [11, 8, 4],
			"to": [12, 9, 5],
			"faces": {
				"north": {"uv": [11, 8, 12, 9], "texture": "#0"},
				"east": {"uv": [11, 8, 12, 9], "texture": "#0"},
				"south": {"uv": [11, 8, 12, 9], "texture": "#0"},
				"west": {"uv": [11, 8, 12, 9], "texture": "#0"},
				"down": {"uv": [11, 8, 12, 9], "rotation": 270, "texture": "#0"}
			}
		},
		{
			"from": [11, 3, 4],
			"to": [12, 4, 5],
			"faces": {
				"north": {"uv": [11, 13, 12, 14], "texture": "#0"},
				"east": {"uv": [11, 13, 12, 14], "texture": "#0"},
				"south": {"uv": [11, 13, 12, 14], "texture": "#0"},
				"west": {"uv": [11, 13, 12, 14], "texture": "#0"},
				"up": {"uv": [11, 13, 12, 14], "rotation": 90, "texture": "#0"}
			}
		},
		{
			"from": [11, 4, 3],
			"to": [12, 8, 4],
			"faces": {
				"north": {"uv": [12, 9, 13, 13], "texture": "#0"},
				"east": {"uv": [12, 9, 13, 13], "texture": "#0"},
				"south": {"uv": [12, 9, 13, 13], "texture": "#0"},
				"west": {"uv": [12, 9, 13, 13], "texture": "#0"},
				"up": {"uv": [12, 9, 13, 10], "rotation": 90, "texture": "#0"},
				"down": {"uv": [12, 9, 13, 10], "rotation": 270, "texture": "#0"}
			}
		},
		{
			"from": [12, 4, 4],
			"to": [13, 8, 5],
			"faces": {
				"north": {"uv": [11, 9, 12, 13], "texture": "#0"},
				"east": {"uv": [11, 9, 12, 13], "texture": "#0"},
				"south": {"uv": [11, 9, 12, 13], "texture": "#0"},
				"west": {"uv": [11, 9, 12, 13], "texture": "#0"},
				"up": {"uv": [11, 9, 12, 10], "rotation": 90, "texture": "#0"},
				"down": {"uv": [11, 9, 12, 10], "rotation": 270, "texture": "#0"}
			}
		},
		{
			"from": [12, 8, 10],
			"to": [13, 9, 11],
			"faces": {
				"north": {"uv": [5, 8, 6, 9], "texture": "#0"},
				"east": {"uv": [5, 8, 6, 9], "texture": "#0"},
				"south": {"uv": [5, 8, 6, 9], "texture": "#0"},
				"west": {"uv": [5, 8, 6, 9], "texture": "#0"},
				"up": {"uv": [5, 8, 6, 9], "rotation": 90, "texture": "#0"},
				"down": {"uv": [5, 8, 6, 9], "rotation": 270, "texture": "#0"}
			}
		},
		{
			"from": [12, 3, 10],
			"to": [13, 4, 11],
			"faces": {
				"north": {"uv": [5, 13, 6, 14], "texture": "#0"},
				"east": {"uv": [5, 13, 6, 14], "texture": "#0"},
				"south": {"uv": [5, 13, 6, 14], "texture": "#0"},
				"west": {"uv": [5, 13, 6, 14], "texture": "#0"},
				"up": {"uv": [5, 13, 6, 14], "rotation": 90, "texture": "#0"},
				"down": {"uv": [5, 13, 6, 14], "rotation": 270, "texture": "#0"}
			}
		},
		{
			"from": [12, 3, 5],
			"to": [13, 4, 6],
			"faces": {
				"north": {"uv": [10, 13, 11, 14], "texture": "#0"},
				"east": {"uv": [10, 13, 11, 14], "texture": "#0"},
				"south": {"uv": [10, 13, 11, 14], "texture": "#0"},
				"west": {"uv": [10, 13, 11, 14], "texture": "#0"},
				"up": {"uv": [10, 13, 11, 14], "rotation": 90, "texture": "#0"},
				"down": {"uv": [10, 13, 11, 14], "rotation": 270, "texture": "#0"}
			}
		},
		{
			"from": [12, 8, 5],
			"to": [13, 9, 6],
			"faces": {
				"north": {"uv": [10, 8, 11, 9], "texture": "#0"},
				"east": {"uv": [10, 8, 11, 9], "texture": "#0"},
				"south": {"uv": [10, 8, 11, 9], "texture": "#0"},
				"west": {"uv": [10, 8, 11, 9], "texture": "#0"},
				"up": {"uv": [10, 8, 11, 9], "rotation": 90, "texture": "#0"},
				"down": {"uv": [10, 8, 11, 9], "rotation": 270, "texture": "#0"}
			}
		},
		{
			"from": [13, 8, 6],
			"to": [14, 9, 7],
			"faces": {
				"north": {"uv": [9, 8, 10, 9], "texture": "#0"},
				"east": {"uv": [9, 8, 10, 9], "texture": "#0"},
				"west": {"uv": [9, 8, 10, 9], "texture": "#0"},
				"up": {"uv": [9, 8, 10, 9], "rotation": 90, "texture": "#0"}
			}
		},
		{
			"from": [13, 8, 9],
			"to": [14, 9, 10],
			"faces": {
				"east": {"uv": [6, 8, 7, 9], "texture": "#0"},
				"south": {"uv": [6, 8, 7, 9], "texture": "#0"},
				"west": {"uv": [6, 8, 7, 9], "texture": "#0"},
				"up": {"uv": [6, 8, 7, 9], "rotation": 90, "texture": "#0"}
			}
		},
		{
			"from": [13, 3, 9],
			"to": [14, 4, 10],
			"faces": {
				"east": {"uv": [6, 13, 7, 14], "texture": "#0"},
				"south": {"uv": [6, 13, 7, 14], "texture": "#0"},
				"west": {"uv": [6, 13, 7, 14], "texture": "#0"},
				"down": {"uv": [6, 13, 7, 14], "rotation": 270, "texture": "#0"}
			}
		},
		{
			"from": [13, 3, 6],
			"to": [14, 4, 7],
			"faces": {
				"north": {"uv": [9, 13, 10, 14], "texture": "#0"},
				"east": {"uv": [9, 13, 10, 14], "texture": "#0"},
				"west": {"uv": [9, 13, 10, 14], "texture": "#0"},
				"down": {"uv": [9, 13, 10, 14], "rotation": 270, "texture": "#0"}
			}
		},
		{
			"from": [13, 4, 6],
			"to": [14, 8, 10],
			"faces": {
				"east": {"uv": [6, 9, 10, 13], "texture": "#0"},
				"west": {"uv": [6, 9, 10, 13], "texture": "#0"}
			}
		},
		{
			"from": [13, 8, 7],
			"to": [14, 9, 9],
			"faces": {
				"east": {"uv": [7, 8, 9, 9], "texture": "#0"},
				"west": {"uv": [7, 8, 9, 9], "texture": "#0"},
				"up": {"uv": [7, 8, 9, 9], "rotation": 90, "texture": "#0"}
			}
		},
		{
			"from": [13, 3, 7],
			"to": [14, 4, 9],
			"faces": {
				"east": {"uv": [7, 13, 9, 14], "texture": "#0"},
				"west": {"uv": [7, 13, 9, 14], "texture": "#0"},
				"down": {"uv": [7, 13, 9, 14], "rotation": 270, "texture": "#0"}
			}
		},
		{
			"from": [13, 4, 5],
			"to": [14, 8, 6],
			"faces": {
				"north": {"uv": [10, 9, 11, 13], "texture": "#0"},
				"east": {"uv": [10, 9, 11, 13], "texture": "#0"},
				"west": {"uv": [10, 9, 11, 13], "texture": "#0"},
				"up": {"uv": [10, 9, 11, 10], "rotation": 90, "texture": "#0"},
				"down": {"uv": [10, 9, 11, 10], "rotation": 270, "texture": "#0"}
			}
		},
		{
			"from": [13, 4, 10],
			"to": [14, 8, 11],
			"faces": {
				"east": {"uv": [5, 9, 6, 13], "texture": "#0"},
				"south": {"uv": [5, 9, 6, 13], "texture": "#0"},
				"west": {"uv": [5, 9, 6, 13], "texture": "#0"},
				"up": {"uv": [5, 9, 6, 10], "rotation": 90, "texture": "#0"},
				"down": {"uv": [5, 9, 6, 10], "rotation": 270, "texture": "#0"}
			}
		},
		{
			"from": [11, 8, 11],
			"to": [12, 9, 12],
			"faces": {
				"north": {"uv": [11, 8, 12, 9], "texture": "#0"},
				"east": {"uv": [11, 8, 12, 9], "texture": "#0"},
				"south": {"uv": [11, 8, 12, 9], "texture": "#0"},
				"west": {"uv": [11, 8, 12, 9], "texture": "#0"},
				"down": {"uv": [11, 8, 12, 9], "rotation": 180, "texture": "#0"}
			}
		},
		{
			"from": [11, 3, 11],
			"to": [12, 4, 12],
			"faces": {
				"north": {"uv": [11, 13, 12, 14], "texture": "#0"},
				"east": {"uv": [11, 13, 12, 14], "texture": "#0"},
				"south": {"uv": [11, 13, 12, 14], "texture": "#0"},
				"west": {"uv": [11, 13, 12, 14], "texture": "#0"},
				"up": {"uv": [11, 13, 12, 14], "rotation": 180, "texture": "#0"}
			}
		},
		{
			"from": [12, 4, 11],
			"to": [13, 8, 12],
			"faces": {
				"north": {"uv": [12, 9, 13, 13], "texture": "#0"},
				"east": {"uv": [12, 9, 13, 13], "texture": "#0"},
				"south": {"uv": [12, 9, 13, 13], "texture": "#0"},
				"west": {"uv": [12, 9, 13, 13], "texture": "#0"},
				"up": {"uv": [12, 9, 13, 10], "rotation": 180, "texture": "#0"},
				"down": {"uv": [12, 9, 13, 10], "rotation": 180, "texture": "#0"}
			}
		},
		{
			"from": [11, 4, 12],
			"to": [12, 8, 13],
			"faces": {
				"north": {"uv": [11, 9, 12, 13], "texture": "#0"},
				"east": {"uv": [11, 9, 12, 13], "texture": "#0"},
				"south": {"uv": [11, 9, 12, 13], "texture": "#0"},
				"west": {"uv": [11, 9, 12, 13], "texture": "#0"},
				"up": {"uv": [11, 9, 12, 10], "rotation": 180, "texture": "#0"},
				"down": {"uv": [11, 9, 12, 10], "rotation": 180, "texture": "#0"}
			}
		},
		{
			"from": [5, 8, 12],
			"to": [6, 9, 13],
			"faces": {
				"north": {"uv": [5, 8, 6, 9], "texture": "#0"},
				"east": {"uv": [5, 8, 6, 9], "texture": "#0"},
				"south": {"uv": [5, 8, 6, 9], "texture": "#0"},
				"west": {"uv": [5, 8, 6, 9], "texture": "#0"},
				"up": {"uv": [5, 8, 6, 9], "rotation": 180, "texture": "#0"},
				"down": {"uv": [5, 8, 6, 9], "rotation": 180, "texture": "#0"}
			}
		},
		{
			"from": [5, 3, 12],
			"to": [6, 4, 13],
			"faces": {
				"north": {"uv": [5, 13, 6, 14], "texture": "#0"},
				"east": {"uv": [5, 13, 6, 14], "texture": "#0"},
				"south": {"uv": [5, 13, 6, 14], "texture": "#0"},
				"west": {"uv": [5, 13, 6, 14], "texture": "#0"},
				"up": {"uv": [5, 13, 6, 14], "rotation": 180, "texture": "#0"},
				"down": {"uv": [5, 13, 6, 14], "rotation": 180, "texture": "#0"}
			}
		},
		{
			"from": [10, 3, 12],
			"to": [11, 4, 13],
			"faces": {
				"north": {"uv": [10, 13, 11, 14], "texture": "#0"},
				"east": {"uv": [10, 13, 11, 14], "texture": "#0"},
				"south": {"uv": [10, 13, 11, 14], "texture": "#0"},
				"west": {"uv": [10, 13, 11, 14], "texture": "#0"},
				"up": {"uv": [10, 13, 11, 14], "rotation": 180, "texture": "#0"},
				"down": {"uv": [10, 13, 11, 14], "rotation": 180, "texture": "#0"}
			}
		},
		{
			"from": [10, 8, 12],
			"to": [11, 9, 13],
			"faces": {
				"north": {"uv": [10, 8, 11, 9], "texture": "#0"},
				"east": {"uv": [10, 8, 11, 9], "texture": "#0"},
				"south": {"uv": [10, 8, 11, 9], "texture": "#0"},
				"west": {"uv": [10, 8, 11, 9], "texture": "#0"},
				"up": {"uv": [10, 8, 11, 9], "rotation": 180, "texture": "#0"},
				"down": {"uv": [10, 8, 11, 9], "rotation": 180, "texture": "#0"}
			}
		},
		{
			"from": [9, 8, 13],
			"to": [10, 9, 14],
			"faces": {
				"north": {"uv": [9, 8, 10, 9], "texture": "#0"},
				"east": {"uv": [9, 8, 10, 9], "texture": "#0"},
				"south": {"uv": [9, 8, 10, 9], "texture": "#0"},
				"up": {"uv": [9, 8, 10, 9], "rotation": 180, "texture": "#0"}
			}
		},
		{
			"from": [6, 8, 13],
			"to": [7, 9, 14],
			"faces": {
				"north": {"uv": [6, 8, 7, 9], "texture": "#0"},
				"south": {"uv": [6, 8, 7, 9], "texture": "#0"},
				"west": {"uv": [6, 8, 7, 9], "texture": "#0"},
				"up": {"uv": [6, 8, 7, 9], "rotation": 180, "texture": "#0"}
			}
		},
		{
			"from": [6, 3, 13],
			"to": [7, 4, 14],
			"faces": {
				"north": {"uv": [6, 13, 7, 14], "texture": "#0"},
				"south": {"uv": [6, 13, 7, 14], "texture": "#0"},
				"west": {"uv": [6, 13, 7, 14], "texture": "#0"},
				"down": {"uv": [6, 13, 7, 14], "rotation": 180, "texture": "#0"}
			}
		},
		{
			"from": [9, 3, 13],
			"to": [10, 4, 14],
			"faces": {
				"north": {"uv": [9, 13, 10, 14], "texture": "#0"},
				"east": {"uv": [9, 13, 10, 14], "texture": "#0"},
				"south": {"uv": [9, 13, 10, 14], "texture": "#0"},
				"down": {"uv": [9, 13, 10, 14], "rotation": 180, "texture": "#0"}
			}
		},
		{
			"from": [6, 4, 13],
			"to": [10, 8, 14],
			"faces": {
				"north": {"uv": [6, 9, 10, 13], "texture": "#0"},
				"south": {"uv": [6, 9, 10, 13], "texture": "#0"}
			}
		},
		{
			"from": [7, 8, 13],
			"to": [9, 9, 14],
			"faces": {
				"north": {"uv": [7, 8, 9, 9], "texture": "#0"},
				"south": {"uv": [7, 8, 9, 9], "texture": "#0"},
				"up": {"uv": [7, 8, 9, 9], "rotation": 180, "texture": "#0"}
			}
		},
		{
			"from": [7, 3, 13],
			"to": [9, 4, 14],
			"faces": {
				"north": {"uv": [7, 13, 9, 14], "texture": "#0"},
				"south": {"uv": [7, 13, 9, 14], "texture": "#0"},
				"down": {"uv": [7, 13, 9, 14], "rotation": 180, "texture": "#0"}
			}
		},
		{
			"from": [10, 4, 13],
			"to": [11, 8, 14],
			"faces": {
				"north": {"uv": [10, 9, 11, 13], "texture": "#0"},
				"east": {"uv": [10, 9, 11, 13], "texture": "#0"},
				"south": {"uv": [10, 9, 11, 13], "texture": "#0"},
				"up": {"uv": [10, 9, 11, 10], "rotation": 180, "texture": "#0"},
				"down": {"uv": [10, 9, 11, 10], "rotation": 180, "texture": "#0"}
			}
		},
		{
			"from": [5, 4, 13],
			"to": [6, 8, 14],
			"faces": {
				"north": {"uv": [5, 9, 6, 13], "texture": "#0"},
				"south": {"uv": [5, 9, 6, 13], "texture": "#0"},
				"west": {"uv": [5, 9, 6, 13], "texture": "#0"},
				"up": {"uv": [5, 9, 6, 10], "rotation": 180, "texture": "#0"},
				"down": {"uv": [5, 9, 6, 10], "rotation": 180, "texture": "#0"}
			}
		},
		{
			"from": [4, 3, 4],
			"to": [5, 4, 5],
			"faces": {
				"north": {"uv": [4, 13, 5, 14], "texture": "#0"},
				"east": {"uv": [4, 13, 5, 14], "texture": "#0"},
				"south": {"uv": [4, 13, 5, 14], "texture": "#0"},
				"west": {"uv": [4, 13, 5, 14], "texture": "#0"},
				"up": {"uv": [4, 13, 5, 14], "rotation": 270, "texture": "#0"}
			}
		},
		{
			"from": [4, 8, 4],
			"to": [5, 9, 5],
			"faces": {
				"north": {"uv": [4, 8, 5, 9], "texture": "#0"},
				"east": {"uv": [4, 8, 5, 9], "texture": "#0"},
				"south": {"uv": [4, 8, 5, 9], "texture": "#0"},
				"west": {"uv": [4, 8, 5, 9], "texture": "#0"},
				"down": {"uv": [4, 8, 5, 9], "rotation": 90, "texture": "#0"}
			}
		},
		{
			"from": [4, 8, 11],
			"to": [5, 9, 12],
			"faces": {
				"north": {"uv": [11, 8, 12, 9], "texture": "#0"},
				"east": {"uv": [11, 8, 12, 9], "texture": "#0"},
				"south": {"uv": [11, 8, 12, 9], "texture": "#0"},
				"west": {"uv": [11, 8, 12, 9], "texture": "#0"},
				"down": {"uv": [11, 8, 12, 9], "rotation": 90, "texture": "#0"}
			}
		},
		{
			"from": [4, 3, 11],
			"to": [5, 4, 12],
			"faces": {
				"north": {"uv": [11, 13, 12, 14], "texture": "#0"},
				"east": {"uv": [11, 13, 12, 14], "texture": "#0"},
				"south": {"uv": [11, 13, 12, 14], "texture": "#0"},
				"west": {"uv": [11, 13, 12, 14], "texture": "#0"},
				"up": {"uv": [11, 13, 12, 14], "rotation": 270, "texture": "#0"}
			}
		},
		{
			"from": [4, 4, 3],
			"to": [5, 8, 4],
			"faces": {
				"north": {"uv": [3, 9, 4, 13], "texture": "#0"},
				"east": {"uv": [3, 9, 4, 13], "texture": "#0"},
				"south": {"uv": [3, 9, 4, 13], "texture": "#0"},
				"west": {"uv": [3, 9, 4, 13], "texture": "#0"},
				"up": {"uv": [3, 9, 4, 10], "rotation": 270, "texture": "#0"},
				"down": {"uv": [3, 9, 4, 10], "rotation": 90, "texture": "#0"}
			}
		},
		{
			"from": [4, 4, 12],
			"to": [5, 8, 13],
			"faces": {
				"north": {"uv": [12, 9, 13, 13], "texture": "#0"},
				"east": {"uv": [12, 9, 13, 13], "texture": "#0"},
				"south": {"uv": [12, 9, 13, 13], "texture": "#0"},
				"west": {"uv": [12, 9, 13, 13], "texture": "#0"},
				"up": {"uv": [12, 9, 13, 10], "rotation": 270, "texture": "#0"},
				"down": {"uv": [12, 9, 13, 10], "rotation": 90, "texture": "#0"}
			}
		},
		{
			"from": [3, 4, 11],
			"to": [4, 8, 12],
			"faces": {
				"north": {"uv": [11, 9, 12, 13], "texture": "#0"},
				"east": {"uv": [11, 9, 12, 13], "texture": "#0"},
				"south": {"uv": [11, 9, 12, 13], "texture": "#0"},
				"west": {"uv": [11, 9, 12, 13], "texture": "#0"},
				"up": {"uv": [11, 9, 12, 10], "rotation": 270, "texture": "#0"},
				"down": {"uv": [11, 9, 12, 10], "rotation": 90, "texture": "#0"}
			}
		},
		{
			"from": [3, 4, 4],
			"to": [4, 8, 5],
			"faces": {
				"north": {"uv": [4, 9, 5, 13], "texture": "#0"},
				"east": {"uv": [4, 9, 5, 13], "texture": "#0"},
				"south": {"uv": [4, 9, 5, 13], "texture": "#0"},
				"west": {"uv": [4, 9, 5, 13], "texture": "#0"},
				"up": {"uv": [4, 9, 5, 10], "rotation": 270, "texture": "#0"},
				"down": {"uv": [4, 9, 5, 10], "rotation": 90, "texture": "#0"}
			}
		},
		{
			"from": [3, 8, 5],
			"to": [4, 9, 6],
			"faces": {
				"north": {"uv": [5, 8, 6, 9], "texture": "#0"},
				"east": {"uv": [5, 8, 6, 9], "texture": "#0"},
				"south": {"uv": [5, 8, 6, 9], "texture": "#0"},
				"west": {"uv": [5, 8, 6, 9], "texture": "#0"},
				"up": {"uv": [5, 8, 6, 9], "rotation": 270, "texture": "#0"},
				"down": {"uv": [5, 8, 6, 9], "rotation": 90, "texture": "#0"}
			}
		},
		{
			"from": [3, 3, 5],
			"to": [4, 4, 6],
			"faces": {
				"north": {"uv": [5, 13, 6, 14], "texture": "#0"},
				"east": {"uv": [5, 13, 6, 14], "texture": "#0"},
				"south": {"uv": [5, 13, 6, 14], "texture": "#0"},
				"west": {"uv": [5, 13, 6, 14], "texture": "#0"},
				"up": {"uv": [5, 13, 6, 14], "rotation": 270, "texture": "#0"},
				"down": {"uv": [5, 13, 6, 14], "rotation": 90, "texture": "#0"}
			}
		},
		{
			"from": [3, 3, 10],
			"to": [4, 4, 11],
			"faces": {
				"north": {"uv": [10, 13, 11, 14], "texture": "#0"},
				"east": {"uv": [10, 13, 11, 14], "texture": "#0"},
				"south": {"uv": [10, 13, 11, 14], "texture": "#0"},
				"west": {"uv": [10, 13, 11, 14], "texture": "#0"},
				"up": {"uv": [10, 13, 11, 14], "rotation": 270, "texture": "#0"},
				"down": {"uv": [10, 13, 11, 14], "rotation": 90, "texture": "#0"}
			}
		},
		{
			"from": [3, 8, 10],
			"to": [4, 9, 11],
			"faces": {
				"north": {"uv": [10, 8, 11, 9], "texture": "#0"},
				"east": {"uv": [10, 8, 11, 9], "texture": "#0"},
				"south": {"uv": [10, 8, 11, 9], "texture": "#0"},
				"west": {"uv": [10, 8, 11, 9], "texture": "#0"},
				"up": {"uv": [10, 8, 11, 9], "rotation": 270, "texture": "#0"},
				"down": {"uv": [10, 8, 11, 9], "rotation": 90, "texture": "#0"}
			}
		},
		{
			"from": [2, 8, 9],
			"to": [3, 9, 10],
			"faces": {
				"east": {"uv": [9, 8, 10, 9], "texture": "#0"},
				"south": {"uv": [9, 8, 10, 9], "texture": "#0"},
				"west": {"uv": [9, 8, 10, 9], "texture": "#0"},
				"up": {"uv": [9, 8, 10, 9], "rotation": 270, "texture": "#0"}
			}
		},
		{
			"from": [2, 8, 6],
			"to": [3, 9, 7],
			"faces": {
				"north": {"uv": [6, 8, 7, 9], "texture": "#0"},
				"east": {"uv": [6, 8, 7, 9], "texture": "#0"},
				"west": {"uv": [6, 8, 7, 9], "texture": "#0"},
				"up": {"uv": [6, 8, 7, 9], "rotation": 270, "texture": "#0"}
			}
		},
		{
			"from": [2, 3, 6],
			"to": [3, 4, 7],
			"faces": {
				"north": {"uv": [6, 13, 7, 14], "texture": "#0"},
				"east": {"uv": [6, 13, 7, 14], "texture": "#0"},
				"west": {"uv": [6, 13, 7, 14], "texture": "#0"},
				"down": {"uv": [6, 13, 7, 14], "rotation": 90, "texture": "#0"}
			}
		},
		{
			"from": [2, 3, 9],
			"to": [3, 4, 10],
			"faces": {
				"east": {"uv": [9, 13, 10, 14], "texture": "#0"},
				"south": {"uv": [9, 13, 10, 14], "texture": "#0"},
				"west": {"uv": [9, 13, 10, 14], "texture": "#0"},
				"down": {"uv": [9, 13, 10, 14], "rotation": 90, "texture": "#0"}
			}
		},
		{
			"from": [2, 4, 6],
			"to": [3, 8, 10],
			"faces": {
				"east": {"uv": [6, 9, 10, 13], "texture": "#0"},
				"west": {"uv": [6, 9, 10, 13], "texture": "#0"}
			}
		},
		{
			"from": [2, 8, 7],
			"to": [3, 9, 9],
			"faces": {
				"east": {"uv": [7, 8, 9, 9], "texture": "#0"},
				"west": {"uv": [7, 8, 9, 9], "texture": "#0"},
				"up": {"uv": [7, 8, 9, 9], "rotation": 270, "texture": "#0"}
			}
		},
		{
			"from": [2, 3, 7],
			"to": [3, 4, 9],
			"faces": {
				"east": {"uv": [7, 13, 9, 14], "texture": "#0"},
				"west": {"uv": [7, 13, 9, 14], "texture": "#0"},
				"down": {"uv": [7, 13, 9, 14], "rotation": 90, "texture": "#0"}
			}
		},
		{
			"from": [2, 4, 10],
			"to": [3, 8, 11],
			"faces": {
				"east": {"uv": [10, 9, 11, 13], "texture": "#0"},
				"south": {"uv": [10, 9, 11, 13], "texture": "#0"},
				"west": {"uv": [10, 9, 11, 13], "texture": "#0"},
				"up": {"uv": [10, 9, 11, 10], "rotation": 270, "texture": "#0"},
				"down": {"uv": [10, 9, 11, 10], "rotation": 90, "texture": "#0"}
			}
		},
		{
			"from": [2, 4, 5],
			"to": [3, 8, 6],
			"faces": {
				"north": {"uv": [5, 9, 6, 13], "texture": "#0"},
				"east": {"uv": [5, 9, 6, 13], "texture": "#0"},
				"west": {"uv": [5, 9, 6, 13], "texture": "#0"},
				"up": {"uv": [5, 9, 6, 10], "rotation": 270, "texture": "#0"},
				"down": {"uv": [5, 9, 6, 10], "rotation": 90, "texture": "#0"}
			}
		},
		{
			"from": [3, 9, 6],
			"to": [4, 10, 10],
			"faces": {
				"north": {"uv": [6, 15, 7, 16], "rotation": 270, "texture": "#0"},
				"east": {"uv": [6, 15, 10, 16], "texture": "#0"},
				"south": {"uv": [6, 15, 7, 16], "rotation": 90, "texture": "#0"},
				"west": {"uv": [6, 15, 10, 16], "rotation": 180, "texture": "#0"},
				"up": {"uv": [6, 15, 10, 16], "rotation": 90, "texture": "#0"},
				"down": {"uv": [6, 15, 10, 16], "rotation": 90, "texture": "#0"}
			}
		},
		{
			"from": [4, 9, 4],
			"to": [5, 10, 6],
			"faces": {
				"north": {"uv": [4, 14, 5, 15], "rotation": 270, "texture": "#0"},
				"east": {"uv": [4, 14, 6, 15], "texture": "#0"},
				"south": {"uv": [4, 14, 5, 15], "rotation": 90, "texture": "#0"},
				"west": {"uv": [4, 14, 6, 15], "rotation": 180, "texture": "#0"},
				"up": {"uv": [4, 14, 6, 15], "rotation": 90, "texture": "#0"},
				"down": {"uv": [4, 14, 6, 15], "rotation": 90, "texture": "#0"}
			}
		},
		{
			"from": [4, 9, 10],
			"to": [5, 10, 12],
			"faces": {
				"north": {"uv": [10, 14, 11, 15], "rotation": 270, "texture": "#0"},
				"east": {"uv": [10, 14, 12, 15], "texture": "#0"},
				"south": {"uv": [10, 14, 11, 15], "rotation": 90, "texture": "#0"},
				"west": {"uv": [10, 14, 12, 15], "rotation": 180, "texture": "#0"},
				"up": {"uv": [10, 14, 12, 15], "rotation": 90, "texture": "#0"},
				"down": {"uv": [10, 14, 12, 15], "rotation": 90, "texture": "#0"}
			}
		},
		{
			"from": [11, 9, 10],
			"to": [12, 10, 12],
			"faces": {
				"north": {"uv": [10, 7, 11, 8], "rotation": 270, "texture": "#0"},
				"east": {"uv": [10, 7, 12, 8], "texture": "#0"},
				"south": {"uv": [10, 7, 11, 8], "rotation": 90, "texture": "#0"},
				"west": {"uv": [10, 7, 12, 8], "rotation": 180, "texture": "#0"},
				"up": {"uv": [10, 7, 12, 8], "rotation": 90, "texture": "#0"},
				"down": {"uv": [10, 7, 12, 8], "rotation": 90, "texture": "#0"}
			}
		},
		{
			"from": [11, 9, 4],
			"to": [12, 10, 6],
			"faces": {
				"north": {"uv": [4, 7, 5, 8], "rotation": 270, "texture": "#0"},
				"east": {"uv": [4, 7, 6, 8], "texture": "#0"},
				"south": {"uv": [4, 7, 5, 8], "rotation": 90, "texture": "#0"},
				"west": {"uv": [4, 7, 6, 8], "rotation": 180, "texture": "#0"},
				"up": {"uv": [4, 7, 6, 8], "rotation": 90, "texture": "#0"},
				"down": {"uv": [4, 7, 6, 8], "rotation": 90, "texture": "#0"}
			}
		},
		{
			"from": [5, 9, 4],
			"to": [6, 10, 5],
			"faces": {
				"north": {"uv": [4, 13, 5, 14], "rotation": 270, "texture": "#0"},
				"east": {"uv": [4, 13, 5, 14], "texture": "#0"},
				"south": {"uv": [4, 13, 5, 14], "rotation": 90, "texture": "#0"},
				"up": {"uv": [4, 13, 5, 14], "rotation": 90, "texture": "#0"},
				"down": {"uv": [4, 13, 5, 14], "rotation": 90, "texture": "#0"}
			}
		},
		{
			"from": [10, 9, 4],
			"to": [11, 10, 5],
			"faces": {
				"north": {"uv": [4, 8, 5, 9], "rotation": 270, "texture": "#0"},
				"south": {"uv": [4, 8, 5, 9], "rotation": 90, "texture": "#0"},
				"west": {"uv": [4, 8, 5, 9], "rotation": 180, "texture": "#0"},
				"up": {"uv": [4, 8, 5, 9], "rotation": 90, "texture": "#0"},
				"down": {"uv": [4, 8, 5, 9], "rotation": 90, "texture": "#0"}
			}
		},
		{
			"from": [10, 9, 11],
			"to": [11, 10, 12],
			"faces": {
				"north": {"uv": [11, 8, 12, 9], "rotation": 270, "texture": "#0"},
				"south": {"uv": [11, 8, 12, 9], "rotation": 90, "texture": "#0"},
				"west": {"uv": [11, 8, 12, 9], "rotation": 180, "texture": "#0"},
				"up": {"uv": [11, 8, 12, 9], "rotation": 90, "texture": "#0"},
				"down": {"uv": [11, 8, 12, 9], "rotation": 90, "texture": "#0"}
			}
		},
		{
			"from": [5, 9, 11],
			"to": [6, 10, 12],
			"faces": {
				"north": {"uv": [11, 13, 12, 14], "rotation": 270, "texture": "#0"},
				"east": {"uv": [11, 13, 12, 14], "texture": "#0"},
				"south": {"uv": [11, 13, 12, 14], "rotation": 90, "texture": "#0"},
				"up": {"uv": [11, 13, 12, 14], "rotation": 90, "texture": "#0"},
				"down": {"uv": [11, 13, 12, 14], "rotation": 90, "texture": "#0"}
			}
		},
		{
			"from": [12, 9, 6],
			"to": [13, 10, 10],
			"faces": {
				"north": {"uv": [6, 6, 7, 7], "rotation": 270, "texture": "#0"},
				"east": {"uv": [6, 6, 10, 7], "texture": "#0"},
				"south": {"uv": [6, 6, 7, 7], "rotation": 90, "texture": "#0"},
				"west": {"uv": [6, 6, 10, 7], "rotation": 180, "texture": "#0"},
				"up": {"uv": [6, 6, 10, 7], "rotation": 90, "texture": "#0"},
				"down": {"uv": [6, 6, 10, 7], "rotation": 90, "texture": "#0"}
			}
		},
		{
			"from": [6, 9, 3],
			"to": [10, 10, 4],
			"faces": {
				"north": {"uv": [3, 9, 4, 13], "rotation": 270, "texture": "#0"},
				"east": {"uv": [3, 9, 4, 10], "texture": "#0"},
				"south": {"uv": [3, 9, 4, 13], "rotation": 90, "texture": "#0"},
				"west": {"uv": [3, 9, 4, 10], "rotation": 180, "texture": "#0"},
				"up": {"uv": [3, 9, 4, 13], "rotation": 90, "texture": "#0"},
				"down": {"uv": [3, 9, 4, 13], "rotation": 90, "texture": "#0"}
			}
		},
		{
			"from": [6, 9, 12],
			"to": [10, 10, 13],
			"faces": {
				"north": {"uv": [12, 9, 13, 13], "rotation": 270, "texture": "#0"},
				"east": {"uv": [12, 9, 13, 10], "texture": "#0"},
				"south": {"uv": [12, 9, 13, 13], "rotation": 90, "texture": "#0"},
				"west": {"uv": [12, 9, 13, 10], "rotation": 180, "texture": "#0"},
				"up": {"uv": [12, 9, 13, 13], "rotation": 90, "texture": "#0"},
				"down": {"uv": [12, 9, 13, 13], "rotation": 90, "texture": "#0"}
			}
		},
		{
			"from": [11, 10, 6],
			"to": [12, 11, 10],
			"faces": {
				"north": {"uv": [6, 7, 7, 8], "rotation": 270, "texture": "#0"},
				"east": {"uv": [6, 7, 10, 8], "texture": "#0"},
				"south": {"uv": [6, 7, 7, 8], "rotation": 90, "texture": "#0"},
				"west": {"uv": [6, 7, 10, 8], "rotation": 180, "texture": "#0"},
				"up": {"uv": [6, 7, 10, 8], "rotation": 90, "texture": "#0"},
				"down": {"uv": [6, 7, 10, 8], "rotation": 90, "texture": "#0"}
			}
		},
		{
			"from": [4, 10, 6],
			"to": [5, 11, 10],
			"faces": {
				"north": {"uv": [6, 14, 7, 15], "rotation": 270, "texture": "#0"},
				"east": {"uv": [6, 14, 10, 15], "texture": "#0"},
				"south": {"uv": [6, 14, 7, 15], "rotation": 90, "texture": "#0"},
				"west": {"uv": [6, 14, 10, 15], "rotation": 180, "texture": "#0"},
				"up": {"uv": [6, 14, 10, 15], "rotation": 90, "texture": "#0"},
				"down": {"uv": [6, 14, 10, 15], "rotation": 90, "texture": "#0"}
			}
		},
		{
			"from": [6, 10, 11],
			"to": [10, 11, 12],
			"faces": {
				"north": {"uv": [11, 9, 12, 13], "rotation": 270, "texture": "#0"},
				"east": {"uv": [11, 9, 12, 10], "texture": "#0"},
				"south": {"uv": [11, 9, 12, 13], "rotation": 90, "texture": "#0"},
				"west": {"uv": [11, 9, 12, 10], "rotation": 180, "texture": "#0"},
				"up": {"uv": [11, 9, 12, 13], "rotation": 90, "texture": "#0"},
				"down": {"uv": [11, 9, 12, 13], "rotation": 90, "texture": "#0"}
			}
		},
		{
			"from": [6, 10, 4],
			"to": [10, 11, 5],
			"faces": {
				"north": {"uv": [4, 9, 5, 13], "rotation": 270, "texture": "#0"},
				"east": {"uv": [4, 9, 5, 10], "texture": "#0"},
				"south": {"uv": [4, 9, 5, 13], "rotation": 90, "texture": "#0"},
				"west": {"uv": [4, 9, 5, 10], "rotation": 180, "texture": "#0"},
				"up": {"uv": [4, 9, 5, 13], "rotation": 90, "texture": "#0"},
				"down": {"uv": [4, 9, 5, 13], "rotation": 90, "texture": "#0"}
			}
		},
		{
			"from": [10, 10, 5],
			"to": [11, 11, 6],
			"faces": {
				"north": {"uv": [5, 8, 6, 9], "rotation": 270, "texture": "#0"},
				"east": {"uv": [5, 8, 6, 9], "texture": "#0"},
				"south": {"uv": [5, 8, 6, 9], "rotation": 90, "texture": "#0"},
				"west": {"uv": [5, 8, 6, 9], "rotation": 180, "texture": "#0"},
				"up": {"uv": [5, 8, 6, 9], "rotation": 90, "texture": "#0"},
				"down": {"uv": [5, 8, 6, 9], "rotation": 90, "texture": "#0"}
			}
		},
		{
			"from": [5, 10, 5],
			"to": [6, 11, 6],
			"faces": {
				"north": {"uv": [5, 13, 6, 14], "rotation": 270, "texture": "#0"},
				"east": {"uv": [5, 13, 6, 14], "texture": "#0"},
				"south": {"uv": [5, 13, 6, 14], "rotation": 90, "texture": "#0"},
				"west": {"uv": [5, 13, 6, 14], "rotation": 180, "texture": "#0"},
				"up": {"uv": [5, 13, 6, 14], "rotation": 90, "texture": "#0"},
				"down": {"uv": [5, 13, 6, 14], "rotation": 90, "texture": "#0"}
			}
		},
		{
			"from": [5, 10, 10],
			"to": [6, 11, 11],
			"faces": {
				"north": {"uv": [10, 13, 11, 14], "rotation": 270, "texture": "#0"},
				"east": {"uv": [10, 13, 11, 14], "texture": "#0"},
				"south": {"uv": [10, 13, 11, 14], "rotation": 90, "texture": "#0"},
				"west": {"uv": [10, 13, 11, 14], "rotation": 180, "texture": "#0"},
				"up": {"uv": [10, 13, 11, 14], "rotation": 90, "texture": "#0"},
				"down": {"uv": [10, 13, 11, 14], "rotation": 90, "texture": "#0"}
			}
		},
		{
			"from": [10, 10, 10],
			"to": [11, 11, 11],
			"faces": {
				"north": {"uv": [10, 8, 11, 9], "rotation": 270, "texture": "#0"},
				"east": {"uv": [10, 8, 11, 9], "texture": "#0"},
				"south": {"uv": [10, 8, 11, 9], "rotation": 90, "texture": "#0"},
				"west": {"uv": [10, 8, 11, 9], "rotation": 180, "texture": "#0"},
				"up": {"uv": [10, 8, 11, 9], "rotation": 90, "texture": "#0"},
				"down": {"uv": [10, 8, 11, 9], "rotation": 90, "texture": "#0"}
			}
		},
		{
			"from": [10, 11, 9],
			"to": [11, 12, 10],
			"faces": {
				"east": {"uv": [9, 8, 10, 9], "texture": "#0"},
				"south": {"uv": [9, 8, 10, 9], "rotation": 90, "texture": "#0"},
				"up": {"uv": [9, 8, 10, 9], "rotation": 90, "texture": "#0"},
				"down": {"uv": [9, 8, 10, 9], "rotation": 90, "texture": "#0"}
			}
		},
		{
			"from": [10, 11, 6],
			"to": [11, 12, 7],
			"faces": {
				"north": {"uv": [6, 8, 7, 9], "rotation": 270, "texture": "#0"},
				"east": {"uv": [6, 8, 7, 9], "texture": "#0"},
				"up": {"uv": [6, 8, 7, 9], "rotation": 90, "texture": "#0"},
				"down": {"uv": [6, 8, 7, 9], "rotation": 90, "texture": "#0"}
			}
		},
		{
			"from": [5, 11, 6],
			"to": [6, 12, 7],
			"faces": {
				"north": {"uv": [6, 13, 7, 14], "rotation": 270, "texture": "#0"},
				"west": {"uv": [6, 13, 7, 14], "rotation": 180, "texture": "#0"},
				"up": {"uv": [6, 13, 7, 14], "rotation": 90, "texture": "#0"},
				"down": {"uv": [6, 13, 7, 14], "rotation": 90, "texture": "#0"}
			}
		},
		{
			"from": [5, 11, 9],
			"to": [6, 12, 10],
			"faces": {
				"south": {"uv": [9, 13, 10, 14], "rotation": 90, "texture": "#0"},
				"west": {"uv": [9, 13, 10, 14], "rotation": 180, "texture": "#0"},
				"up": {"uv": [9, 13, 10, 14], "rotation": 90, "texture": "#0"},
				"down": {"uv": [9, 13, 10, 14], "rotation": 90, "texture": "#0"}
			}
		},
		{
			"from": [6, 11, 6],
			"to": [10, 12, 10],
			"faces": {
				"up": {"uv": [6, 9, 10, 13], "rotation": 90, "texture": "#0"},
				"down": {"uv": [6, 9, 10, 13], "rotation": 90, "texture": "#0"}
			}
		},
		{
			"from": [10, 11, 7],
			"to": [11, 12, 9],
			"faces": {
				"east": {"uv": [7, 8, 9, 9], "texture": "#0"},
				"up": {"uv": [7, 8, 9, 9], "rotation": 90, "texture": "#0"},
				"down": {"uv": [7, 8, 9, 9], "rotation": 90, "texture": "#0"}
			}
		},
		{
			"from": [5, 11, 7],
			"to": [6, 12, 9],
			"faces": {
				"west": {"uv": [7, 13, 9, 14], "rotation": 180, "texture": "#0"},
				"up": {"uv": [7, 13, 9, 14], "rotation": 90, "texture": "#0"},
				"down": {"uv": [7, 13, 9, 14], "rotation": 90, "texture": "#0"}
			}
		},
		{
			"from": [6, 11, 10],
			"to": [10, 12, 11],
			"faces": {
				"east": {"uv": [10, 9, 11, 10], "texture": "#0"},
				"south": {"uv": [10, 9, 11, 13], "rotation": 90, "texture": "#0"},
				"west": {"uv": [10, 9, 11, 10], "rotation": 180, "texture": "#0"},
				"up": {"uv": [10, 9, 11, 13], "rotation": 90, "texture": "#0"},
				"down": {"uv": [10, 9, 11, 13], "rotation": 90, "texture": "#0"}
			}
		},
		{
			"from": [6, 11, 5],
			"to": [10, 12, 6],
			"faces": {
				"north": {"uv": [5, 9, 6, 13], "rotation": 270, "texture": "#0"},
				"east": {"uv": [5, 9, 6, 10], "texture": "#0"},
				"west": {"uv": [5, 9, 6, 10], "rotation": 180, "texture": "#0"},
				"up": {"uv": [5, 9, 6, 13], "rotation": 90, "texture": "#0"},
				"down": {"uv": [5, 9, 6, 13], "rotation": 90, "texture": "#0"}
			}
		},
		{
			"from": [6, 0, 10],
			"to": [10, 1, 11],
			"faces": {
				"east": {"uv": [5, 9, 6, 10], "rotation": 180, "texture": "#0"},
				"south": {"uv": [5, 9, 6, 13], "rotation": 90, "texture": "#0"},
				"west": {"uv": [5, 9, 6, 10], "texture": "#0"},
				"up": {"uv": [5, 9, 6, 13], "rotation": 90, "texture": "#0"},
				"down": {"uv": [5, 9, 6, 13], "rotation": 90, "texture": "#0"}
			}
		},
		{
			"from": [6, 0, 5],
			"to": [10, 1, 6],
			"faces": {
				"north": {"uv": [10, 9, 11, 13], "rotation": 270, "texture": "#0"},
				"east": {"uv": [10, 9, 11, 10], "rotation": 180, "texture": "#0"},
				"west": {"uv": [10, 9, 11, 10], "texture": "#0"},
				"up": {"uv": [10, 9, 11, 13], "rotation": 90, "texture": "#0"},
				"down": {"uv": [10, 9, 11, 13], "rotation": 90, "texture": "#0"}
			}
		},
		{
			"from": [5, 0, 7],
			"to": [6, 1, 9],
			"faces": {
				"west": {"uv": [7, 13, 9, 14], "texture": "#0"},
				"up": {"uv": [7, 13, 9, 14], "rotation": 90, "texture": "#0"},
				"down": {"uv": [7, 13, 9, 14], "rotation": 90, "texture": "#0"}
			}
		},
		{
			"from": [10, 0, 7],
			"to": [11, 1, 9],
			"faces": {
				"east": {"uv": [7, 8, 9, 9], "rotation": 180, "texture": "#0"},
				"up": {"uv": [7, 8, 9, 9], "rotation": 90, "texture": "#0"},
				"down": {"uv": [7, 8, 9, 9], "rotation": 90, "texture": "#0"}
			}
		},
		{
			"from": [6, 0, 6],
			"to": [10, 1, 10],
			"faces": {
				"up": {"uv": [6, 9, 10, 13], "rotation": 90, "texture": "#0"},
				"down": {"uv": [6, 9, 10, 13], "rotation": 90, "texture": "#0"}
			}
		},
		{
			"from": [5, 0, 6],
			"to": [6, 1, 7],
			"faces": {
				"north": {"uv": [9, 13, 10, 14], "rotation": 270, "texture": "#0"},
				"west": {"uv": [9, 13, 10, 14], "texture": "#0"},
				"up": {"uv": [9, 13, 10, 14], "rotation": 90, "texture": "#0"},
				"down": {"uv": [9, 13, 10, 14], "rotation": 90, "texture": "#0"}
			}
		},
		{
			"from": [5, 0, 9],
			"to": [6, 1, 10],
			"faces": {
				"south": {"uv": [6, 13, 7, 14], "rotation": 90, "texture": "#0"},
				"west": {"uv": [6, 13, 7, 14], "texture": "#0"},
				"up": {"uv": [6, 13, 7, 14], "rotation": 90, "texture": "#0"},
				"down": {"uv": [6, 13, 7, 14], "rotation": 90, "texture": "#0"}
			}
		},
		{
			"from": [10, 0, 9],
			"to": [11, 1, 10],
			"faces": {
				"east": {"uv": [6, 8, 7, 9], "rotation": 180, "texture": "#0"},
				"south": {"uv": [6, 8, 7, 9], "rotation": 90, "texture": "#0"},
				"up": {"uv": [6, 8, 7, 9], "rotation": 90, "texture": "#0"},
				"down": {"uv": [6, 8, 7, 9], "rotation": 90, "texture": "#0"}
			}
		},
		{
			"from": [10, 0, 6],
			"to": [11, 1, 7],
			"faces": {
				"north": {"uv": [9, 8, 10, 9], "rotation": 270, "texture": "#0"},
				"east": {"uv": [9, 8, 10, 9], "rotation": 180, "texture": "#0"},
				"up": {"uv": [9, 8, 10, 9], "rotation": 90, "texture": "#0"},
				"down": {"uv": [9, 8, 10, 9], "rotation": 90, "texture": "#0"}
			}
		},
		{
			"from": [10, 1, 5],
			"to": [11, 2, 6],
			"faces": {
				"north": {"uv": [10, 8, 11, 9], "rotation": 270, "texture": "#0"},
				"east": {"uv": [10, 8, 11, 9], "rotation": 180, "texture": "#0"},
				"south": {"uv": [10, 8, 11, 9], "rotation": 90, "texture": "#0"},
				"west": {"uv": [10, 8, 11, 9], "texture": "#0"},
				"up": {"uv": [10, 8, 11, 9], "rotation": 90, "texture": "#0"},
				"down": {"uv": [10, 8, 11, 9], "rotation": 90, "texture": "#0"}
			}
		},
		{
			"from": [5, 1, 5],
			"to": [6, 2, 6],
			"faces": {
				"north": {"uv": [10, 13, 11, 14], "rotation": 270, "texture": "#0"},
				"east": {"uv": [10, 13, 11, 14], "rotation": 180, "texture": "#0"},
				"south": {"uv": [10, 13, 11, 14], "rotation": 90, "texture": "#0"},
				"west": {"uv": [10, 13, 11, 14], "texture": "#0"},
				"up": {"uv": [10, 13, 11, 14], "rotation": 90, "texture": "#0"},
				"down": {"uv": [10, 13, 11, 14], "rotation": 90, "texture": "#0"}
			}
		},
		{
			"from": [5, 1, 10],
			"to": [6, 2, 11],
			"faces": {
				"north": {"uv": [5, 13, 6, 14], "rotation": 270, "texture": "#0"},
				"east": {"uv": [5, 13, 6, 14], "rotation": 180, "texture": "#0"},
				"south": {"uv": [5, 13, 6, 14], "rotation": 90, "texture": "#0"},
				"west": {"uv": [5, 13, 6, 14], "texture": "#0"},
				"up": {"uv": [5, 13, 6, 14], "rotation": 90, "texture": "#0"},
				"down": {"uv": [5, 13, 6, 14], "rotation": 90, "texture": "#0"}
			}
		},
		{
			"from": [10, 1, 10],
			"to": [11, 2, 11],
			"faces": {
				"north": {"uv": [5, 8, 6, 9], "rotation": 270, "texture": "#0"},
				"east": {"uv": [5, 8, 6, 9], "rotation": 180, "texture": "#0"},
				"south": {"uv": [5, 8, 6, 9], "rotation": 90, "texture": "#0"},
				"west": {"uv": [5, 8, 6, 9], "texture": "#0"},
				"up": {"uv": [5, 8, 6, 9], "rotation": 90, "texture": "#0"},
				"down": {"uv": [5, 8, 6, 9], "rotation": 90, "texture": "#0"}
			}
		},
		{
			"from": [6, 1, 11],
			"to": [10, 2, 12],
			"faces": {
				"north": {"uv": [4, 9, 5, 13], "rotation": 270, "texture": "#0"},
				"east": {"uv": [4, 9, 5, 10], "rotation": 180, "texture": "#0"},
				"south": {"uv": [4, 9, 5, 13], "rotation": 90, "texture": "#0"},
				"west": {"uv": [4, 9, 5, 10], "texture": "#0"},
				"up": {"uv": [4, 9, 5, 13], "rotation": 90, "texture": "#0"},
				"down": {"uv": [4, 9, 5, 13], "rotation": 90, "texture": "#0"}
			}
		},
		{
			"from": [6, 1, 4],
			"to": [10, 2, 5],
			"faces": {
				"north": {"uv": [11, 9, 12, 13], "rotation": 270, "texture": "#0"},
				"east": {"uv": [11, 9, 12, 10], "rotation": 180, "texture": "#0"},
				"south": {"uv": [11, 9, 12, 13], "rotation": 90, "texture": "#0"},
				"west": {"uv": [11, 9, 12, 10], "texture": "#0"},
				"up": {"uv": [11, 9, 12, 13], "rotation": 90, "texture": "#0"},
				"down": {"uv": [11, 9, 12, 13], "rotation": 90, "texture": "#0"}
			}
		},
		{
			"from": [4, 1, 6],
			"to": [5, 2, 10],
			"faces": {
				"north": {"uv": [6, 14, 7, 15], "rotation": 270, "texture": "#0"},
				"east": {"uv": [6, 14, 10, 15], "rotation": 180, "texture": "#0"},
				"south": {"uv": [6, 14, 7, 15], "rotation": 90, "texture": "#0"},
				"west": {"uv": [6, 14, 10, 15], "texture": "#0"},
				"up": {"uv": [6, 14, 10, 15], "rotation": 90, "texture": "#0"},
				"down": {"uv": [6, 14, 10, 15], "rotation": 90, "texture": "#0"}
			}
		},
		{
			"from": [11, 1, 6],
			"to": [12, 2, 10],
			"faces": {
				"north": {"uv": [6, 7, 7, 8], "rotation": 270, "texture": "#0"},
				"east": {"uv": [6, 7, 10, 8], "rotation": 180, "texture": "#0"},
				"south": {"uv": [6, 7, 7, 8], "rotation": 90, "texture": "#0"},
				"west": {"uv": [6, 7, 10, 8], "texture": "#0"},
				"up": {"uv": [6, 7, 10, 8], "rotation": 90, "texture": "#0"},
				"down": {"uv": [6, 7, 10, 8], "rotation": 90, "texture": "#0"}
			}
		},
		{
			"from": [6, 2, 3],
			"to": [10, 3, 4],
			"faces": {
				"north": {"uv": [12, 9, 13, 13], "rotation": 270, "texture": "#0"},
				"east": {"uv": [12, 9, 13, 10], "rotation": 180, "texture": "#0"},
				"south": {"uv": [12, 9, 13, 13], "rotation": 90, "texture": "#0"},
				"west": {"uv": [12, 9, 13, 10], "texture": "#0"},
				"up": {"uv": [12, 9, 13, 13], "rotation": 90, "texture": "#0"},
				"down": {"uv": [12, 9, 13, 13], "rotation": 90, "texture": "#0"}
			}
		},
		{
			"from": [6, 2, 12],
			"to": [10, 3, 13],
			"faces": {
				"north": {"uv": [3, 9, 4, 13], "rotation": 270, "texture": "#0"},
				"east": {"uv": [3, 9, 4, 10], "rotation": 180, "texture": "#0"},
				"south": {"uv": [3, 9, 4, 13], "rotation": 90, "texture": "#0"},
				"west": {"uv": [3, 9, 4, 10], "texture": "#0"},
				"up": {"uv": [3, 9, 4, 13], "rotation": 90, "texture": "#0"},
				"down": {"uv": [3, 9, 4, 13], "rotation": 90, "texture": "#0"}
			}
		},
		{
			"from": [12, 2, 6],
			"to": [13, 3, 10],
			"faces": {
				"north": {"uv": [6, 6, 7, 7], "rotation": 270, "texture": "#0"},
				"east": {"uv": [6, 6, 10, 7], "rotation": 180, "texture": "#0"},
				"south": {"uv": [6, 6, 7, 7], "rotation": 90, "texture": "#0"},
				"west": {"uv": [6, 6, 10, 7], "texture": "#0"},
				"up": {"uv": [6, 6, 10, 7], "rotation": 90, "texture": "#0"},
				"down": {"uv": [6, 6, 10, 7], "rotation": 90, "texture": "#0"}
			}
		},
		{
			"from": [5, 2, 4],
			"to": [6, 3, 5],
			"faces": {
				"north": {"uv": [11, 13, 12, 14], "rotation": 270, "texture": "#0"},
				"east": {"uv": [11, 13, 12, 14], "rotation": 180, "texture": "#0"},
				"south": {"uv": [11, 13, 12, 14], "rotation": 90, "texture": "#0"},
				"up": {"uv": [11, 13, 12, 14], "rotation": 90, "texture": "#0"},
				"down": {"uv": [11, 13, 12, 14], "rotation": 90, "texture": "#0"}
			}
		},
		{
			"from": [10, 2, 4],
			"to": [11, 3, 5],
			"faces": {
				"north": {"uv": [11, 8, 12, 9], "rotation": 270, "texture": "#0"},
				"south": {"uv": [11, 8, 12, 9], "rotation": 90, "texture": "#0"},
				"west": {"uv": [11, 8, 12, 9], "texture": "#0"},
				"up": {"uv": [11, 8, 12, 9], "rotation": 90, "texture": "#0"},
				"down": {"uv": [11, 8, 12, 9], "rotation": 90, "texture": "#0"}
			}
		},
		{
			"from": [10, 2, 11],
			"to": [11, 3, 12],
			"faces": {
				"north": {"uv": [4, 8, 5, 9], "rotation": 270, "texture": "#0"},
				"south": {"uv": [4, 8, 5, 9], "rotation": 90, "texture": "#0"},
				"west": {"uv": [4, 8, 5, 9], "texture": "#0"},
				"up": {"uv": [4, 8, 5, 9], "rotation": 90, "texture": "#0"},
				"down": {"uv": [4, 8, 5, 9], "rotation": 90, "texture": "#0"}
			}
		},
		{
			"from": [5, 2, 11],
			"to": [6, 3, 12],
			"faces": {
				"north": {"uv": [4, 13, 5, 14], "rotation": 270, "texture": "#0"},
				"east": {"uv": [4, 13, 5, 14], "rotation": 180, "texture": "#0"},
				"south": {"uv": [4, 13, 5, 14], "rotation": 90, "texture": "#0"},
				"up": {"uv": [4, 13, 5, 14], "rotation": 90, "texture": "#0"},
				"down": {"uv": [4, 13, 5, 14], "rotation": 90, "texture": "#0"}
			}
		},
		{
			"from": [11, 2, 10],
			"to": [12, 3, 12],
			"faces": {
				"north": {"uv": [4, 7, 5, 8], "rotation": 270, "texture": "#0"},
				"east": {"uv": [4, 7, 6, 8], "rotation": 180, "texture": "#0"},
				"south": {"uv": [4, 7, 5, 8], "rotation": 90, "texture": "#0"},
				"west": {"uv": [4, 7, 6, 8], "texture": "#0"},
				"up": {"uv": [4, 7, 6, 8], "rotation": 90, "texture": "#0"},
				"down": {"uv": [4, 7, 6, 8], "rotation": 90, "texture": "#0"}
			}
		},
		{
			"from": [11, 2, 4],
			"to": [12, 3, 6],
			"faces": {
				"north": {"uv": [10, 7, 11, 8], "rotation": 270, "texture": "#0"},
				"east": {"uv": [10, 7, 12, 8], "rotation": 180, "texture": "#0"},
				"south": {"uv": [10, 7, 11, 8], "rotation": 90, "texture": "#0"},
				"west": {"uv": [10, 7, 12, 8], "texture": "#0"},
				"up": {"uv": [10, 7, 12, 8], "rotation": 90, "texture": "#0"},
				"down": {"uv": [10, 7, 12, 8], "rotation": 90, "texture": "#0"}
			}
		},
		{
			"from": [4, 2, 4],
			"to": [5, 3, 6],
			"faces": {
				"north": {"uv": [10, 14, 11, 15], "rotation": 270, "texture": "#0"},
				"east": {"uv": [10, 14, 12, 15], "rotation": 180, "texture": "#0"},
				"south": {"uv": [10, 14, 11, 15], "rotation": 90, "texture": "#0"},
				"west": {"uv": [10, 14, 12, 15], "texture": "#0"},
				"up": {"uv": [10, 14, 12, 15], "rotation": 90, "texture": "#0"},
				"down": {"uv": [10, 14, 12, 15], "rotation": 90, "texture": "#0"}
			}
		},
		{
			"from": [4, 2, 10],
			"to": [5, 3, 12],
			"faces": {
				"north": {"uv": [4, 14, 5, 15], "rotation": 270, "texture": "#0"},
				"east": {"uv": [4, 14, 6, 15], "rotation": 180, "texture": "#0"},
				"south": {"uv": [4, 14, 5, 15], "rotation": 90, "texture": "#0"},
				"west": {"uv": [4, 14, 6, 15], "texture": "#0"},
				"up": {"uv": [4, 14, 6, 15], "rotation": 90, "texture": "#0"},
				"down": {"uv": [4, 14, 6, 15], "rotation": 90, "texture": "#0"}
			}
		},
		{
			"from": [3, 2, 6],
			"to": [4, 3, 10],
			"faces": {
				"north": {"uv": [6, 15, 7, 16], "rotation": 270, "texture": "#0"},
				"east": {"uv": [6, 15, 10, 16], "rotation": 180, "texture": "#0"},
				"south": {"uv": [6, 15, 7, 16], "rotation": 90, "texture": "#0"},
				"west": {"uv": [6, 15, 10, 16], "texture": "#0"},
				"up": {"uv": [6, 15, 10, 16], "rotation": 90, "texture": "#0"},
				"down": {"uv": [6, 15, 10, 16], "rotation": 90, "texture": "#0"}
			}
		},
		{
			"from": [7, 12, 7],
			"to": [9, 14, 9],
			"faces": {
				"north": {"uv": [7, 4, 9, 6], "texture": "#0"},
				"east": {"uv": [7, 4, 9, 6], "texture": "#0"},
				"south": {"uv": [7, 4, 9, 6], "texture": "#0"},
				"west": {"uv": [7, 4, 9, 6], "texture": "#0"},
				"up": {"uv": [7, 4, 9, 6], "texture": "#0"},
				"down": {"uv": [7, 4, 9, 6], "texture": "#0"}
			}
		},
		{
			"from": [6, 14, 6],
			"to": [10, 18, 10],
			"faces": {
				"north": {"uv": [6, 0, 10, 4], "texture": "#0"},
				"east": {"uv": [6, 0, 10, 4], "texture": "#0"},
				"south": {"uv": [6, 0, 10, 4], "texture": "#0"},
				"west": {"uv": [6, 0, 10, 4], "texture": "#0"},
				"up": {"uv": [6, 0, 10, 4], "texture": "#0"},
				"down": {"uv": [6, 0, 10, 4], "texture": "#0"}
			}
		}
	],
	"gui_light": "front",
	"display": {
		"thirdperson_righthand": {
			"translation": [0, 3.5, 1],
			"scale": [0.5, 0.5, 0.5]
		},
		"thirdperson_lefthand": {
			"translation": [0, 3.75, 1.75],
			"scale": [0.5, 0.5, 0.5]
		},
		"firstperson_righthand": {
			"rotation": [-19, -52, 0],
			"translation": [8.75, 1, -9],
			"scale": [0.83, 0.83, 0.83]
		},
		"firstperson_lefthand": {
			"rotation": [-19, -52, 0],
			"translation": [9.5, 0.5, -10.25],
			"scale": [0.83, 0.83, 0.83]
		},
		"ground": {
			"translation": [0, 4.5, 0],
			"scale": [0.68, 0.68, 0.68]
		},
		"gui": {
			"rotation": [0, 180, 0],
			"translation": [0, -2, 0]
		},
		"head": {
			"translation": [0, -31, 0],
			"scale": [1.66, 1.66, 1.66]
		}
	}
}