{
	"credit": "Made with Blockbench",
	"textures": {
		"0": "custom/firework_rocket",
		"particle": "custom/firework_rocket"
	},
	"elements": [
		{
			"from": [6, 2, 13],
			"to": [7, 3, 14],
			"faces": {
				"south": {"uv": [9, 13, 10, 14], "texture": "#0"},
				"west": {"uv": [9, 13, 10, 14], "texture": "#0"},
				"down": {"uv": [9, 13, 10, 14], "texture": "#0"}
			}
		},
		{
			"from": [7, 2, 13],
			"to": [8, 3, 14],
			"faces": {
				"south": {"uv": [8, 13, 9, 14], "texture": "#0"},
				"down": {"uv": [8, 13, 9, 14], "texture": "#0"}
			}
		},
		{
			"from": [6, 2, 10],
			"to": [9, 3, 13],
			"faces": {
				"up": {"uv": [8, 13, 9, 14], "texture": "#0"},
				"down": {"uv": [8, 13, 9, 14], "texture": "#0"}
			}
		},
		{
			"from": [8, 2, 13],
			"to": [9, 3, 14],
			"faces": {
				"east": {"uv": [7, 13, 8, 14], "texture": "#0"},
				"south": {"uv": [7, 13, 8, 14], "texture": "#0"},
				"down": {"uv": [7, 13, 8, 14], "texture": "#0"}
			}
		},
		{
			"from": [8, 3, 13],
			"to": [9, 4, 14],
			"faces": {
				"north": {"uv": [7, 12, 8, 13], "texture": "#0"},
				"east": {"uv": [7, 12, 8, 13], "texture": "#0"},
				"south": {"uv": [7, 12, 8, 13], "texture": "#0"}
			}
		},
		{
			"from": [7, 3, 13],
			"to": [8, 4, 14],
			"faces": {
				"north": {"uv": [8, 12, 9, 13], "texture": "#0"},
				"south": {"uv": [8, 12, 9, 13], "texture": "#0"}
			}
		},
		{
			"from": [6, 3, 13],
			"to": [7, 4, 14],
			"faces": {
				"north": {"uv": [9, 12, 10, 13], "texture": "#0"},
				"south": {"uv": [9, 12, 10, 13], "texture": "#0"},
				"west": {"uv": [9, 12, 10, 13], "texture": "#0"}
			}
		},
		{
			"from": [6, 4, 13],
			"to": [7, 5, 14],
			"faces": {
				"north": {"uv": [9, 11, 10, 12], "texture": "#0"},
				"south": {"uv": [9, 11, 10, 12], "texture": "#0"},
				"west": {"uv": [9, 11, 10, 12], "texture": "#0"}
			}
		},
		{
			"from": [7, 4, 13],
			"to": [8, 5, 14],
			"faces": {
				"north": {"uv": [8, 11, 9, 12], "texture": "#0"},
				"south": {"uv": [8, 11, 9, 12], "texture": "#0"}
			}
		},
		{
			"from": [8, 4, 13],
			"to": [9, 5, 14],
			"faces": {
				"north": {"uv": [7, 11, 8, 12], "texture": "#0"},
				"east": {"uv": [7, 11, 8, 12], "texture": "#0"},
				"south": {"uv": [7, 11, 8, 12], "texture": "#0"}
			}
		},
		{
			"from": [8, 5, 13],
			"to": [9, 6, 14],
			"faces": {
				"north": {"uv": [7, 10, 8, 11], "texture": "#0"},
				"east": {"uv": [7, 10, 8, 11], "texture": "#0"},
				"south": {"uv": [7, 10, 8, 11], "texture": "#0"}
			}
		},
		{
			"from": [7, 5, 13],
			"to": [8, 6, 14],
			"faces": {
				"north": {"uv": [8, 10, 9, 11], "texture": "#0"},
				"south": {"uv": [8, 10, 9, 11], "texture": "#0"}
			}
		},
		{
			"from": [6, 5, 13],
			"to": [7, 6, 14],
			"faces": {
				"north": {"uv": [9, 10, 10, 11], "texture": "#0"},
				"south": {"uv": [9, 10, 10, 11], "texture": "#0"},
				"west": {"uv": [9, 10, 10, 11], "texture": "#0"}
			}
		},
		{
			"from": [6, 6, 13],
			"to": [7, 7, 14],
			"faces": {
				"north": {"uv": [9, 9, 10, 10], "texture": "#0"},
				"south": {"uv": [9, 9, 10, 10], "texture": "#0"},
				"west": {"uv": [9, 9, 10, 10], "texture": "#0"}
			}
		},
		{
			"from": [7, 6, 13],
			"to": [8, 7, 14],
			"faces": {
				"north": {"uv": [8, 9, 9, 10], "texture": "#0"},
				"south": {"uv": [8, 9, 9, 10], "texture": "#0"}
			}
		},
		{
			"from": [8, 6, 13],
			"to": [9, 7, 14],
			"faces": {
				"north": {"uv": [7, 9, 8, 10], "texture": "#0"},
				"east": {"uv": [7, 9, 8, 10], "texture": "#0"},
				"south": {"uv": [7, 9, 8, 10], "texture": "#0"}
			}
		},
		{
			"from": [8, 7, 13],
			"to": [9, 8, 14],
			"faces": {
				"north": {"uv": [7, 8, 8, 9], "texture": "#0"},
				"east": {"uv": [7, 8, 8, 9], "texture": "#0"},
				"south": {"uv": [7, 8, 8, 9], "texture": "#0"}
			}
		},
		{
			"from": [7, 7, 13],
			"to": [8, 8, 14],
			"faces": {
				"north": {"uv": [8, 8, 9, 9], "texture": "#0"},
				"south": {"uv": [8, 8, 9, 9], "texture": "#0"}
			}
		},
		{
			"from": [6, 7, 13],
			"to": [7, 8, 14],
			"faces": {
				"north": {"uv": [9, 8, 10, 9], "texture": "#0"},
				"south": {"uv": [9, 8, 10, 9], "texture": "#0"},
				"west": {"uv": [9, 8, 10, 9], "texture": "#0"}
			}
		},
		{
			"from": [6, 8, 13],
			"to": [7, 9, 14],
			"faces": {
				"north": {"uv": [9, 7, 10, 8], "texture": "#0"},
				"south": {"uv": [9, 7, 10, 8], "texture": "#0"},
				"west": {"uv": [9, 7, 10, 8], "texture": "#0"}
			}
		},
		{
			"from": [7, 8, 13],
			"to": [8, 9, 14],
			"faces": {
				"north": {"uv": [8, 7, 9, 8], "texture": "#0"},
				"south": {"uv": [8, 7, 9, 8], "texture": "#0"}
			}
		},
		{
			"from": [8, 8, 13],
			"to": [9, 9, 14],
			"faces": {
				"north": {"uv": [7, 7, 8, 8], "texture": "#0"},
				"east": {"uv": [7, 7, 8, 8], "texture": "#0"},
				"south": {"uv": [7, 7, 8, 8], "texture": "#0"}
			}
		},
		{
			"from": [8, 9, 13],
			"to": [9, 10, 14],
			"faces": {
				"north": {"uv": [7, 6, 8, 7], "texture": "#0"},
				"east": {"uv": [7, 6, 8, 7], "texture": "#0"},
				"south": {"uv": [7, 6, 8, 7], "texture": "#0"}
			}
		},
		{
			"from": [7, 9, 13],
			"to": [8, 10, 14],
			"faces": {
				"north": {"uv": [8, 6, 9, 7], "texture": "#0"},
				"south": {"uv": [8, 6, 9, 7], "texture": "#0"}
			}
		},
		{
			"from": [6, 9, 13],
			"to": [7, 10, 14],
			"faces": {
				"north": {"uv": [9, 6, 10, 7], "texture": "#0"},
				"south": {"uv": [9, 6, 10, 7], "texture": "#0"},
				"west": {"uv": [9, 6, 10, 7], "texture": "#0"}
			}
		},
		{
			"from": [5, 10, 13],
			"to": [6, 11, 14],
			"faces": {
				"south": {"uv": [10, 5, 11, 6], "texture": "#0"},
				"west": {"uv": [10, 5, 11, 6], "texture": "#0"},
				"down": {"uv": [10, 5, 11, 6], "texture": "#0"}
			}
		},
		{
			"from": [6, 10, 13],
			"to": [7, 11, 14],
			"faces": {
				"north": {"uv": [9, 5, 10, 6], "texture": "#0"},
				"south": {"uv": [9, 5, 10, 6], "texture": "#0"}
			}
		},
		{
			"from": [7, 10, 13],
			"to": [8, 11, 14],
			"faces": {
				"north": {"uv": [8, 5, 9, 6], "texture": "#0"},
				"south": {"uv": [8, 5, 9, 6], "texture": "#0"}
			}
		},
		{
			"from": [8, 10, 13],
			"to": [9, 11, 14],
			"faces": {
				"north": {"uv": [7, 5, 8, 6], "texture": "#0"},
				"south": {"uv": [7, 5, 8, 6], "texture": "#0"}
			}
		},
		{
			"from": [9, 10, 13],
			"to": [10, 11, 14],
			"faces": {
				"east": {"uv": [6, 5, 7, 6], "texture": "#0"},
				"south": {"uv": [6, 5, 7, 6], "texture": "#0"},
				"down": {"uv": [6, 5, 7, 6], "texture": "#0"}
			}
		},
		{
			"from": [9, 11, 13],
			"to": [10, 12, 14],
			"faces": {
				"east": {"uv": [6, 4, 7, 5], "texture": "#0"},
				"south": {"uv": [6, 4, 7, 5], "texture": "#0"},
				"up": {"uv": [6, 4, 7, 5], "texture": "#0"}
			}
		},
		{
			"from": [8, 11, 13],
			"to": [9, 12, 14],
			"faces": {
				"north": {"uv": [7, 4, 8, 5], "texture": "#0"},
				"south": {"uv": [7, 4, 8, 5], "texture": "#0"}
			}
		},
		{
			"from": [7, 11, 13],
			"to": [8, 12, 14],
			"faces": {
				"north": {"uv": [8, 4, 9, 5], "texture": "#0"},
				"south": {"uv": [8, 4, 9, 5], "texture": "#0"}
			}
		},
		{
			"from": [6, 11, 13],
			"to": [7, 12, 14],
			"faces": {
				"north": {"uv": [9, 4, 10, 5], "texture": "#0"},
				"south": {"uv": [9, 4, 10, 5], "texture": "#0"}
			}
		},
		{
			"from": [5, 11, 13],
			"to": [6, 12, 14],
			"faces": {
				"south": {"uv": [10, 4, 11, 5], "texture": "#0"},
				"west": {"uv": [10, 4, 11, 5], "texture": "#0"},
				"up": {"uv": [10, 4, 11, 5], "texture": "#0"}
			}
		},
		{
			"from": [6, 12, 13],
			"to": [7, 13, 14],
			"faces": {
				"north": {"uv": [9, 3, 10, 4], "texture": "#0"},
				"south": {"uv": [9, 3, 10, 4], "texture": "#0"},
				"west": {"uv": [9, 3, 10, 4], "texture": "#0"},
				"up": {"uv": [9, 3, 10, 4], "texture": "#0"}
			}
		},
		{
			"from": [7, 12, 13],
			"to": [8, 13, 14],
			"faces": {
				"north": {"uv": [8, 3, 9, 4], "texture": "#0"},
				"south": {"uv": [8, 3, 9, 4], "texture": "#0"}
			}
		},
		{
			"from": [8, 12, 13],
			"to": [9, 13, 14],
			"faces": {
				"north": {"uv": [7, 3, 8, 4], "texture": "#0"},
				"east": {"uv": [7, 3, 8, 4], "texture": "#0"},
				"south": {"uv": [7, 3, 8, 4], "texture": "#0"},
				"up": {"uv": [7, 3, 8, 4], "texture": "#0"}
			}
		},
		{
			"from": [7, 13, 13],
			"to": [8, 14, 14],
			"faces": {
				"east": {"uv": [8, 2, 9, 3], "texture": "#0"},
				"south": {"uv": [8, 2, 9, 3], "texture": "#0"},
				"west": {"uv": [8, 2, 9, 3], "texture": "#0"},
				"up": {"uv": [8, 2, 9, 3], "texture": "#0"}
			}
		},
		{
			"from": [6, 2, 9],
			"to": [7, 3, 10],
			"faces": {
				"north": {"uv": [9, 13, 10, 14], "texture": "#0"},
				"west": {"uv": [9, 13, 10, 14], "texture": "#0"},
				"down": {"uv": [9, 13, 10, 14], "texture": "#0"}
			}
		},
		{
			"from": [7, 2, 9],
			"to": [8, 3, 10],
			"faces": {
				"north": {"uv": [8, 13, 9, 14], "texture": "#0"},
				"down": {"uv": [8, 13, 9, 14], "texture": "#0"}
			}
		},
		{
			"from": [8, 2, 9],
			"to": [9, 3, 10],
			"faces": {
				"north": {"uv": [7, 13, 8, 14], "texture": "#0"},
				"east": {"uv": [7, 13, 8, 14], "texture": "#0"},
				"down": {"uv": [7, 13, 8, 14], "texture": "#0"}
			}
		},
		{
			"from": [8, 3, 9],
			"to": [9, 4, 10],
			"faces": {
				"north": {"uv": [7, 12, 8, 13], "texture": "#0"},
				"east": {"uv": [7, 12, 8, 13], "texture": "#0"},
				"south": {"uv": [7, 12, 8, 13], "texture": "#0"}
			}
		},
		{
			"from": [7, 3, 9],
			"to": [8, 4, 10],
			"faces": {
				"north": {"uv": [8, 12, 9, 13], "texture": "#0"},
				"south": {"uv": [8, 12, 9, 13], "texture": "#0"}
			}
		},
		{
			"from": [6, 3, 9],
			"to": [7, 4, 10],
			"faces": {
				"north": {"uv": [9, 12, 10, 13], "texture": "#0"},
				"south": {"uv": [9, 12, 10, 13], "texture": "#0"},
				"west": {"uv": [9, 12, 10, 13], "texture": "#0"}
			}
		},
		{
			"from": [6, 4, 9],
			"to": [7, 5, 10],
			"faces": {
				"north": {"uv": [9, 11, 10, 12], "texture": "#0"},
				"south": {"uv": [9, 11, 10, 12], "texture": "#0"},
				"west": {"uv": [9, 11, 10, 12], "texture": "#0"}
			}
		},
		{
			"from": [7, 4, 9],
			"to": [8, 5, 10],
			"faces": {
				"north": {"uv": [8, 11, 9, 12], "texture": "#0"},
				"south": {"uv": [8, 11, 9, 12], "texture": "#0"}
			}
		},
		{
			"from": [8, 4, 9],
			"to": [9, 5, 10],
			"faces": {
				"north": {"uv": [7, 11, 8, 12], "texture": "#0"},
				"east": {"uv": [7, 11, 8, 12], "texture": "#0"},
				"south": {"uv": [7, 11, 8, 12], "texture": "#0"}
			}
		},
		{
			"from": [8, 5, 9],
			"to": [9, 6, 10],
			"faces": {
				"north": {"uv": [7, 10, 8, 11], "texture": "#0"},
				"east": {"uv": [7, 10, 8, 11], "texture": "#0"},
				"south": {"uv": [7, 10, 8, 11], "texture": "#0"}
			}
		},
		{
			"from": [7, 5, 9],
			"to": [8, 6, 10],
			"faces": {
				"north": {"uv": [8, 10, 9, 11], "texture": "#0"},
				"south": {"uv": [8, 10, 9, 11], "texture": "#0"}
			}
		},
		{
			"from": [6, 5, 9],
			"to": [7, 6, 10],
			"faces": {
				"north": {"uv": [9, 10, 10, 11], "texture": "#0"},
				"south": {"uv": [9, 10, 10, 11], "texture": "#0"},
				"west": {"uv": [9, 10, 10, 11], "texture": "#0"}
			}
		},
		{
			"from": [6, 6, 9],
			"to": [7, 7, 10],
			"faces": {
				"north": {"uv": [9, 9, 10, 10], "texture": "#0"},
				"south": {"uv": [9, 9, 10, 10], "texture": "#0"},
				"west": {"uv": [9, 9, 10, 10], "texture": "#0"}
			}
		},
		{
			"from": [7, 6, 9],
			"to": [8, 7, 10],
			"faces": {
				"north": {"uv": [8, 9, 9, 10], "texture": "#0"},
				"south": {"uv": [8, 9, 9, 10], "texture": "#0"}
			}
		},
		{
			"from": [8, 6, 9],
			"to": [9, 7, 10],
			"faces": {
				"north": {"uv": [7, 9, 8, 10], "texture": "#0"},
				"east": {"uv": [7, 9, 8, 10], "texture": "#0"},
				"south": {"uv": [7, 9, 8, 10], "texture": "#0"}
			}
		},
		{
			"from": [8, 7, 9],
			"to": [9, 8, 10],
			"faces": {
				"north": {"uv": [7, 8, 8, 9], "texture": "#0"},
				"east": {"uv": [7, 8, 8, 9], "texture": "#0"},
				"south": {"uv": [7, 8, 8, 9], "texture": "#0"}
			}
		},
		{
			"from": [7, 7, 9],
			"to": [8, 8, 10],
			"faces": {
				"north": {"uv": [8, 8, 9, 9], "texture": "#0"},
				"south": {"uv": [8, 8, 9, 9], "texture": "#0"}
			}
		},
		{
			"from": [6, 7, 9],
			"to": [7, 8, 10],
			"faces": {
				"north": {"uv": [9, 8, 10, 9], "texture": "#0"},
				"south": {"uv": [9, 8, 10, 9], "texture": "#0"},
				"west": {"uv": [9, 8, 10, 9], "texture": "#0"}
			}
		},
		{
			"from": [6, 8, 9],
			"to": [7, 9, 10],
			"faces": {
				"north": {"uv": [9, 7, 10, 8], "texture": "#0"},
				"south": {"uv": [9, 7, 10, 8], "texture": "#0"},
				"west": {"uv": [9, 7, 10, 8], "texture": "#0"}
			}
		},
		{
			"from": [7, 8, 9],
			"to": [8, 9, 10],
			"faces": {
				"north": {"uv": [8, 7, 9, 8], "texture": "#0"},
				"south": {"uv": [8, 7, 9, 8], "texture": "#0"}
			}
		},
		{
			"from": [8, 8, 9],
			"to": [9, 9, 10],
			"faces": {
				"north": {"uv": [7, 7, 8, 8], "texture": "#0"},
				"east": {"uv": [7, 7, 8, 8], "texture": "#0"},
				"south": {"uv": [7, 7, 8, 8], "texture": "#0"}
			}
		},
		{
			"from": [8, 9, 9],
			"to": [9, 10, 10],
			"faces": {
				"north": {"uv": [7, 6, 8, 7], "texture": "#0"},
				"east": {"uv": [7, 6, 8, 7], "texture": "#0"},
				"south": {"uv": [7, 6, 8, 7], "texture": "#0"}
			}
		},
		{
			"from": [7, 9, 9],
			"to": [8, 10, 10],
			"faces": {
				"north": {"uv": [8, 6, 9, 7], "texture": "#0"},
				"south": {"uv": [8, 6, 9, 7], "texture": "#0"}
			}
		},
		{
			"from": [6, 9, 9],
			"to": [7, 10, 10],
			"faces": {
				"north": {"uv": [9, 6, 10, 7], "texture": "#0"},
				"south": {"uv": [9, 6, 10, 7], "texture": "#0"},
				"west": {"uv": [9, 6, 10, 7], "texture": "#0"}
			}
		},
		{
			"from": [5, 10, 9],
			"to": [6, 11, 10],
			"faces": {
				"north": {"uv": [10, 5, 11, 6], "texture": "#0"},
				"west": {"uv": [10, 5, 11, 6], "texture": "#0"},
				"down": {"uv": [10, 5, 11, 6], "texture": "#0"}
			}
		},
		{
			"from": [6, 10, 9],
			"to": [7, 11, 10],
			"faces": {
				"north": {"uv": [9, 5, 10, 6], "texture": "#0"},
				"south": {"uv": [9, 5, 10, 6], "texture": "#0"}
			}
		},
		{
			"from": [7, 10, 9],
			"to": [8, 11, 10],
			"faces": {
				"north": {"uv": [8, 5, 9, 6], "texture": "#0"},
				"south": {"uv": [8, 5, 9, 6], "texture": "#0"}
			}
		},
		{
			"from": [8, 10, 9],
			"to": [9, 11, 10],
			"faces": {
				"north": {"uv": [7, 5, 8, 6], "texture": "#0"},
				"south": {"uv": [7, 5, 8, 6], "texture": "#0"}
			}
		},
		{
			"from": [9, 10, 9],
			"to": [10, 11, 10],
			"faces": {
				"north": {"uv": [6, 5, 7, 6], "texture": "#0"},
				"east": {"uv": [6, 5, 7, 6], "texture": "#0"},
				"down": {"uv": [6, 5, 7, 6], "texture": "#0"}
			}
		},
		{
			"from": [9, 11, 9],
			"to": [10, 12, 10],
			"faces": {
				"north": {"uv": [6, 4, 7, 5], "texture": "#0"},
				"east": {"uv": [6, 4, 7, 5], "texture": "#0"},
				"up": {"uv": [6, 4, 7, 5], "texture": "#0"}
			}
		},
		{
			"from": [8, 11, 9],
			"to": [9, 12, 10],
			"faces": {
				"north": {"uv": [7, 4, 8, 5], "texture": "#0"},
				"south": {"uv": [7, 4, 8, 5], "texture": "#0"}
			}
		},
		{
			"from": [7, 11, 9],
			"to": [8, 12, 10],
			"faces": {
				"north": {"uv": [8, 4, 9, 5], "texture": "#0"},
				"south": {"uv": [8, 4, 9, 5], "texture": "#0"}
			}
		},
		{
			"from": [6, 11, 9],
			"to": [7, 12, 10],
			"faces": {
				"north": {"uv": [9, 4, 10, 5], "texture": "#0"},
				"south": {"uv": [9, 4, 10, 5], "texture": "#0"}
			}
		},
		{
			"from": [5, 11, 9],
			"to": [6, 12, 10],
			"faces": {
				"north": {"uv": [10, 4, 11, 5], "texture": "#0"},
				"west": {"uv": [10, 4, 11, 5], "texture": "#0"},
				"up": {"uv": [10, 4, 11, 5], "texture": "#0"}
			}
		},
		{
			"from": [6, 12, 9],
			"to": [7, 13, 10],
			"faces": {
				"north": {"uv": [9, 3, 10, 4], "texture": "#0"},
				"south": {"uv": [9, 3, 10, 4], "texture": "#0"},
				"west": {"uv": [9, 3, 10, 4], "texture": "#0"},
				"up": {"uv": [9, 3, 10, 4], "texture": "#0"}
			}
		},
		{
			"from": [7, 12, 9],
			"to": [8, 13, 10],
			"faces": {
				"north": {"uv": [8, 3, 9, 4], "texture": "#0"},
				"south": {"uv": [8, 3, 9, 4], "texture": "#0"}
			}
		},
		{
			"from": [8, 12, 9],
			"to": [9, 13, 10],
			"faces": {
				"north": {"uv": [7, 3, 8, 4], "texture": "#0"},
				"east": {"uv": [7, 3, 8, 4], "texture": "#0"},
				"south": {"uv": [7, 3, 8, 4], "texture": "#0"},
				"up": {"uv": [7, 3, 8, 4], "texture": "#0"}
			}
		},
		{
			"from": [7, 13, 9],
			"to": [8, 14, 10],
			"faces": {
				"north": {"uv": [8, 2, 9, 3], "texture": "#0"},
				"east": {"uv": [8, 2, 9, 3], "texture": "#0"},
				"west": {"uv": [8, 2, 9, 3], "texture": "#0"},
				"up": {"uv": [8, 2, 9, 3], "texture": "#0"}
			}
		},
		{
			"from": [9, 2, 12],
			"to": [10, 3, 13],
			"faces": {
				"east": {"uv": [9, 13, 10, 14], "texture": "#0"},
				"south": {"uv": [9, 13, 10, 14], "texture": "#0"},
				"down": {"uv": [9, 13, 10, 14], "rotation": 90, "texture": "#0"}
			}
		},
		{
			"from": [9, 2, 11],
			"to": [10, 3, 12],
			"faces": {
				"east": {"uv": [8, 13, 9, 14], "texture": "#0"},
				"down": {"uv": [8, 13, 9, 14], "rotation": 90, "texture": "#0"}
			}
		},
		{
			"from": [9, 2, 10],
			"to": [10, 3, 11],
			"faces": {
				"north": {"uv": [7, 13, 8, 14], "texture": "#0"},
				"east": {"uv": [7, 13, 8, 14], "texture": "#0"},
				"down": {"uv": [7, 13, 8, 14], "rotation": 90, "texture": "#0"}
			}
		},
		{
			"from": [9, 3, 10],
			"to": [10, 4, 11],
			"faces": {
				"north": {"uv": [7, 12, 8, 13], "texture": "#0"},
				"east": {"uv": [7, 12, 8, 13], "texture": "#0"},
				"west": {"uv": [7, 12, 8, 13], "texture": "#0"}
			}
		},
		{
			"from": [9, 3, 11],
			"to": [10, 4, 12],
			"faces": {
				"east": {"uv": [8, 12, 9, 13], "texture": "#0"},
				"west": {"uv": [8, 12, 9, 13], "texture": "#0"}
			}
		},
		{
			"from": [9, 3, 12],
			"to": [10, 4, 13],
			"faces": {
				"east": {"uv": [9, 12, 10, 13], "texture": "#0"},
				"south": {"uv": [9, 12, 10, 13], "texture": "#0"},
				"west": {"uv": [9, 12, 10, 13], "texture": "#0"}
			}
		},
		{
			"from": [9, 4, 12],
			"to": [10, 5, 13],
			"faces": {
				"east": {"uv": [9, 11, 10, 12], "texture": "#0"},
				"south": {"uv": [9, 11, 10, 12], "texture": "#0"},
				"west": {"uv": [9, 11, 10, 12], "texture": "#0"}
			}
		},
		{
			"from": [9, 4, 11],
			"to": [10, 5, 12],
			"faces": {
				"east": {"uv": [8, 11, 9, 12], "texture": "#0"},
				"west": {"uv": [8, 11, 9, 12], "texture": "#0"}
			}
		},
		{
			"from": [9, 4, 10],
			"to": [10, 5, 11],
			"faces": {
				"north": {"uv": [7, 11, 8, 12], "texture": "#0"},
				"east": {"uv": [7, 11, 8, 12], "texture": "#0"},
				"west": {"uv": [7, 11, 8, 12], "texture": "#0"}
			}
		},
		{
			"from": [9, 5, 10],
			"to": [10, 6, 11],
			"faces": {
				"north": {"uv": [7, 10, 8, 11], "texture": "#0"},
				"east": {"uv": [7, 10, 8, 11], "texture": "#0"},
				"west": {"uv": [7, 10, 8, 11], "texture": "#0"}
			}
		},
		{
			"from": [9, 5, 11],
			"to": [10, 6, 12],
			"faces": {
				"east": {"uv": [8, 10, 9, 11], "texture": "#0"},
				"west": {"uv": [8, 10, 9, 11], "texture": "#0"}
			}
		},
		{
			"from": [9, 5, 12],
			"to": [10, 6, 13],
			"faces": {
				"east": {"uv": [9, 10, 10, 11], "texture": "#0"},
				"south": {"uv": [9, 10, 10, 11], "texture": "#0"},
				"west": {"uv": [9, 10, 10, 11], "texture": "#0"}
			}
		},
		{
			"from": [9, 6, 12],
			"to": [10, 7, 13],
			"faces": {
				"east": {"uv": [9, 9, 10, 10], "texture": "#0"},
				"south": {"uv": [9, 9, 10, 10], "texture": "#0"},
				"west": {"uv": [9, 9, 10, 10], "texture": "#0"}
			}
		},
		{
			"from": [9, 6, 11],
			"to": [10, 7, 12],
			"faces": {
				"east": {"uv": [8, 9, 9, 10], "texture": "#0"},
				"west": {"uv": [8, 9, 9, 10], "texture": "#0"}
			}
		},
		{
			"from": [9, 6, 10],
			"to": [10, 7, 11],
			"faces": {
				"north": {"uv": [7, 9, 8, 10], "texture": "#0"},
				"east": {"uv": [7, 9, 8, 10], "texture": "#0"},
				"west": {"uv": [7, 9, 8, 10], "texture": "#0"}
			}
		},
		{
			"from": [9, 7, 10],
			"to": [10, 8, 11],
			"faces": {
				"north": {"uv": [7, 8, 8, 9], "texture": "#0"},
				"east": {"uv": [7, 8, 8, 9], "texture": "#0"},
				"west": {"uv": [7, 8, 8, 9], "texture": "#0"}
			}
		},
		{
			"from": [9, 7, 11],
			"to": [10, 8, 12],
			"faces": {
				"east": {"uv": [8, 8, 9, 9], "texture": "#0"},
				"west": {"uv": [8, 8, 9, 9], "texture": "#0"}
			}
		},
		{
			"from": [9, 7, 12],
			"to": [10, 8, 13],
			"faces": {
				"east": {"uv": [9, 8, 10, 9], "texture": "#0"},
				"south": {"uv": [9, 8, 10, 9], "texture": "#0"},
				"west": {"uv": [9, 8, 10, 9], "texture": "#0"}
			}
		},
		{
			"from": [9, 8, 12],
			"to": [10, 9, 13],
			"faces": {
				"east": {"uv": [9, 7, 10, 8], "texture": "#0"},
				"south": {"uv": [9, 7, 10, 8], "texture": "#0"},
				"west": {"uv": [9, 7, 10, 8], "texture": "#0"}
			}
		},
		{
			"from": [9, 8, 11],
			"to": [10, 9, 12],
			"faces": {
				"east": {"uv": [8, 7, 9, 8], "texture": "#0"},
				"west": {"uv": [8, 7, 9, 8], "texture": "#0"}
			}
		},
		{
			"from": [9, 8, 10],
			"to": [10, 9, 11],
			"faces": {
				"north": {"uv": [7, 7, 8, 8], "texture": "#0"},
				"east": {"uv": [7, 7, 8, 8], "texture": "#0"},
				"west": {"uv": [7, 7, 8, 8], "texture": "#0"}
			}
		},
		{
			"from": [9, 9, 10],
			"to": [10, 10, 11],
			"faces": {
				"north": {"uv": [7, 6, 8, 7], "texture": "#0"},
				"east": {"uv": [7, 6, 8, 7], "texture": "#0"},
				"west": {"uv": [7, 6, 8, 7], "texture": "#0"}
			}
		},
		{
			"from": [9, 9, 11],
			"to": [10, 10, 12],
			"faces": {
				"east": {"uv": [8, 6, 9, 7], "texture": "#0"},
				"west": {"uv": [8, 6, 9, 7], "texture": "#0"}
			}
		},
		{
			"from": [9, 9, 12],
			"to": [10, 10, 13],
			"faces": {
				"east": {"uv": [9, 6, 10, 7], "texture": "#0"},
				"south": {"uv": [9, 6, 10, 7], "texture": "#0"},
				"west": {"uv": [9, 6, 10, 7], "texture": "#0"}
			}
		},
		{
			"from": [9, 10, 12],
			"to": [10, 11, 13],
			"faces": {
				"east": {"uv": [9, 5, 10, 6], "texture": "#0"},
				"west": {"uv": [9, 5, 10, 6], "texture": "#0"}
			}
		},
		{
			"from": [9, 10, 11],
			"to": [10, 11, 12],
			"faces": {
				"east": {"uv": [8, 5, 9, 6], "texture": "#0"},
				"west": {"uv": [8, 5, 9, 6], "texture": "#0"}
			}
		},
		{
			"from": [9, 10, 10],
			"to": [10, 11, 11],
			"faces": {
				"east": {"uv": [7, 5, 8, 6], "texture": "#0"},
				"west": {"uv": [7, 5, 8, 6], "texture": "#0"}
			}
		},
		{
			"from": [9, 11, 10],
			"to": [10, 12, 11],
			"faces": {
				"east": {"uv": [7, 4, 8, 5], "texture": "#0"},
				"west": {"uv": [7, 4, 8, 5], "texture": "#0"}
			}
		},
		{
			"from": [9, 11, 11],
			"to": [10, 12, 12],
			"faces": {
				"east": {"uv": [8, 4, 9, 5], "texture": "#0"},
				"west": {"uv": [8, 4, 9, 5], "texture": "#0"}
			}
		},
		{
			"from": [9, 11, 12],
			"to": [10, 12, 13],
			"faces": {
				"east": {"uv": [9, 4, 10, 5], "texture": "#0"},
				"west": {"uv": [9, 4, 10, 5], "texture": "#0"}
			}
		},
		{
			"from": [9, 12, 12],
			"to": [10, 13, 13],
			"faces": {
				"east": {"uv": [9, 3, 10, 4], "texture": "#0"},
				"south": {"uv": [9, 3, 10, 4], "texture": "#0"},
				"west": {"uv": [9, 3, 10, 4], "texture": "#0"},
				"up": {"uv": [9, 3, 10, 4], "rotation": 270, "texture": "#0"}
			}
		},
		{
			"from": [9, 12, 11],
			"to": [10, 13, 12],
			"faces": {
				"east": {"uv": [8, 3, 9, 4], "texture": "#0"},
				"west": {"uv": [8, 3, 9, 4], "texture": "#0"}
			}
		},
		{
			"from": [9, 12, 10],
			"to": [10, 13, 11],
			"faces": {
				"north": {"uv": [7, 3, 8, 4], "texture": "#0"},
				"east": {"uv": [7, 3, 8, 4], "texture": "#0"},
				"west": {"uv": [7, 3, 8, 4], "texture": "#0"},
				"up": {"uv": [7, 3, 8, 4], "rotation": 270, "texture": "#0"}
			}
		},
		{
			"from": [9, 13, 11],
			"to": [10, 14, 12],
			"faces": {
				"north": {"uv": [8, 2, 9, 3], "texture": "#0"},
				"east": {"uv": [8, 2, 9, 3], "texture": "#0"},
				"south": {"uv": [8, 2, 9, 3], "texture": "#0"},
				"up": {"uv": [8, 2, 9, 3], "rotation": 270, "texture": "#0"}
			}
		},
		{
			"from": [6, 13, 10],
			"to": [9, 14, 13],
			"faces": {
				"north": {"uv": [8, 2, 9, 3], "texture": "#0"},
				"east": {"uv": [8, 2, 9, 3], "texture": "#0"},
				"south": {"uv": [8, 2, 9, 3], "texture": "#0"},
				"west": {"uv": [8, 2, 9, 3], "texture": "#0"},
				"up": {"uv": [8, 2, 9, 3], "rotation": 270, "texture": "#0"},
				"down": {"uv": [8, 2, 9, 3], "rotation": 90, "texture": "#0"}
			}
		},
		{
			"from": [6, 14, 11],
			"to": [9, 15, 12],
			"faces": {
				"north": {"uv": [8, 2, 9, 3], "texture": "#0"},
				"east": {"uv": [8, 2, 9, 3], "texture": "#0"},
				"south": {"uv": [8, 2, 9, 3], "texture": "#0"},
				"west": {"uv": [8, 2, 9, 3], "texture": "#0"},
				"up": {"uv": [8, 2, 9, 3], "rotation": 270, "texture": "#0"}
			}
		},
		{
			"from": [7, 14, 10],
			"to": [8, 15, 11],
			"faces": {
				"north": {"uv": [8, 2, 9, 3], "texture": "#0"},
				"east": {"uv": [8, 2, 9, 3], "texture": "#0"},
				"west": {"uv": [8, 2, 9, 3], "texture": "#0"},
				"up": {"uv": [8, 2, 9, 3], "rotation": 270, "texture": "#0"}
			}
		},
		{
			"from": [7, 14, 12],
			"to": [8, 15, 13],
			"faces": {
				"east": {"uv": [8, 2, 9, 3], "texture": "#0"},
				"south": {"uv": [8, 2, 9, 3], "texture": "#0"},
				"west": {"uv": [8, 2, 9, 3], "texture": "#0"},
				"up": {"uv": [8, 2, 9, 3], "rotation": 270, "texture": "#0"}
			}
		},
		{
			"from": [5, 2, 12],
			"to": [6, 3, 13],
			"faces": {
				"south": {"uv": [9, 13, 10, 14], "texture": "#0"},
				"west": {"uv": [9, 13, 10, 14], "texture": "#0"},
				"down": {"uv": [9, 13, 10, 14], "rotation": 90, "texture": "#0"}
			}
		},
		{
			"from": [5, 2, 11],
			"to": [6, 3, 12],
			"faces": {
				"west": {"uv": [8, 13, 9, 14], "texture": "#0"},
				"down": {"uv": [8, 13, 9, 14], "rotation": 90, "texture": "#0"}
			}
		},
		{
			"from": [5, 2, 10],
			"to": [6, 3, 11],
			"faces": {
				"north": {"uv": [7, 13, 8, 14], "texture": "#0"},
				"west": {"uv": [7, 13, 8, 14], "texture": "#0"},
				"down": {"uv": [7, 13, 8, 14], "rotation": 90, "texture": "#0"}
			}
		},
		{
			"from": [5, 3, 10],
			"to": [6, 4, 11],
			"faces": {
				"north": {"uv": [7, 12, 8, 13], "texture": "#0"},
				"east": {"uv": [7, 12, 8, 13], "texture": "#0"},
				"west": {"uv": [7, 12, 8, 13], "texture": "#0"}
			}
		},
		{
			"from": [5, 3, 11],
			"to": [6, 4, 12],
			"faces": {
				"east": {"uv": [8, 12, 9, 13], "texture": "#0"},
				"west": {"uv": [8, 12, 9, 13], "texture": "#0"}
			}
		},
		{
			"from": [5, 3, 12],
			"to": [6, 4, 13],
			"faces": {
				"east": {"uv": [9, 12, 10, 13], "texture": "#0"},
				"south": {"uv": [9, 12, 10, 13], "texture": "#0"},
				"west": {"uv": [9, 12, 10, 13], "texture": "#0"}
			}
		},
		{
			"from": [5, 4, 12],
			"to": [6, 5, 13],
			"faces": {
				"east": {"uv": [9, 11, 10, 12], "texture": "#0"},
				"south": {"uv": [9, 11, 10, 12], "texture": "#0"},
				"west": {"uv": [9, 11, 10, 12], "texture": "#0"}
			}
		},
		{
			"from": [5, 4, 11],
			"to": [6, 5, 12],
			"faces": {
				"east": {"uv": [8, 11, 9, 12], "texture": "#0"},
				"west": {"uv": [8, 11, 9, 12], "texture": "#0"}
			}
		},
		{
			"from": [5, 4, 10],
			"to": [6, 5, 11],
			"faces": {
				"north": {"uv": [7, 11, 8, 12], "texture": "#0"},
				"east": {"uv": [7, 11, 8, 12], "texture": "#0"},
				"west": {"uv": [7, 11, 8, 12], "texture": "#0"}
			}
		},
		{
			"from": [5, 5, 10],
			"to": [6, 6, 11],
			"faces": {
				"north": {"uv": [7, 10, 8, 11], "texture": "#0"},
				"east": {"uv": [7, 10, 8, 11], "texture": "#0"},
				"west": {"uv": [7, 10, 8, 11], "texture": "#0"}
			}
		},
		{
			"from": [5, 5, 11],
			"to": [6, 6, 12],
			"faces": {
				"east": {"uv": [8, 10, 9, 11], "texture": "#0"},
				"west": {"uv": [8, 10, 9, 11], "texture": "#0"}
			}
		},
		{
			"from": [5, 5, 12],
			"to": [6, 6, 13],
			"faces": {
				"east": {"uv": [9, 10, 10, 11], "texture": "#0"},
				"south": {"uv": [9, 10, 10, 11], "texture": "#0"},
				"west": {"uv": [9, 10, 10, 11], "texture": "#0"}
			}
		},
		{
			"from": [5, 6, 12],
			"to": [6, 7, 13],
			"faces": {
				"east": {"uv": [9, 9, 10, 10], "texture": "#0"},
				"south": {"uv": [9, 9, 10, 10], "texture": "#0"},
				"west": {"uv": [9, 9, 10, 10], "texture": "#0"}
			}
		},
		{
			"from": [5, 6, 11],
			"to": [6, 7, 12],
			"faces": {
				"east": {"uv": [8, 9, 9, 10], "texture": "#0"},
				"west": {"uv": [8, 9, 9, 10], "texture": "#0"}
			}
		},
		{
			"from": [5, 6, 10],
			"to": [6, 7, 11],
			"faces": {
				"north": {"uv": [7, 9, 8, 10], "texture": "#0"},
				"east": {"uv": [7, 9, 8, 10], "texture": "#0"},
				"west": {"uv": [7, 9, 8, 10], "texture": "#0"}
			}
		},
		{
			"from": [5, 7, 10],
			"to": [6, 8, 11],
			"faces": {
				"north": {"uv": [7, 8, 8, 9], "texture": "#0"},
				"east": {"uv": [7, 8, 8, 9], "texture": "#0"},
				"west": {"uv": [7, 8, 8, 9], "texture": "#0"}
			}
		},
		{
			"from": [5, 7, 11],
			"to": [6, 8, 12],
			"faces": {
				"east": {"uv": [8, 8, 9, 9], "texture": "#0"},
				"west": {"uv": [8, 8, 9, 9], "texture": "#0"}
			}
		},
		{
			"from": [5, 7, 12],
			"to": [6, 8, 13],
			"faces": {
				"east": {"uv": [9, 8, 10, 9], "texture": "#0"},
				"south": {"uv": [9, 8, 10, 9], "texture": "#0"},
				"west": {"uv": [9, 8, 10, 9], "texture": "#0"}
			}
		},
		{
			"from": [5, 8, 12],
			"to": [6, 9, 13],
			"faces": {
				"east": {"uv": [9, 7, 10, 8], "texture": "#0"},
				"south": {"uv": [9, 7, 10, 8], "texture": "#0"},
				"west": {"uv": [9, 7, 10, 8], "texture": "#0"}
			}
		},
		{
			"from": [5, 8, 11],
			"to": [6, 9, 12],
			"faces": {
				"east": {"uv": [8, 7, 9, 8], "texture": "#0"},
				"west": {"uv": [8, 7, 9, 8], "texture": "#0"}
			}
		},
		{
			"from": [5, 8, 10],
			"to": [6, 9, 11],
			"faces": {
				"north": {"uv": [7, 7, 8, 8], "texture": "#0"},
				"east": {"uv": [7, 7, 8, 8], "texture": "#0"},
				"west": {"uv": [7, 7, 8, 8], "texture": "#0"}
			}
		},
		{
			"from": [5, 9, 10],
			"to": [6, 10, 11],
			"faces": {
				"north": {"uv": [7, 6, 8, 7], "texture": "#0"},
				"east": {"uv": [7, 6, 8, 7], "texture": "#0"},
				"west": {"uv": [7, 6, 8, 7], "texture": "#0"}
			}
		},
		{
			"from": [5, 9, 11],
			"to": [6, 10, 12],
			"faces": {
				"east": {"uv": [8, 6, 9, 7], "texture": "#0"},
				"west": {"uv": [8, 6, 9, 7], "texture": "#0"}
			}
		},
		{
			"from": [5, 9, 12],
			"to": [6, 10, 13],
			"faces": {
				"east": {"uv": [9, 6, 10, 7], "texture": "#0"},
				"south": {"uv": [9, 6, 10, 7], "texture": "#0"},
				"west": {"uv": [9, 6, 10, 7], "texture": "#0"}
			}
		},
		{
			"from": [5, 10, 12],
			"to": [6, 11, 13],
			"faces": {
				"east": {"uv": [9, 5, 10, 6], "texture": "#0"},
				"west": {"uv": [9, 5, 10, 6], "texture": "#0"}
			}
		},
		{
			"from": [5, 10, 11],
			"to": [6, 11, 12],
			"faces": {
				"east": {"uv": [8, 5, 9, 6], "texture": "#0"},
				"west": {"uv": [8, 5, 9, 6], "texture": "#0"}
			}
		},
		{
			"from": [5, 10, 10],
			"to": [6, 11, 11],
			"faces": {
				"east": {"uv": [7, 5, 8, 6], "texture": "#0"},
				"west": {"uv": [7, 5, 8, 6], "texture": "#0"}
			}
		},
		{
			"from": [5, 11, 10],
			"to": [6, 12, 11],
			"faces": {
				"east": {"uv": [7, 4, 8, 5], "texture": "#0"},
				"west": {"uv": [7, 4, 8, 5], "texture": "#0"}
			}
		},
		{
			"from": [5, 11, 11],
			"to": [6, 12, 12],
			"faces": {
				"east": {"uv": [8, 4, 9, 5], "texture": "#0"},
				"west": {"uv": [8, 4, 9, 5], "texture": "#0"}
			}
		},
		{
			"from": [5, 11, 12],
			"to": [6, 12, 13],
			"faces": {
				"east": {"uv": [9, 4, 10, 5], "texture": "#0"},
				"west": {"uv": [9, 4, 10, 5], "texture": "#0"}
			}
		},
		{
			"from": [5, 12, 12],
			"to": [6, 13, 13],
			"faces": {
				"east": {"uv": [9, 3, 10, 4], "texture": "#0"},
				"south": {"uv": [9, 3, 10, 4], "texture": "#0"},
				"west": {"uv": [9, 3, 10, 4], "texture": "#0"},
				"up": {"uv": [9, 3, 10, 4], "rotation": 270, "texture": "#0"}
			}
		},
		{
			"from": [5, 12, 11],
			"to": [6, 13, 12],
			"faces": {
				"east": {"uv": [8, 3, 9, 4], "texture": "#0"},
				"west": {"uv": [8, 3, 9, 4], "texture": "#0"}
			}
		},
		{
			"from": [5, 12, 10],
			"to": [6, 13, 11],
			"faces": {
				"north": {"uv": [7, 3, 8, 4], "texture": "#0"},
				"east": {"uv": [7, 3, 8, 4], "texture": "#0"},
				"west": {"uv": [7, 3, 8, 4], "texture": "#0"},
				"up": {"uv": [7, 3, 8, 4], "rotation": 270, "texture": "#0"}
			}
		},
		{
			"from": [5, 13, 11],
			"to": [6, 14, 12],
			"faces": {
				"north": {"uv": [8, 2, 9, 3], "texture": "#0"},
				"south": {"uv": [8, 2, 9, 3], "texture": "#0"},
				"west": {"uv": [8, 2, 9, 3], "texture": "#0"},
				"up": {"uv": [8, 2, 9, 3], "rotation": 270, "texture": "#0"}
			}
		}
	],
	"display": {
		"head": {
			"rotation": [-90, 0, 0],
			"translation": [0, -49, -8.25],
			"scale": [2.31, 2.79, 2.31]
		}
	}
}