{
	"credit": "Made with Blockbench",
	"textures": {
		"0": "custom/gasbubble",
		"particle": "custom/gasbubble"
	},
	"elements": [
		{
			"from": [5, 0, 4],
			"to": [8, 1, 5],
			"faces": {
				"north": {"uv": [6, 13, 9, 14], "texture": "#0"},
				"east": {"uv": [6, 13, 9, 14], "texture": "#0"},
				"south": {"uv": [6, 13, 9, 14], "texture": "#0"},
				"west": {"uv": [6, 13, 9, 14], "texture": "#0"},
				"down": {"uv": [6, 13, 9, 14], "texture": "#0"}
			}
		},
		{
			"from": [4, 1, 4],
			"to": [9, 6, 5],
			"faces": {
				"north": {"uv": [5, 8, 10, 13], "texture": "#0"},
				"east": {"uv": [6, 13, 9, 14], "texture": "#0"},
				"south": {"uv": [6, 13, 9, 14], "texture": "#0"},
				"west": {"uv": [6, 13, 9, 14], "texture": "#0"},
				"up": {"uv": [6, 13, 9, 14], "texture": "#0"},
				"down": {"uv": [6, 13, 9, 14], "texture": "#0"}
			}
		},
		{
			"from": [5, 6, 4],
			"to": [8, 7, 5],
			"faces": {
				"north": {"uv": [6, 7, 9, 8], "texture": "#0"},
				"east": {"uv": [6, 7, 9, 8], "texture": "#0"},
				"south": {"uv": [6, 7, 9, 8], "texture": "#0"},
				"west": {"uv": [6, 7, 9, 8], "texture": "#0"},
				"up": {"uv": [6, 7, 9, 8], "texture": "#0"}
			}
		},
		{
			"from": [3, 2, 4],
			"to": [4, 5, 5],
			"faces": {
				"north": {"uv": [10, 9, 11, 12], "texture": "#0"},
				"south": {"uv": [10, 9, 11, 12], "texture": "#0"},
				"west": {"uv": [10, 9, 11, 12], "texture": "#0"},
				"up": {"uv": [10, 9, 11, 12], "texture": "#0"},
				"down": {"uv": [10, 9, 11, 12], "texture": "#0"}
			}
		},
		{
			"from": [5, 0, 10],
			"to": [8, 1, 11],
			"faces": {
				"north": {"uv": [6, 13, 9, 14], "texture": "#0"},
				"east": {"uv": [6, 13, 9, 14], "texture": "#0"},
				"south": {"uv": [6, 13, 9, 14], "texture": "#0"},
				"west": {"uv": [6, 13, 9, 14], "texture": "#0"},
				"down": {"uv": [6, 13, 9, 14], "rotation": 180, "texture": "#0"}
			}
		},
		{
			"from": [5, 6, 10],
			"to": [8, 7, 11],
			"faces": {
				"north": {"uv": [6, 7, 9, 8], "texture": "#0"},
				"east": {"uv": [6, 7, 9, 8], "texture": "#0"},
				"south": {"uv": [6, 7, 9, 8], "texture": "#0"},
				"west": {"uv": [6, 7, 9, 8], "texture": "#0"},
				"up": {"uv": [6, 7, 9, 8], "rotation": 180, "texture": "#0"}
			}
		},
		{
			"from": [4, 1, 10],
			"to": [9, 6, 11],
			"faces": {
				"north": {"uv": [6, 13, 9, 14], "texture": "#0"},
				"east": {"uv": [6, 13, 9, 14], "texture": "#0"},
				"south": {"uv": [5, 8, 10, 13], "texture": "#0"},
				"west": {"uv": [6, 13, 9, 14], "texture": "#0"},
				"up": {"uv": [6, 13, 9, 14], "rotation": 180, "texture": "#0"},
				"down": {"uv": [6, 13, 9, 14], "rotation": 180, "texture": "#0"}
			}
		},
		{
			"from": [4, 0, 5],
			"to": [9, 7, 10],
			"faces": {
				"north": {"uv": [7, 10, 10, 13], "texture": "#0"},
				"east": {"uv": [7, 10, 10, 13], "texture": "#0"},
				"south": {"uv": [7, 10, 10, 13], "texture": "#0"},
				"west": {"uv": [7, 10, 10, 13], "texture": "#0"},
				"up": {"uv": [7, 11, 9, 13], "texture": "#0"},
				"down": {"uv": [7, 11, 9, 13], "texture": "#0"}
			}
		},
		{
			"from": [3, 0, 6],
			"to": [4, 1, 9],
			"faces": {
				"north": {"uv": [6, 13, 9, 14], "texture": "#0"},
				"east": {"uv": [6, 13, 9, 14], "texture": "#0"},
				"south": {"uv": [6, 13, 9, 14], "texture": "#0"},
				"west": {"uv": [6, 13, 9, 14], "texture": "#0"},
				"down": {"uv": [6, 13, 9, 14], "rotation": 90, "texture": "#0"}
			}
		},
		{
			"from": [3, 1, 5],
			"to": [4, 6, 10],
			"faces": {
				"north": {"uv": [6, 13, 9, 14], "texture": "#0"},
				"east": {"uv": [6, 13, 9, 14], "texture": "#0"},
				"south": {"uv": [6, 13, 9, 14], "texture": "#0"},
				"west": {"uv": [5, 8, 10, 13], "texture": "#0"},
				"up": {"uv": [6, 13, 9, 14], "rotation": 270, "texture": "#0"},
				"down": {"uv": [6, 13, 9, 14], "rotation": 90, "texture": "#0"}
			}
		},
		{
			"from": [3, 6, 6],
			"to": [4, 7, 9],
			"faces": {
				"north": {"uv": [6, 7, 9, 8], "texture": "#0"},
				"east": {"uv": [6, 7, 9, 8], "texture": "#0"},
				"south": {"uv": [6, 7, 9, 8], "texture": "#0"},
				"west": {"uv": [6, 7, 9, 8], "texture": "#0"},
				"up": {"uv": [6, 7, 9, 8], "rotation": 270, "texture": "#0"}
			}
		},
		{
			"from": [3, 2, 10],
			"to": [4, 5, 11],
			"faces": {
				"east": {"uv": [10, 9, 11, 12], "texture": "#0"},
				"south": {"uv": [10, 9, 11, 12], "texture": "#0"},
				"west": {"uv": [10, 9, 11, 12], "texture": "#0"},
				"up": {"uv": [10, 9, 11, 12], "rotation": 270, "texture": "#0"},
				"down": {"uv": [10, 9, 11, 12], "rotation": 90, "texture": "#0"}
			}
		},
		{
			"from": [9, 0, 6],
			"to": [10, 1, 9],
			"faces": {
				"north": {"uv": [6, 13, 9, 14], "texture": "#0"},
				"east": {"uv": [6, 13, 9, 14], "texture": "#0"},
				"south": {"uv": [6, 13, 9, 14], "texture": "#0"},
				"west": {"uv": [6, 13, 9, 14], "texture": "#0"},
				"down": {"uv": [6, 13, 9, 14], "rotation": 270, "texture": "#0"}
			}
		},
		{
			"from": [9, 1, 5],
			"to": [10, 6, 10],
			"faces": {
				"north": {"uv": [6, 13, 9, 14], "texture": "#0"},
				"east": {"uv": [5, 8, 10, 13], "texture": "#0"},
				"south": {"uv": [6, 13, 9, 14], "texture": "#0"},
				"west": {"uv": [6, 13, 9, 14], "texture": "#0"},
				"up": {"uv": [6, 13, 9, 14], "rotation": 90, "texture": "#0"},
				"down": {"uv": [6, 13, 9, 14], "rotation": 270, "texture": "#0"}
			}
		},
		{
			"from": [9, 6, 6],
			"to": [10, 7, 9],
			"faces": {
				"north": {"uv": [6, 7, 9, 8], "texture": "#0"},
				"east": {"uv": [6, 7, 9, 8], "texture": "#0"},
				"south": {"uv": [6, 7, 9, 8], "texture": "#0"},
				"west": {"uv": [6, 7, 9, 8], "texture": "#0"},
				"up": {"uv": [6, 7, 9, 8], "rotation": 90, "texture": "#0"}
			}
		},
		{
			"from": [9, 2, 10],
			"to": [10, 5, 11],
			"faces": {
				"east": {"uv": [4, 9, 5, 12], "texture": "#0"},
				"south": {"uv": [4, 9, 5, 12], "texture": "#0"},
				"west": {"uv": [4, 9, 5, 12], "texture": "#0"},
				"up": {"uv": [4, 9, 5, 12], "rotation": 90, "texture": "#0"},
				"down": {"uv": [4, 9, 5, 12], "rotation": 270, "texture": "#0"}
			}
		},
		{
			"from": [9, 2, 4],
			"to": [10, 5, 5],
			"faces": {
				"north": {"uv": [10, 9, 11, 12], "texture": "#0"},
				"east": {"uv": [10, 9, 11, 12], "texture": "#0"},
				"west": {"uv": [10, 9, 11, 12], "texture": "#0"},
				"up": {"uv": [10, 9, 11, 12], "rotation": 90, "texture": "#0"},
				"down": {"uv": [10, 9, 11, 12], "rotation": 270, "texture": "#0"}
			}
		}
	],
	"display": {
		"thirdperson_righthand": {
			"translation": [0, 14.5, 0]
		},
		"head": {
			"translation": [7, -8.5, 1.5],
			"scale": [4, 4, 4]
		}
	},
	"groups": [
		{
			"name": "group",
			"origin": [0, 0, 0],
			"color": 0,
			"children": [0, 1, 2, 3, 4, 5, 6, 7]
		},
		{
			"name": "group",
			"origin": [0, 0, 0],
			"color": 0,
			"children": [8, 9, 10, 11]
		},
		{
			"name": "group",
			"origin": [0, 0, 0],
			"color": 0,
			"children": [12, 13, 14, 15, 16]
		}
	]
}