{
	"credit": "Made with Blockbench",
	"textures": {
		"0": "custom/golden_cannonball",
		"1": "custom/golden_cannonball_gui",
		"particle": "custom/golden_cannonball"
	},
	"elements": [
		{
			"from": [10, 2, 3],
			"to": [12, 3, 4],
			"faces": {
				"north": {"uv": [4, 13, 6, 14], "texture": "#0"},
				"east": {"uv": [4, 13, 5, 14], "texture": "#0"},
				"south": {"uv": [4, 13, 6, 14], "texture": "#0"},
				"west": {"uv": [4, 13, 5, 14], "texture": "#0"},
				"up": {"uv": [4, 13, 6, 14], "texture": "#0"},
				"down": {"uv": [4, 13, 6, 14], "texture": "#0"}
			}
		},
		{
			"from": [4, 2, 3],
			"to": [6, 3, 4],
			"faces": {
				"north": {"uv": [10, 13, 12, 14], "texture": "#0"},
				"east": {"uv": [10, 13, 11, 14], "texture": "#0"},
				"south": {"uv": [10, 13, 12, 14], "texture": "#0"},
				"west": {"uv": [10, 13, 11, 14], "texture": "#0"},
				"up": {"uv": [10, 13, 12, 14], "texture": "#0"},
				"down": {"uv": [10, 13, 12, 14], "texture": "#0"}
			}
		},
		{
			"from": [3, 3, 3],
			"to": [4, 4, 4],
			"faces": {
				"north": {"uv": [12, 12, 13, 13], "texture": "#0"},
				"east": {"uv": [12, 12, 13, 13], "texture": "#0"},
				"south": {"uv": [12, 12, 13, 13], "texture": "#0"},
				"west": {"uv": [12, 12, 13, 13], "texture": "#0"},
				"up": {"uv": [12, 12, 13, 13], "texture": "#0"},
				"down": {"uv": [12, 12, 13, 13], "texture": "#0"}
			}
		},
		{
			"from": [3, 12, 3],
			"to": [4, 13, 4],
			"faces": {
				"north": {"uv": [12, 3, 13, 4], "texture": "#0"},
				"east": {"uv": [12, 3, 13, 4], "texture": "#0"},
				"south": {"uv": [12, 3, 13, 4], "texture": "#0"},
				"west": {"uv": [12, 3, 13, 4], "texture": "#0"},
				"up": {"uv": [12, 3, 13, 4], "texture": "#0"},
				"down": {"uv": [12, 3, 13, 4], "texture": "#0"}
			}
		},
		{
			"from": [12, 3, 3],
			"to": [13, 4, 4],
			"faces": {
				"north": {"uv": [3, 12, 4, 13], "texture": "#0"},
				"east": {"uv": [3, 12, 4, 13], "texture": "#0"},
				"south": {"uv": [3, 12, 4, 13], "texture": "#0"},
				"west": {"uv": [3, 12, 4, 13], "texture": "#0"},
				"up": {"uv": [3, 12, 4, 13], "texture": "#0"},
				"down": {"uv": [3, 12, 4, 13], "texture": "#0"}
			}
		},
		{
			"from": [12, 12, 3],
			"to": [13, 13, 4],
			"faces": {
				"north": {"uv": [3, 3, 4, 4], "texture": "#0"},
				"east": {"uv": [3, 3, 4, 4], "texture": "#0"},
				"south": {"uv": [3, 3, 4, 4], "texture": "#0"},
				"west": {"uv": [3, 3, 4, 4], "texture": "#0"},
				"up": {"uv": [3, 3, 4, 4], "texture": "#0"},
				"down": {"uv": [3, 3, 4, 4], "texture": "#0"}
			}
		},
		{
			"from": [6, 2, 2],
			"to": [10, 3, 3],
			"faces": {
				"north": {"uv": [6, 13, 10, 14], "texture": "#0"},
				"east": {"uv": [6, 13, 7, 14], "texture": "#0"},
				"south": {"uv": [6, 13, 10, 14], "texture": "#0"},
				"west": {"uv": [6, 13, 7, 14], "texture": "#0"},
				"down": {"uv": [6, 13, 10, 14], "texture": "#0"}
			}
		},
		{
			"from": [4, 3, 2],
			"to": [12, 4, 3],
			"faces": {
				"north": {"uv": [4, 12, 12, 13], "texture": "#0"},
				"east": {"uv": [4, 12, 5, 13], "texture": "#0"},
				"south": {"uv": [4, 12, 12, 13], "texture": "#0"},
				"west": {"uv": [4, 12, 5, 13], "texture": "#0"},
				"up": {"uv": [4, 12, 12, 13], "texture": "#0"},
				"down": {"uv": [4, 12, 12, 13], "texture": "#0"}
			}
		},
		{
			"from": [4, 4, 1],
			"to": [12, 12, 2],
			"faces": {
				"north": {"uv": [4, 4, 12, 12], "texture": "#0"},
				"east": {"uv": [4, 4, 5, 12], "texture": "#0"},
				"south": {"uv": [4, 4, 12, 12], "texture": "#0"},
				"west": {"uv": [11, 4, 12, 12], "texture": "#0"},
				"up": {"uv": [4, 4, 12, 5], "texture": "#0"},
				"down": {"uv": [4, 11, 12, 12], "texture": "#0"}
			}
		},
		{
			"from": [4, 12, 2],
			"to": [12, 13, 3],
			"faces": {
				"north": {"uv": [4, 3, 12, 4], "texture": "#0"},
				"east": {"uv": [4, 3, 5, 4], "texture": "#0"},
				"south": {"uv": [4, 3, 12, 4], "texture": "#0"},
				"west": {"uv": [4, 3, 5, 4], "texture": "#0"},
				"up": {"uv": [4, 3, 12, 4], "texture": "#0"},
				"down": {"uv": [4, 3, 12, 4], "texture": "#0"}
			}
		},
		{
			"from": [2, 6, 2],
			"to": [3, 10, 3],
			"faces": {
				"north": {"uv": [13, 6, 14, 10], "texture": "#0"},
				"south": {"uv": [13, 6, 14, 10], "texture": "#0"},
				"west": {"uv": [13, 6, 14, 10], "texture": "#0"},
				"up": {"uv": [13, 6, 14, 7], "texture": "#0"},
				"down": {"uv": [13, 6, 14, 7], "texture": "#0"}
			}
		},
		{
			"from": [3, 4, 2],
			"to": [4, 12, 3],
			"faces": {
				"north": {"uv": [12, 4, 13, 12], "texture": "#0"},
				"east": {"uv": [12, 4, 13, 12], "texture": "#0"},
				"south": {"uv": [12, 4, 13, 12], "texture": "#0"},
				"west": {"uv": [12, 4, 13, 12], "texture": "#0"},
				"up": {"uv": [12, 4, 13, 5], "texture": "#0"},
				"down": {"uv": [12, 4, 13, 5], "texture": "#0"}
			}
		},
		{
			"from": [12, 4, 2],
			"to": [13, 12, 3],
			"faces": {
				"north": {"uv": [3, 4, 4, 12], "texture": "#0"},
				"east": {"uv": [3, 4, 4, 12], "texture": "#0"},
				"south": {"uv": [3, 4, 4, 12], "texture": "#0"},
				"west": {"uv": [3, 4, 4, 12], "texture": "#0"},
				"up": {"uv": [3, 4, 4, 5], "texture": "#0"},
				"down": {"uv": [3, 4, 4, 5], "texture": "#0"}
			}
		},
		{
			"from": [13, 6, 2],
			"to": [14, 10, 3],
			"faces": {
				"north": {"uv": [2, 6, 3, 10], "texture": "#0"},
				"east": {"uv": [2, 6, 3, 10], "texture": "#0"},
				"south": {"uv": [2, 6, 3, 10], "texture": "#0"},
				"up": {"uv": [2, 6, 3, 7], "texture": "#0"},
				"down": {"uv": [2, 6, 3, 7], "texture": "#0"}
			}
		},
		{
			"name": "ICON",
			"from": [0, 0, 8],
			"to": [16, 16, 8],
			"faces": {
				"north": {"uv": [0, 0, 16, 16], "texture": "#1"}
			}
		},
		{
			"from": [2, 2, 5],
			"to": [3, 3, 7],
			"faces": {
				"north": {"uv": [4, 13, 5, 14], "texture": "#0"},
				"east": {"uv": [4, 13, 6, 14], "texture": "#0"},
				"south": {"uv": [4, 13, 5, 14], "texture": "#0"},
				"west": {"uv": [4, 13, 6, 14], "texture": "#0"},
				"up": {"uv": [4, 13, 6, 14], "rotation": 270, "texture": "#0"},
				"down": {"uv": [4, 13, 6, 14], "rotation": 90, "texture": "#0"}
			}
		},
		{
			"from": [2, 2, 11],
			"to": [3, 3, 13],
			"faces": {
				"north": {"uv": [10, 13, 11, 14], "texture": "#0"},
				"east": {"uv": [10, 13, 12, 14], "texture": "#0"},
				"south": {"uv": [10, 13, 11, 14], "texture": "#0"},
				"west": {"uv": [10, 13, 12, 14], "texture": "#0"},
				"up": {"uv": [10, 13, 12, 14], "rotation": 270, "texture": "#0"},
				"down": {"uv": [10, 13, 12, 14], "rotation": 90, "texture": "#0"}
			}
		},
		{
			"from": [2, 3, 13],
			"to": [3, 4, 14],
			"faces": {
				"north": {"uv": [12, 12, 13, 13], "texture": "#0"},
				"east": {"uv": [12, 12, 13, 13], "texture": "#0"},
				"south": {"uv": [3, 12, 4, 13], "texture": "#0"},
				"west": {"uv": [12, 12, 13, 13], "texture": "#0"},
				"up": {"uv": [12, 12, 13, 13], "rotation": 270, "texture": "#0"},
				"down": {"uv": [12, 12, 13, 13], "rotation": 90, "texture": "#0"}
			}
		},
		{
			"from": [2, 4, 14],
			"to": [3, 6, 15],
			"faces": {
				"north": {"uv": [13, 10, 14, 12], "texture": "#0"},
				"east": {"uv": [13, 10, 14, 12], "texture": "#0"},
				"south": {"uv": [2, 10, 3, 12], "texture": "#0"},
				"west": {"uv": [13, 10, 14, 12], "texture": "#0"},
				"up": {"uv": [13, 10, 14, 11], "rotation": 270, "texture": "#0"},
				"down": {"uv": [13, 10, 14, 11], "rotation": 90, "texture": "#0"}
			}
		},
		{
			"from": [2, 10, 14],
			"to": [3, 12, 15],
			"faces": {
				"north": {"uv": [13, 4, 14, 6], "texture": "#0"},
				"east": {"uv": [13, 4, 14, 6], "texture": "#0"},
				"south": {"uv": [2, 4, 3, 6], "texture": "#0"},
				"west": {"uv": [13, 4, 14, 6], "texture": "#0"},
				"up": {"uv": [13, 4, 14, 5], "rotation": 270, "texture": "#0"},
				"down": {"uv": [13, 4, 14, 5], "rotation": 90, "texture": "#0"}
			}
		},
		{
			"from": [2, 12, 13],
			"to": [3, 13, 14],
			"faces": {
				"north": {"uv": [12, 3, 13, 4], "texture": "#0"},
				"east": {"uv": [12, 3, 13, 4], "texture": "#0"},
				"south": {"uv": [12, 3, 13, 4], "texture": "#0"},
				"west": {"uv": [12, 3, 13, 4], "texture": "#0"},
				"up": {"uv": [12, 3, 13, 4], "rotation": 270, "texture": "#0"},
				"down": {"uv": [12, 3, 13, 4], "rotation": 90, "texture": "#0"}
			}
		},
		{
			"from": [2, 3, 4],
			"to": [3, 4, 5],
			"faces": {
				"north": {"uv": [3, 12, 4, 13], "texture": "#0"},
				"east": {"uv": [3, 12, 4, 13], "texture": "#0"},
				"south": {"uv": [3, 12, 4, 13], "texture": "#0"},
				"west": {"uv": [3, 12, 4, 13], "texture": "#0"},
				"up": {"uv": [3, 12, 4, 13], "rotation": 270, "texture": "#0"},
				"down": {"uv": [3, 12, 4, 13], "rotation": 90, "texture": "#0"}
			}
		},
		{
			"from": [2, 4, 3],
			"to": [3, 6, 4],
			"faces": {
				"north": {"uv": [2, 10, 3, 12], "texture": "#0"},
				"east": {"uv": [2, 10, 3, 12], "texture": "#0"},
				"south": {"uv": [2, 10, 3, 12], "texture": "#0"},
				"west": {"uv": [2, 10, 3, 12], "texture": "#0"},
				"up": {"uv": [2, 10, 3, 11], "rotation": 270, "texture": "#0"},
				"down": {"uv": [2, 10, 3, 11], "rotation": 90, "texture": "#0"}
			}
		},
		{
			"from": [2, 12, 4],
			"to": [3, 13, 5],
			"faces": {
				"north": {"uv": [3, 3, 4, 4], "texture": "#0"},
				"east": {"uv": [3, 3, 4, 4], "texture": "#0"},
				"south": {"uv": [3, 3, 4, 4], "texture": "#0"},
				"west": {"uv": [3, 3, 4, 4], "texture": "#0"},
				"up": {"uv": [3, 3, 4, 4], "rotation": 270, "texture": "#0"},
				"down": {"uv": [3, 3, 4, 4], "rotation": 90, "texture": "#0"}
			}
		},
		{
			"from": [2, 10, 3],
			"to": [3, 12, 4],
			"faces": {
				"north": {"uv": [2, 4, 3, 6], "texture": "#0"},
				"east": {"uv": [2, 4, 3, 6], "texture": "#0"},
				"south": {"uv": [2, 4, 3, 6], "texture": "#0"},
				"west": {"uv": [2, 4, 3, 6], "texture": "#0"},
				"up": {"uv": [2, 4, 3, 5], "rotation": 270, "texture": "#0"},
				"down": {"uv": [2, 4, 3, 5], "rotation": 90, "texture": "#0"}
			}
		},
		{
			"from": [1, 2, 7],
			"to": [2, 3, 11],
			"faces": {
				"north": {"uv": [6, 13, 7, 14], "texture": "#0"},
				"east": {"uv": [6, 13, 10, 14], "texture": "#0"},
				"south": {"uv": [6, 13, 7, 14], "texture": "#0"},
				"west": {"uv": [6, 13, 10, 14], "texture": "#0"},
				"down": {"uv": [6, 13, 10, 14], "rotation": 90, "texture": "#0"}
			}
		},
		{
			"from": [1, 3, 5],
			"to": [2, 4, 13],
			"faces": {
				"north": {"uv": [4, 12, 5, 13], "texture": "#0"},
				"east": {"uv": [4, 12, 12, 13], "texture": "#0"},
				"south": {"uv": [4, 12, 5, 13], "texture": "#0"},
				"west": {"uv": [4, 12, 12, 13], "texture": "#0"},
				"up": {"uv": [4, 12, 12, 13], "rotation": 270, "texture": "#0"},
				"down": {"uv": [4, 12, 12, 13], "rotation": 90, "texture": "#0"}
			}
		},
		{
			"from": [0, 4, 5],
			"to": [1, 12, 13],
			"faces": {
				"north": {"uv": [4, 4, 5, 12], "texture": "#0"},
				"east": {"uv": [4, 4, 12, 12], "texture": "#0"},
				"south": {"uv": [11, 4, 12, 12], "texture": "#0"},
				"west": {"uv": [4, 4, 12, 12], "texture": "#0"},
				"up": {"uv": [4, 4, 12, 5], "rotation": 90, "texture": "#0"},
				"down": {"uv": [4, 11, 12, 12], "rotation": 90, "texture": "#0"}
			}
		},
		{
			"from": [1, 12, 5],
			"to": [2, 13, 13],
			"faces": {
				"north": {"uv": [4, 3, 5, 4], "texture": "#0"},
				"east": {"uv": [4, 3, 12, 4], "texture": "#0"},
				"south": {"uv": [4, 3, 5, 4], "texture": "#0"},
				"west": {"uv": [4, 3, 12, 4], "texture": "#0"},
				"up": {"uv": [4, 3, 12, 4], "rotation": 270, "texture": "#0"},
				"down": {"uv": [4, 3, 12, 4], "rotation": 90, "texture": "#0"}
			}
		},
		{
			"from": [1, 6, 14],
			"to": [2, 10, 15],
			"faces": {
				"east": {"uv": [13, 6, 14, 10], "texture": "#0"},
				"south": {"uv": [1, 6, 2, 10], "texture": "#0"},
				"west": {"uv": [13, 6, 14, 10], "texture": "#0"},
				"up": {"uv": [13, 6, 14, 7], "rotation": 270, "texture": "#0"},
				"down": {"uv": [13, 6, 14, 7], "rotation": 90, "texture": "#0"}
			}
		},
		{
			"from": [1, 4, 13],
			"to": [2, 12, 14],
			"faces": {
				"north": {"uv": [12, 4, 13, 12], "texture": "#0"},
				"east": {"uv": [12, 4, 13, 12], "texture": "#0"},
				"south": {"uv": [12, 4, 13, 12], "texture": "#0"},
				"west": {"uv": [12, 4, 13, 12], "texture": "#0"},
				"up": {"uv": [12, 4, 13, 5], "rotation": 270, "texture": "#0"},
				"down": {"uv": [12, 4, 13, 5], "rotation": 90, "texture": "#0"}
			}
		},
		{
			"from": [1, 4, 4],
			"to": [2, 12, 5],
			"faces": {
				"north": {"uv": [3, 4, 4, 12], "texture": "#0"},
				"east": {"uv": [3, 4, 4, 12], "texture": "#0"},
				"south": {"uv": [3, 4, 4, 12], "texture": "#0"},
				"west": {"uv": [3, 4, 4, 12], "texture": "#0"},
				"up": {"uv": [3, 4, 4, 5], "rotation": 270, "texture": "#0"},
				"down": {"uv": [3, 4, 4, 5], "rotation": 90, "texture": "#0"}
			}
		},
		{
			"from": [1, 6, 3],
			"to": [2, 10, 4],
			"faces": {
				"north": {"uv": [2, 6, 3, 10], "texture": "#0"},
				"east": {"uv": [2, 6, 3, 10], "texture": "#0"},
				"west": {"uv": [2, 6, 3, 10], "texture": "#0"},
				"up": {"uv": [2, 6, 3, 7], "rotation": 270, "texture": "#0"},
				"down": {"uv": [2, 6, 3, 7], "rotation": 90, "texture": "#0"}
			}
		},
		{
			"from": [12, 3, 14],
			"to": [13, 4, 15],
			"faces": {
				"north": {"uv": [12, 12, 13, 13], "texture": "#0"},
				"east": {"uv": [12, 12, 13, 13], "texture": "#0"},
				"south": {"uv": [12, 12, 13, 13], "texture": "#0"},
				"west": {"uv": [12, 12, 13, 13], "texture": "#0"},
				"up": {"uv": [12, 12, 13, 13], "rotation": 180, "texture": "#0"},
				"down": {"uv": [12, 12, 13, 13], "rotation": 180, "texture": "#0"}
			}
		},
		{
			"from": [12, 12, 14],
			"to": [13, 13, 15],
			"faces": {
				"north": {"uv": [12, 3, 13, 4], "texture": "#0"},
				"east": {"uv": [12, 3, 13, 4], "texture": "#0"},
				"south": {"uv": [12, 3, 13, 4], "texture": "#0"},
				"west": {"uv": [12, 3, 13, 4], "texture": "#0"},
				"up": {"uv": [12, 3, 13, 4], "rotation": 180, "texture": "#0"},
				"down": {"uv": [12, 3, 13, 4], "rotation": 180, "texture": "#0"}
			}
		},
		{
			"from": [3, 3, 14],
			"to": [4, 4, 15],
			"faces": {
				"north": {"uv": [3, 12, 4, 13], "texture": "#0"},
				"east": {"uv": [3, 12, 4, 13], "texture": "#0"},
				"south": {"uv": [3, 12, 4, 13], "texture": "#0"},
				"west": {"uv": [3, 12, 4, 13], "texture": "#0"},
				"up": {"uv": [3, 12, 4, 13], "rotation": 180, "texture": "#0"},
				"down": {"uv": [3, 12, 4, 13], "rotation": 180, "texture": "#0"}
			}
		},
		{
			"from": [3, 12, 14],
			"to": [4, 13, 15],
			"faces": {
				"north": {"uv": [3, 3, 4, 4], "texture": "#0"},
				"east": {"uv": [3, 3, 4, 4], "texture": "#0"},
				"south": {"uv": [3, 3, 4, 4], "texture": "#0"},
				"west": {"uv": [3, 3, 4, 4], "texture": "#0"},
				"up": {"uv": [3, 3, 4, 4], "rotation": 180, "texture": "#0"},
				"down": {"uv": [3, 3, 4, 4], "rotation": 180, "texture": "#0"}
			}
		},
		{
			"from": [4, 3, 15],
			"to": [12, 4, 16],
			"faces": {
				"north": {"uv": [4, 12, 12, 13], "texture": "#0"},
				"east": {"uv": [4, 12, 5, 13], "texture": "#0"},
				"south": {"uv": [4, 12, 12, 13], "texture": "#0"},
				"west": {"uv": [4, 12, 5, 13], "texture": "#0"},
				"up": {"uv": [4, 12, 12, 13], "rotation": 180, "texture": "#0"},
				"down": {"uv": [4, 12, 12, 13], "rotation": 180, "texture": "#0"}
			}
		},
		{
			"from": [4, 4, 16],
			"to": [12, 12, 17],
			"faces": {
				"north": {"uv": [4, 4, 12, 12], "texture": "#0"},
				"east": {"uv": [11, 4, 12, 12], "texture": "#0"},
				"south": {"uv": [4, 4, 12, 12], "texture": "#0"},
				"west": {"uv": [4, 4, 5, 12], "texture": "#0"},
				"up": {"uv": [4, 4, 12, 5], "texture": "#0"},
				"down": {"uv": [4, 11, 12, 12], "texture": "#0"}
			}
		},
		{
			"from": [4, 12, 15],
			"to": [12, 13, 16],
			"faces": {
				"north": {"uv": [4, 3, 12, 4], "texture": "#0"},
				"east": {"uv": [4, 3, 5, 4], "texture": "#0"},
				"south": {"uv": [4, 3, 12, 4], "texture": "#0"},
				"west": {"uv": [4, 3, 5, 4], "texture": "#0"},
				"up": {"uv": [4, 3, 12, 4], "rotation": 180, "texture": "#0"},
				"down": {"uv": [4, 3, 12, 4], "rotation": 180, "texture": "#0"}
			}
		},
		{
			"from": [13, 6, 15],
			"to": [14, 10, 16],
			"faces": {
				"north": {"uv": [13, 6, 14, 10], "texture": "#0"},
				"east": {"uv": [1, 6, 2, 10], "texture": "#0"},
				"south": {"uv": [13, 6, 14, 10], "texture": "#0"},
				"up": {"uv": [13, 6, 14, 7], "rotation": 180, "texture": "#0"},
				"down": {"uv": [13, 6, 14, 7], "rotation": 180, "texture": "#0"}
			}
		},
		{
			"from": [12, 4, 15],
			"to": [13, 12, 16],
			"faces": {
				"north": {"uv": [12, 4, 13, 12], "texture": "#0"},
				"east": {"uv": [3, 4, 4, 12], "texture": "#0"},
				"south": {"uv": [12, 4, 13, 12], "texture": "#0"},
				"west": {"uv": [12, 4, 13, 12], "texture": "#0"},
				"up": {"uv": [12, 4, 13, 5], "rotation": 180, "texture": "#0"},
				"down": {"uv": [12, 4, 13, 5], "rotation": 180, "texture": "#0"}
			}
		},
		{
			"from": [3, 4, 15],
			"to": [4, 12, 16],
			"faces": {
				"north": {"uv": [3, 4, 4, 12], "texture": "#0"},
				"east": {"uv": [3, 4, 4, 12], "texture": "#0"},
				"south": {"uv": [3, 4, 4, 12], "texture": "#0"},
				"west": {"uv": [3, 4, 4, 12], "texture": "#0"},
				"up": {"uv": [3, 4, 4, 5], "rotation": 180, "texture": "#0"},
				"down": {"uv": [3, 4, 4, 5], "rotation": 180, "texture": "#0"}
			}
		},
		{
			"from": [2, 6, 15],
			"to": [3, 10, 16],
			"faces": {
				"north": {"uv": [2, 6, 3, 10], "texture": "#0"},
				"south": {"uv": [3, 6, 4, 10], "texture": "#0"},
				"west": {"uv": [2, 6, 3, 10], "texture": "#0"},
				"up": {"uv": [2, 6, 3, 7], "rotation": 180, "texture": "#0"},
				"down": {"uv": [2, 6, 3, 7], "rotation": 180, "texture": "#0"}
			}
		},
		{
			"from": [13, 2, 11],
			"to": [14, 3, 13],
			"faces": {
				"north": {"uv": [4, 13, 5, 14], "texture": "#0"},
				"east": {"uv": [4, 13, 6, 14], "texture": "#0"},
				"south": {"uv": [4, 13, 5, 14], "texture": "#0"},
				"west": {"uv": [4, 13, 6, 14], "texture": "#0"},
				"up": {"uv": [4, 13, 6, 14], "rotation": 90, "texture": "#0"},
				"down": {"uv": [4, 13, 6, 14], "rotation": 270, "texture": "#0"}
			}
		},
		{
			"from": [13, 2, 5],
			"to": [14, 3, 7],
			"faces": {
				"north": {"uv": [10, 13, 11, 14], "texture": "#0"},
				"east": {"uv": [10, 13, 12, 14], "texture": "#0"},
				"south": {"uv": [10, 13, 11, 14], "texture": "#0"},
				"west": {"uv": [10, 13, 12, 14], "texture": "#0"},
				"up": {"uv": [10, 13, 12, 14], "rotation": 90, "texture": "#0"},
				"down": {"uv": [10, 13, 12, 14], "rotation": 270, "texture": "#0"}
			}
		},
		{
			"from": [13, 3, 4],
			"to": [14, 4, 5],
			"faces": {
				"north": {"uv": [12, 12, 13, 13], "texture": "#0"},
				"east": {"uv": [12, 12, 13, 13], "texture": "#0"},
				"south": {"uv": [12, 12, 13, 13], "texture": "#0"},
				"west": {"uv": [12, 12, 13, 13], "texture": "#0"},
				"up": {"uv": [12, 12, 13, 13], "rotation": 90, "texture": "#0"},
				"down": {"uv": [12, 12, 13, 13], "rotation": 270, "texture": "#0"}
			}
		},
		{
			"from": [13, 4, 3],
			"to": [14, 6, 4],
			"faces": {
				"north": {"uv": [3, 10, 4, 12], "texture": "#0"},
				"east": {"uv": [13, 10, 14, 12], "texture": "#0"},
				"south": {"uv": [13, 10, 14, 12], "texture": "#0"},
				"west": {"uv": [13, 10, 14, 12], "texture": "#0"},
				"up": {"uv": [13, 10, 14, 11], "rotation": 90, "texture": "#0"},
				"down": {"uv": [13, 10, 14, 11], "rotation": 270, "texture": "#0"}
			}
		},
		{
			"from": [13, 10, 3],
			"to": [14, 12, 4],
			"faces": {
				"north": {"uv": [13, 4, 14, 6], "texture": "#0"},
				"east": {"uv": [13, 4, 14, 6], "texture": "#0"},
				"south": {"uv": [13, 4, 14, 6], "texture": "#0"},
				"west": {"uv": [13, 4, 14, 6], "texture": "#0"},
				"up": {"uv": [13, 4, 14, 5], "rotation": 90, "texture": "#0"},
				"down": {"uv": [13, 4, 14, 5], "rotation": 270, "texture": "#0"}
			}
		},
		{
			"from": [13, 12, 4],
			"to": [14, 13, 5],
			"faces": {
				"north": {"uv": [12, 3, 13, 4], "texture": "#0"},
				"east": {"uv": [12, 3, 13, 4], "texture": "#0"},
				"south": {"uv": [12, 3, 13, 4], "texture": "#0"},
				"west": {"uv": [12, 3, 13, 4], "texture": "#0"},
				"up": {"uv": [12, 3, 13, 4], "rotation": 90, "texture": "#0"},
				"down": {"uv": [12, 3, 13, 4], "rotation": 270, "texture": "#0"}
			}
		},
		{
			"from": [13, 3, 13],
			"to": [14, 4, 14],
			"faces": {
				"north": {"uv": [3, 12, 4, 13], "texture": "#0"},
				"east": {"uv": [3, 12, 4, 13], "texture": "#0"},
				"south": {"uv": [3, 12, 4, 13], "texture": "#0"},
				"west": {"uv": [3, 12, 4, 13], "texture": "#0"},
				"up": {"uv": [3, 12, 4, 13], "rotation": 90, "texture": "#0"},
				"down": {"uv": [3, 12, 4, 13], "rotation": 270, "texture": "#0"}
			}
		},
		{
			"from": [13, 4, 14],
			"to": [14, 6, 15],
			"faces": {
				"north": {"uv": [2, 10, 3, 12], "texture": "#0"},
				"east": {"uv": [2, 10, 3, 12], "texture": "#0"},
				"south": {"uv": [2, 10, 3, 12], "texture": "#0"},
				"west": {"uv": [2, 10, 3, 12], "texture": "#0"},
				"up": {"uv": [2, 10, 3, 11], "rotation": 90, "texture": "#0"},
				"down": {"uv": [2, 10, 3, 11], "rotation": 270, "texture": "#0"}
			}
		},
		{
			"from": [13, 12, 13],
			"to": [14, 13, 14],
			"faces": {
				"north": {"uv": [3, 3, 4, 4], "texture": "#0"},
				"east": {"uv": [3, 3, 4, 4], "texture": "#0"},
				"south": {"uv": [3, 3, 4, 4], "texture": "#0"},
				"west": {"uv": [3, 3, 4, 4], "texture": "#0"},
				"up": {"uv": [3, 3, 4, 4], "rotation": 90, "texture": "#0"},
				"down": {"uv": [3, 3, 4, 4], "rotation": 270, "texture": "#0"}
			}
		},
		{
			"from": [13, 10, 14],
			"to": [14, 12, 15],
			"faces": {
				"north": {"uv": [2, 4, 3, 6], "texture": "#0"},
				"east": {"uv": [2, 4, 3, 6], "texture": "#0"},
				"south": {"uv": [2, 4, 3, 6], "texture": "#0"},
				"west": {"uv": [2, 4, 3, 6], "texture": "#0"},
				"up": {"uv": [2, 4, 3, 5], "rotation": 90, "texture": "#0"},
				"down": {"uv": [2, 4, 3, 5], "rotation": 270, "texture": "#0"}
			}
		},
		{
			"from": [14, 2, 7],
			"to": [15, 3, 11],
			"faces": {
				"north": {"uv": [6, 13, 7, 14], "texture": "#0"},
				"east": {"uv": [6, 13, 10, 14], "texture": "#0"},
				"south": {"uv": [6, 13, 7, 14], "texture": "#0"},
				"west": {"uv": [6, 13, 10, 14], "texture": "#0"},
				"down": {"uv": [6, 13, 10, 14], "rotation": 270, "texture": "#0"}
			}
		},
		{
			"from": [14, 3, 5],
			"to": [15, 4, 13],
			"faces": {
				"north": {"uv": [4, 12, 5, 13], "texture": "#0"},
				"east": {"uv": [4, 12, 12, 13], "texture": "#0"},
				"south": {"uv": [4, 12, 5, 13], "texture": "#0"},
				"west": {"uv": [4, 12, 12, 13], "texture": "#0"},
				"up": {"uv": [4, 12, 12, 13], "rotation": 90, "texture": "#0"},
				"down": {"uv": [4, 12, 12, 13], "rotation": 270, "texture": "#0"}
			}
		},
		{
			"from": [15, 4, 5],
			"to": [16, 12, 13],
			"faces": {
				"north": {"uv": [11, 4, 12, 12], "texture": "#0"},
				"east": {"uv": [4, 4, 12, 12], "texture": "#0"},
				"south": {"uv": [4, 4, 5, 12], "texture": "#0"},
				"west": {"uv": [4, 4, 12, 12], "texture": "#0"},
				"up": {"uv": [4, 4, 12, 5], "rotation": 90, "texture": "#0"},
				"down": {"uv": [4, 11, 12, 12], "rotation": 90, "texture": "#0"}
			}
		},
		{
			"from": [14, 12, 5],
			"to": [15, 13, 13],
			"faces": {
				"north": {"uv": [4, 3, 5, 4], "texture": "#0"},
				"east": {"uv": [4, 3, 12, 4], "texture": "#0"},
				"south": {"uv": [4, 3, 5, 4], "texture": "#0"},
				"west": {"uv": [4, 3, 12, 4], "texture": "#0"},
				"up": {"uv": [4, 3, 12, 4], "rotation": 90, "texture": "#0"},
				"down": {"uv": [4, 3, 12, 4], "rotation": 270, "texture": "#0"}
			}
		},
		{
			"from": [14, 13, 7],
			"to": [15, 14, 11],
			"faces": {
				"north": {"uv": [6, 2, 7, 3], "texture": "#0"},
				"east": {"uv": [6, 2, 10, 3], "texture": "#0"},
				"south": {"uv": [6, 2, 7, 3], "texture": "#0"},
				"west": {"uv": [6, 2, 10, 3], "texture": "#0"},
				"up": {"uv": [6, 2, 10, 3], "rotation": 90, "texture": "#0"}
			}
		},
		{
			"from": [14, 6, 3],
			"to": [15, 10, 4],
			"faces": {
				"north": {"uv": [13, 6, 14, 10], "texture": "#0"},
				"east": {"uv": [13, 6, 14, 10], "texture": "#0"},
				"west": {"uv": [13, 6, 14, 10], "texture": "#0"},
				"up": {"uv": [13, 6, 14, 7], "rotation": 90, "texture": "#0"},
				"down": {"uv": [13, 6, 14, 7], "rotation": 270, "texture": "#0"}
			}
		},
		{
			"from": [14, 4, 4],
			"to": [15, 12, 5],
			"faces": {
				"north": {"uv": [12, 4, 13, 12], "texture": "#0"},
				"east": {"uv": [12, 4, 13, 12], "texture": "#0"},
				"south": {"uv": [12, 4, 13, 12], "texture": "#0"},
				"west": {"uv": [12, 4, 13, 12], "texture": "#0"},
				"up": {"uv": [12, 4, 13, 5], "rotation": 90, "texture": "#0"},
				"down": {"uv": [12, 4, 13, 5], "rotation": 270, "texture": "#0"}
			}
		},
		{
			"from": [14, 4, 13],
			"to": [15, 12, 14],
			"faces": {
				"north": {"uv": [3, 4, 4, 12], "texture": "#0"},
				"east": {"uv": [3, 4, 4, 12], "texture": "#0"},
				"south": {"uv": [3, 4, 4, 12], "texture": "#0"},
				"west": {"uv": [3, 4, 4, 12], "texture": "#0"},
				"up": {"uv": [3, 4, 4, 5], "rotation": 90, "texture": "#0"},
				"down": {"uv": [3, 4, 4, 5], "rotation": 270, "texture": "#0"}
			}
		},
		{
			"from": [14, 6, 14],
			"to": [15, 10, 15],
			"faces": {
				"east": {"uv": [2, 6, 3, 10], "texture": "#0"},
				"south": {"uv": [2, 6, 3, 10], "texture": "#0"},
				"west": {"uv": [2, 6, 3, 10], "texture": "#0"},
				"up": {"uv": [2, 6, 3, 7], "rotation": 90, "texture": "#0"},
				"down": {"uv": [2, 6, 3, 7], "rotation": 270, "texture": "#0"}
			}
		},
		{
			"from": [6, 13, 2],
			"to": [10, 14, 3],
			"faces": {
				"north": {"uv": [6, 2, 10, 3], "rotation": 180, "texture": "#0"},
				"east": {"uv": [6, 2, 7, 3], "rotation": 270, "texture": "#0"},
				"south": {"uv": [6, 2, 10, 3], "texture": "#0"},
				"west": {"uv": [6, 2, 7, 3], "rotation": 90, "texture": "#0"},
				"up": {"uv": [6, 2, 10, 3], "rotation": 180, "texture": "#0"}
			}
		},
		{
			"from": [10, 13, 3],
			"to": [12, 14, 4],
			"faces": {
				"north": {"uv": [4, 13, 6, 14], "rotation": 180, "texture": "#0"},
				"east": {"uv": [4, 13, 5, 14], "rotation": 270, "texture": "#0"},
				"south": {"uv": [4, 13, 6, 14], "texture": "#0"},
				"west": {"uv": [4, 13, 5, 14], "rotation": 90, "texture": "#0"},
				"up": {"uv": [4, 13, 6, 14], "rotation": 180, "texture": "#0"},
				"down": {"uv": [4, 13, 6, 14], "texture": "#0"}
			}
		},
		{
			"from": [4, 13, 3],
			"to": [6, 14, 4],
			"faces": {
				"north": {"uv": [10, 13, 12, 14], "rotation": 180, "texture": "#0"},
				"east": {"uv": [10, 13, 11, 14], "rotation": 270, "texture": "#0"},
				"south": {"uv": [10, 13, 12, 14], "texture": "#0"},
				"west": {"uv": [10, 13, 11, 14], "rotation": 90, "texture": "#0"},
				"up": {"uv": [10, 13, 12, 14], "rotation": 180, "texture": "#0"},
				"down": {"uv": [10, 13, 12, 14], "texture": "#0"}
			}
		},
		{
			"from": [3, 13, 4],
			"to": [4, 14, 5],
			"faces": {
				"north": {"uv": [12, 12, 13, 13], "rotation": 180, "texture": "#0"},
				"east": {"uv": [12, 12, 13, 13], "rotation": 270, "texture": "#0"},
				"south": {"uv": [12, 12, 13, 13], "texture": "#0"},
				"west": {"uv": [12, 12, 13, 13], "rotation": 90, "texture": "#0"},
				"up": {"uv": [12, 12, 13, 13], "rotation": 180, "texture": "#0"},
				"down": {"uv": [12, 12, 13, 13], "texture": "#0"}
			}
		},
		{
			"from": [2, 13, 5],
			"to": [3, 14, 7],
			"faces": {
				"north": {"uv": [13, 10, 14, 11], "rotation": 180, "texture": "#0"},
				"east": {"uv": [13, 10, 14, 12], "rotation": 270, "texture": "#0"},
				"south": {"uv": [13, 10, 14, 11], "texture": "#0"},
				"west": {"uv": [13, 10, 14, 12], "rotation": 90, "texture": "#0"},
				"up": {"uv": [13, 10, 14, 12], "rotation": 180, "texture": "#0"},
				"down": {"uv": [13, 10, 14, 12], "texture": "#0"}
			}
		},
		{
			"from": [1, 13, 7],
			"to": [2, 14, 11],
			"faces": {
				"north": {"uv": [14, 6, 15, 7], "rotation": 180, "texture": "#0"},
				"east": {"uv": [14, 6, 15, 10], "rotation": 270, "texture": "#0"},
				"south": {"uv": [14, 6, 15, 7], "texture": "#0"},
				"west": {"uv": [14, 6, 15, 10], "rotation": 90, "texture": "#0"},
				"up": {"uv": [14, 6, 15, 10], "rotation": 180, "texture": "#0"}
			}
		},
		{
			"from": [2, 13, 11],
			"to": [3, 14, 13],
			"faces": {
				"north": {"uv": [13, 4, 14, 5], "rotation": 180, "texture": "#0"},
				"east": {"uv": [13, 4, 14, 6], "rotation": 270, "texture": "#0"},
				"south": {"uv": [13, 4, 14, 5], "texture": "#0"},
				"west": {"uv": [13, 4, 14, 6], "rotation": 90, "texture": "#0"},
				"up": {"uv": [13, 4, 14, 6], "rotation": 180, "texture": "#0"},
				"down": {"uv": [13, 4, 14, 6], "texture": "#0"}
			}
		},
		{
			"from": [3, 13, 13],
			"to": [4, 14, 14],
			"faces": {
				"north": {"uv": [12, 3, 13, 4], "rotation": 180, "texture": "#0"},
				"east": {"uv": [12, 3, 13, 4], "rotation": 270, "texture": "#0"},
				"south": {"uv": [12, 3, 13, 4], "texture": "#0"},
				"west": {"uv": [12, 3, 13, 4], "rotation": 90, "texture": "#0"},
				"up": {"uv": [12, 3, 13, 4], "rotation": 180, "texture": "#0"},
				"down": {"uv": [12, 3, 13, 4], "texture": "#0"}
			}
		},
		{
			"from": [4, 13, 14],
			"to": [6, 14, 15],
			"faces": {
				"north": {"uv": [10, 2, 12, 3], "rotation": 180, "texture": "#0"},
				"east": {"uv": [10, 2, 11, 3], "rotation": 270, "texture": "#0"},
				"south": {"uv": [10, 2, 12, 3], "texture": "#0"},
				"west": {"uv": [10, 2, 11, 3], "rotation": 90, "texture": "#0"},
				"up": {"uv": [10, 2, 12, 3], "rotation": 180, "texture": "#0"},
				"down": {"uv": [10, 2, 12, 3], "texture": "#0"}
			}
		},
		{
			"from": [6, 13, 15],
			"to": [10, 14, 16],
			"faces": {
				"north": {"uv": [6, 1, 10, 2], "rotation": 180, "texture": "#0"},
				"east": {"uv": [6, 1, 7, 2], "rotation": 270, "texture": "#0"},
				"south": {"uv": [6, 2, 10, 3], "texture": "#0"},
				"west": {"uv": [6, 1, 7, 2], "rotation": 90, "texture": "#0"},
				"up": {"uv": [6, 1, 10, 2], "rotation": 180, "texture": "#0"}
			}
		},
		{
			"from": [10, 13, 14],
			"to": [12, 14, 15],
			"faces": {
				"north": {"uv": [4, 2, 6, 3], "rotation": 180, "texture": "#0"},
				"east": {"uv": [4, 2, 5, 3], "rotation": 270, "texture": "#0"},
				"south": {"uv": [4, 2, 6, 3], "texture": "#0"},
				"west": {"uv": [4, 2, 5, 3], "rotation": 90, "texture": "#0"},
				"up": {"uv": [4, 2, 6, 3], "rotation": 180, "texture": "#0"},
				"down": {"uv": [4, 2, 6, 3], "texture": "#0"}
			}
		},
		{
			"from": [12, 13, 4],
			"to": [13, 14, 5],
			"faces": {
				"north": {"uv": [3, 12, 4, 13], "rotation": 180, "texture": "#0"},
				"east": {"uv": [3, 12, 4, 13], "rotation": 270, "texture": "#0"},
				"south": {"uv": [3, 12, 4, 13], "texture": "#0"},
				"west": {"uv": [3, 12, 4, 13], "rotation": 90, "texture": "#0"},
				"up": {"uv": [3, 12, 4, 13], "rotation": 180, "texture": "#0"},
				"down": {"uv": [3, 12, 4, 13], "texture": "#0"}
			}
		},
		{
			"from": [13, 13, 5],
			"to": [14, 14, 7],
			"faces": {
				"north": {"uv": [2, 10, 3, 11], "rotation": 180, "texture": "#0"},
				"east": {"uv": [2, 10, 3, 12], "rotation": 270, "texture": "#0"},
				"south": {"uv": [2, 10, 3, 11], "texture": "#0"},
				"west": {"uv": [2, 10, 3, 12], "rotation": 90, "texture": "#0"},
				"up": {"uv": [2, 10, 3, 12], "rotation": 180, "texture": "#0"},
				"down": {"uv": [2, 10, 3, 12], "texture": "#0"}
			}
		},
		{
			"from": [12, 13, 13],
			"to": [13, 14, 14],
			"faces": {
				"north": {"uv": [3, 3, 4, 4], "rotation": 180, "texture": "#0"},
				"east": {"uv": [3, 3, 4, 4], "rotation": 270, "texture": "#0"},
				"south": {"uv": [3, 3, 4, 4], "texture": "#0"},
				"west": {"uv": [3, 3, 4, 4], "rotation": 90, "texture": "#0"},
				"up": {"uv": [3, 3, 4, 4], "rotation": 180, "texture": "#0"},
				"down": {"uv": [3, 3, 4, 4], "texture": "#0"}
			}
		},
		{
			"from": [13, 13, 11],
			"to": [14, 14, 13],
			"faces": {
				"north": {"uv": [2, 4, 3, 5], "rotation": 180, "texture": "#0"},
				"east": {"uv": [2, 4, 3, 6], "rotation": 270, "texture": "#0"},
				"south": {"uv": [2, 4, 3, 5], "texture": "#0"},
				"west": {"uv": [2, 4, 3, 6], "rotation": 90, "texture": "#0"},
				"up": {"uv": [2, 4, 3, 6], "rotation": 180, "texture": "#0"},
				"down": {"uv": [2, 4, 3, 6], "texture": "#0"}
			}
		},
		{
			"from": [6, 14, 3],
			"to": [10, 15, 4],
			"faces": {
				"north": {"uv": [6, 1, 10, 2], "rotation": 180, "texture": "#0"},
				"east": {"uv": [6, 13, 7, 14], "rotation": 270, "texture": "#0"},
				"west": {"uv": [6, 13, 7, 14], "rotation": 90, "texture": "#0"},
				"up": {"uv": [6, 13, 10, 14], "rotation": 180, "texture": "#0"},
				"down": {"uv": [6, 13, 10, 14], "texture": "#0"}
			}
		},
		{
			"from": [4, 14, 4],
			"to": [12, 15, 5],
			"faces": {
				"north": {"uv": [4, 12, 12, 13], "rotation": 180, "texture": "#0"},
				"east": {"uv": [4, 12, 5, 13], "rotation": 270, "texture": "#0"},
				"south": {"uv": [4, 12, 12, 13], "texture": "#0"},
				"west": {"uv": [4, 12, 5, 13], "rotation": 90, "texture": "#0"},
				"up": {"uv": [4, 12, 12, 13], "rotation": 180, "texture": "#0"},
				"down": {"uv": [4, 12, 12, 13], "texture": "#0"}
			}
		},
		{
			"from": [4, 15, 5],
			"to": [12, 16, 13],
			"faces": {
				"north": {"uv": [4, 11, 12, 12], "texture": "#0"},
				"east": {"uv": [4, 4, 5, 12], "rotation": 270, "texture": "#0"},
				"south": {"uv": [4, 4, 12, 5], "rotation": 180, "texture": "#0"},
				"west": {"uv": [11, 4, 12, 12], "rotation": 90, "texture": "#0"},
				"up": {"uv": [4, 4, 12, 12], "rotation": 180, "texture": "#0"},
				"down": {"uv": [4, 4, 12, 12], "texture": "#0"}
			}
		},
		{
			"from": [4, 14, 13],
			"to": [12, 15, 14],
			"faces": {
				"north": {"uv": [4, 3, 12, 4], "rotation": 180, "texture": "#0"},
				"east": {"uv": [4, 3, 5, 4], "rotation": 270, "texture": "#0"},
				"south": {"uv": [4, 3, 12, 4], "texture": "#0"},
				"west": {"uv": [4, 3, 5, 4], "rotation": 90, "texture": "#0"},
				"up": {"uv": [4, 3, 12, 4], "rotation": 180, "texture": "#0"},
				"down": {"uv": [4, 3, 12, 4], "texture": "#0"}
			}
		},
		{
			"from": [6, 14, 14],
			"to": [10, 15, 15],
			"faces": {
				"east": {"uv": [6, 2, 7, 3], "rotation": 270, "texture": "#0"},
				"south": {"uv": [6, 1, 10, 2], "texture": "#0"},
				"west": {"uv": [6, 2, 7, 3], "rotation": 90, "texture": "#0"},
				"up": {"uv": [6, 2, 10, 3], "rotation": 180, "texture": "#0"},
				"down": {"uv": [6, 2, 10, 3], "texture": "#0"}
			}
		},
		{
			"from": [2, 14, 7],
			"to": [3, 15, 11],
			"faces": {
				"north": {"uv": [13, 6, 14, 7], "rotation": 180, "texture": "#0"},
				"south": {"uv": [13, 6, 14, 7], "texture": "#0"},
				"west": {"uv": [6, 1, 10, 2], "texture": "#0"},
				"up": {"uv": [13, 6, 14, 10], "rotation": 180, "texture": "#0"},
				"down": {"uv": [13, 6, 14, 10], "texture": "#0"}
			}
		},
		{
			"from": [3, 14, 5],
			"to": [4, 15, 13],
			"faces": {
				"north": {"uv": [12, 4, 13, 5], "rotation": 180, "texture": "#0"},
				"east": {"uv": [12, 4, 13, 12], "rotation": 270, "texture": "#0"},
				"south": {"uv": [12, 4, 13, 5], "texture": "#0"},
				"west": {"uv": [12, 4, 13, 12], "rotation": 90, "texture": "#0"},
				"up": {"uv": [12, 4, 13, 12], "rotation": 180, "texture": "#0"},
				"down": {"uv": [12, 4, 13, 12], "texture": "#0"}
			}
		},
		{
			"from": [12, 14, 5],
			"to": [13, 15, 13],
			"faces": {
				"north": {"uv": [3, 4, 4, 5], "rotation": 180, "texture": "#0"},
				"east": {"uv": [3, 4, 4, 12], "rotation": 270, "texture": "#0"},
				"south": {"uv": [3, 4, 4, 5], "texture": "#0"},
				"west": {"uv": [3, 4, 4, 12], "rotation": 90, "texture": "#0"},
				"up": {"uv": [3, 4, 4, 12], "rotation": 180, "texture": "#0"},
				"down": {"uv": [3, 4, 4, 12], "texture": "#0"}
			}
		},
		{
			"from": [13, 14, 7],
			"to": [14, 15, 11],
			"faces": {
				"north": {"uv": [2, 6, 3, 7], "rotation": 180, "texture": "#0"},
				"east": {"uv": [2, 6, 3, 10], "rotation": 270, "texture": "#0"},
				"south": {"uv": [2, 6, 3, 7], "texture": "#0"},
				"up": {"uv": [2, 6, 3, 10], "rotation": 180, "texture": "#0"},
				"down": {"uv": [2, 6, 3, 10], "texture": "#0"}
			}
		},
		{
			"from": [6, 2, 15],
			"to": [10, 3, 16],
			"faces": {
				"north": {"uv": [6, 14, 10, 15], "rotation": 180, "texture": "#0"},
				"east": {"uv": [6, 14, 7, 15], "rotation": 90, "texture": "#0"},
				"south": {"uv": [6, 13, 10, 14], "texture": "#0"},
				"west": {"uv": [6, 14, 7, 15], "rotation": 270, "texture": "#0"},
				"down": {"uv": [6, 14, 10, 15], "rotation": 180, "texture": "#0"}
			}
		},
		{
			"from": [10, 2, 14],
			"to": [12, 3, 15],
			"faces": {
				"north": {"uv": [4, 13, 6, 14], "rotation": 180, "texture": "#0"},
				"east": {"uv": [4, 13, 5, 14], "rotation": 90, "texture": "#0"},
				"south": {"uv": [4, 13, 6, 14], "texture": "#0"},
				"west": {"uv": [4, 13, 5, 14], "rotation": 270, "texture": "#0"},
				"up": {"uv": [4, 13, 6, 14], "texture": "#0"},
				"down": {"uv": [4, 13, 6, 14], "rotation": 180, "texture": "#0"}
			}
		},
		{
			"from": [4, 2, 14],
			"to": [6, 3, 15],
			"faces": {
				"north": {"uv": [10, 13, 12, 14], "rotation": 180, "texture": "#0"},
				"east": {"uv": [10, 13, 11, 14], "rotation": 90, "texture": "#0"},
				"south": {"uv": [10, 13, 12, 14], "texture": "#0"},
				"west": {"uv": [10, 13, 11, 14], "rotation": 270, "texture": "#0"},
				"up": {"uv": [10, 13, 12, 14], "texture": "#0"},
				"down": {"uv": [10, 13, 12, 14], "rotation": 180, "texture": "#0"}
			}
		},
		{
			"from": [3, 2, 13],
			"to": [4, 3, 14],
			"faces": {
				"north": {"uv": [12, 12, 13, 13], "rotation": 180, "texture": "#0"},
				"east": {"uv": [12, 12, 13, 13], "rotation": 90, "texture": "#0"},
				"south": {"uv": [12, 12, 13, 13], "texture": "#0"},
				"west": {"uv": [12, 12, 13, 13], "rotation": 270, "texture": "#0"},
				"up": {"uv": [12, 12, 13, 13], "texture": "#0"},
				"down": {"uv": [12, 12, 13, 13], "rotation": 180, "texture": "#0"}
			}
		},
		{
			"from": [3, 2, 4],
			"to": [4, 3, 5],
			"faces": {
				"north": {"uv": [12, 3, 13, 4], "rotation": 180, "texture": "#0"},
				"east": {"uv": [12, 3, 13, 4], "rotation": 90, "texture": "#0"},
				"south": {"uv": [12, 3, 13, 4], "texture": "#0"},
				"west": {"uv": [12, 3, 13, 4], "rotation": 270, "texture": "#0"},
				"up": {"uv": [12, 3, 13, 4], "texture": "#0"},
				"down": {"uv": [12, 3, 13, 4], "rotation": 180, "texture": "#0"}
			}
		},
		{
			"from": [12, 2, 13],
			"to": [13, 3, 14],
			"faces": {
				"north": {"uv": [3, 12, 4, 13], "rotation": 180, "texture": "#0"},
				"east": {"uv": [3, 12, 4, 13], "rotation": 90, "texture": "#0"},
				"south": {"uv": [3, 12, 4, 13], "texture": "#0"},
				"west": {"uv": [3, 12, 4, 13], "rotation": 270, "texture": "#0"},
				"up": {"uv": [3, 12, 4, 13], "texture": "#0"},
				"down": {"uv": [3, 12, 4, 13], "rotation": 180, "texture": "#0"}
			}
		},
		{
			"from": [12, 2, 4],
			"to": [13, 3, 5],
			"faces": {
				"north": {"uv": [3, 3, 4, 4], "rotation": 180, "texture": "#0"},
				"east": {"uv": [3, 3, 4, 4], "rotation": 90, "texture": "#0"},
				"south": {"uv": [3, 3, 4, 4], "texture": "#0"},
				"west": {"uv": [3, 3, 4, 4], "rotation": 270, "texture": "#0"},
				"up": {"uv": [3, 3, 4, 4], "texture": "#0"},
				"down": {"uv": [3, 3, 4, 4], "rotation": 180, "texture": "#0"}
			}
		},
		{
			"from": [6, 1, 14],
			"to": [10, 2, 15],
			"faces": {
				"east": {"uv": [6, 13, 7, 14], "rotation": 90, "texture": "#0"},
				"south": {"uv": [6, 14, 10, 15], "texture": "#0"},
				"west": {"uv": [6, 13, 7, 14], "rotation": 270, "texture": "#0"},
				"up": {"uv": [6, 13, 10, 14], "texture": "#0"},
				"down": {"uv": [6, 13, 10, 14], "rotation": 180, "texture": "#0"}
			}
		},
		{
			"from": [4, 1, 13],
			"to": [12, 2, 14],
			"faces": {
				"north": {"uv": [4, 12, 12, 13], "rotation": 180, "texture": "#0"},
				"east": {"uv": [4, 12, 5, 13], "rotation": 90, "texture": "#0"},
				"south": {"uv": [4, 12, 12, 13], "texture": "#0"},
				"west": {"uv": [4, 12, 5, 13], "rotation": 270, "texture": "#0"},
				"up": {"uv": [4, 12, 12, 13], "texture": "#0"},
				"down": {"uv": [4, 12, 12, 13], "rotation": 180, "texture": "#0"}
			}
		},
		{
			"from": [4, 0, 5],
			"to": [12, 1, 13],
			"faces": {
				"north": {"uv": [4, 11, 12, 12], "texture": "#0"},
				"east": {"uv": [4, 4, 12, 5], "texture": "#0"},
				"south": {"uv": [4, 4, 5, 12], "rotation": 90, "texture": "#0"},
				"west": {"uv": [11, 4, 12, 12], "rotation": 270, "texture": "#0"},
				"up": {"uv": [4, 4, 12, 12], "texture": "#0"},
				"down": {"uv": [4, 4, 12, 12], "rotation": 180, "texture": "#0"}
			}
		},
		{
			"from": [4, 1, 4],
			"to": [12, 2, 5],
			"faces": {
				"north": {"uv": [4, 12, 12, 13], "rotation": 180, "texture": "#0"},
				"east": {"uv": [4, 3, 5, 4], "rotation": 90, "texture": "#0"},
				"south": {"uv": [4, 3, 12, 4], "texture": "#0"},
				"west": {"uv": [4, 3, 5, 4], "rotation": 270, "texture": "#0"},
				"up": {"uv": [4, 3, 12, 4], "texture": "#0"},
				"down": {"uv": [4, 3, 12, 4], "rotation": 180, "texture": "#0"}
			}
		},
		{
			"from": [6, 1, 3],
			"to": [10, 2, 4],
			"faces": {
				"north": {"uv": [6, 2, 10, 3], "rotation": 180, "texture": "#0"},
				"east": {"uv": [6, 2, 7, 3], "rotation": 90, "texture": "#0"},
				"west": {"uv": [6, 2, 7, 3], "rotation": 270, "texture": "#0"},
				"up": {"uv": [6, 2, 10, 3], "texture": "#0"},
				"down": {"uv": [6, 2, 10, 3], "rotation": 180, "texture": "#0"}
			}
		},
		{
			"from": [2, 1, 7],
			"to": [3, 2, 11],
			"faces": {
				"north": {"uv": [13, 6, 14, 7], "rotation": 180, "texture": "#0"},
				"south": {"uv": [13, 6, 14, 7], "texture": "#0"},
				"west": {"uv": [13, 6, 14, 10], "rotation": 270, "texture": "#0"},
				"up": {"uv": [13, 6, 14, 10], "texture": "#0"},
				"down": {"uv": [13, 6, 14, 10], "rotation": 180, "texture": "#0"}
			}
		},
		{
			"from": [3, 1, 5],
			"to": [4, 2, 13],
			"faces": {
				"north": {"uv": [12, 4, 13, 5], "rotation": 180, "texture": "#0"},
				"east": {"uv": [12, 4, 13, 12], "rotation": 90, "texture": "#0"},
				"south": {"uv": [12, 4, 13, 5], "texture": "#0"},
				"west": {"uv": [12, 4, 13, 12], "rotation": 270, "texture": "#0"},
				"up": {"uv": [12, 4, 13, 12], "texture": "#0"},
				"down": {"uv": [12, 4, 13, 12], "rotation": 180, "texture": "#0"}
			}
		},
		{
			"from": [12, 1, 5],
			"to": [13, 2, 13],
			"faces": {
				"north": {"uv": [3, 4, 4, 5], "rotation": 180, "texture": "#0"},
				"east": {"uv": [3, 4, 4, 12], "rotation": 90, "texture": "#0"},
				"south": {"uv": [3, 4, 4, 5], "texture": "#0"},
				"west": {"uv": [3, 4, 4, 12], "rotation": 270, "texture": "#0"},
				"up": {"uv": [3, 4, 4, 12], "texture": "#0"},
				"down": {"uv": [3, 4, 4, 12], "rotation": 180, "texture": "#0"}
			}
		},
		{
			"from": [13, 1, 7],
			"to": [14, 2, 11],
			"faces": {
				"north": {"uv": [2, 6, 3, 7], "rotation": 180, "texture": "#0"},
				"east": {"uv": [2, 6, 3, 10], "rotation": 90, "texture": "#0"},
				"south": {"uv": [2, 6, 3, 7], "texture": "#0"},
				"up": {"uv": [2, 6, 3, 10], "texture": "#0"},
				"down": {"uv": [2, 6, 3, 10], "rotation": 180, "texture": "#0"}
			}
		}
	],
	"gui_light": "front",
	"display": {
		"thirdperson_righthand": {
			"translation": [0, 3.25, 0.25],
			"scale": [0.43, 0.43, 0.43]
		},
		"thirdperson_lefthand": {
			"translation": [0, 3.25, 0.25],
			"scale": [0.43, 0.43, 0.43]
		},
		"firstperson_righthand": {
			"rotation": [-23, -143, -4],
			"translation": [0.5, 3.75, 0],
			"scale": [0.43, 0.43, 0.43]
		},
		"firstperson_lefthand": {
			"rotation": [-32, -153, -4],
			"translation": [0.5, 3.75, 0],
			"scale": [0.43, 0.43, 0.43]
		},
		"ground": {
			"translation": [0, 2.75, 0],
			"scale": [0.5, 0.5, 0.5]
		},
		"gui": {
			"rotation": [0, 180, 0]
		},
		"head": {
			"translation": [0, -27.75, -1.25],
			"scale": [1.9, 1.9, 1.9]
		}
	},
	"groups": [
		{
			"name": "group",
			"origin": [0, 0, 0],
			"color": 0,
			"children": [0, 1, 2, 3, 4, 5, 6, 7, 8, 9, 10, 11, 12, 13, 14]
		},
		{
			"name": "group",
			"origin": [0, 0, 0],
			"color": 0,
			"children": [15, 16, 17, 18, 19, 20, 21, 22, 23, 24, 25, 26, 27, 28, 29, 30, 31, 32]
		},
		{
			"name": "group",
			"origin": [0, 0, 0],
			"color": 0,
			"children": [33, 34, 35, 36, 37, 38, 39, 40, 41, 42, 43]
		},
		{
			"name": "group",
			"origin": [0, 0, 0],
			"color": 0,
			"children": [44, 45, 46, 47, 48, 49, 50, 51, 52, 53, 54, 55, 56, 57, 58, 59, 60, 61, 62]
		},
		{
			"name": "group",
			"origin": [0, 0, 0],
			"color": 0,
			"children": [63, 64, 65, 66, 67, 68, 69, 70, 71, 72, 73, 74, 75, 76, 77, 78, 79, 80, 81, 82, 83, 84, 85, 86]
		},
		{
			"name": "group",
			"origin": [0, 0, 0],
			"color": 0,
			"children": [87, 88, 89, 90, 91, 92, 93, 94, 95, 96, 97, 98, 99, 100, 101, 102]
		}
	]
}