{
	"credit": "Made with Blockbench",
	"textures": {
		"0": "custom/player_cannonball",
		"1": "custom/player_cannonball_gui",
		"2": "block/barrel_top_open",
		"particle": "custom/player_cannonball"
	},
	"elements": [
		{
			"name": "ICON",
			"from": [0, 0, 7],
			"to": [16, 16, 7],
			"faces": {
				"north": {"uv": [0, 0, 16, 16], "texture": "#1"}
			}
		},
		{
			"from": [6, 1, 3],
			"to": [10, 2, 5],
			"faces": {
				"north": {"uv": [6, 13, 10, 14], "texture": "#0"},
				"east": {"uv": [6, 13, 8, 14], "texture": "#0"},
				"west": {"uv": [6, 13, 8, 14], "texture": "#0"},
				"up": {"uv": [6, 13, 10, 15], "texture": "#0"},
				"down": {"uv": [6, 13, 10, 15], "texture": "#0"}
			}
		},
		{
			"from": [4, 2, 3],
			"to": [6, 3, 5],
			"faces": {
				"north": {"uv": [10, 12, 12, 13], "texture": "#0"},
				"east": {"uv": [10, 12, 12, 13], "texture": "#0"},
				"south": {"uv": [10, 12, 12, 13], "texture": "#0"},
				"west": {"uv": [10, 12, 12, 13], "texture": "#0"},
				"up": {"uv": [10, 12, 12, 14], "texture": "#0"},
				"down": {"uv": [10, 12, 12, 14], "texture": "#0"}
			}
		},
		{
			"from": [10, 2, 3],
			"to": [12, 3, 5],
			"faces": {
				"north": {"uv": [4, 12, 6, 13], "texture": "#0"},
				"east": {"uv": [4, 12, 6, 13], "texture": "#0"},
				"south": {"uv": [4, 12, 6, 13], "texture": "#0"},
				"west": {"uv": [4, 12, 6, 13], "texture": "#0"},
				"up": {"uv": [4, 12, 6, 14], "texture": "#0"},
				"down": {"uv": [4, 12, 6, 14], "texture": "#0"}
			}
		},
		{
			"from": [12, 3, 3],
			"to": [13, 4, 5],
			"faces": {
				"south": {"uv": [3, 12, 4, 13], "texture": "#0"},
				"west": {"uv": [3, 12, 5, 13], "texture": "#0"},
				"up": {"uv": [3, 12, 4, 14], "texture": "#0"}
			}
		},
		{
			"from": [3, 3, 3],
			"to": [4, 4, 5],
			"faces": {
				"east": {"uv": [11, 12, 13, 13], "texture": "#0"},
				"south": {"uv": [11, 12, 12, 13], "texture": "#0"},
				"up": {"uv": [11, 12, 12, 14], "texture": "#0"}
			}
		},
		{
			"from": [3, 5, 1],
			"to": [13, 6, 2],
			"faces": {
				"north": {"uv": [3, 10, 13, 11], "texture": "#0"},
				"east": {"uv": [3, 10, 4, 11], "texture": "#0"},
				"west": {"uv": [3, 10, 4, 11], "texture": "#0"},
				"up": {"uv": [3, 10, 13, 11], "texture": "#0"},
				"down": {"uv": [3, 10, 13, 11], "texture": "#0"}
			}
		},
		{
			"from": [3, 5, 2],
			"to": [13, 6, 5],
			"faces": {
				"south": {"uv": [12, 11, 13, 12], "texture": "#0"},
				"up": {"uv": [12, 11, 13, 12], "texture": "#0"},
				"down": {"uv": [12, 11, 13, 12], "texture": "#0"}
			}
		},
		{
			"from": [10, 3, 2],
			"to": [12, 5, 3],
			"faces": {
				"north": {"uv": [4, 11, 6, 13], "texture": "#0"},
				"east": {"uv": [4, 11, 5, 13], "texture": "#0"},
				"south": {"uv": [4, 11, 6, 13], "texture": "#0"},
				"down": {"uv": [4, 11, 6, 12], "texture": "#0"}
			}
		},
		{
			"from": [4, 3, 2],
			"to": [6, 5, 3],
			"faces": {
				"north": {"uv": [11, 11, 13, 13], "texture": "#0"},
				"south": {"uv": [11, 11, 13, 13], "texture": "#0"},
				"west": {"uv": [11, 11, 12, 13], "texture": "#0"},
				"down": {"uv": [11, 11, 13, 12], "texture": "#0"}
			}
		},
		{
			"from": [6, 2, 2],
			"to": [10, 5, 3],
			"faces": {
				"north": {"uv": [6, 12, 10, 15], "texture": "#0"},
				"east": {"uv": [6, 12, 7, 15], "texture": "#0"},
				"south": {"uv": [6, 12, 10, 15], "texture": "#0"},
				"west": {"uv": [6, 12, 7, 15], "texture": "#0"},
				"down": {"uv": [6, 12, 10, 13], "texture": "#0"}
			}
		},
		{
			"from": [5, 3, 1],
			"to": [11, 5, 2],
			"faces": {
				"north": {"uv": [5, 11, 11, 13], "texture": "#0"},
				"east": {"uv": [5, 11, 6, 13], "texture": "#0"},
				"west": {"uv": [5, 11, 6, 13], "texture": "#0"},
				"down": {"uv": [5, 11, 11, 12], "texture": "#0"}
			}
		},
		{
			"from": [5, 6, 2],
			"to": [11, 15, 3],
			"faces": {
				"north": {"uv": [5, 1, 11, 10], "texture": "#0"},
				"east": {"uv": [5, 1, 6, 10], "texture": "#0"},
				"south": {"uv": [5, 1, 11, 10], "texture": "#0"},
				"west": {"uv": [5, 1, 6, 10], "texture": "#0"},
				"up": {"uv": [5, 1, 11, 2], "texture": "#0"}
			}
		},
		{
			"from": [11, 1, 6],
			"to": [13, 2, 10],
			"faces": {
				"north": {"uv": [6, 13, 8, 14], "texture": "#0"},
				"east": {"uv": [6, 13, 10, 14], "texture": "#0"},
				"south": {"uv": [6, 13, 8, 14], "texture": "#0"},
				"up": {"uv": [6, 13, 10, 15], "rotation": 90, "texture": "#0"},
				"down": {"uv": [6, 13, 10, 15], "rotation": 270, "texture": "#0"}
			}
		},
		{
			"from": [11, 2, 4],
			"to": [13, 3, 6],
			"faces": {
				"north": {"uv": [10, 12, 12, 13], "texture": "#0"},
				"east": {"uv": [10, 12, 12, 13], "texture": "#0"},
				"south": {"uv": [10, 12, 12, 13], "texture": "#0"},
				"west": {"uv": [10, 12, 12, 13], "texture": "#0"},
				"up": {"uv": [10, 12, 12, 14], "rotation": 90, "texture": "#0"},
				"down": {"uv": [10, 12, 12, 14], "rotation": 270, "texture": "#0"}
			}
		},
		{
			"from": [11, 2, 10],
			"to": [13, 3, 12],
			"faces": {
				"north": {"uv": [4, 12, 6, 13], "texture": "#0"},
				"east": {"uv": [4, 12, 6, 13], "texture": "#0"},
				"south": {"uv": [4, 12, 6, 13], "texture": "#0"},
				"west": {"uv": [4, 12, 6, 13], "texture": "#0"},
				"up": {"uv": [4, 12, 6, 14], "rotation": 90, "texture": "#0"},
				"down": {"uv": [4, 12, 6, 14], "rotation": 270, "texture": "#0"}
			}
		},
		{
			"from": [11, 3, 12],
			"to": [13, 4, 13],
			"faces": {
				"north": {"uv": [3, 12, 5, 13], "texture": "#0"},
				"west": {"uv": [3, 12, 4, 13], "texture": "#0"},
				"up": {"uv": [3, 12, 4, 14], "rotation": 90, "texture": "#0"}
			}
		},
		{
			"from": [11, 3, 3],
			"to": [13, 4, 4],
			"faces": {
				"north": {"uv": [11, 12, 13, 13], "texture": "#0"},
				"east": {"uv": [11, 12, 12, 13], "texture": "#0"},
				"south": {"uv": [11, 12, 13, 13], "texture": "#0"},
				"west": {"uv": [11, 12, 12, 13], "texture": "#0"},
				"up": {"uv": [11, 12, 12, 14], "rotation": 90, "texture": "#0"},
				"down": {"uv": [11, 12, 12, 14], "rotation": 270, "texture": "#0"}
			}
		},
		{
			"from": [11, 4, 2],
			"to": [13, 6, 3],
			"faces": {
				"north": {"uv": [12, 10, 14, 12], "texture": "#0"},
				"east": {"uv": [12, 10, 13, 12], "texture": "#0"},
				"south": {"uv": [12, 10, 14, 12], "texture": "#0"},
				"down": {"uv": [12, 10, 13, 12], "rotation": 270, "texture": "#0"}
			}
		},
		{
			"from": [14, 5, 3],
			"to": [15, 6, 13],
			"faces": {
				"north": {"uv": [3, 10, 4, 11], "texture": "#0"},
				"east": {"uv": [3, 10, 13, 11], "texture": "#0"},
				"south": {"uv": [3, 10, 4, 11], "texture": "#0"},
				"up": {"uv": [3, 10, 13, 11], "rotation": 90, "texture": "#0"},
				"down": {"uv": [3, 10, 13, 11], "rotation": 270, "texture": "#0"}
			}
		},
		{
			"from": [13, 4, 3],
			"to": [14, 5, 4],
			"faces": {
				"north": {"uv": [12, 11, 13, 12], "texture": "#0"},
				"east": {"uv": [12, 11, 13, 12], "texture": "#0"},
				"west": {"uv": [12, 11, 13, 12], "texture": "#0"},
				"down": {"uv": [12, 11, 13, 12], "rotation": 270, "texture": "#0"}
			}
		},
		{
			"from": [11, 5, 3],
			"to": [14, 6, 13],
			"faces": {
				"west": {"uv": [12, 11, 13, 12], "texture": "#0"},
				"up": {"uv": [12, 11, 13, 12], "rotation": 90, "texture": "#0"},
				"down": {"uv": [12, 11, 13, 12], "rotation": 270, "texture": "#0"}
			}
		},
		{
			"from": [13, 3, 10],
			"to": [14, 5, 12],
			"faces": {
				"east": {"uv": [4, 11, 6, 13], "texture": "#0"},
				"south": {"uv": [4, 11, 5, 13], "texture": "#0"},
				"west": {"uv": [4, 11, 6, 13], "texture": "#0"},
				"down": {"uv": [4, 11, 6, 12], "rotation": 270, "texture": "#0"}
			}
		},
		{
			"from": [13, 3, 4],
			"to": [14, 5, 6],
			"faces": {
				"north": {"uv": [11, 11, 12, 13], "texture": "#0"},
				"east": {"uv": [11, 11, 13, 13], "texture": "#0"},
				"west": {"uv": [11, 11, 13, 13], "texture": "#0"},
				"down": {"uv": [11, 11, 13, 12], "rotation": 270, "texture": "#0"}
			}
		},
		{
			"from": [13, 2, 6],
			"to": [14, 5, 10],
			"faces": {
				"north": {"uv": [6, 12, 7, 15], "texture": "#0"},
				"east": {"uv": [6, 12, 10, 15], "texture": "#0"},
				"south": {"uv": [6, 12, 7, 15], "texture": "#0"},
				"west": {"uv": [6, 12, 10, 15], "texture": "#0"},
				"down": {"uv": [6, 12, 10, 13], "rotation": 270, "texture": "#0"}
			}
		},
		{
			"from": [13, 5, 2],
			"to": [14, 6, 3],
			"faces": {
				"north": {"uv": [13, 10, 14, 11], "texture": "#0"},
				"east": {"uv": [13, 10, 14, 11], "texture": "#0"},
				"up": {"uv": [13, 10, 14, 11], "rotation": 90, "texture": "#0"},
				"down": {"uv": [13, 10, 14, 11], "rotation": 270, "texture": "#0"}
			}
		},
		{
			"from": [14, 3, 5],
			"to": [15, 5, 11],
			"faces": {
				"north": {"uv": [5, 11, 6, 13], "texture": "#0"},
				"east": {"uv": [5, 11, 11, 13], "texture": "#0"},
				"south": {"uv": [5, 11, 6, 13], "texture": "#0"},
				"down": {"uv": [5, 11, 11, 12], "rotation": 270, "texture": "#0"}
			}
		},
		{
			"from": [12, 6, 4],
			"to": [13, 15, 5],
			"faces": {
				"north": {"uv": [11, 1, 12, 10], "texture": "#0"},
				"east": {"uv": [11, 1, 12, 10], "texture": "#0"},
				"south": {"uv": [11, 1, 12, 10], "texture": "#0"},
				"west": {"uv": [11, 1, 12, 10], "texture": "#0"},
				"up": {"uv": [11, 1, 12, 2], "rotation": 90, "texture": "#0"}
			}
		},
		{
			"from": [13, 6, 5],
			"to": [14, 15, 11],
			"faces": {
				"north": {"uv": [5, 1, 6, 10], "texture": "#0"},
				"east": {"uv": [5, 1, 11, 10], "texture": "#0"},
				"south": {"uv": [5, 1, 6, 10], "texture": "#0"},
				"west": {"uv": [5, 1, 11, 10], "texture": "#0"},
				"up": {"uv": [5, 1, 11, 2], "rotation": 90, "texture": "#0"}
			}
		},
		{
			"from": [11, 6, 3],
			"to": [12, 15, 4],
			"faces": {
				"north": {"uv": [12, 1, 13, 10], "texture": "#0"},
				"east": {"uv": [12, 1, 13, 10], "texture": "#0"},
				"south": {"uv": [12, 1, 13, 10], "texture": "#0"},
				"west": {"uv": [12, 1, 13, 10], "texture": "#0"},
				"up": {"uv": [12, 1, 13, 2], "rotation": 90, "texture": "#0"}
			}
		},
		{
			"from": [3, 1, 6],
			"to": [5, 2, 10],
			"faces": {
				"north": {"uv": [6, 13, 8, 14], "texture": "#0"},
				"south": {"uv": [6, 13, 8, 14], "texture": "#0"},
				"west": {"uv": [6, 13, 10, 14], "texture": "#0"},
				"up": {"uv": [6, 13, 10, 15], "rotation": 270, "texture": "#0"},
				"down": {"uv": [6, 13, 10, 15], "rotation": 90, "texture": "#0"}
			}
		},
		{
			"from": [5, 1, 5],
			"to": [11, 2, 11],
			"faces": {
				"north": {"uv": [5, 10, 7, 11], "texture": "#0"},
				"east": {"uv": [5, 10, 9, 11], "texture": "#0"},
				"south": {"uv": [5, 10, 7, 11], "texture": "#0"},
				"west": {"uv": [5, 10, 9, 11], "texture": "#0"},
				"up": {"uv": [5, 10, 9, 12], "rotation": 270, "texture": "#0"},
				"down": {"uv": [5, 10, 9, 12], "rotation": 90, "texture": "#0"}
			}
		},
		{
			"from": [3, 2, 10],
			"to": [5, 3, 12],
			"faces": {
				"north": {"uv": [10, 12, 12, 13], "texture": "#0"},
				"east": {"uv": [10, 12, 12, 13], "texture": "#0"},
				"south": {"uv": [10, 12, 12, 13], "texture": "#0"},
				"west": {"uv": [10, 12, 12, 13], "texture": "#0"},
				"up": {"uv": [10, 12, 12, 14], "rotation": 270, "texture": "#0"},
				"down": {"uv": [10, 12, 12, 14], "rotation": 90, "texture": "#0"}
			}
		},
		{
			"from": [3, 2, 4],
			"to": [5, 3, 6],
			"faces": {
				"north": {"uv": [4, 12, 6, 13], "texture": "#0"},
				"east": {"uv": [4, 12, 6, 13], "texture": "#0"},
				"south": {"uv": [4, 12, 6, 13], "texture": "#0"},
				"west": {"uv": [4, 12, 6, 13], "texture": "#0"},
				"up": {"uv": [4, 12, 6, 14], "rotation": 270, "texture": "#0"},
				"down": {"uv": [4, 12, 6, 14], "rotation": 90, "texture": "#0"}
			}
		},
		{
			"from": [3, 3, 3],
			"to": [5, 4, 4],
			"faces": {
				"north": {"uv": [3, 12, 5, 13], "texture": "#0"},
				"east": {"uv": [3, 12, 4, 13], "texture": "#0"},
				"south": {"uv": [3, 12, 5, 13], "texture": "#0"},
				"west": {"uv": [3, 12, 4, 13], "texture": "#0"},
				"up": {"uv": [3, 12, 4, 14], "rotation": 270, "texture": "#0"},
				"down": {"uv": [3, 11, 4, 13], "rotation": 90, "texture": "#0"}
			}
		},
		{
			"from": [3, 3, 12],
			"to": [5, 4, 13],
			"faces": {
				"north": {"uv": [11, 12, 13, 13], "texture": "#0"},
				"east": {"uv": [11, 12, 12, 13], "texture": "#0"},
				"up": {"uv": [11, 12, 12, 14], "rotation": 270, "texture": "#0"}
			}
		},
		{
			"from": [3, 4, 2],
			"to": [5, 6, 3],
			"faces": {
				"north": {"uv": [2, 10, 4, 12], "texture": "#0"},
				"south": {"uv": [2, 10, 4, 12], "texture": "#0"},
				"west": {"uv": [2, 10, 3, 12], "texture": "#0"},
				"down": {"uv": [2, 10, 3, 12], "rotation": 90, "texture": "#0"}
			}
		},
		{
			"from": [1, 5, 3],
			"to": [2, 6, 13],
			"faces": {
				"north": {"uv": [3, 10, 4, 11], "texture": "#0"},
				"south": {"uv": [3, 10, 4, 11], "texture": "#0"},
				"west": {"uv": [3, 10, 13, 11], "texture": "#0"},
				"up": {"uv": [3, 10, 13, 11], "rotation": 270, "texture": "#0"},
				"down": {"uv": [3, 10, 13, 11], "rotation": 90, "texture": "#0"}
			}
		},
		{
			"from": [2, 5, 3],
			"to": [5, 6, 13],
			"faces": {
				"east": {"uv": [12, 11, 13, 12], "texture": "#0"},
				"up": {"uv": [12, 11, 13, 12], "rotation": 270, "texture": "#0"},
				"down": {"uv": [12, 11, 13, 12], "rotation": 90, "texture": "#0"}
			}
		},
		{
			"from": [2, 4, 3],
			"to": [3, 5, 4],
			"faces": {
				"north": {"uv": [3, 11, 4, 12], "texture": "#0"},
				"east": {"uv": [3, 11, 4, 12], "texture": "#0"},
				"west": {"uv": [3, 11, 4, 12], "texture": "#0"},
				"down": {"uv": [3, 11, 4, 12], "rotation": 90, "texture": "#0"}
			}
		},
		{
			"from": [2, 3, 4],
			"to": [3, 5, 6],
			"faces": {
				"north": {"uv": [4, 11, 5, 13], "texture": "#0"},
				"east": {"uv": [4, 11, 6, 13], "texture": "#0"},
				"west": {"uv": [4, 11, 6, 13], "texture": "#0"},
				"down": {"uv": [4, 11, 6, 12], "rotation": 90, "texture": "#0"}
			}
		},
		{
			"from": [2, 3, 10],
			"to": [3, 5, 12],
			"faces": {
				"east": {"uv": [11, 11, 13, 13], "texture": "#0"},
				"south": {"uv": [11, 11, 12, 13], "texture": "#0"},
				"west": {"uv": [11, 11, 13, 13], "texture": "#0"},
				"down": {"uv": [11, 11, 13, 12], "rotation": 90, "texture": "#0"}
			}
		},
		{
			"from": [2, 2, 6],
			"to": [3, 5, 10],
			"faces": {
				"north": {"uv": [6, 12, 7, 15], "texture": "#0"},
				"east": {"uv": [6, 12, 10, 15], "texture": "#0"},
				"south": {"uv": [6, 12, 7, 15], "texture": "#0"},
				"west": {"uv": [6, 12, 10, 15], "texture": "#0"},
				"down": {"uv": [6, 12, 10, 13], "rotation": 90, "texture": "#0"}
			}
		},
		{
			"from": [2, 5, 2],
			"to": [3, 6, 3],
			"faces": {
				"north": {"uv": [2, 10, 3, 11], "texture": "#0"},
				"west": {"uv": [2, 10, 3, 11], "texture": "#0"},
				"up": {"uv": [2, 10, 3, 11], "rotation": 270, "texture": "#0"},
				"down": {"uv": [2, 10, 3, 11], "rotation": 90, "texture": "#0"}
			}
		},
		{
			"from": [1, 3, 5],
			"to": [2, 5, 11],
			"faces": {
				"north": {"uv": [5, 11, 6, 13], "texture": "#0"},
				"south": {"uv": [5, 11, 6, 13], "texture": "#0"},
				"west": {"uv": [5, 11, 11, 13], "texture": "#0"},
				"down": {"uv": [5, 11, 11, 12], "rotation": 90, "texture": "#0"}
			}
		},
		{
			"from": [2, 6, 5],
			"to": [3, 15, 11],
			"faces": {
				"north": {"uv": [5, 1, 6, 10], "texture": "#0"},
				"east": {"uv": [5, 1, 11, 10], "texture": "#0"},
				"south": {"uv": [5, 1, 6, 10], "texture": "#0"},
				"west": {"uv": [5, 1, 11, 10], "texture": "#0"},
				"up": {"uv": [5, 1, 11, 2], "rotation": 270, "texture": "#0"}
			}
		},
		{
			"from": [3, 6, 4],
			"to": [4, 15, 5],
			"faces": {
				"north": {"uv": [4, 1, 5, 10], "texture": "#0"},
				"east": {"uv": [4, 1, 5, 10], "texture": "#0"},
				"south": {"uv": [4, 1, 5, 10], "texture": "#0"},
				"west": {"uv": [4, 1, 5, 10], "texture": "#0"},
				"up": {"uv": [4, 1, 5, 2], "rotation": 270, "texture": "#0"}
			}
		},
		{
			"from": [4, 6, 3],
			"to": [5, 15, 4],
			"faces": {
				"north": {"uv": [3, 1, 4, 10], "texture": "#0"},
				"east": {"uv": [3, 1, 4, 10], "texture": "#0"},
				"south": {"uv": [3, 1, 4, 10], "texture": "#0"},
				"west": {"uv": [3, 1, 4, 10], "texture": "#0"},
				"up": {"uv": [3, 1, 4, 2], "rotation": 270, "texture": "#0"}
			}
		},
		{
			"from": [6, 1, 11],
			"to": [10, 2, 13],
			"faces": {
				"east": {"uv": [6, 13, 8, 14], "texture": "#0"},
				"south": {"uv": [6, 13, 10, 14], "texture": "#0"},
				"west": {"uv": [6, 13, 8, 14], "texture": "#0"},
				"up": {"uv": [6, 13, 10, 15], "rotation": 180, "texture": "#0"},
				"down": {"uv": [6, 13, 10, 15], "rotation": 180, "texture": "#0"}
			}
		},
		{
			"from": [10, 2, 11],
			"to": [12, 3, 13],
			"faces": {
				"north": {"uv": [10, 12, 12, 13], "texture": "#0"},
				"east": {"uv": [10, 12, 12, 13], "texture": "#0"},
				"south": {"uv": [10, 12, 12, 13], "texture": "#0"},
				"west": {"uv": [10, 12, 12, 13], "texture": "#0"},
				"up": {"uv": [10, 12, 12, 14], "rotation": 180, "texture": "#0"},
				"down": {"uv": [10, 12, 12, 14], "rotation": 180, "texture": "#0"}
			}
		},
		{
			"from": [4, 2, 11],
			"to": [6, 3, 13],
			"faces": {
				"north": {"uv": [4, 12, 6, 13], "texture": "#0"},
				"east": {"uv": [4, 12, 6, 13], "texture": "#0"},
				"south": {"uv": [4, 12, 6, 13], "texture": "#0"},
				"west": {"uv": [4, 12, 6, 13], "texture": "#0"},
				"up": {"uv": [4, 12, 6, 14], "rotation": 180, "texture": "#0"},
				"down": {"uv": [4, 12, 6, 14], "rotation": 180, "texture": "#0"}
			}
		},
		{
			"from": [3, 3, 11],
			"to": [4, 4, 13],
			"faces": {
				"north": {"uv": [3, 12, 4, 13], "texture": "#0"},
				"east": {"uv": [3, 12, 5, 13], "texture": "#0"},
				"south": {"uv": [3, 12, 4, 13], "texture": "#0"},
				"west": {"uv": [3, 12, 5, 13], "texture": "#0"},
				"up": {"uv": [3, 12, 4, 14], "rotation": 180, "texture": "#0"},
				"down": {"uv": [3, 11, 4, 13], "rotation": 180, "texture": "#0"}
			}
		},
		{
			"from": [12, 3, 11],
			"to": [13, 4, 13],
			"faces": {
				"north": {"uv": [11, 12, 12, 13], "texture": "#0"},
				"east": {"uv": [11, 12, 13, 13], "texture": "#0"},
				"south": {"uv": [11, 12, 12, 13], "texture": "#0"},
				"west": {"uv": [11, 12, 13, 13], "texture": "#0"},
				"up": {"uv": [11, 12, 12, 14], "rotation": 180, "texture": "#0"},
				"down": {"uv": [11, 12, 12, 14], "rotation": 180, "texture": "#0"}
			}
		},
		{
			"from": [13, 4, 11],
			"to": [14, 6, 13],
			"faces": {
				"east": {"uv": [12, 10, 14, 12], "texture": "#0"},
				"south": {"uv": [12, 10, 13, 12], "texture": "#0"},
				"west": {"uv": [12, 10, 14, 12], "texture": "#0"},
				"down": {"uv": [12, 10, 13, 12], "rotation": 180, "texture": "#0"}
			}
		},
		{
			"from": [2, 4, 11],
			"to": [3, 6, 13],
			"faces": {
				"east": {"uv": [2, 10, 4, 12], "texture": "#0"},
				"south": {"uv": [2, 10, 3, 12], "texture": "#0"},
				"west": {"uv": [2, 10, 4, 12], "texture": "#0"},
				"down": {"uv": [2, 10, 3, 12], "rotation": 180, "texture": "#0"}
			}
		},
		{
			"from": [3, 5, 14],
			"to": [13, 6, 15],
			"faces": {
				"east": {"uv": [3, 10, 4, 11], "texture": "#0"},
				"south": {"uv": [3, 10, 13, 11], "texture": "#0"},
				"west": {"uv": [3, 10, 4, 11], "texture": "#0"},
				"up": {"uv": [3, 10, 13, 11], "rotation": 180, "texture": "#0"},
				"down": {"uv": [3, 10, 13, 11], "rotation": 180, "texture": "#0"}
			}
		},
		{
			"from": [12, 4, 13],
			"to": [13, 5, 14],
			"faces": {
				"north": {"uv": [12, 11, 13, 12], "texture": "#0"},
				"east": {"uv": [12, 11, 13, 12], "texture": "#0"},
				"south": {"uv": [12, 11, 13, 12], "texture": "#0"},
				"down": {"uv": [12, 11, 13, 12], "rotation": 180, "texture": "#0"}
			}
		},
		{
			"from": [3, 5, 11],
			"to": [13, 6, 14],
			"faces": {
				"north": {"uv": [12, 11, 13, 12], "texture": "#0"},
				"up": {"uv": [12, 11, 13, 12], "rotation": 180, "texture": "#0"},
				"down": {"uv": [12, 11, 13, 12], "rotation": 180, "texture": "#0"}
			}
		},
		{
			"from": [3, 4, 13],
			"to": [4, 5, 14],
			"faces": {
				"north": {"uv": [3, 11, 4, 12], "texture": "#0"},
				"south": {"uv": [3, 11, 4, 12], "texture": "#0"},
				"west": {"uv": [3, 11, 4, 12], "texture": "#0"},
				"down": {"uv": [3, 11, 4, 12], "rotation": 180, "texture": "#0"}
			}
		},
		{
			"from": [4, 3, 13],
			"to": [6, 5, 14],
			"faces": {
				"north": {"uv": [4, 11, 6, 13], "texture": "#0"},
				"south": {"uv": [4, 11, 6, 13], "texture": "#0"},
				"west": {"uv": [4, 11, 5, 13], "texture": "#0"},
				"down": {"uv": [4, 11, 6, 12], "rotation": 180, "texture": "#0"}
			}
		},
		{
			"from": [10, 3, 13],
			"to": [12, 5, 14],
			"faces": {
				"north": {"uv": [11, 11, 13, 13], "texture": "#0"},
				"east": {"uv": [11, 11, 12, 13], "texture": "#0"},
				"south": {"uv": [11, 11, 13, 13], "texture": "#0"},
				"down": {"uv": [11, 11, 13, 12], "rotation": 180, "texture": "#0"}
			}
		},
		{
			"from": [6, 2, 13],
			"to": [10, 5, 14],
			"faces": {
				"north": {"uv": [6, 12, 10, 15], "texture": "#0"},
				"east": {"uv": [6, 12, 7, 15], "texture": "#0"},
				"south": {"uv": [6, 12, 10, 15], "texture": "#0"},
				"west": {"uv": [6, 12, 7, 15], "texture": "#0"},
				"down": {"uv": [6, 12, 10, 13], "rotation": 180, "texture": "#0"}
			}
		},
		{
			"from": [2, 5, 13],
			"to": [3, 6, 14],
			"faces": {
				"south": {"uv": [2, 10, 3, 11], "texture": "#0"},
				"west": {"uv": [2, 10, 3, 11], "texture": "#0"},
				"up": {"uv": [2, 10, 3, 11], "rotation": 180, "texture": "#0"},
				"down": {"uv": [2, 10, 3, 11], "rotation": 180, "texture": "#0"}
			}
		},
		{
			"from": [13, 5, 13],
			"to": [14, 6, 14],
			"faces": {
				"east": {"uv": [13, 10, 14, 11], "texture": "#0"},
				"south": {"uv": [13, 10, 14, 11], "texture": "#0"},
				"up": {"uv": [13, 10, 14, 11], "rotation": 180, "texture": "#0"},
				"down": {"uv": [13, 10, 14, 11], "rotation": 180, "texture": "#0"}
			}
		},
		{
			"from": [5, 3, 14],
			"to": [11, 5, 15],
			"faces": {
				"east": {"uv": [5, 11, 6, 13], "texture": "#0"},
				"south": {"uv": [5, 11, 11, 13], "texture": "#0"},
				"west": {"uv": [5, 11, 6, 13], "texture": "#0"},
				"down": {"uv": [5, 11, 11, 12], "rotation": 180, "texture": "#0"}
			}
		},
		{
			"from": [11, 6, 12],
			"to": [12, 15, 13],
			"faces": {
				"north": {"uv": [11, 1, 12, 10], "texture": "#0"},
				"east": {"uv": [11, 1, 12, 10], "texture": "#0"},
				"south": {"uv": [11, 1, 12, 10], "texture": "#0"},
				"west": {"uv": [11, 1, 12, 10], "texture": "#0"},
				"up": {"uv": [11, 1, 12, 2], "rotation": 180, "texture": "#0"}
			}
		},
		{
			"from": [5, 6, 13],
			"to": [11, 15, 14],
			"faces": {
				"north": {"uv": [5, 1, 11, 10], "texture": "#0"},
				"east": {"uv": [5, 1, 6, 10], "texture": "#0"},
				"south": {"uv": [5, 1, 11, 10], "texture": "#0"},
				"west": {"uv": [5, 1, 6, 10], "texture": "#0"},
				"up": {"uv": [5, 1, 11, 2], "rotation": 180, "texture": "#0"}
			}
		},
		{
			"from": [4, 6, 12],
			"to": [5, 15, 13],
			"faces": {
				"north": {"uv": [4, 1, 5, 10], "texture": "#0"},
				"east": {"uv": [4, 1, 5, 10], "texture": "#0"},
				"south": {"uv": [4, 1, 5, 10], "texture": "#0"},
				"west": {"uv": [4, 1, 5, 10], "texture": "#0"},
				"up": {"uv": [4, 1, 5, 2], "rotation": 180, "texture": "#0"}
			}
		},
		{
			"from": [12, 6, 11],
			"to": [13, 15, 12],
			"faces": {
				"north": {"uv": [12, 1, 13, 10], "texture": "#0"},
				"east": {"uv": [12, 1, 13, 10], "texture": "#0"},
				"south": {"uv": [12, 1, 13, 10], "texture": "#0"},
				"west": {"uv": [12, 1, 13, 10], "texture": "#0"},
				"up": {"uv": [12, 1, 13, 2], "rotation": 180, "texture": "#0"}
			}
		},
		{
			"from": [3, 6, 11],
			"to": [4, 15, 12],
			"faces": {
				"north": {"uv": [3, 1, 4, 10], "texture": "#0"},
				"east": {"uv": [3, 1, 4, 10], "texture": "#0"},
				"south": {"uv": [3, 1, 4, 10], "texture": "#0"},
				"west": {"uv": [3, 1, 4, 10], "texture": "#0"},
				"up": {"uv": [3, 1, 4, 2], "rotation": 180, "texture": "#0"}
			}
		},
		{
			"from": [3, 14, 5],
			"to": [4, 15, 11],
			"faces": {
				"up": {"uv": [0, 0, 1, 6], "texture": "#2"},
				"down": {"uv": [0, 0, 1, 6], "texture": "#2"}
			}
		},
		{
			"from": [12, 14, 5],
			"to": [13, 15, 11],
			"faces": {
				"up": {"uv": [0, 0, 1, 6], "texture": "#2"},
				"down": {"uv": [0, 0, 1, 6], "texture": "#2"}
			}
		},
		{
			"from": [5, 14, 12],
			"to": [11, 15, 13],
			"faces": {
				"up": {"uv": [0, 0, 6, 1], "texture": "#2"},
				"down": {"uv": [0, 0, 6, 1], "texture": "#2"}
			}
		},
		{
			"from": [5, 14, 3],
			"to": [11, 15, 4],
			"faces": {
				"up": {"uv": [0, 0, 6, 1], "texture": "#2"},
				"down": {"uv": [0, 0, 6, 1], "texture": "#2"}
			}
		},
		{
			"from": [4, 14, 4],
			"to": [12, 15, 12],
			"faces": {
				"up": {"uv": [2, 2, 14, 14], "texture": "#2"},
				"down": {"uv": [0, 0, 8, 8], "texture": "#2"}
			}
		}
	],
	"gui_light": "front",
	"display": {
		"thirdperson_righthand": {
			"translation": [0, 4, 1.5],
			"scale": [0.6, 0.6, 0.6]
		},
		"thirdperson_lefthand": {
			"translation": [0, 4, 1],
			"scale": [0.6, 0.6, 0.6]
		},
		"firstperson_righthand": {
			"rotation": [-21, 17, 5],
			"translation": [1, 4.25, -1.75],
			"scale": [0.62, 0.62, 0.62]
		},
		"firstperson_lefthand": {
			"rotation": [-21, 17, 5],
			"translation": [1, 4.25, -1.75],
			"scale": [0.62, 0.62, 0.62]
		},
		"ground": {
			"translation": [0, 2.75, 0],
			"scale": [0.5, 0.5, 0.5]
		},
		"gui": {
			"rotation": [0, 180, 0]
		},
		"head": {
			"translation": [0, -26.75, 0],
			"scale": [2, 2, 2]
		}
	},
	"groups": [
		0,
		{
			"name": "group",
			"origin": [0, 0, 0],
			"color": 0,
			"children": [1, 2, 3, 4, 5, 6, 7, 8, 9, 10, 11, 12]
		},
		{
			"name": "group",
			"origin": [0, 0, 0],
			"color": 0,
			"children": [13, 14, 15, 16, 17, 18, 19, 20, 21, 22, 23, 24, 25, 26, 27, 28, 29]
		},
		{
			"name": "group",
			"origin": [0, 0, 0],
			"color": 0,
			"children": [30, 31, 32, 33, 34, 35, 36, 37, 38, 39, 40, 41, 42, 43, 44, 45, 46, 47]
		},
		{
			"name": "group",
			"origin": [0, 0, 0],
			"color": 0,
			"children": [48, 49, 50, 51, 52, 53, 54, 55, 56, 57, 58, 59, 60, 61, 62, 63, 64, 65, 66, 67, 68, 69]
		},
		70,
		71,
		72,
		73,
		74
	]
}