{
	"credit": "Made with Blockbench",
	"textures": {
		"0": "custom/tracer_cannonball",
		"1": "custom/tracer_cannonball_gui",
		"particle": "custom/tracer_cannonball"
	},
	"elements": [
		{
			"name": "ICON",
			"from": [0, 0, 9],
			"to": [16, 16, 9],
			"faces": {
				"north": {"uv": [0, 0, 16, 16], "texture": "#1"}
			}
		},
		{
			"from": [10, 4, 7],
			"to": [12, 5, 8],
			"faces": {
				"north": {"uv": [4, 11, 6, 12], "texture": "#0"},
				"east": {"uv": [4, 11, 5, 12], "texture": "#0"},
				"down": {"uv": [4, 11, 6, 12], "texture": "#0"}
			}
		},
		{
			"from": [4, 4, 7],
			"to": [6, 5, 8],
			"faces": {
				"north": {"uv": [10, 11, 12, 12], "texture": "#0"},
				"west": {"uv": [10, 11, 11, 12], "texture": "#0"},
				"down": {"uv": [10, 11, 12, 12], "texture": "#0"}
			}
		},
		{
			"from": [4, 11, 7],
			"to": [6, 12, 8],
			"faces": {
				"north": {"uv": [10, 4, 12, 5], "texture": "#0"},
				"west": {"uv": [10, 4, 11, 5], "texture": "#0"},
				"up": {"uv": [10, 4, 12, 5], "texture": "#0"}
			}
		},
		{
			"from": [10, 11, 7],
			"to": [12, 12, 8],
			"faces": {
				"north": {"uv": [4, 4, 6, 5], "texture": "#0"},
				"east": {"uv": [4, 4, 5, 5], "texture": "#0"},
				"up": {"uv": [4, 4, 6, 5], "texture": "#0"}
			}
		},
		{
			"from": [11, 10, 7],
			"to": [12, 11, 8],
			"faces": {
				"south": {"uv": [4, 5, 5, 6], "texture": "#0"},
				"west": {"uv": [4, 5, 5, 6], "texture": "#0"},
				"down": {"uv": [4, 5, 5, 6], "texture": "#0"}
			}
		},
		{
			"from": [4, 6, 6],
			"to": [5, 10, 7],
			"faces": {
				"north": {"uv": [11, 6, 12, 10], "texture": "#0"},
				"east": {"uv": [11, 6, 12, 10], "texture": "#0"},
				"south": {"uv": [11, 6, 12, 10], "texture": "#0"},
				"west": {"uv": [11, 6, 12, 10], "texture": "#0"}
			}
		},
		{
			"from": [11, 6, 6],
			"to": [12, 10, 7],
			"faces": {
				"south": {"uv": [4, 6, 5, 10], "texture": "#0"},
				"west": {"uv": [4, 6, 5, 10], "texture": "#0"}
			}
		},
		{
			"from": [6, 11, 6],
			"to": [10, 12, 7],
			"faces": {
				"north": {"uv": [6, 4, 10, 5], "texture": "#0"},
				"south": {"uv": [6, 4, 10, 5], "texture": "#0"},
				"up": {"uv": [6, 4, 10, 5], "texture": "#0"},
				"down": {"uv": [6, 4, 10, 5], "texture": "#0"}
			}
		},
		{
			"from": [5, 5, 5],
			"to": [11, 11, 6],
			"faces": {
				"north": {"uv": [5, 5, 11, 11], "texture": "#0"},
				"east": {"uv": [5, 5, 6, 11], "texture": "#0"},
				"south": {"uv": [5, 5, 11, 11], "texture": "#0"},
				"west": {"uv": [5, 5, 6, 11], "texture": "#0"},
				"up": {"uv": [5, 5, 11, 6], "rotation": 180, "texture": "#0"},
				"down": {"uv": [5, 10, 11, 11], "rotation": 180, "texture": "#0"}
			}
		},
		{
			"from": [4, 4, 12],
			"to": [6, 5, 13],
			"faces": {
				"south": {"uv": [4, 11, 6, 12], "texture": "#0"},
				"west": {"uv": [4, 11, 5, 12], "texture": "#0"},
				"down": {"uv": [4, 11, 6, 12], "rotation": 180, "texture": "#0"}
			}
		},
		{
			"from": [11, 10, 12],
			"to": [12, 11, 13],
			"faces": {
				"north": {"uv": [11, 5, 12, 6], "texture": "#0"},
				"west": {"uv": [11, 5, 12, 6], "texture": "#0"},
				"down": {"uv": [11, 5, 12, 6], "rotation": 180, "texture": "#0"}
			}
		},
		{
			"from": [10, 11, 12],
			"to": [12, 12, 13],
			"faces": {
				"east": {"uv": [10, 4, 11, 5], "texture": "#0"},
				"south": {"uv": [10, 4, 12, 5], "texture": "#0"},
				"up": {"uv": [10, 4, 12, 5], "rotation": 180, "texture": "#0"}
			}
		},
		{
			"from": [4, 11, 12],
			"to": [6, 12, 13],
			"faces": {
				"south": {"uv": [4, 4, 6, 5], "texture": "#0"},
				"west": {"uv": [4, 4, 5, 5], "texture": "#0"},
				"up": {"uv": [4, 4, 6, 5], "rotation": 180, "texture": "#0"}
			}
		},
		{
			"from": [11, 6, 13],
			"to": [12, 10, 14],
			"faces": {
				"north": {"uv": [11, 6, 12, 10], "texture": "#0"},
				"east": {"uv": [11, 6, 12, 10], "texture": "#0"},
				"south": {"uv": [11, 6, 12, 10], "texture": "#0"},
				"west": {"uv": [11, 6, 12, 10], "texture": "#0"}
			}
		},
		{
			"from": [5, 5, 14],
			"to": [11, 11, 15],
			"faces": {
				"north": {"uv": [5, 5, 11, 11], "texture": "#0"},
				"east": {"uv": [5, 5, 6, 11], "texture": "#0"},
				"south": {"uv": [5, 5, 11, 11], "texture": "#0"},
				"west": {"uv": [5, 5, 6, 11], "texture": "#0"},
				"up": {"uv": [5, 5, 11, 6], "texture": "#0"},
				"down": {"uv": [5, 10, 11, 11], "texture": "#0"}
			}
		},
		{
			"from": [10, 4, 12],
			"to": [11, 5, 14],
			"faces": {
				"east": {"uv": [4, 11, 6, 12], "texture": "#0"},
				"south": {"uv": [4, 11, 5, 12], "texture": "#0"},
				"down": {"uv": [4, 11, 6, 12], "rotation": 270, "texture": "#0"}
			}
		},
		{
			"from": [10, 4, 6],
			"to": [11, 5, 8],
			"faces": {
				"north": {"uv": [10, 11, 11, 12], "texture": "#0"},
				"east": {"uv": [10, 11, 12, 12], "texture": "#0"},
				"down": {"uv": [10, 11, 12, 12], "rotation": 270, "texture": "#0"}
			}
		},
		{
			"from": [10, 11, 6],
			"to": [11, 12, 8],
			"faces": {
				"north": {"uv": [10, 4, 11, 5], "texture": "#0"},
				"east": {"uv": [10, 4, 12, 5], "texture": "#0"},
				"south": {"uv": [10, 4, 11, 5], "texture": "#0"},
				"west": {"uv": [10, 4, 12, 5], "texture": "#0"},
				"up": {"uv": [10, 4, 12, 5], "rotation": 90, "texture": "#0"},
				"down": {"uv": [10, 4, 12, 5], "rotation": 270, "texture": "#0"}
			}
		},
		{
			"from": [10, 11, 12],
			"to": [11, 12, 14],
			"faces": {
				"east": {"uv": [4, 4, 6, 5], "texture": "#0"},
				"south": {"uv": [4, 4, 5, 5], "texture": "#0"},
				"up": {"uv": [4, 4, 6, 5], "rotation": 90, "texture": "#0"}
			}
		},
		{
			"from": [11, 11, 8],
			"to": [12, 12, 12],
			"faces": {
				"east": {"uv": [6, 4, 10, 5], "texture": "#0"},
				"west": {"uv": [6, 4, 10, 5], "texture": "#0"},
				"up": {"uv": [6, 4, 10, 5], "rotation": 90, "texture": "#0"},
				"down": {"uv": [6, 4, 10, 5], "rotation": 270, "texture": "#0"}
			}
		},
		{
			"from": [12, 5, 7],
			"to": [13, 11, 13],
			"faces": {
				"north": {"uv": [5, 5, 6, 11], "texture": "#0"},
				"east": {"uv": [5, 5, 11, 11], "texture": "#0"},
				"south": {"uv": [5, 5, 6, 11], "texture": "#0"},
				"west": {"uv": [5, 5, 11, 11], "texture": "#0"},
				"up": {"uv": [5, 5, 11, 6], "rotation": 270, "texture": "#0"},
				"down": {"uv": [5, 10, 11, 11], "rotation": 90, "texture": "#0"}
			}
		},
		{
			"from": [5, 4, 12],
			"to": [6, 5, 14],
			"faces": {
				"south": {"uv": [10, 11, 11, 12], "texture": "#0"},
				"west": {"uv": [10, 11, 12, 12], "texture": "#0"},
				"down": {"uv": [10, 11, 12, 12], "rotation": 90, "texture": "#0"}
			}
		},
		{
			"from": [5, 11, 12],
			"to": [6, 12, 14],
			"faces": {
				"south": {"uv": [10, 4, 11, 5], "texture": "#0"},
				"west": {"uv": [10, 4, 12, 5], "texture": "#0"},
				"up": {"uv": [10, 4, 12, 5], "rotation": 270, "texture": "#0"}
			}
		},
		{
			"from": [5, 11, 6],
			"to": [6, 12, 8],
			"faces": {
				"north": {"uv": [4, 4, 5, 5], "texture": "#0"},
				"west": {"uv": [4, 4, 6, 5], "texture": "#0"},
				"up": {"uv": [4, 4, 6, 5], "rotation": 270, "texture": "#0"}
			}
		},
		{
			"from": [3, 5, 7],
			"to": [4, 11, 13],
			"faces": {
				"north": {"uv": [5, 5, 6, 11], "texture": "#0"},
				"east": {"uv": [5, 5, 11, 11], "texture": "#0"},
				"south": {"uv": [5, 5, 6, 11], "texture": "#0"},
				"west": {"uv": [5, 5, 11, 11], "texture": "#0"},
				"up": {"uv": [5, 5, 11, 6], "rotation": 90, "texture": "#0"},
				"down": {"uv": [5, 10, 11, 11], "rotation": 270, "texture": "#0"}
			}
		},
		{
			"from": [4, 10, 6],
			"to": [5, 11, 8],
			"faces": {
				"north": {"uv": [4, 11, 5, 12], "rotation": 270, "texture": "#0"},
				"west": {"uv": [4, 11, 6, 12], "rotation": 180, "texture": "#0"},
				"up": {"uv": [4, 11, 6, 12], "rotation": 90, "texture": "#0"}
			}
		},
		{
			"from": [4, 10, 12],
			"to": [5, 11, 14],
			"faces": {
				"south": {"uv": [10, 11, 11, 12], "rotation": 90, "texture": "#0"},
				"west": {"uv": [10, 11, 12, 12], "rotation": 180, "texture": "#0"},
				"up": {"uv": [10, 11, 12, 12], "rotation": 90, "texture": "#0"}
			}
		},
		{
			"from": [10, 10, 6],
			"to": [11, 11, 7],
			"faces": {
				"south": {"uv": [4, 5, 5, 6], "rotation": 90, "texture": "#0"},
				"west": {"uv": [4, 5, 5, 6], "rotation": 180, "texture": "#0"},
				"down": {"uv": [4, 5, 5, 6], "rotation": 90, "texture": "#0"}
			}
		},
		{
			"from": [5, 12, 7],
			"to": [11, 13, 13],
			"faces": {
				"north": {"uv": [5, 5, 6, 11], "rotation": 270, "texture": "#0"},
				"east": {"uv": [5, 5, 11, 6], "rotation": 180, "texture": "#0"},
				"south": {"uv": [5, 5, 6, 11], "rotation": 90, "texture": "#0"},
				"west": {"uv": [5, 10, 11, 11], "texture": "#0"},
				"up": {"uv": [5, 5, 11, 11], "rotation": 90, "texture": "#0"},
				"down": {"uv": [5, 5, 11, 11], "rotation": 90, "texture": "#0"}
			}
		},
		{
			"from": [4, 5, 12],
			"to": [5, 6, 14],
			"faces": {
				"south": {"uv": [4, 11, 5, 12], "rotation": 90, "texture": "#0"},
				"west": {"uv": [4, 11, 6, 12], "texture": "#0"},
				"down": {"uv": [4, 11, 6, 12], "rotation": 90, "texture": "#0"}
			}
		},
		{
			"from": [10, 5, 6],
			"to": [11, 6, 7],
			"faces": {
				"south": {"uv": [11, 5, 12, 6], "rotation": 90, "texture": "#0"},
				"west": {"uv": [11, 5, 12, 6], "texture": "#0"},
				"up": {"uv": [11, 5, 12, 6], "rotation": 90, "texture": "#0"}
			}
		},
		{
			"from": [11, 5, 6],
			"to": [12, 6, 8],
			"faces": {
				"south": {"uv": [10, 4, 11, 5], "rotation": 90, "texture": "#0"},
				"west": {"uv": [10, 4, 12, 5], "texture": "#0"},
				"up": {"uv": [10, 4, 12, 5], "rotation": 90, "texture": "#0"}
			}
		},
		{
			"from": [6, 4, 6],
			"to": [10, 5, 7],
			"faces": {
				"north": {"uv": [11, 6, 12, 10], "rotation": 270, "texture": "#0"},
				"south": {"uv": [11, 6, 12, 10], "rotation": 90, "texture": "#0"},
				"up": {"uv": [11, 6, 12, 10], "rotation": 90, "texture": "#0"},
				"down": {"uv": [11, 6, 12, 10], "rotation": 90, "texture": "#0"}
			}
		},
		{
			"from": [11, 4, 8],
			"to": [12, 5, 12],
			"faces": {
				"east": {"uv": [6, 4, 10, 5], "rotation": 180, "texture": "#0"},
				"west": {"uv": [6, 4, 10, 5], "texture": "#0"},
				"up": {"uv": [6, 4, 10, 5], "rotation": 90, "texture": "#0"},
				"down": {"uv": [6, 4, 10, 5], "rotation": 90, "texture": "#0"}
			}
		},
		{
			"from": [5, 3, 7],
			"to": [11, 4, 13],
			"faces": {
				"north": {"uv": [5, 5, 6, 11], "rotation": 270, "texture": "#0"},
				"east": {"uv": [5, 5, 11, 6], "texture": "#0"},
				"south": {"uv": [5, 5, 6, 11], "rotation": 90, "texture": "#0"},
				"west": {"uv": [5, 10, 11, 11], "rotation": 180, "texture": "#0"},
				"up": {"uv": [5, 5, 11, 11], "rotation": 90, "texture": "#0"},
				"down": {"uv": [5, 5, 11, 11], "rotation": 90, "texture": "#0"}
			}
		},
		{
			"from": [10, 4, 7],
			"to": [11, 5, 8],
			"faces": {
				"south": {"uv": [10, 5, 11, 6], "rotation": 90, "texture": "#0"},
				"west": {"uv": [10, 5, 11, 6], "texture": "#0"},
				"up": {"uv": [10, 5, 11, 6], "rotation": 90, "texture": "#0"}
			}
		},
		{
			"from": [5, 4, 12],
			"to": [6, 5, 13],
			"faces": {
				"north": {"uv": [5, 10, 6, 11], "rotation": 270, "texture": "#0"},
				"east": {"uv": [5, 10, 6, 11], "rotation": 180, "texture": "#0"},
				"up": {"uv": [5, 10, 6, 11], "rotation": 90, "texture": "#0"}
			}
		},
		{
			"from": [10, 10, 13],
			"to": [11, 11, 14],
			"faces": {
				"north": {"uv": [10, 5, 11, 6], "texture": "#0"},
				"west": {"uv": [10, 5, 11, 6], "texture": "#0"},
				"down": {"uv": [10, 5, 11, 6], "rotation": 180, "texture": "#0"}
			}
		},
		{
			"from": [10, 5, 13],
			"to": [11, 6, 14],
			"faces": {
				"north": {"uv": [10, 10, 11, 11], "texture": "#0"},
				"west": {"uv": [10, 10, 11, 11], "texture": "#0"},
				"up": {"uv": [10, 10, 11, 11], "rotation": 180, "texture": "#0"}
			}
		},
		{
			"from": [11, 5, 13],
			"to": [12, 6, 14],
			"faces": {
				"east": {"uv": [4, 10, 5, 11], "texture": "#0"},
				"south": {"uv": [4, 10, 5, 11], "texture": "#0"},
				"down": {"uv": [4, 10, 5, 11], "rotation": 270, "texture": "#0"}
			}
		},
		{
			"from": [11, 10, 6],
			"to": [12, 11, 7],
			"faces": {
				"north": {"uv": [11, 5, 12, 6], "texture": "#0"},
				"east": {"uv": [11, 5, 12, 6], "texture": "#0"},
				"up": {"uv": [11, 5, 12, 6], "rotation": 90, "texture": "#0"}
			}
		},
		{
			"from": [11, 10, 13],
			"to": [12, 11, 14],
			"faces": {
				"east": {"uv": [4, 5, 5, 6], "texture": "#0"},
				"south": {"uv": [4, 5, 5, 6], "texture": "#0"},
				"up": {"uv": [4, 5, 5, 6], "rotation": 90, "texture": "#0"}
			}
		},
		{
			"from": [11, 6, 6],
			"to": [12, 10, 7],
			"faces": {
				"north": {"uv": [11, 6, 12, 10], "texture": "#0"},
				"east": {"uv": [11, 6, 12, 10], "texture": "#0"},
				"up": {"uv": [11, 6, 12, 7], "rotation": 90, "texture": "#0"},
				"down": {"uv": [11, 9, 12, 10], "rotation": 270, "texture": "#0"}
			}
		},
		{
			"from": [5, 5, 6],
			"to": [6, 6, 7],
			"faces": {
				"east": {"uv": [4, 10, 5, 11], "texture": "#0"},
				"south": {"uv": [4, 10, 5, 11], "texture": "#0"},
				"up": {"uv": [4, 10, 5, 11], "rotation": 270, "texture": "#0"}
			}
		},
		{
			"from": [5, 5, 13],
			"to": [6, 6, 14],
			"faces": {
				"north": {"uv": [11, 10, 12, 11], "texture": "#0"},
				"east": {"uv": [11, 10, 12, 11], "texture": "#0"},
				"up": {"uv": [11, 10, 12, 11], "rotation": 270, "texture": "#0"}
			}
		},
		{
			"from": [5, 10, 13],
			"to": [6, 11, 14],
			"faces": {
				"north": {"uv": [11, 5, 12, 6], "texture": "#0"},
				"east": {"uv": [11, 5, 12, 6], "texture": "#0"},
				"down": {"uv": [11, 5, 12, 6], "rotation": 90, "texture": "#0"}
			}
		},
		{
			"from": [5, 10, 6],
			"to": [6, 11, 7],
			"faces": {
				"east": {"uv": [4, 5, 5, 6], "texture": "#0"},
				"south": {"uv": [4, 5, 5, 6], "texture": "#0"},
				"down": {"uv": [4, 5, 5, 6], "rotation": 90, "texture": "#0"}
			}
		},
		{
			"from": [4, 6, 13],
			"to": [5, 10, 14],
			"faces": {
				"north": {"uv": [11, 6, 12, 10], "texture": "#0"},
				"east": {"uv": [11, 6, 12, 10], "texture": "#0"},
				"south": {"uv": [11, 6, 12, 10], "texture": "#0"},
				"west": {"uv": [11, 6, 12, 10], "texture": "#0"}
			}
		},
		{
			"from": [4, 10, 7],
			"to": [5, 11, 8],
			"faces": {
				"east": {"uv": [5, 5, 6, 6], "texture": "#0"},
				"south": {"uv": [5, 5, 6, 6], "texture": "#0"},
				"down": {"uv": [5, 5, 6, 6], "rotation": 90, "texture": "#0"}
			}
		},
		{
			"from": [4, 10, 12],
			"to": [5, 11, 13],
			"faces": {
				"north": {"uv": [10, 5, 11, 6], "texture": "#0"},
				"east": {"uv": [10, 5, 11, 6], "texture": "#0"},
				"down": {"uv": [10, 5, 11, 6], "rotation": 90, "texture": "#0"}
			}
		},
		{
			"from": [4, 5, 7],
			"to": [5, 6, 8],
			"faces": {
				"east": {"uv": [5, 10, 6, 11], "texture": "#0"},
				"south": {"uv": [5, 10, 6, 11], "texture": "#0"},
				"up": {"uv": [5, 10, 6, 11], "rotation": 270, "texture": "#0"}
			}
		},
		{
			"from": [6, 11, 13],
			"to": [10, 12, 14],
			"faces": {
				"north": {"uv": [11, 6, 12, 10], "rotation": 270, "texture": "#0"},
				"south": {"uv": [10, 6, 11, 10], "rotation": 90, "texture": "#0"},
				"up": {"uv": [11, 6, 12, 10], "rotation": 90, "texture": "#0"},
				"down": {"uv": [11, 6, 12, 10], "rotation": 90, "texture": "#0"}
			}
		},
		{
			"from": [4, 11, 8],
			"to": [5, 12, 12],
			"faces": {
				"east": {"uv": [6, 11, 10, 12], "texture": "#0"},
				"west": {"uv": [6, 11, 10, 12], "rotation": 180, "texture": "#0"},
				"up": {"uv": [6, 11, 10, 12], "rotation": 90, "texture": "#0"},
				"down": {"uv": [6, 11, 10, 12], "rotation": 90, "texture": "#0"}
			}
		},
		{
			"from": [10, 11, 12],
			"to": [11, 12, 13],
			"faces": {
				"north": {"uv": [10, 5, 11, 6], "rotation": 270, "texture": "#0"},
				"west": {"uv": [10, 5, 11, 6], "rotation": 180, "texture": "#0"},
				"down": {"uv": [10, 5, 11, 6], "rotation": 90, "texture": "#0"}
			}
		},
		{
			"from": [5, 11, 12],
			"to": [6, 12, 13],
			"faces": {
				"north": {"uv": [10, 10, 11, 11], "rotation": 270, "texture": "#0"},
				"east": {"uv": [10, 10, 11, 11], "texture": "#0"},
				"down": {"uv": [10, 10, 11, 11], "rotation": 90, "texture": "#0"}
			}
		},
		{
			"from": [5, 11, 7],
			"to": [6, 12, 8],
			"faces": {
				"east": {"uv": [5, 10, 6, 11], "texture": "#0"},
				"south": {"uv": [5, 10, 6, 11], "rotation": 90, "texture": "#0"},
				"down": {"uv": [5, 10, 6, 11], "rotation": 90, "texture": "#0"}
			}
		},
		{
			"from": [11, 5, 6],
			"to": [12, 6, 7],
			"faces": {
				"north": {"uv": [4, 10, 5, 11], "texture": "#0"},
				"east": {"uv": [4, 10, 5, 11], "texture": "#0"},
				"down": {"uv": [4, 10, 5, 11], "texture": "#0"}
			}
		},
		{
			"from": [4, 5, 6],
			"to": [5, 6, 7],
			"faces": {
				"north": {"uv": [11, 10, 12, 11], "texture": "#0"},
				"west": {"uv": [11, 10, 12, 11], "texture": "#0"},
				"down": {"uv": [11, 10, 12, 11], "texture": "#0"}
			}
		},
		{
			"from": [4, 5, 12],
			"to": [5, 6, 13],
			"faces": {
				"north": {"uv": [4, 10, 5, 11], "texture": "#0"},
				"east": {"uv": [4, 10, 5, 11], "texture": "#0"},
				"up": {"uv": [4, 10, 5, 11], "rotation": 180, "texture": "#0"}
			}
		},
		{
			"from": [10, 4, 12],
			"to": [12, 5, 13],
			"faces": {
				"north": {"uv": [10, 11, 12, 12], "texture": "#0"},
				"east": {"uv": [10, 11, 11, 12], "texture": "#0"},
				"south": {"uv": [10, 11, 12, 12], "texture": "#0"},
				"west": {"uv": [10, 11, 11, 12], "texture": "#0"},
				"up": {"uv": [10, 11, 12, 12], "rotation": 180, "texture": "#0"},
				"down": {"uv": [10, 11, 12, 12], "rotation": 180, "texture": "#0"}
			}
		},
		{
			"from": [11, 5, 12],
			"to": [12, 6, 13],
			"faces": {
				"north": {"uv": [11, 10, 12, 11], "texture": "#0"},
				"west": {"uv": [11, 10, 12, 11], "texture": "#0"},
				"up": {"uv": [11, 10, 12, 11], "rotation": 180, "texture": "#0"}
			}
		},
		{
			"from": [6, 4, 13],
			"to": [10, 5, 14],
			"faces": {
				"north": {"uv": [6, 11, 10, 12], "texture": "#0"},
				"south": {"uv": [6, 11, 10, 12], "texture": "#0"},
				"up": {"uv": [6, 11, 10, 12], "rotation": 180, "texture": "#0"},
				"down": {"uv": [6, 11, 10, 12], "rotation": 180, "texture": "#0"}
			}
		},
		{
			"from": [5, 4, 6],
			"to": [6, 5, 8],
			"faces": {
				"north": {"uv": [4, 11, 5, 12], "texture": "#0"},
				"east": {"uv": [4, 11, 6, 12], "texture": "#0"},
				"south": {"uv": [4, 11, 5, 12], "texture": "#0"},
				"west": {"uv": [4, 11, 6, 12], "texture": "#0"},
				"up": {"uv": [4, 11, 6, 12], "rotation": 270, "texture": "#0"},
				"down": {"uv": [4, 11, 6, 12], "rotation": 90, "texture": "#0"}
			}
		},
		{
			"from": [4, 4, 8],
			"to": [5, 5, 12],
			"faces": {
				"east": {"uv": [6, 11, 10, 12], "texture": "#0"},
				"west": {"uv": [6, 11, 10, 12], "texture": "#0"},
				"up": {"uv": [6, 11, 10, 12], "rotation": 270, "texture": "#0"},
				"down": {"uv": [6, 11, 10, 12], "rotation": 90, "texture": "#0"}
			}
		}
	],
	"gui_light": "front",
	"display": {
		"thirdperson_righthand": {
			"translation": [0, 1.5, 0.5],
			"scale": [0.33, 0.33, 0.33]
		},
		"thirdperson_lefthand": {
			"translation": [0, 1.75, 0.5],
			"scale": [0.33, 0.33, 0.33]
		},
		"firstperson_righthand": {
			"rotation": [-20, -50, 0],
			"translation": [1.75, 2.75, 0.75],
			"scale": [0.33, 0.33, 0.33]
		},
		"firstperson_lefthand": {
			"rotation": [-20, -50, 0],
			"translation": [0.5, 3.5, 1.75],
			"scale": [0.33, 0.33, 0.33]
		},
		"ground": {
			"scale": [0, 0, 0]
		},
		"gui": {
			"rotation": [0, 180, 0]
		},
		"head": {
			"translation": [0, -27.25, -2.5],
			"scale": [1.6, 1.6, 1.6]
		}
	},
	"groups": [
		0,
		{
			"name": "group",
			"origin": [0, 0, 0],
			"color": 0,
			"children": [1, 2, 3, 4, 5, 6, 7, 8, 9]
		},
		{
			"name": "group",
			"origin": [0, 0, 0],
			"color": 0,
			"children": [10, 11, 12, 13, 14, 15]
		},
		{
			"name": "group",
			"origin": [0, 0, 0],
			"color": 0,
			"children": [16, 17, 18, 19, 20, 21]
		},
		{
			"name": "group",
			"origin": [0, 0, 0],
			"color": 0,
			"children": [22, 23, 24, 25]
		},
		{
			"name": "group",
			"origin": [0, 0, 0],
			"color": 0,
			"children": [26, 27, 28, 29]
		},
		{
			"name": "group",
			"origin": [0, 0, 0],
			"color": 0,
			"children": [30, 31, 32, 33, 34, 35, 36, 37]
		},
		38,
		39,
		40,
		41,
		42,
		43,
		44,
		45,
		46,
		47,
		48,
		49,
		50,
		51,
		52,
		53,
		54,
		55,
		56,
		57,
		58,
		59,
		60,
		61,
		62,
		63,
		64
	]
}