{
    "cannonload": {
        "sounds": [
            "cannon/cannonload"
        ],
        "subtitle": "subtitles.cannon.load"
    },
    "cannonshot": {
        "sounds": [
            "cannon/cannonshot"
        ],
        "subtitle": "subtitles.cannon.shot"
    },
    "fireshot": {
        "sounds": [
            "cannon/fireshot"
        ],
        "subtitle": "subtitles.cannon.fire_shot"
    },
	"shockshot": {
        "sounds": [
            "cannon/shockshot"
        ],
        "subtitle": "subtitles.cannon.shock_shot"
    },
    "cluster": {
        "sounds": [
            "cannon/cluster"
        ],
        "subtitle": "subtitles.cannon.cluster"
    },
    "cannonshot_distant": {
        "sounds": [
            "cannon/cannonshot_distant"
        ],
        "subtitle": "subtitles.cannon.shot"
    },
    "cannonprime": {
        "sounds": [
            "cannon/cannonprime"
        ],
        "subtitle": "subtitles.cannon.prime"
    },
    "ignitecannon": {
        "sounds": [
            "mob/ghast/fireball4"
        ],
        "subtitle": "subtitles.cannon.ignite"
    },
    "shipdamage1": {
        "sounds": [
            "ship/damage1"
        ],
        "subtitle": "subtitles.ship.damage"
    },
    "shipdamage2": {
        "sounds": [
            "ship/damage2"
        ],
        "subtitle": "subtitles.ship.damage"
    },
    "gasshot": {
        "sounds": [
            "cannon/gasshot"
        ],
        "subtitle": "subtitles.cannon.gas_shot"
    },
    "gas": {
        "sounds": [
            "cannon/gas"
        ],
        "subtitle": "subtitles.cannonball.gas"
    },
    "gasexplode": {
        "sounds": [
            "cannon/gasexplode"
        ],
        "subtitle": "subtitles.cannonball.gasexplode"
    },
    "gasexplode_distant": {
        "sounds": [
            "cannon/gasexplode_distant"
        ],
        "subtitle": "subtitles.cannonball.gasexplode"
    },
    "cannonball": {
        "sounds": [
            "cannon/cannonball"
        ],
        "subtitle": "subtitles.cannonball.explode"
    },
    "cannonball_distant": {
        "sounds": [
            "cannon/cannonball_distant"
        ],
        "subtitle": "subtitles.cannonball.explode"
    },
    "playerbreak": {
        "sounds": [
            "ship/damage1"
        ],
        "subtitle": "subtitles.cannonball.playerbreak"
    },
    "chestlock": {
        "sounds": [
            "ship/chestlock"
        ],
        "subtitle": "subtitles.chest.lock"
    },
    "chestlock2": {
        "sounds": [
            "ship/chestlock"
        ]
    },
    "key_turn": {
        "sounds": [
            "ship/key_turn"
        ],
        "subtitle": "subtitles.chest.key_turn"
    },
    "chestunlock": {
        "sounds": [
            "ship/chestunlock"
        ],
        "subtitle": "subtitles.chest.unlock"
    },
    "bounce": {
        "sounds": [
            "cannon/bounce"
        ],
        "subtitle": "subtitles.cannonball.bounce"
    },
    "bounceshot": {
        "sounds": [
            "cannon/bounceshot"
        ],
        "subtitle": "subtitles.cannon.bounce_shot"
    },
    "chestspawn": {
        "sounds": [
            "dig/gravel1",
            "dig/gravel2",
            "dig/gravel3",
            "dig/gravel4"
        ],
        "subtitle": "subtitles.chest.rise"
    },
    "chestrise": {
        "sounds": [
            "dig/sand1",
            "dig/sand2",
            "dig/sand3",
            "dig/sand4"
        ],
        "subtitle": "subtitles.chest.rise"
    },
    "chestempty": {
        "sounds": [
            "random/pop"
        ],
        "subtitle": "subtitles.chest.empty"
    },
    "gunpowder": {
        "sounds": [
            "dig/sand1",
            "dig/sand2",
            "dig/sand3",
            "dig/sand4"
        ],
        "subtitle": "subtitles.cannon.gunpowder"
    },
    "takegunpowder": {
        "sounds": [
            "step/sand1",
            "step/sand2",
            "step/sand3",
            "step/sand4",
            "step/sand5"
        ],
        "subtitle": "subtitles.cannon.gunpowder_take"
    },
    "weakpointspot": {
        "sounds": [
            "note/hat"
        ],
        "subtitle": "subtitles.weakpoint.spot"
    },
    "parrot": {
        "sounds": [
            "lobby/parrot",
            "lobby/parrot2"
        ],
        "subtitle": "subtitles.parrot.pet"
    },
	"globespin": {
        "sounds": [
            "lobby/globespin"
        ],
        "subtitle": "subtitles.globe.spin"
    },
    "shipbell": {
        "sounds": [
            "ship/bell"
        ],
        "subtitle": "subtitles.shipbell.ring"
    },
    "shipbell_distant": {
        "sounds": [
            "ship/bell_distant"
        ],
        "subtitle": "subtitles.shipbell.ring"
    },
    "shipbell_echo": {
        "sounds": [
            "ship/bell_echo"
        ],
        "subtitle": "subtitles.shipbell.echo"
    },
    "shipbell_resonate": {
        "sounds": [
            "ship/bell_resonate"
        ],
        "subtitle": "subtitles.shipbell.echo"
    },
    "entity.minecart.riding": {
        "replace": true,
        "sounds": [
            "silent"
        ]
    },
    "block.lantern.break": {
        "replace": true,
        "sounds": [
            "silent"
        ]
    },
    "block.ladder.break": {
        "replace": true,
        "sounds": [
            "silent"
        ]
    },
    "playershot": {
        "sounds": [
            "cannon/playershot"
        ],
        "subtitle": "subtitles.cannon.player_shot"
    },
    "raidhorn": {
        "sounds": [
            "item/raidhorn"
        ],
        "subtitle": "subtitles.raidhorn.blow"
    },
    "raidhornenemy": {
        "sounds": [
            "item/raidhorn_enemy"
        ],
        "subtitle": "subtitles.raidhorn.enemy"
    },
    "ravehorn": {
        "sounds": [
            "item/ravehorn"
        ],
        "subtitle": "subtitles.raidhorn.rave"
    },
    "blastbombexplode": {
        "sounds": [
            "item/bomb"
        ],
        "subtitle": "subtitles.blastbomb.explode"
    },
    "blastbombfuse": {
        "sounds": [
            "item/bombfuse"
        ],
        "subtitle": "subtitles.blastbomb.fuse"
    },
    "cannonshot2": {
        "sounds": [
            {
                "name": "block/chain/break1",
                "volume": 0.5
            },
            {
                "name": "block/chain/break2",
                "volume": 0.5
            },
            {
                "name": "block/chain/break3",
                "volume": 0.5
            },
            {
                "name": "block/chain/break4",
                "volume": 0.5
            }
        ]
    },
    "arrowbreak": {
        "sounds": [
            "dig/wood1",
            "dig/wood2",
            "dig/wood3",
            "dig/wood4"
        ],
        "subtitle": "subtitles.arrow.break"
    },
    "wingame": {
        "sounds": [
            {
                "name": "ui/toast/challenge_complete",
                "volume": 0.6
            }
        ],
        "subtitle": "subtitles.game.win"
    },
    "item.goat_horn.sound.0": {
        "replace": true,
        "sounds": [
            "silent"
        ]
    },
    "item.armor.equip_generic": {
        "replace": true,
        "sounds": [
            "silent"
        ]
    },
    "item.armor.equip_leather": {
        "replace": true,
        "sounds": [
            "silent"
        ]
    },
    "item.armor.equip_netherite": {
        "replace": true,
        "sounds": [
            "silent"
        ]
    },
    "block.note_block.flute": {
        "replace": true,
        "sounds": [
            "note/flute"
        ]
    },
    "lootloader1": {
        "sounds": [
            "random/pop"
        ]
    },
    "lootloader2": {
        "sounds": [
            "note/snare"
        ]
    },
    "confirmsettings": {
        "sounds": [
            "random/levelup"
        ],
        "subtitle": "subtitles.settings.confirm"
    },
    "clickcredits": {
        "sounds": [
            "block/end_portal/eyeplace1",
            "block/end_portal/eyeplace2",
            "block/end_portal/eyeplace3"
        ]
    },
    "clickzeronia": {
        "sounds": [
            "note/bit"
        ]
    },
    "snowmandig": {
        "sounds": [
            "dig/sand1",
            "dig/sand2",
            "dig/sand3",
            "dig/sand4"
        ],
        "subtitle": "subtitles.snowman.dig"
    },
    "snowmanemerge": {
        "sounds": [
            "entity/snowman/death1",
            "entity/snowman/death2",
            "entity/snowman/death3"
        ],
        "subtitle": "subtitles.snowman.emerge"
    },
    "snowmanspeak": {
        "sounds": [
            "entity/snowman/hurt1",
            "entity/snowman/hurt2",
            "entity/snowman/hurt3"
        ],
        "subtitle": "subtitles.snowman.speak"
    },
    "snowmanleave": {
        "sounds": [
            "entity/snowman/death1",
            "entity/snowman/death2",
            "entity/snowman/death3"
        ],
        "subtitle": "subtitles.snowman.leave"
    },
    "rockhit": {
        "sounds": [
            "block/basalt/step1",
            "block/basalt/step2",
            "block/basalt/step3",
            "block/basalt/step4",
            "block/basalt/step5",
            "block/basalt/step6"
        ],
        "subtitle": "subtitles.rock.hit"
    },
    "parkourstart": {
        "sounds": [
            "random/levelup"
        ],
        "subtitle": "subtitles.parkour.start"
    },
    "parkourstart2": {
        "sounds": [
            "fireworks/twinkle_far1"
        ],
        "subtitle": "subtitles.parkour.start"
    },
    "parkourcancel": {
        "sounds": [
            "random/orb"
        ],
        "subtitle": "subtitles.parkour.cancel"
    },
    "parkourfinish1": {
        "sounds": [
            "random/levelup"
        ],
        "subtitle": "subtitles.parkour.finish"
    },
    "parkourfinish2": {
        "sounds": [
            "fireworks/twinkle_far1"
        ],
        "subtitle": "subtitles.parkour.finish"
    },
    "parkourfinish3": {
        "sounds": [
            {
                "name": "ui/toast/challenge_complete",
                "volume": 0.6
            }
        ],
        "subtitle": "subtitles.parkour.finish"
    },
    "goldshot": {
        "sounds": [
            "cannon/goldshot"
        ],
        "subtitle": "subtitles.cannon.gold_shot"
    },
    "hitmarker_normal": {
        "sounds": [
            "cannon/hitmarker_normal"
        ],
        "subtitle": "subtitles.cannon.hitmarker_normal"
    },
    "hitmarker_critical": {
        "sounds": [
            "cannon/hitmarker_critical"
        ],
        "subtitle": "subtitles.cannon.hitmarker_critical"
    },
    "hitmarker_kill": {
        "sounds": [
            "cannon/hitmarker_kill"
        ],
        "subtitle": "subtitles.cannon.hitmarker_kill"
    },
    "lockedtreasureopen": {
        "replace": true,
        "sounds": [
            "mob/skeleton/hurt1",
            "mob/skeleton/hurt2",
            "mob/skeleton/hurt3",
            "mob/skeleton/hurt4"
        ]
    },
    "readyup": {
        "sounds": [
            "fire/ignite"
        ],
        "subtitle": "subtitles.game.ready"
    },
    "unready": {
        "sounds": [
            "fire/ignite"
        ],
        "subtitle": "subtitles.game.not_ready"
    },
    "cannonshot_blank": {
        "sounds": [
            "cannon/cannonshot_blank"
        ],
        "subtitle": "subtitles.cannon.blank"
    },
    "goldy": {
        "sounds": [
            "lobby/goldy"
        ],
        "subtitle": "subtitles.goldy"
    },
    "planetary": {
        "sounds": [
            "lobby/planetary"
        ],
        "subtitle": "subtitles.planetary"
    },
    "trainingdummy_hit1": {
        "sounds": [
            "step/cloth1",
            "step/cloth2",
            "step/cloth3",
            "step/cloth4"
        ],
        "subtitle": "subtitles.trainingdummy.hit"
    },
    "trainingdummy_hit2": {
        "sounds": [
            "entity/armorstand/hit1",
            "entity/armorstand/hit2",
            "entity/armorstand/hit3",
            "entity/armorstand/hit4"
        ]
    },
    "trainingdummy_hit3": {
        "sounds": [
            "step/cloth1",
            "step/cloth2",
            "step/cloth3",
            "step/cloth4"
        ],
        "subtitle": "subtitles.trainingdummy.die"
    },
    "trader_ambient": {
        "sounds": [
            {
                "name": "mob/pillager/idle1",
                "pitch": 1.3
            },
            {
                "name": "mob/pillager/idle2",
                "pitch": 1.3
            },
            {
                "name": "mob/pillager/idle3",
                "pitch": 1.3
            },
            {
                "name": "mob/pillager/idle4",
                "pitch": 1.3
            }
        ],
        "subtitle": "subtitles.trader.ambient"
    },
    "teacher_ambient": {
        "sounds": [
            {
                "name": "mob/pillager/idle1",
                "pitch": 1.3
            },
            {
                "name": "mob/pillager/idle2",
                "pitch": 1.3
            },
            {
                "name": "mob/pillager/idle3",
                "pitch": 1.3
            },
            {
                "name": "mob/pillager/idle4",
                "pitch": 1.3
            }
        ],
        "subtitle": "subtitles.teacher.ambient"
    },
    "ding": {
        "sounds": [
            "random/orb"
        ]
    },
    "chesttutorial": {
        "sounds": [
            {
                "name": "block/mud/break1",
                "volume": 0.5
            },
            {
                "name": "block/mud/break2",
                "volume": 0.5
            },
            {
                "name": "block/mud/break3",
                "volume": 0.5
            },
            {
                "name": "block/mud/break4",
                "volume": 0.5
            },
            {
                "name": "block/mud/break5",
                "volume": 0.5
            },
            {
                "name": "block/mud/break6",
                "volume": 0.5
            }
        ]
    },
    "chestbury": {
        "sounds": [
            "dig/sand1",
            "dig/sand2",
            "dig/sand3",
            "dig/sand4"
        ],
        "subtitle": "subtitles.chest.bury"
    },
    "chestbury2": {
        "sounds": [
            "block/composter/fill_success1",
            "block/composter/fill_success2",
            "block/composter/fill_success3",
            "block/composter/fill_success4"
        ]
    },
    "skeletonchest": {
        "sounds": [
            "mob/skeleton/say1",
            "mob/skeleton/say2",
            "mob/skeleton/say3"
        ],
        "subtitle": "subtitles.chest.skeleton"
    },
    "skeletonchestwater": {
        "sounds": [
            "mob/stray/idle1",
            "mob/stray/idle2",
            "mob/stray/idle3",
            "mob/stray/idle4"
        ],
        "subtitle": "subtitles.chest.skeleton"
    },
    "block.chest.locked": {
        "replace": true,
        "sounds": [
            "silent"
        ]
    },
    "ui.toast.challenge_complete": {
        "replace": true,
        "sounds": [
            "silent"
        ]
    },
    "entity.witch.ambient": {
        "replace": true,
        "sounds": [
            "silent"
        ]
    },
    "entity.witch.celebrate": {
        "replace": true,
        "sounds": [
            "silent"
        ]
    },
    "entity.witch.death": {
        "replace": true,
        "sounds": [
            "silent"
        ]
    },
    "entity.witch.drink": {
        "replace": true,
        "sounds": [
            "silent"
        ]
    },
    "entity.witch.hurt": {
        "replace": true,
        "sounds": [
            "silent"
        ]
    },
    "entity.splash_potion.break": {
        "replace": true,
        "sounds": [
            "silent"
        ]
    },
    "ripsail": {
        "sounds": [
            "cannon/ripsail1",
            "cannon/ripsail2",
            "cannon/ripsail3"
        ],
        "subtitle": "subtitles.sails.rip"
    },
    "error": {
        "sounds": [
            "note/bassattack"
        ]
    },
    "modifier.open": {
        "sounds": [
            "mob/evocation_illager/prepare_summon"
        ],
        "subtitle": "subtitles.settings.modifier_open"
    },
    "modifier.close": {
        "sounds": [
            "mob/evocation_illager/prepare_summon"
        ],
        "subtitle": "subtitles.settings.modifier_close"
    },
    "seastorm": {
        "sounds": [
            "modifiers/seastorm"
        ],
        "subtitle": "subtitles.wind"
    },
    "blastbarrelplace": {
        "sounds": [
            "item/blastbarrelplace"
        ],
        "subtitle": "subtitles.blastbarrel.place"
    },
    "blastbarrelbreak": {
        "sounds": [
            "item/blastbarrelignite"
        ],
        "subtitle": "subtitles.blastbarrel.break"
    },
    "blastbarrelignite": {
        "sounds": [
            "item/blastbarrelignite"
        ],
        "subtitle": "subtitles.blastbarrel.charge"
    },
    "blastbarrelburn": {
        "sounds": [
            "item/blastbarrelburn"
        ],
        "subtitle": "subtitles.blastbarrel.charge"
    },
    "blastbarrelcharge": {
        "sounds": [
            "item/blastbarrelcharge"
        ],
        "subtitle": "subtitles.blastbarrel.charge"
    },
    "blastbarrelexplode": {
        "sounds": [
            "item/blastbarrelexplode"
        ],
        "subtitle": "subtitles.blastbarrel.explode"
    },
    "cargotrapexplode": {
        "sounds": [
            "item/blastbarrelexplode"
        ],
        "subtitle": "subtitles.cargotrap.explode"
    },
    "cargobarrelemerge": {
        "sounds": [
            "liquid/swim1",
            "liquid/swim2",
            "liquid/swim3",
            "liquid/swim4",
            "liquid/swim5"
        ],
        "subtitle": "subtitles.cargobarrel.emerge"
    },
    "cargobarrelbreak": {
        "sounds": [
            "mob/zombie/woodbreak"
        ],
        "subtitle": "subtitles.cargobarrel.break"
    },
    "cargobarrelempty": {
        "sounds": [
            "random/pop"
        ],
        "subtitle": "subtitles.cargobarrel.empty"
    },
    "boatbreak": {
        "sounds": [
            "mob/zombie/woodbreak"
        ],
        "subtitle": "subtitles.boat.break"
    },
    "crabtrapbreak": {
        "sounds": [
            "mob/zombie/woodbreak"
        ],
        "subtitle": "subtitles.crab_trap.break"
    },
    "crabtrapbreak2": {
        "sounds": [
            "dig/wood1",
            "dig/wood2",
            "dig/wood3",
            "dig/wood4"
        ],
        "subtitle": "subtitles.crab_trap.break"
    },
    "crabtrapbreak3": {
        "sounds": [
            {
                "name": "block/chain/break1",
                "volume": 0.5
            },
            {
                "name": "block/chain/break2",
                "volume": 0.5
            },
            {
                "name": "block/chain/break3",
                "volume": 0.5
            },
            {
                "name": "block/chain/break4",
                "volume": 0.5
            }
        ]
    },
    "crabtrapbreak4": {
        "sounds": [
            "random/break"
        ]
    },
    "crabtrapplace": {
        "sounds": [
            "dig/wood1",
            "dig/wood2",
            "dig/wood3",
            "dig/wood4"
        ],
        "subtitle": "subtitles.crab_trap.place"
    },
    "crabtrapplace2": {
        "sounds": [
            {
                "name": "block/chain/break1",
                "volume": 0.5
            },
            {
                "name": "block/chain/break2",
                "volume": 0.5
            },
            {
                "name": "block/chain/break3",
                "volume": 0.5
            },
            {
                "name": "block/chain/break4",
                "volume": 0.5
            }
        ]
    },
    "crabtrapopen": {
        "sounds": [
            {
                "name": "block/wooden_trapdoor/open1",
                "volume": 0.9
            },
            {
                "name": "block/wooden_trapdoor/open2",
                "volume": 0.9
            },
            {
                "name": "block/wooden_trapdoor/open3",
                "volume": 0.9
            },
            {
                "name": "block/wooden_trapdoor/open4",
                "volume": 0.9
            },
            {
                "name": "block/wooden_trapdoor/open5",
                "volume": 0.9
            }
        ]
    },
    "crabstruggle": {
        "sounds": [
            "mob/zombie/wood1",
            "mob/zombie/wood2",
            "mob/zombie/wood3",
            "mob/zombie/wood4"
        ],
        "subtitle": "subtitles.crab.struggle"
    },
    "crabcapture": {
        "sounds": [
            "mob/sheep/shear"
        ],
        "subtitle": "subtitles.crab.capture"
    },
    "crabcapture2": {
        "sounds": [
            {
                "name": "block/wooden_trapdoor/close1",
                "volume": 0.9
            },
            {
                "name": "block/wooden_trapdoor/close2",
                "volume": 0.9
            },
            {
                "name": "block/wooden_trapdoor/close3",
                "volume": 0.9
            }
        ]
    },
    "throwbomb": {
        "sounds": [
            "entity/witch/throw1",
            "entity/witch/throw2",
            "entity/witch/throw3"
        ],
        "subtitle": "subtitles.blastbomb.throw"
    },
    "throwrock": {
        "sounds": [
            "random/bow"
        ],
        "subtitle": "subtitles.rock.throw"
    },
    "entity.snowball.throw": {
        "replace": true,
        "sounds": [
            "silent"
        ]
    },
    "leavegame": {
        "sounds": [
            {
                "attenuation_distance": 14,
                "name": "block/beehive/exit"
            },
            {
                "attenuation_distance": 14,
                "name": "block/beehive/exit",
                "pitch": 0.9
            },
            {
                "attenuation_distance": 14,
                "name": "block/beehive/exit",
                "pitch": 1.1
            }
        ],
        "subtitle": "subtitles.game.leave"
    },
    "joingame": {
        "sounds": [
            {
                "attenuation_distance": 14,
                "name": "block/beehive/enter",
                "pitch": 0.7
            },
            {
                "attenuation_distance": 14,
                "name": "block/beehive/enter",
                "pitch": 0.8
            }
        ],
        "subtitle": "subtitles.game.join"
    },
    "countdown": {
        "sounds": [
            "note/hat"
        ],
        "subtitle": "subtitles.game.countdown"
    },
    "gamestart": {
        "sounds": [
            "random/explode1",
            "random/explode2",
            "random/explode3",
            "random/explode4"
        ],
        "subtitle": "game.started"
    },
    "tiegame": {
        "sounds": [
            "mob/wither/hurt1",
            "mob/wither/hurt2",
            "mob/wither/hurt3",
            "mob/wither/hurt4"
        ],
        "subtitle": "subtitles.game.tie"
    },
    "losegame": {
        "sounds": [
            "mob/wither/spawn"
        ],
        "subtitle": "subtitles.game.lose"
    },
    "settingsclaim": {
        "sounds": [
            "ui/cartography_table/drawmap1",
            "ui/cartography_table/drawmap2",
            "ui/cartography_table/drawmap3"
        ],
        "subtitle": "subtitles.settings.claim"
    },
    "updateadvance": {
        "sounds": [
            "block/end_portal/eyeplace1",
            "block/end_portal/eyeplace2",
            "block/end_portal/eyeplace3"
        ],
        "subtitle": "subtitles.update.advance"
    },
    "updatecomplete": {
        "sounds": [
            {
                "name": "entity/endereye/dead1",
                "volume": 1.3
            },
            {
                "name": "entity/endereye/dead2",
                "volume": 1.3
            }
        ],
        "subtitle": "subtitles.update.complete"
    },
    "boatsink": {
        "sounds": [
            "liquid/swim1",
            "liquid/swim2",
            "liquid/swim3",
            "liquid/swim4"
        ],
        "subtitle": "subtitles.boat.sink"
    },
    "graveopen1": {
        "sounds": [
            {
                "name": "block/grindstone/grindstone1",
                "volume": 0.5
            },
            {
                "name": "block/grindstone/grindstone2",
                "volume": 0.5
            },
            {
                "name": "block/grindstone/grindstone3",
                "volume": 0.5
            }
        ],
        "subtitle": "subtitles.grave.open"
    },
    "graveopen2": {
        "sounds": [
            "block/deepslate/break1",
            "block/deepslate/break2",
            "block/deepslate/break3",
            "block/deepslate/break4"
        ]
    },
    "soulshriek": {
        "sounds": [
            {
                "attenuation_distance": 12,
                "name": "enchant/soulspeed/soulspeed1",
                "volume": 0.25
            },
            {
                "attenuation_distance": 12,
                "name": "enchant/soulspeed/soulspeed2",
                "volume": 0.25
            },
            {
                "attenuation_distance": 12,
                "name": "enchant/soulspeed/soulspeed3",
                "volume": 0.25
            },
            {
                "attenuation_distance": 12,
                "name": "enchant/soulspeed/soulspeed4",
                "volume": 0.25
            },
            {
                "attenuation_distance": 12,
                "name": "enchant/soulspeed/soulspeed5",
                "volume": 0.25
            },
            {
                "attenuation_distance": 12,
                "name": "enchant/soulspeed/soulspeed6",
                "volume": 0.25
            },
            {
                "attenuation_distance": 12,
                "name": "enchant/soulspeed/soulspeed7",
                "volume": 0.25
            },
            {
                "attenuation_distance": 12,
                "name": "enchant/soulspeed/soulspeed8",
                "volume": 0.25
            },
            {
                "attenuation_distance": 12,
                "name": "enchant/soulspeed/soulspeed9",
                "volume": 0.25
            },
            {
                "attenuation_distance": 12,
                "name": "enchant/soulspeed/soulspeed10",
                "volume": 0.25
            },
            {
                "attenuation_distance": 12,
                "name": "enchant/soulspeed/soulspeed11",
                "volume": 0.25
            },
            {
                "attenuation_distance": 12,
                "name": "enchant/soulspeed/soulspeed12",
                "volume": 0.25
            },
            {
                "attenuation_distance": 12,
                "name": "enchant/soulspeed/soulspeed13",
                "volume": 0.25
            }
        ]
    },
    "graveemerge": {
        "sounds": [
            "liquid/swim1",
            "liquid/swim2",
            "liquid/swim3",
            "liquid/swim4",
            "liquid/swim5"
        ],
        "subtitle": "subtitles.grave.emerge"
    },
    "graveemerge_nosub": {
        "sounds": [
            "liquid/swim1",
            "liquid/swim2",
            "liquid/swim3",
            "liquid/swim4",
            "liquid/swim5"
        ]
    },
    "gravebreak1": {
        "sounds": [
            "block/deepslate/break1",
            "block/deepslate/break2",
            "block/deepslate/break3",
            "block/deepslate/break4"
        ],
        "subtitle": "subtitles.grave.break"
    },
    "gravebreak2": {
        "sounds": [
            {
                "name": "block/deepslate_bricks/place1",
                "volume": 0.85
            },
            {
                "name": "block/deepslate_bricks/place2",
                "volume": 0.85
            },
            {
                "name": "block/deepslate_bricks/place3",
                "volume": 0.85
            },
            {
                "name": "block/deepslate_bricks/place4",
                "volume": 0.85
            },
            {
                "name": "block/deepslate_bricks/place5",
                "volume": 0.85
            },
            {
                "name": "block/deepslate_bricks/place6",
                "volume": 0.85
            }
        ]
    },
    "gravebreak3": {
        "sounds": [
            "block/pointed_dripstone/land1",
            "block/pointed_dripstone/land2",
            "block/pointed_dripstone/land3",
            "block/pointed_dripstone/land4",
            "block/pointed_dripstone/land5"
        ]
    },
    "gravespawn1": {
        "sounds": [
            "block/deepslate/place1",
            "block/deepslate/place2",
            "block/deepslate/place3",
            "block/deepslate/place4",
            "block/deepslate/place5",
            "block/deepslate/place6"
        ],
        "subtitle": "subtitles.grave.spawn"
    },
    "gravespawn2": {
        "sounds": [
            "block/dripstone/break1",
            "block/dripstone/break2",
            "block/dripstone/break3",
            "block/dripstone/break4",
            "block/dripstone/break5"
        ]
    },
    "graveempty": {
        "sounds": [
            "random/pop"
        ],
        "subtitle": "subtitles.grave.empty"
    },
    "settingsreset": {
        "sounds": [
            {
                "name": "block/chiseled_bookshelf/insert_enchanted1"
            },
            {
                "name": "block/chiseled_bookshelf/insert_enchanted1",
                "pitch": 0.85
            },
            {
                "name": "block/chiseled_bookshelf/insert_enchanted1",
                "pitch": 1.1
            },
            {
                "name": "block/chiseled_bookshelf/insert_enchanted2"
            },
            {
                "name": "block/chiseled_bookshelf/insert_enchanted2",
                "pitch": 0.85
            },
            {
                "name": "block/chiseled_bookshelf/insert_enchanted2",
                "pitch": 1.1
            },
            {
                "name": "block/chiseled_bookshelf/insert_enchanted3"
            },
            {
                "name": "block/chiseled_bookshelf/insert_enchanted3",
                "pitch": 0.85
            },
            {
                "name": "block/chiseled_bookshelf/insert_enchanted3",
                "pitch": 1.1
            },
            {
                "name": "block/chiseled_bookshelf/insert_enchanted4"
            },
            {
                "name": "block/chiseled_bookshelf/insert_enchanted4",
                "pitch": 0.85
            },
            {
                "name": "block/chiseled_bookshelf/insert_enchanted4",
                "pitch": 1.1
            }
        ],
        "subtitle": "subtitles.settings.reset"
    },
    "warp": {
        "sounds": [
            "mob/zombie/unfect"
        ]
    },
    "splash": {
        "sounds": [
            "liquid/swim5",
            "liquid/swim6",
            "liquid/swim7",
            "liquid/swim8",
            "liquid/swim9",
            "liquid/swim10",
            "liquid/swim11",
            "liquid/swim12",
            "liquid/swim13",
            "liquid/swim14",
            "liquid/swim15",
            "liquid/swim16",
            "liquid/swim17",
            "liquid/swim18"
        ]
    }
}